user_id,num_posts,tickers
user_11411,2,BUZZ|TWITH
user_1437,2,VRPX|VZ
user_4868,12,ARWR|ATEN|BB|FBGET|FUBOI|LANC|NIOAL|OCLG|PARAS|PG|PSFE|SHOPF|SLI|SMH|STHE|UAL|VOOAD
user_4627,3,CINF|PLAB|RGS|VTRS
user_11414,4,EPD|FBREB|HEI|IBM|LVMH|NFG|OPCH|WOLFA
user_26750,1,SQHOP
user_19951,12,AAPLN|BTCUS|COSTQ|CROX|DISHB|ENJY|FINV|KOAUG|LIDR|MCO|MSFTO|MTTR|NOVA|PCTC|PPSI|SAP|SYK|T|ZIONT
user_34274,4,AAPLA|EXPRE|HPE|SPPI|XOMDI
user_1243,12,AAPLH|ALPP|AMDWH|ARKG|BATT|BTUSO|COSTC|FICO|FLOK|NKLA|NNOXI|PLD|SKLZ|SOL|STUDY|THC|ULVR|XBI|ZSCHA
user_11652,3,MKC|SHOPR|STAGW|VNOM|ZTO
user_26020,1,SI
user_2757,46,AB|ABCB|ADV|AGC|AMZNL|AMZNR|ARWR|ASX|AUR|AZERO|AZPN|BABAC|BABAW|BAT|BAYC|BMY|BOC|CEEK|CHGG|CLBT|CNC|CPG|CSOUR|DKNGZ|DLNG|DRIO|DRTS|ENSV|FAANG|FBINN|FMX|FSK|GMPW|GOOGN|HYRE|INAZ|IWM|KDNY|KO|KTB|LMTUT|NFLXN|NNOX|NVDAN|OTRK|PAYC|PI|PTONR|PYPLB|REM|SAVG|SBUXW|SCTY|SEDGD|SHPH|SPLV|SPYBU|STM|SYA|TOELY|TWTRA|URNM|USBSO|VO|VSCO|VWED|WDAY|YELP
user_22743,1,XOMDO
user_4566,1,MMMGE
user_22810,6,ARKW|COSTH|FBCOM|HUT|HYRE|KXA|MOMO|TDOCH|XPE
user_22048,2,ACON|SMIC|VORBH
user_13408,3,FBGET|NOC|OSMO|SHIBD
user_17142,57,AFI|AKZOY|AMDTH|AMZNM|APPH|APPS|ATUS|BABEA|BAMSO|BOKF|BTCBR|CAR|CARR|CCMP|CDLR|CME|COINH|COINP|CPNGC|CSPON|DCFC|DHR|DISFI|DOCNS|DOW|ETHIN|EXEL|FSR|G|GOOGM|GTBIF|IFNNY|ILV|INDO|IQ|IVC|JNPR|KONE|KOPN|LLY|LNN|LTNC|MAFAC|MPSOL|MSFTO|MSIND|OFG|OVR|PANWB|PARA|PGPAS|PRTS|PRVA|PSNY|PSTG|QFIN|ROKUD|ROSE|SAIA|SAIL|SHEL|SKLZ|SMIC|SPX|SPXWI|STNE|SWPPX|TSLAH|TSLAO|UAL|UAVS|UBI|UPSTE|USFD|VALEC|VNOMW|VYGR|WNW|XLV|ZINU
user_10144,1,MFC
user_30304,5,ACI|BABAU|CCL|CPNGC|FBSPE|IWMKE|KWEB|RIO
user_17920,5,BAALL|BSMFA|JD|MFC|RIVN|STORD|THMO|URBN|VRAWH
user_5445,2,AMZN|NETA
user_11864,4,BX|DIDI|JBLUC|ODFL|TGTDO|ZINU
user_17570,1,NN
user_34224,1,UPSTD
user_31374,32,AAP|AEMD|ALEC|ALL|ALT|AMDBR|AURY|BODYN|BTCUS|CLH|CLVS|CWH|CXW|FBHTT|FBUSE|FIVEY|GMMOR|HDHEA|HRL|IBKR|INTUO|KLIC|KSPI|LIDR|MATIC|MDVL|MGA|MNG|MOB|MZN|NETL|NUEDG|NVDAH|PD|QFIN|QQQSO|RDFNW|RDIB|SHIP|SUSHI|TJX|TWTR|VB|VOO|ZIM|ZMBEA|ZSCHA
user_26831,14,ACNDA|APPN|ARKG|AWS|BIDU|FAF|HCA|HOOD|HYZN|ITW|MGNI|MIOTA|MODIV|MRTN|NDAQ|SYR|TEL|UNA|XPE|ZBRA
user_26825,25,ACNDA|AKRO|AMTMA|ASTS|AVT|AXTA|BABAE|BILI|BLK|BPRM|BRQS|CAJ|CDAY|CEEK|ENR|HOLD|HYPRO|JPM|MSGE|MUDAV|MYNZ|NOV|NWN|OPCH|OSTK|REALM|RYANH|SBNY|SFINT|SNAPT|SQHOP|SSEMI|STRR|TM|TREE|VUZI|W
user_2878,1,OGI
user_24675,2,DKNGH|JOBY|SQAT|THMO
user_26420,1,RAYVR
user_28765,1,BNS|VRSN
user_3035,4,APAM|CCMP|ETH|JACK|KYNC|TQQQ
user_21945,3,AWR|MVVYF|SPOT|SPOTR
user_31162,3,COSTB|GLW|OTECH|TSLAW
user_13071,2,FXY|KLIC|YETIF
user_12761,2,CRLBF|DISHU|PH
user_11120,1,CE
user_9574,3,COSTW|DOGEZ|ILPT|MSIND|TSMPE
user_3318,1,LMNOP|SOLO
user_25532,6,CRWDT|EVVTY|GMMOR|GMPW|JBLU|NILE|NOW|SIRI|TTDGE|WAVE
user_28008,1,LCI|MAS
user_2909,1,IREN|TIGR
user_25448,2,CNBS|NOC
user_23691,6,KCAL|MSFT|NIOBU|ORPH|PYPLA|ROKUH|SOX|UPSTI
user_4804,3,BBY|BZFD|ENDP|NFLX
user_12005,4,CRM|DIS|LIN|WE
user_12549,2,FTCH|SYYSO|XPENG
user_20914,1,NIO|WCLD
user_3700,1,NFLXD
user_191,1,LNG
user_27837,4,NURO|RDSA|TREE|VOW|ZSDAT
user_6151,1,LNTH
user_27578,4,CATLO|CNSWF|FBWIL|GMETH|GOOGH|PDD|TDOCH|TXTM
user_25982,1,FUBO
user_10406,6,BITOI|BZUN|DDOG|DISHB|FBTHE|IDEX|OLPX|RICK|SJT
user_29528,1,DOCNS
user_33524,4,CYN|ENPHG|PKG|SCHD|SCVL|SFIO|VNOM
user_1804,61,AAVE|AEHR|AMD|AMDLE|AMX|ARKW|ARRK|ASANF|ATTO|BANA|BBBY|BITF|BMYHI|BNSO|BOND|BRCC|CHEF|CMI|CRMDE|CTVA|CVE|CYTK|DGX|DHI|ETHE|FBH|FBREC|FCFS|FIVN|FNKO|FOX|GDXJ|GEF|GFAI|GMLI|GNENF|HBAN|HCCI|HTTZ|JBLU|LITER|LLYSH|LOGI|MCDEU|MDVL|MKLBO|MNDY|MRKFR|MRVLP|MSFTP|MSI|MTTR|MVRD|MX|MYOV|NAKD|NCNO|NFLXE|NIOTH|NLSN|OAS|OXY|PAG|PHRRF|PLTZ|QFOR|QS|RDFN|ROKUE|ROP|RTY|SCS|SDC|SHY|SIMO|SMSN|SPOTE|SPPI|STNG|SYFDI|THSET|TIVC|TLO|TLTHT|TME|TSLL|TWOU|TYX|UDMY|VNOBL|VTI|VXN|ZIDEF|ZSHTT
user_13332,1,GE
user_18173,3,BITO|EPIK|PYPL|SAITA
user_31533,1,CYRN|DUK
user_22745,3,AGG|MTDR|STORB|WWE
user_23266,5,AABB|CCATE|GPC|MDBWA|PLD|SPGI|TONR
user_14445,2,HX|LIB|SXTAN
user_27422,1,ARCCA|XPENG
user_6796,29,APTY|ARVL|ASTR|ATYI|AUR|CBSTR|CRSP|CVNAF|CYBR|DISWO|DRTS|FET|HII|ILMN|IZRL|LIHTT|LSI|LVSTH|MIMO|MKLBO|MPWR|MRNA|MSFTH|NCNO|NXGN|ODFL|OLN|PKI|PLAY|QCOMW|RA|RDSA|RGEN|SFIO|SKLZF|SPOTR|TROWW|TTDMA|UPWKT|UPWKW|UVIA|VVERI|WBAST|WELT
user_29852,2,HCM|ZS
user_22609,16,AI|AMDTH|AMZNH|CAJ|DKNGC|EAR|EUFN|EWT|FISVB|GANG|HTZZ|MELIF|OSH|PRTY|QBTS|RVPH|SBUXB|STRON|TSLQ|TSM|XBI
user_31968,2,GLD|INTC
user_22063,1,FBEVE
user_13340,1,VOOTH
user_16775,1,ASMIY
user_4841,1,GOOGM|JBHT
user_25363,1,KSS
user_26902,13,AXON|DNUT|FBTWI|HCC|HXL|KTB|NTLA|OZON|QQQBU|REGN|SCHA|SYNC|TTDCL|UBSMO|UEC|VALEC|VZ|ZMGAN
user_16543,2,BKSY|MOGRO|UNA
user_14559,1,DISH
user_16297,1,AMDQ|UNG
user_18773,1,BRO
user_30037,3,MKSI|TCOM|TSLAT
user_11330,1,SBNY
user_22550,1,OHICO|WOLFA
user_15156,15,AIR|ANCTF|APX|ASMIY|BAOS|BITOI|FMC|KEYS|KRX|MRNAH|MSCI|NANO|NIC|ORGN|PXD|QCOMR|RPRXB|SNDX|SPOTD|SWBK|TTDEV|UWHAT|XBI|XLU|XPEVB|ZI
user_10338,1,UAVS
user_20554,1,COUSD|UKOIL
user_26562,4,DIS|MSFTS|RMED|WMTHO
user_10994,10,ATYI|AYX|BLBX|DEDEC|FLGT|GRMN|HRTZ|KISHU|LMNDW|LYFT|PZN|SCL|STARS|TISI|WYNNW|ZMDTF
user_23333,2,AVGOR|BCYP|CLX|VNOM
user_18303,1,NLY|RFFUL
user_12688,3,CRM|IBB|SMG
user_24048,1,EDMAT|XLM
user_21253,2,CTVA|INTC|SEBUY
user_26210,1,RAIN
user_25593,7,BOX|FAANG|INTL|MDT|MELIF|MMMWH|NFLX|RIOT
user_6248,1,ARKF
user_817,1,FTCH
user_16355,1,CNI
user_22216,200,AAPLB|AAPLT|AAVE|ABBV|ABCB|ABNBW|AD|ADAP|ADV|AFL|AIG|ALTO|AMC|AMCLE|AMCRE|AMCRI|AMDAP|AMDCU|AMN|AMPG|AMTWH|AMZN|AMZNM|AMZNN|AMZNQ|ANET|ANKR|APH|APPN|APX|ASH|ATHM|ATXG|ATY|AXPHT|AYRO|AYX|AZN|BABAT|BANC|BAP|BBIO|BE|BIIB|BKLN|BL|BNSO|BRKNE|BTCDI|BTCMI|CACCB|CALM|CATLO|CCLWA|CDON|CEEK|CEI|CHK|CHWYN|CHX|CKS|CLOV|COINP|COINS|COINW|CRWDE|CRWDG|CRWDS|CSPON|CSX|CTAS|CVXI|CWEN|CWH|CYTK|DAR|DCBO|DDOGE|DEMOD|DIA|DLRWH|DOCNS|DOCS|DOCU|DOGEZ|DPLS|DQ|DRV|DWACW|DXYHT|ECL|EGLD|ENSV|EQNR|ESTY|ETHHT|ETSYC|ETSYT|EV|EVO|EVOK|EXP|FAZE|FBLET|FBREB|FBTHI|FC|FI|FINV|FISV|FR|FRPT|FUN|GBX|GENI|GM|GMQ|GMR|GNRC|GOLD|GS|HEC|HFG|HIPO|HOLD|HTHT|HUM|IKEA|INM|IOBT|ISRG|IVZ|IWMBU|IWMMO|IZRL|JMIA|JNJPA|JPEX|JPY|JWN|KCAL|KED|KLAC|KWEB|KXA|KYNC|LCIDW|LIDR|LIGMA|LLY|LMTJU|LMTUT|LPTX|LRCX|LYXE|MAWAR|MAXN|MCDEU|MCK|MEX|MFC|MGNI|MILLI|MIME|MMMBU|MMMOW|MRAI|NAVI|NBIX|NBIXW|NDQ|NEWR|NFLXN|NILE|NIOFR|NIOWA|NKEFE|NKERB|NLSN|NLST|NVVE|NXTD|OHICO|ONCHA|OPRA|OTTR|OVR|OWHIC|OWILL|PANR|PENNW|PFF|PH|PKI|PLBY|PLTR|PLTRE|PLYPL|POWR|PSTH|PTOND|PURR|PYPLR|QNTJU|QUBT|RAIL|RBAC|REGND|REM|REV|RGEN|RGTI|RMD|ROOT|ROSE|RS|RTY|SAIC|SAMFR|SAP|SCHD|SEDGD|SENS|SFT|SGH|SGHC|SHOPD|SHOPS|SHV|SIRI|SIWED|SNAPC|SOLHT|SOLO|SPHB|SPOTD|SPT|SPXWI|SPYBO|SYNC|TBPH|TGTAP|TGTNO|THC|THTX|TIMEA|TITN|TMO|TNDM|TOL|TPL|TR|TSEMH|TSLAB|TSLAH|TSLAM|TSLAU|TSMHT|TTDMA|TTWO|TUR|UCYBE|UKOIL|USD|UST|UUP|UVIA|UVXY|VFINT|VISIO|VMC|VRTI|VYMDI|WDC|WERN|WISHT|WMTCO|WMTHO|WPCWH|WSC|WYNNW|XHBGR|XLB|XLC|XLM|XLP|XM|ZIL|ZIONT|ZMFAC|ZRX
user_21340,1,HDPRE|MRNAW
user_5670,3,AMCRE|ENPH|MOTEC|SCHW|WCN
user_12298,1,NXRP
user_24489,16,APPL|BABAU|CAR|CMA|COMB|ETHAL|FOUR|FQ|FTAI|GME|GNUS|GTO|IIPR|MOFEB|MSGE|MVRSA|NCNO|PCTY|PYPLN|QWT|ROKUO|SONY|UST|YCBD
user_22004,1,DLTR
user_32790,1,LKE
user_17038,8,CEG|DISHU|EEM|ETSYC|GS|MSFTA|OFG|PLTRC|PROSY|XPEVH
user_34055,2,POLC|SPOTF|VINCI
user_7121,1,ASANF|CLAR
user_18894,9,AVT|FBHER|FDS|GHC|LAD|LBRDA|LCTHU|NEGGI|RNDR|SAM|SMLR|TLSAR|TSCOE
user_6795,1,SILVE|TWTRB
user_4576,3,AMZNG|DQ|ETHSH|GC|LTHMP|VYMVA
user_19693,1,GDX|WMTDI
user_21645,1,PMFEB
user_31825,2,GOOG|LKMEX
user_7846,1,TSN
user_23053,2,COMP|EPIK|EVO
user_29499,1,JNJOC|UNHHO
user_11863,2,DRIO|EGLDQ|LMNOP
user_27570,3,EXC|FISV|NFLXD|TSM
user_22798,1,CMCSA|JPMFE
user_6799,1,FICO
user_25544,1,COTY
user_5549,1,DSIGR|FBGUI
user_34282,4,ASTS|DISPA|HDC|MDVL|NOWTH|RVSN|TIA
user_3196,3,PG|RELI|RUT|SIBY|USB
user_7578,1,TMNA
user_168,2,F|FLUXI
user_33202,66,AAPLO|ADSKG|AMPS|APVO|ARCH|AZPN|BABAC|BCYP|BOA|CCI|CFG|CRLBF|CRMDE|CRTD|CRTX|CSTAR|DISFR|DKNGH|DLO|DOCS|DRNG|ENSC|EVFM|F|FBBIT|FND|FSLR|FWONK|GE|GOOD|GVSI|HIBB|HUBS|IINN|IKEA|IMCC|IMRN|INTUO|IOBT|IRBT|JD|JJC|KDA|KDNY|KED|KEYS|KODK|KONOV|LMFA|LTHMC|LW|MELI|MGNI|MKTX|MSFTT|MSTF|NEEAR|NETCL|NIOCL|NOC|NOVA|NRBO|OTECH|PAYS|PCTC|PI|PLTRH|POOL|POWR|QFIN|RH|RPRX|RVLV|S|SATL|SCHA|SMR|STSS|SUMO|TCS|TEL|TPL|TSHAR|UAA|UFO|ULET|USDJP|USNA|VIR|VRM|VSCO|VWED|WF
user_29353,2,ASLN|INTC
user_1342,6,AB|ACN|JBHT|LAZR|LCIDT|RDW|STAGE|TWTRS
user_7824,2,F|NSANY|RAYVR
user_30406,2,MX|NOVO
user_21594,1,GAME|MGNIL
user_26549,3,DASH|IOT|KERN|MTVR|ONCHA|SPXTH
user_7112,1,CNM|TOI
user_25776,3,AMD|BA|ETHAD
user_34260,1,TLNT
user_1911,2,AMZN|NFLXO
user_6657,7,BNB|DCI|DORM|FUTUE|GRUB|PTLO|ROKUC|SFTBY|SHOPC|SNAPT
user_18308,1,MAT|PENN
user_11172,1,AMDRU|LUVMA
user_25663,1,CRMOR|TKAT
user_13909,2,BACBU|SWAV|VERT
user_26745,1,DISCA|VIOT
user_22724,1,DECON|ONEM
user_3394,1,BRO|STLA
user_32020,1,UNA
user_24787,1,MCK|SPPI
user_29329,1,AMGN|SBNY
user_27050,1,TCHEY
user_12095,2,ADV|BBIOW|NUE|Z
user_18213,19,AFRMA|AMCRI|AMZNQ|AUR|BABAB|BFRI|CUBI|DOX|FSLRS|GDDY|GMBL|HCSG|HOLES|HONHI|KHS|LMNDT|OR|PMFEB|PSEC|QQW|SBUXT|TEL|TREE|UA|UFI|UHTTP|VLO|XLIGR
user_849,8,AYX|DRIO|KBNT|LOWSE|MNMD|POW|SHEL|SHOLE|UPWKT|VISHA|VXRT|ZI
user_27123,1,AURY|PTOND
user_27522,1,RTXMO
user_33016,1,USO
user_16720,1,FBGUI|NEM
user_9585,1,JWM
user_24728,1,AMPS
user_8599,1,FBGUI
user_17809,1,PCTY
user_20749,1,RF
user_22391,1,EXOD
user_22851,1,DVA|VLE
user_20729,1,HOOD|NEGGI
user_21087,1,NVO|OGI
user_9454,2,AUPH|IS|LMTJU
user_31436,1,ACHL|APDN
user_29545,1,QCOMW|TSLAC
user_6771,1,IEX
user_26992,17,BABAI|BESIY|BFRI|BTCHT|CNBS|COP|CVXI|DEN|DLRMO|EXP|FBHOP|KBH|KLEE|KO|LKMEX|LTC|MAWAR|MSTR|NKERB|NNOXI|NVDA|PNR|QCOMW|SHCR|TRU|USWS
user_13927,18,ACN|AMZNT|ASMLH|COSTI|DISDR|FBBUL|FSLY|FSTX|HFWA|HQY|HYMC|IMPXH|LMT|MMMOW|MRVLP|MTC|NYT|PLTRT|PSNL|RGTI|SIVB|SPYBI|SUSHI|TRIT|UPWK|VNTH|XPO
user_6141,2,AMD|AVGO|IBKR
user_25904,2,CPRI|DEMOD|JKS
user_19834,1,SQQQ|TAN
user_27439,1,DOCNG|WRK
user_24081,1,SOS
user_14714,3,FIVE|KIND|KSSWO|LEVI|SUNW
user_25095,1,AIG|METAN
user_31518,1,BKH
user_21490,1,FLIKE|TZOOT
user_34024,1,M|SHOPR
user_15416,2,DTSLA|VRT
user_9571,1,ES|IT
user_15575,1,NFLXJ
user_31101,1,PYPLR
user_280,2,MU|XPEL
user_7390,1,GETY|LOW
user_17873,1,CHTR
user_32092,1,CSGP
user_32700,1,INO|MSFTP
user_3116,1,GMED
user_14022,1,SFINT|TBT
user_8286,1,DFEN
user_29046,2,NIO|TSMC
user_21114,1,VOOTH|WORK
user_24684,1,DOMO|PANWB
user_7082,1,CVXBA|FND
user_7179,2,DCFC|DISIF|STBA
user_25404,1,TRV
user_6357,3,AAPL|IVV|SCHB|XLIGR
user_27958,2,SMG|SPOTE
user_14888,1,AAPLB|ZME
user_10284,1,STAA
user_24178,1,AMSWA|SWIR
user_20183,1,NIO|UMG
user_21135,1,MRVL|PENNF
user_14577,10,AMZA|ATHM|BOFA|FSLR|HALWE|HTZ|INMD|INTCV|KONOV|NKEC|RDBX|ROKUF|UVXY|VSCO|ZSSEM
user_2868,8,ACN|APX|CAG|CSIQ|CSPR|FANH|MNDYA|MRNS|NEGG|PLAB|UPSTO|VISM|XL|XOMWI
user_18808,3,BNTX|DRTS|IIPRR|PSX|SCO
user_28778,1,AMDMY|NFG
user_3278,1,NTR|VYMVA
user_24322,2,FBTOP|FBTOT|HCDI
user_3947,1,HHC|TTDEV
user_31415,1,EUFN|GRAV
user_18807,1,MS
user_10803,2,AMD|GMED|IMCR
user_25804,1,AMPH|APPSN
user_12050,1,COINA|ZPAY
user_10281,3,BA|KOTHE|SO|TSCOE|XLNXR
user_10274,1,FBI|MYOV
user_15394,3,BJDX|COINW|CPER|DD|MMMWH|ODIVI
user_12141,1,PPSI|UNFI
user_10733,5,GMEGL|HMC|KIND|NIC|NVDAR|SHAK|SKLZ|TSLA
user_12587,2,BXP|CRM
user_13865,3,GCLT|MVRS|PATK|TTDGE|VEEVI
user_28175,1,KSS|ZUO
user_26238,1,FBINN|LOW
user_26984,1,RRR|WBA
user_15475,6,ASANF|BEKE|BRCC|ETH|KNX|LEN|PFE|SHCR|SPCET|TR|WM
user_20157,1,INTCT
user_28964,2,NFLX|TROW|USDP
user_13967,34,AFL|AIRS|AMTWH|APOG|ATOM|AVBTH|AWS|BENE|BMYHI|BND|CIEN|CLBT|COF|COLD|CVANA|CWEN|CZR|DAL|DOOR|EOG|ESS|EXEL|FBWHA|FERG|FSLR|HBAR|INTUO|KLO|KMX|KXA|LUV|MDLZ|NAKDI|NOKBR|NSRGY|NTFX|PETZ|PHIA|QQQHU|QQQM|QSR|SNDL|SPXU|SWAV|TRV|TSLAY|TTDCH|UFI|UFPI|UHTTP|URA|XOP
user_25187,18,ACO|ANVS|BBIH|ENLAY|EXPE|FBHER|FCAU|FOSL|FUTU|GNPX|H|INAZ|MCRT|MQTHI|NTR|P|PANR|PDDAN|SHARE|SHOPD|STOR|TSCOB|TXN|VXN|WEBL|WSO
user_15602,3,CRVS|MDVL|SCVL
user_10678,1,GTLB|NIOAL
user_24789,1,ARCCA|NKEC
user_32355,1,GMMOR
user_4896,1,LNTH|VOLT
user_28925,4,BLKIN|LC|LMNDS|OAS|YUM
user_7843,3,ALZN|AWS|PMFEB|SQSPO
user_17827,1,SESHO|TVISA
user_11997,3,DISCK|FANG|MSFTD|NIOIS|SPOTT
user_27805,1,ELSE
user_1164,1,FSLRB|MMMHI
user_9243,1,CBSH
user_1250,1,CCS|NET
user_3051,1,NOCIS
user_10252,13,AAPLS|AMZND|AVCT|BYM|CL|EQNR|EWBC|GOOGD|GWH|HBAN|KLIC|MCD|NIOPU|RY|TRIN|VUG|WCLD|XPEVS
user_32302,1,NIOHA|RSX
user_10273,5,CRM|DBC|MSFT|NEP|SLB
user_19732,2,ACN|AMZN|MIGI
user_5176,1,KDP|TDOCI
user_33301,1,EGHT
user_3216,2,AAPL|AVAX|CTVA
user_27988,1,AURA|UMANY
user_14811,1,AAPLP|ETHAD
user_10335,3,ENBFO|LOWSE|PTONW|UPSTC
user_10264,9,AMDRU|BABYD|BPOP|CLVS|COST|COSTH|EGLXO|ETWO|INTUO|NXTD|PSFE|WMTHO|ZSWHA
user_7337,1,GMVD|PYPLP
user_27319,1,KOAUG|LKND
user_3478,1,JNJDI|MOHOW
user_33108,5,CMRX|EA|ETHAL|PNC|SYTA|VFINT
user_6513,1,TGTDO
user_2319,1,COSTA|LIFIN
user_8852,2,UXINC|ZM
user_18831,1,PATHD|SYF
user_24591,2,APLD|BBBYH|WWATC
user_26312,2,AAON|DIS|XOMHE
user_20775,1,JAZZ
user_12040,1,EPSIL|PM
user_31330,1,IHT
user_26670,1,FTAI|STNG
user_16012,1,FUV|SGMA
user_30795,2,BENE|CYBR|NIOFR
user_6765,2,IHI|KC|QWT|SCHB
user_26995,4,ASIX|CEG|HKD|HUT|XDC|ZS
user_16364,1,DEGEN|TLT
user_13890,1,AGL|CARG
user_19037,1,DIA|FLET
user_12629,9,AMZNU|APPSA|AVGO|BCEL|BTCMI|FBAT|FMC|INTL|MGNII|RVIN|SIX|TOI|VIXAT|XOMRE
user_24453,1,AUB|MC
user_28660,3,AUB|CRM|F|PINSU
user_13702,2,BAESY|FBBUT|GC|QCOMT
user_26993,3,ARES|MSFTT|OTRK|SJT
user_11070,2,BX|ZIL
user_13536,1,GMR|RACEH
user_2516,1,CCIV|TRMR
user_24875,1,BASE
user_14492,1,AWR
user_31274,1,HAIN
user_1994,1,ULET
user_8947,2,GOOS|LIBER|NOC
user_2859,2,SOLHT|VZ|XEL
user_22164,1,DPSI|GOOGG
user_32572,2,CRM|CSU|VMEO
user_10276,4,CARR|PDDAN|QQQAN|RMED
user_31443,1,KRX|SLAB
user_31805,1,OTLY
user_10008,2,AMZA|COUSD|EVVTY|FWONK
user_13333,2,AGYS|DOCNC|FXY
user_10232,3,ESTY|JPMD|MILE|R
user_3783,2,AZZ|DISCH
user_26133,2,IHI|NVDAD|TMO
user_7541,1,FBZUC|OAS
user_13595,1,BAM|GMED
user_14116,1,XPO
user_26990,1,CG
user_11988,1,CAMP|ENB
user_27547,1,NTR
user_1593,2,APPSH|FBBUL|XPEV
user_33284,1,ETHSE|FSLRB
user_3538,35,ABNB|ACLS|AEP|AMDBR|AMZNQ|AOUT|ATER|BMO|BOUV|BSX|BZ|CHE|CNSWF|DG|DRVN|ENPH|FRSH|GC|GNENF|GTLBB|HQY|HRTZ|IDXX|JNJPA|LUV|MQ|MRI|MRVI|MTUM|NCR|NEE|NEVAD|PRVA|PYPLI|PYPLL|ROKUA|SOSHT|SPLV|SPWR|STLA|SWIR|TSEM|UA|UEC|UNH|V|VXRT|WORK|Z
user_19953,51,AABB|AAPLE|AAPLG|ABBVD|AEM|AFRMT|AMCLO|ARKK|BAI|BITF|CARS|CRUS|CRWDT|CVANA|DISTH|DLRMO|DLTR|DUOL|EC|EPRT|EPS|FROG|GEVO|GILD|GK|GMVD|GRVI|GSK|HCC|HNST|IDT|IIVI|IMCC|KHC|KKR|LCID|LIN|MMM|MODIV|MTN|MUDAV|NDSN|NICE|NNI|NSRGY|NVDIA|PHG|PROSY|PYPLD|QCOMC|QFIN|RGLS|ROKUO|RVLV|SAIA|SEV|SMOG|SODER|SOFIN|SONVY|STRR|SYF|TLTNE|TMUS|TSLAJ|TSLAW|TXN|TXNCO|UMC|USDJP|VGT|VIOT|VSATO|XLNX|YOU|ZNGA
user_560,11,AMDWH|AXU|DOCUH|HTR|HULU|JPMNO|LMFA|LSK|MVRSA|NFLX|RR|RYOSH|SSNAP|TRVN|TUR|VCOCA
user_16125,9,AAP|ESCA|EVVTY|FRBA|FSK|JWN|MRNAW|NRSN|PSA|PYPLL|TMUS|TSRI|UVV|WING|WPM
user_22060,16,ABNBC|AZN|BYDDF|CEG|CHHFI|CRM|ETHIN|FBSIM|FLR|FSLRB|IGSB|IS|MRNA|NKERB|PARA|RHCLO|STEM|TBLT|TLTHT|XLU|ZUO
user_14945,1,FUL
user_7533,3,APTY|FSLRB|RACE|THSET
user_6708,8,AAPS|ABNBA|BAYC|BBI|NVDAR|RDFNW|SJM|SNAPX|TLA|TLTNE|TNET|VIR|ZMPAR
user_23979,24,ABNBM|ABNBO|AMDSH|ARCCA|ASAN|ASH|AXU|BAHUG|BAOS|BASE|BESIY|BMY|BUZZ|CRWDW|DMYQ|DOBO|ETHHT|FQ|FUVSO|FXYHO|GK|GMED|HKD|HONRE|HTZZP|LIHTT|MCK|MGNIL|MIGI|NKTX|NOVN|NVDA|NXST|QQQTR|RIO|SOPA|TWTRS|UPST|WB|ZDROP
user_2877,1,DHR
user_20974,8,ATH|CSPON|DVAX|ESCA|FAST|GFS|IEP|MRNAW|NIOWE|PSTH|UFING|VVS
user_30824,8,AMP|CREE|CSCOI|ETHSE|FBLAS|FSR|GCT|HMC|PPSI|VWEDN
user_15839,8,AGL|AMT|BL|BZUN|CCL|CSCOA|CYRN|DAC|ISIG|KCAL|POLC|WBAST
user_33302,38,AAPLB|ABBVM|ABBVU|AGG|AKLIH|AMCLO|AMLX|ANKR|ATTOT|AVEO|AZPN|BBIH|BBLN|BEN|BSX|BTCMI|CFVI|CTSH|CYTK|FAF|FBHS|FSR|FTNT|GM|GMT|IBB|ILST|IMRN|KCAL|KODK|LC|MAS|METAH|MOMAY|NDQ|NIOAL|ONEX|ORCL|PTONR|RDW|ROKUN|SAITO|SHPH|SPYBU|SPYNE|SSNAP|SUN|UNI|WMB|WW|XLI|YETIF|YM
user_11547,8,AMCGR|AMDCU|BLNKW|BP|DJIA|HDTOP|HMBLI|NU|PDD|PLUG|SNAPT|VNOMW
user_27097,3,AUPH|BA|FCAU
user_25080,8,AAA|GREEN|HHC|INTCH|IRBT|MUNIK|NDAQ|NU|ROOT|STHE|UVXYT|VFIAX|VSCO
user_10896,14,AMZNT|BUD|BX|CACC|CVNAT|ES|FXAIX|GGPI|JNJTO|LIT|LMTRE|MMMGE|NKEI|NOCPH|OMI|PAHC|PEBO|RIDE|SGML|SHUEY|XNO|XOMWE|ZSWHA
user_22535,28,ABBV|AMT|ANTM|AYX|BENE|BIGC|CFG|CNM|CWST|DATS|DOCUH|ENBAN|ENDP|FTS|GSAT|HCP|HDTOP|HOMB|KONOV|MDB|NSC|NVDAS|NVDIA|NYCB|OCGN|OIH|OSH|PARAS|PKKFF|PLBY|RRR|SEAC|SIVB|SNA|SPYBI|STEM|TQQQ|UEVS|ULONG|VCOME|WELT|WGOTH|XPEVH|ZSCHA
user_24378,15,AG|APPN|AZNAN|B|BACMO|BTF|BXDAN|CDON|CRWD|DOOR|FBBEA|FBWIL|LCI|MPWR|MTN|OLPXI|ROSE|SHOPC|TIGR|TRUP|TSHAR|WFCDE|ZSHTT
user_24877,8,AFRMH|CRTX|CYBR|DOCUF|EMBRA|LCID|MATIC|QCOMC|TYDE|VRAX|VVERI
user_27247,14,AAPU|BRKSO|CKPTR|CM|CYRN|DOMO|FXY|GEF|HSBC|HSCS|INTL|JNJDI|NEAR|NUEDG|PSTG|RWTR|SNOW|STSS|TLSAQ|UA|VLE|WHR|ZI
user_30903,16,ACHL|AIR|ATYHO|BANC|BTCBR|CARR|CRMI|ELY|GMED|GOEV|HPNN|IREN|MVRD|NANO|OSK|SEA|SRTS|TDOCA|TWTRH|UHOPE|UKOIL|VIEW|VXRT|XELA
user_21214,6,ACN|ARHS|BLCT|COTY|EQIX|IEI|MRAM|NFLXE|NWS|TXG
user_20883,7,ABNB|ANSS|AXSM|BKE|BMY|DRIO|GANG|KOMCD|PHMAF|POOL|RBLX|SCS
user_13347,20,ADTX|AMZN|CELHC|CHE|CLH|CRMDE|CTRU|DATS|FDS|FISVB|HDPRE|ICL|NANO|NKERB|NVMI|NVVE|OFG|PLBY|PYPLD|PYPLS|QQQYO|SONY|SQALI|SWPPX|TDG|TEVA|TU|VEON|VZRET
user_30536,6,BABAE|CDTX|DISDR|FBHTT|FTAI|HFC|LIDR|PHMAF
user_26019,8,ADYEN|ALGN|APPH|AUTO|BA|BAYC|GBTC|LMFA|MGNIO|NVDAN|PAASH|SSTRE|WISH
user_7010,7,APPLE|BBIO|FLUX|JPM|LUNC|MSGE|OIH|SPELL|SSTLE|TTD|VIEW
user_5696,15,AAPU|AD|BBLN|CMPS|CNSWF|COSTI|DOT|FXY|HLI|IMXI|JWA|MCO|MSFTS|MTDR|NKLAQ|PHARM|REGN|SAM|SPLV|TNXP|TSEM|TSM|WPM
user_22143,8,ALEC|FMBI|FTHES|GDX|HYZN|NASA|PENNN|TSLAN|TXG|VZDEC|WTER|ZS
user_19269,452,AAON|AAPLC|AAPLD|AAPLI|AAPLN|AAPLO|AARK|AB|ABBVW|ABCL|ACBBO|ACMR|ACO|ADA|ADC|ADSKG|ADV|ADYEN|AEM|AEP|AFI|AGC|AGR|AGYS|AIT|AKLIH|AKZOY|ALLYT|AMCGR|AMCLO|AMCRE|AMDBU|AMDDO|AMGN|AMLX|AMRS|AMSWA|AMZN|AMZNG|AMZNH|AMZNI|AMZNN|AMZNR|ANF|ANKR|APOG|APPLE|APPN|APPSI|APVO|ARCCA|ARK|ARKK|ASLN|ASTRB|ATEN|ATVIA|ATYI|AUDI|AURY|AUST|AVLR|AWR|AXIES|BAALL|BABAI|BABAT|BABYC|BAC|BAM|BARK|BAS|BASE|BATS|BATT|BAX|BAYC|BBLN|BBWI|BEEB|BETZ|BIDU|BIGC|BIIB|BITOI|BKX|BLDR|BLOCK|BLOK|BMO|BOA|BODYN|BON|BOND|BRPM|BSMFA|BTCBE|BTCNI|BTU|BYDDF|BYM|BYSI|C|CAR|CARA|CARV|CASY|CBRE|CCATE|CCI|CCLWA|CCWF|CEG|CEIX|CFLT|CHEF|CHGG|CHK|CHKP|CHKPB|CHRW|CHX|CISO|CKPTR|CKS|CLFAN|CNM|CNS|CNTX|COF|COINH|COINY|COSTB|COSTD|COSTM|COTY|COVID|CPBCH|CRDO|CRMDE|CROX|CRWDE|CRWDG|CRWDS|CSCO|CSLLY|CTAS|CTVA|CVM|CVSI|CVX|CXW|CYBL|DDOG|DEN|DEO|DGEO|DISHU|DISIF|DISRO|DJI|DLR|DLRMO|DNACL|DOCNS|DOCUH|DOGE|DPSI|DSIGR|DSP|DUK|DUSCA|DV|DVA|DXC|DXT|DY|EAR|EB|EBA|EFA|EL|EMN|ENDP|ENSC|EPAZ|EQT|ES|ESTC|ETHAD|EXPR|FAMIF|FBBUT|FBCOM|FBI|FBK|FBREB|FDXGO|FERG|FFIV|FHTX|FICO|FIGS|FISVB|FLET|FLGT|FLUXI|FLWS|FMX|FND|FNKO|FNMA|FOCS|FOUR|FOXA|FQ|FRGE|FRPT|FSLRA|FSLRH|FTAI|FTHUR|FUN|FUTUE|GAME|GDDY|GEGI|GES|GM|GMED|GMPW|GMT|GNRC|GNUS|GOEV|GOOGD|GOOGL|GRAV|GRVI|GRWG|GSG|GVSI|HBAN|HD|HDAPR|HDCHI|HDTHE|HGV|HHC|HOODM|HOODT|HPE|HRT|HSY|HUBS|HUSAL|HUT|HUTME|IBM|IDEX|IJH|IMT|INDI|INTCS|INTUO|IONS|IREN|IS|ISIG|IT|IWMKE|JBLU|JBLUC|JNJOC|JO|JPEX|JWM|JWN|K|KBR|KC|KDP|KERN|KINGS|KNBE|KOMCD|KONE|KOSS|KRALL|KSPI|KWEB|LANC|LCID|LCIF|LEV|LI|LIB|LIDR|LINK|LMNDS|LMT|LMTJU|LMTRE|LNG|LNR|LTCHT|LTHMC|LTUM|LVMH|LVMHS|MA|MAGT|MAS|MATLO|MAXN|MBUU|MBWM|MCDGA|MILLI|MIOTA|MKSI|MMC|MMMMI|MMMOW|MNMD|MOTEC|MP|MSFTC|MSFTG|MSFTM|MSFTN|MSFTW|MSGE|MSIND|MSOS|MST|MSTRG|MTN|MTP|MTUM|MU|MUWHA|MXC|NBR|NCNO|NEE|NEP|NETA|NETI|NFLXN|NFLXO|NFLXQ|NFLXR|NFLXY|NFX|NICE|NIKLA|NIOBU|NIOIS|NIONI|NIOWA|NKEC|NKERB|NKEWA|NKLA|NLSN|NNN|NOC|NOK|NSC|NTCT|NU|NVAX|NVDA|NVDAB|NVDAC|NVDAG|NVDAI|NVDAR|NVS|NVTA|NXGN|NXTP|NYCB|OC|OMC|ONCT|OP|OPK|ORCLA|OTIS|OTRA|OTTR|OVV|PAAS|PANWB|PDDAN|PFE|PGJ|PGSOU|PH|PINS|PKI|PKKFF|PL|PLNHF|PLTR|POSHY|PRCT|PROG|PRVA|PSTG|PTE|PTON|PTONB|PUBMA|PVH|PWR|PYPLA|PYPLL|QBTS|QCOMT|QFIN|QQQAN|QQQHU|QQQM|QQQTH|QQQVI|RAYVR|RBLXA|RBLXC|RCI|RCL|RDFNS|RDW|RERE|RFFUL|RGNX|RIVNC|RKT|RL|RNG|ROKUN|ROOT|ROST|RPRXB|RR|RTY|RVIN|RWLK|SAFE|SAIC|SBUXT|SDC|SEDGD|SESHO|SGMA|SHARE|SHCR|SHLS|SHOPD|SHOPH|SHOPR|SHY|SIMO|SINCH|SJR|SJT|SKLZF|SKW|SKX|SLAB|SLGG|SMFR|SMG|SMSN|SNAPT|SNOW|SNX|SO|SOC|SOFIB|SOFIH|SOL|SONVY|SOUL|SOX|SPA|SPACE|SPOTE|SPXTH|SPXW|SPY|SPYAL|SPYNA|SPYNE|SPYTH|SRC|STZ|SUN|SUNW|SVM|SWAV|SWBI|SWCH|SWKS|SWX|SYNA|SYNC|SYTA|SYY|TAP|TASK|TCOM|TDIVI|TDOCA|TDOCI|TER|TGL|THCA|THMO|THSET|TIME|TIVC|TJX|TMDX|TNXP|TOST|TPB|TRIT|TROW|TROWW|TRUP|TRVN|TSATM|TSLAB|TSLAI|TSLAK|TSLAP|TSLAQ|TSLAR|TSMAU|TSME|TSMFI|TTDEV|TTE|TTWO|TWOU|TWTR|TWTRI|TXG|TXNRA|TXTM|UBS|UHOPE|ULTA|ULVR|UNG|UNHC|UOS|UPS|UPWKT|USDC|USDT|USNA|USO|UUP|UUUU|UVIA|UXIN|VEU|VGROW|VGT|VIAC|VISIO|VLE|VMC|VMW|VREIT|VVERI|VVIX|VVS|VVV|VWEDN|VWHAT|VWHIC|VXN|VZDEC|VZHTT|VZRET|WB|WBAST|WEAR|WERN|WING|WLL|WMB|WMS|WWE|XLF|XLP|XLRE|XOMDI|XON|XPEVS|XVG|YCBD|YETI|YNDX|ZIMPL|ZMFAC|ZNGA|ZRX|ZS|ZSSEM|ZSTIE|ZSWHA
user_11500,11,AAPU|BAHAV|BYDDF|CBOE|ENJY|EXEL|GOGO|HYRE|MGA|NIOLE|PETZ|PLNHF|PTLO|PYPLI|PZZA|QCOMH|SOFIB|WPC
user_8084,7,AUR|DD|DISNE|INDI|JOBY|NBIXW|NIOHT|SEAC|UPSTF|WEBL
user_22154,7,AIT|FAANG|GPN|HCA|LTC|OLN|PRM|SODER|TZOOT|UPST
user_822,19,ACWI|AMN|ASX|BILL|CBIO|CDSG|CELZ|CRO|CSX|DLNG|FBH|FEG|FHM|INDO|KLEE|LRC|MEDP|MJ|NIU|NVDAC|POLC|PPG|SBUXB|SHOPC|TCEHY|TIP|UPWKT|VTWO|XELA
user_5266,7,COF|FBETH|ITW|LMND|MYNZ|NBIXW|NXH|PSNL|WH
user_28317,13,AAPS|BNTX|BZFD|DHR|DTST|EBAY|FBCHA|FBHOP|FERG|ILST|MC|META|MSTF|NKTX|SBUX|SONM|UPSTB|VXAPL|WBA
user_13799,11,AAPLJ|AKZOY|BCMH|CTRU|DEO|FBSIM|IVV|KRALL|LMTJU|LSCC|LVMHS|MSFTR|MXL|OLED|PLAB|TGL|YOU|ZSHTT
user_7084,11,AMDCE|FANH|HT|IWMMO|MIMO|MPW|MRTN|NRBO|PEPHT|PPSI|SYR|UPSTD|WHR|WISH|WMTHO
user_16000,6,ASTRB|CHR|EAR|FTHUR|HCC|KRBN|LICY|LUVFR|SBUXJ|SYY
user_21609,10,ACLS|AMDLO|AMDQ|BBAI|BGFV|CE|CNK|ETHAB|GTSIF|INTL|LINK|PGTEC|PTONY|TDY|VERU|VISHA
user_1658,8,AD|ASML|AUTL|BPOP|DRNG|GNUS|IVR|NEGG|NVDAI|SHUEY|STORB|TSLAY|WING
user_18574,7,ADDYY|ADYEY|AFRMT|GTSIF|INTCT|JPY|LYV|MAA|RTX|SCHDW
user_23774,21,ABBV|ASTR|BAK|BKSY|BOA|CASTI|CDON|CLR|COVID|CPB|CSX|CVM|CVS|DEA|EXPR|FBBEA|FHM|HTR|IGSB|JNJOC|LHX|LNTH|MAT|MET|MRVL|MTUM|SCS|SHCR|TGL|ULONG|USDP|XLF
user_30228,1,ARGO|FBP
user_10203,14,AAPU|BLNKW|CGRN|CK|CMI|FUTU|GMQ|HII|IRNT|MRVLP|NEGG|PBT|SINCH|SOFIH|TME|TSLE|VOLT|VZMAR|XAU
user_22783,7,APPSC|ATLAS|HONHI|MRVI|NSAV|NVDAV|RVLV|SBSW|SWPPX|TLT
user_4792,7,ADGI|ALLG|ANDE|BOX|CSPR|NFLXB|OVV|REXR|XOMRE
user_26691,24,ALBT|APOG|APPL|BGS|BMY|CAMT|EV|FBTHE|FBWIL|FISVB|FLUXI|FOUR|JPMAU|META|MUWHA|NDSN|NVDIA|OHICO|PWR|SAFM|SEBUY|SHOPC|SMH|SMICY|SNMP|SPXW|TWTRH|UBS|UCTT|ULTA|UWHAT|VFI|VWHAT|VZHTT|WIRE|XCUR|YCBD
user_23260,2,EXC|META
user_27216,3,AARK|AMZNG|FRHC|MREO|QQQBU|ULVR
user_22227,9,BABAI|BMO|CAH|CVXI|DDOG|DINO|EXR|FBDAI|KIND|LITM|OLED|VZRET|YNDX
user_9590,6,AFI|DHI|FLUXI|GDX|HYZN|LIT|NWN|RYTEL
user_8257,7,AMTD|AMZN|ETWO|FFIE|JPMHT|KFY|KO|PYPL|QQQTH
user_22460,1,TDOC
user_4026,10,ABNBM|BLKIN|CAG|CALM|CPI|EA|LYXE|MDAYT|MSFTC|PGJ|PLTRH|RIBT|SNAPF|USDC|WEAR
user_24708,6,CCMP|EGHT|FBUY|HRL|KIND|WGOTH|WRBYD|XOMHE
user_31343,28,ALICE|AMDHO|AMDME|AMR|ARKK|ASSA|ATOM|AXPGO|BEKE|BNB|DAX|DISWA|DNFLX|DOGEZ|ELONQ|EQR|FANTO|GTBIF|HFG|INTCM|JNJOC|LANC|MNMD|MSFTA|NEM|PBCT|PKI|PLTRA|PSLV|PTONJ|RBLXS|REM|RNR|SAVAA|SE|SPYRE|TSEM|TSLAM|TSLAW|TXNCO|UPSTO|VALEC|WISHL
user_16190,17,ABBVF|ANDE|APDN|BNSO|CELHM|CRWD|CVM|DGROT|FBTOT|FI|FL|GOOGT|HUTME|HYPRO|IGEX|KNOP|MKSI|NIOFR|NKLAQ|PGR|PKI|PZZA|SDS|SNAPX|TGTAP|VZHEA|WILD|XOMWI
user_32617,7,ABNBM|AMP|H|KONOV|NBIXW|NIOWA|SATL|SPWR|STNE|TQQQ|UFPI|XRT
user_5681,8,AMPS|AVY|BA|HSDT|ISIG|MELIC|NRTB|SIGA|TH|TSN|VNET|XM
user_28046,6,BNGO|NOC|OVR|UL|ULONG|UPST|USFD|VISL|WEBL|WEBR
user_11289,16,AAPLD|AMCRI|ATXG|BARK|BEWI|CHKPB|CRLBF|DCRC|DGRO|DMYQ|ELONQ|EPD|FUBOI|KNEBV|MDB|SAIL|SHOPH|SLB|SQSNA|STEP|TENB|UL|UPWKW|WISHL
user_2325,5,BOFA|BTCSQ|CROX|EDIT|EPSIL|ROKUO|VB
user_3755,6,AXU|DNFLX|DOCUH|ELON|EXAS|LCI|QNT|QQQDI|TZOO
user_12926,6,AYRO|CCCX|CFB|CPIX|EPRT|K|UPSTO|VVERI
user_24851,7,COSTW|CTAS|FLIKE|LCID|NFLXH|PDFS|RRGB|SKWS|SST|UUUU
user_24850,9,ALV|ASTR|COO|DXY|GOOGT|HNST|INND|INTCS|LEV|NEEWH|PSA|SGH|TNET|UPST
user_6512,6,AARK|AMZNU|CK|DOCUF|LYV|MS|PDDWH|SAVE|Z
user_12938,5,ADV|FVRRO|NFX|NVO|WEJO|WM
user_28121,5,BBBYH|FROG|NFLXC|NNOX|QUBT|SOFIH|VCOCA|XLE
user_27424,26,BCYP|BEKE|BLOK|BMO|CRTD|DCBO|DISFI|EQIX|FBLIZ|FFND|FND|GBX|HAL|HEX|HIBB|IBEX|INTC|JKS|KRALL|LCIF|MGNI|MSFTG|NIONI|NTRS|ONEX|PD|PI|PLUG|PNR|QS|ROKUH|SJW|SNOWI|SPGGR|STZ|TSLAU|VGT|XI|ZS
user_32475,10,AYRO|CECE|CYN|EQB|FFIE|GDS|GES|IMXI|KMI|LIGMA|ODIVI|PHG|TRIN|VVV|XLM
user_33557,11,ABBVU|ACMR|APPSI|ARKO|ATXG|BATS|CINF|DAR|DOE|DUK|DUOL|FBTWI|INTCM|KIBA|POWW|TDG|UFO
user_29995,13,AMR|AMZNH|APTY|CL|FNKO|FTHES|HUBS|KO|MCO|NXRP|QSSOF|RDFNS|RY|SITM|SNX|TWTRI
user_4979,8,AAPLQ|BXDAN|CAD|CLX|DOCNS|EVOK|FBLET|FOCS|HYZN|LINK|LVMH|MJ|NEGGI|TDOCH
user_3134,11,AMDPO|BABAC|BTC|CRLBF|CUBI|ENDP|GGPI|INDO|OR|PG|PMFEB|RL|SONO|SWK|TDIVI|TISI
user_18128,5,BILLV|MUWHA|NTRS|QFOR|SQALI|SWPPX
user_15972,11,AAL|CINF|CRWDS|GES|GIS|HLF|LMNOP|LTSLA|MTVR|NDQ|NOVN|OMC|SAP|TWTRT|TXNRA|YUMC
user_31810,12,CBSTR|CELHH|COINM|DKNG|EC|FBTHA|FXF|GEBRF|KEYS|OAS|PANWB|QNTJU|RELI|RIOTW|TRADI|TSLAJ|VSAT|VVERI
user_16117,24,AAPD|ANGH|APPSN|AURY|AVXL|BAS|CLPT|COO|CREE|CSTM|CVNAF|DJCO|DLO|DMTK|GEWED|GRMN|HA|IQ|ITW|KODO|MDIA|MMMAN|NFG|NIOHT|NIONI|PGTEC|PGY|PKI|PSEC|ROSE|SPX|SWCH|TR|XL
user_28628,6,COINP|CRXT|GOOGD|IMCC|NFLXJ|NKLAQ|RAD|TSLAJ
user_4009,6,AMDIF|CELHT|DGII|GOOD|HDWHA|HEI|LSPD|NWN|OWUV|WKHS
user_32653,15,AIR|ALLYB|AMTD|AMZNA|ARKG|CAJ|CMCS|DISWA|EPS|FBMEA|IMX|JNJHI|KTTA|NKTX|SCS|SGHC|TXG|VGT|VMC|XRX|YELPW|YETIF|ZIMPL
user_5680,5,BCTX|BX|PSH|RSKD|TRT|UBI|UNHIF|WISHT|YOU
user_32861,4,ASTR|ENBAN|EPS|GLBE|SNE|VNET
user_28519,6,AAPLU|AMDCE|AMDCU|ES|LCIDS|MSM|NOK|NSRGY|WSC
user_9175,8,BEAMC|DKNGD|FTS|HDPRE|HTZ|KRBN|PH|PURR|REGN|SHW|SMG|SP
user_6763,7,CACC|GOOG|HCDI|LMTWE|MAS|NVDAN|PZN|SMR|VUG
user_2569,6,AKAM|AMDFU|BLDR|CAG|FXY|IMXI|NOCWE|SCO
user_13005,6,ACB|AMCLE|APVO|IFF|MSFTN|QQQSO|TIMEA|UMANY
user_23148,10,AMDFU|AMN|ARKF|BRYYF|CPE|FIGS|GEO|KBR|MNDT|MRAI|NEGGI|PYR|TGTNO|TXNRA|UNHC
user_21732,4,AAPLT|CRM|FBCOM|MTDR|PKI
user_11241,30,ALLPE|AMDAP|AMDFU|AMZNL|APVO|ATVIA|AXPGO|AZERO|BIG|BITO|CPBCH|DBC|EGHT|ETHHT|GOOGP|GRAV|HOG|HONRE|KR|KRTX|LRCX|MGM|MRNAB|NVDA|O|ONTO|OVV|PDFS|RUSHA|SHY|SKLZF|SKYH|SMAR|SNAPF|SOX|SPXLA|SPYBO|SYY|TAP|TWTRM|UOS|VISM|VXAPL|VXN|WCLD|WFCDE|YNDX
user_11104,4,AMZNS|CDNS|PPC|SYNC|TMNA
user_32542,4,G|GSK|INCY|NEGGI|SPGI|TTDFI|USAP
user_11950,5,AMDSH|IAC|QQQTH|RBLXE|SAIA|ZUO
user_10852,20,ABBVD|ABNBW|ACCO|BE|CCI|CD|CGCO|CHWYN|COINY|COO|CTRU|CVSI|FLIKE|FRC|FSLRA|GEVO|IINN|ITCI|KO|MBUU|NIOTH|PDD|SBLK|SOFIN|SPOTR|TERHT|TSMC|TTDMA|VSUPE|WRBYD|XPR
user_23771,5,ATYCA|BYSI|DOOG|F|GRTX|HPQ|PYPLS|SCTY
user_29642,6,AAPL|ARCH|CHEF|EGLD|KO|MO|OMC
user_9896,5,BITOI|FYBR|QSR|SEA|UAVS|VLNS|XPR
user_16067,5,CRDO|EXPR|KC|OI|PYPL|WMB|XOMHE
user_8335,4,CBOE|COF|EBA|OSH|PARA|SAND
user_17695,8,AMCLO|DISDO|FIS|GRVI|NIOGO|PAASH|QCOM|RMBS|SARK|WRK
user_22038,4,AMBAC|CTSH|DXCM|GMREV|MPWR|XPEV|ZSHTT
user_14839,5,C|CLAR|CVM|MKLIN|NWN|QSSOF|SGMA|STAA|UNH|XELA
user_6639,12,AXP|LOWSE|MELIF|MTDR|NIOAL|NTLA|ONEX|ORLY|PAYS|PTPI|RGBP|RHHBY|RWLK|SPIRI|SQAT|UNFI|UNHDO|ZIMPL
user_31574,5,DJIA|DKNGD|EVFM|LIT|MRAM|NRBO|ONKIN|VFC|XPDI
user_29884,4,APPSA|BSC|MXC|NKEBE|PRNT|SCTY|UVIA
user_23629,5,ACNDA|IINN|LTHMP|MTD|NFLX|NOWTH|VMW
user_11425,5,AAPLH|BRCC|BX|CHX|CLFHT|FMX|TWTRI
user_24634,4,AOSL|ATGE|BABEA|BMYHI|CCI
user_5392,4,NOC|RKLB|SMICY|SWBK|UFO
user_19898,5,AKLIH|FBREB|IINN|MAWAR|OTECH|SPACE|TSLA
user_30229,5,ALLK|DDD|DKS|DXC|FMC|SQHOP|SQHTT|XOMWE
user_6058,17,AAPLN|ABBV|AMDMY|ATHM|BNGO|BTCDI|EDIT|FXF|GETY|GGPI|GLXY|HSBC|MAXR|MREO|NFLXE|NRTB|PACB|PSNY|SIWED|SPWR|STIP|VISIO|VNET|WRBYD|XHBGR
user_17536,8,AAPLJ|APA|BEAM|BILI|COP|EPIK|IMPXH|LILM|MFST|MMF|MTN|NIOS|VET|VRSN
user_25172,3,ALZN|ANVS|GALA|JNJPA|MKLBO
user_6124,3,GGG|ORCLA|USFD|VRTS|XRT
user_18162,3,EB|NIOWE|SKYH
user_7937,3,ABNBH|ALGM|FBREC
user_21921,3,CVX|FBZOO|LMTJU|NFLXI|XLV
user_31158,5,ASTRB|BAENT|BIGC|CCWF|LUCD|MSTF|UNHIF
user_14033,5,APPLE|AVGO|BBIOW|GMVD|KONE|LNN|POWW|SLAB|TNET
user_8961,3,AMDLO|PACW|VXAPL
user_19858,4,BACMO|FBHS|RERE|SOFIS|SQSPO|STT|TCOM
user_11574,4,BKE|EVCOI|LVMUY|PETZ|PUBMH|UPSVI
user_4521,8,ADYEY|AURA|DMYQ|FHTX|IMPP|KRVER|MMF|SAND|SG|SGHC|TSLAF|UBER|VNOMW|VRA
user_16911,2,MTD|PEPRE
user_4338,2,CAST|EE|LMTRE|POWW
user_20418,2,AIG|ALLY|AWRDI|DEO
user_9740,4,BOXD|DEA|DOCNC|FBTOT|ULONG|VZHEA
user_1775,2,DIA|NFE|PRQ
user_9063,2,IMXI|SRG
user_9611,2,AZERO|FUV|IBEX|PLAB
user_23224,2,KISHU|NIOHA
user_1724,6,BLOCK|EPRT|GRVI|HIBB|MDBWA|MOWHA|MSFTH|NIOGO|QQQVI|RMO
user_34109,2,LTHM|RACEH|VXX
user_29166,3,AVGOR|CGCHT|INTC
user_31206,2,DSP|POLC|TKAT
user_25854,8,BBIOW|DVN|EXAS|LCIDS|NBIXW|NRBO|NSC|NWN|SHAK|SPXC|STIP|VRTX|WGO
user_11980,2,BLDR|INMD|NNN|PT
user_27241,2,APO|BAMSO|EC|FATE
user_22941,2,DY|SPY|WILD
user_2501,16,ARGO|ASMIY|AZZ|BTCBE|CBOE|CLOV|COSTQ|DJIA|EAR|HIBB|HTTZ|KLO|KONE|LNN|QUBT|RBAC|RKLB|RL|SNMP|TSLAD|TSLE|XIL|XLNXR
user_29035,4,AZN|BA|NOC|ONDS|SKLZF
user_20208,1,HPE
user_30121,1,IS|SQALI
user_28496,1,KLAC|RGS
user_33323,1,COUSD
user_18393,4,ANCTF|FANH|INAZ|NVS|TNX
user_9684,1,ARWR|SHOPD
user_32938,2,TWTRR|TXT|XPEV
user_11242,1,CHF|MARK
user_25650,2,CYTK|NFLX
user_26190,2,LMTUT|NFLX|SCHA
user_23618,1,LOWMA
user_892,2,AMZN|AMZNG
user_7009,2,AVEO|TTC
user_24408,7,AMCFU|BL|CENN|ENBFO|FBINN|FHTX|MOV|PFEFR|RACE|STORM|VNOBL
user_22277,2,DINO|GMR|JNJB|NILE
user_4555,2,AMD|NKLAQ
user_25811,1,METAT
user_30246,16,ABCB|AESE|APO|BAESY|CLFD|DKNGH|EFA|EPAZ|FAST|FIGS|FLIKE|FWONK|GRAV|KODI|KOOTH|KYNC|MKC|MMMRE|NIU|NSAV|PHM|ROIUC|SNDL|SPOTT|VTVT|VW|VYNT
user_24229,2,FLIKE|GOOG|ONCHA
user_9241,1,IREN|OIH
user_29418,4,CCWF|LUVFR|NKLA|RKLBS|STSS
user_14482,1,XOMWI
user_2093,1,DISRO|PARA
user_29964,1,FBCOM|RYANH
user_11683,1,FBYOU|PXD
user_18823,22,AMCNI|APTY|ATVIB|AWR|BA|BMYHI|CARG|CMGMC|CSPON|DAX|DBGI|DSP|FLOK|GMEZO|IFF|INO|INTCH|KOOTH|LKE|MMMMI|MYOV|OIL|OTIS|PYPL|PYPLS|QCOMA|REGND|RVLV|SPYBU|STRR|TAN|TEVA|VSUPE|XHBGR|XLU
user_23406,1,MCD
user_17914,1,BAM
user_26719,1,REXR
user_7432,1,DRUG|XLNX
user_29161,1,DOCUH
user_5149,1,SENS
user_3097,27,AMAT|AMBA|ASMLH|BOKF|BTBT|CATLO|COF|CPRI|CVNAF|DEMOD|HUM|INAZ|IOBT|NANO|NU|ONDS|PENNW|PHARM|PPSI|PTONJ|PYPLP|SCHDW|SEBUY|SMOG|SOL|SPACE|SPCET|SPWR|SPYBU|SUNW|SWK|SYN|TBPH|TSLAH|TTDFI|TWNK|UNI|ZII
user_31268,1,DXCM|PLD
user_734,1,ETH|RACE
user_24723,1,WCN
user_20632,1,MERC
user_21901,1,IINN|QQQFO
user_23870,16,AFI|AUDI|AXPHT|CRSR|DSIGR|EGHT|FAMI|FBLET|FEG|GEWED|GRTX|HCDI|HOOD|HSBC|NFLXI|NRTB|NVDAE|PFE|PLNHF|PLYPL|RAYVR|RGEN|TSLAF|TWITH|TWTR
user_13083,1,FBK|NXM
user_31234,1,FIGS|SCS
user_26326,1,RGLS
user_19906,1,CYTK
user_33622,2,BIDUE|ROPE|TLTNE
user_24971,5,ALTO|DCI|DDD|FBFOC|KAVL|MNDYA|SHOPC|SJT|SSTRE
user_8085,1,ABMD|SNTI
user_27156,1,SARK|VGK
user_28659,3,AMTWH|NFLXQ|PYPL|TLTNE
user_16916,1,BLKIN
user_31638,3,EV|OPCH|RACEH|UBI|VYM
user_15680,1,SABR
user_14798,3,AAPL|BX|GHC
user_20679,3,HOLES|LIT|SOUN|XLNX
user_5694,1,MAGT
user_27093,3,CRM|DAX|NUOTH|PG
user_15926,1,HRTZ|PAASH
user_33764,10,CISO|DLRMO|ESTY|FBGUI|GEGI|MUGRO|NILE|NOVN|NURO|RIVNS|RUSHA|SQDAT|TTCF|TTE|ZSREV
user_22800,1,OLN
user_22665,1,CRMGO|SWCH
user_30086,2,AMZN|GO|RBLXW
user_22136,1,SINCH
user_18141,3,ENPH|JPM|PSEC|SYTA
user_22940,1,IMCR|STLD
user_23203,1,FBGET|PFF
user_12939,2,PIK|TSM
user_1821,13,AVID|BOO|CHPT|CPBCH|ELS|FNKO|GRUB|IEI|LMT|LUNAH|MMM|PARAS|PSTG|PTONB|RNR|SPIRI|TDOCH|WDC
user_34300,4,ABNBM|BEWI|CRWDE|QFIN
user_9849,1,APA
user_28826,2,AAPDS|OLPX|VZ
user_8798,5,ALIF|BILLI|COUP|LBRDA|NEEAR|SMCI|TSM|VWAGY
user_12158,1,DOCU
user_15807,1,ULTA
user_23287,4,AAPLS|GNPX|MSM|PHIA|RDFNS|SMCI
user_3405,1,HYRE|PDFS
user_22223,1,AWK|CASY
user_19198,10,ASSA|BACBU|CAH|CWEB|DPZ|GPS|IWMBU|JNJTO|JPMD|KRTX|MSTRW|NIOBU|NIOCL|SNMP|SYNC
user_7094,1,SNV
user_17380,3,FRGE|GFAI|PYPL
user_9846,8,ADM|CBSH|CDSG|CMPS|GNUS|IQ|IRNT|KO|LLY|MAFAC|MNG|SNTI|STAGW|WFG
user_15964,2,HMC|ROKU
user_7605,1,JO|KRX
user_1244,2,AMD|ARKKS
user_12547,1,LCIDW
user_25631,2,ETHE|SYYSO|TSMFI
user_17301,2,BKNG|NA|PUBMH|ROPE
user_6535,2,LMTRE|LUCD
user_11381,3,BA|KEY|TSLA
user_31458,3,CYN|STUDY|TSLA|WISHT
user_19832,1,LSCC|LYXE
user_27973,2,ABBVD|FCEL
user_32733,1,NIOPI|SHPH
user_11131,2,DGWHA|HYRE
user_18630,1,CHGG|PBF
user_8927,1,SPT
user_14373,2,DOOR|OPEN|THC
user_746,13,AMPG|AMZNS|BAS|CLVT|CTAS|ENJ|FCXBE|FRC|GDXJ|HA|JPMAU|MCD|NKEFE|NXTP|PII|PYPLL|QQQVI|RTX|SCHDT|VSUPE|ZI
user_33561,3,AMZN|CRO|SNOWE
user_850,1,AMDCU|VRAWH
user_19339,7,ADA|ARWR|BAC|CSCO|ILUS|JNJB|NIOBU|ORK|PNC|UXINC
user_8401,1,KNEBV
user_9412,1,DAC|GE
user_11482,12,DISH|ETHIN|GNRC|INTCT|IREN|JBHT|JO|LFG|LHX|LITM|LVS|MAXR|MSTR|MTB|SPA|UPSTF|WAL|XNO
user_25555,2,BIDU|HCDI|JKS
user_30758,1,UMC
user_11097,1,FXF
user_3981,1,CAT|FLR
user_30659,14,ATTOT|AVID|CK|CMC|DOCU|DUSCA|DX|ETWO|EVCOI|IWMMO|MQ|NAKDI|PHARM|PLTRM|ROKUW|RVIN|SMCI|SSNLF|TNET|UAA|UHTTP
user_4658,7,BESIY|GTC|NIOWH|PGNET|PRTY|QYLD|SHAK|VWEDN|WFCDE
user_27096,2,EVOK|NOC
user_15322,2,KIND|URA
user_33608,77,AA|AAPLJ|AEM|AIZ|ALLG|AMC|AMRS|AMZNM|ARKK|ARKKR|ATHM|ATYCA|AURA|AUTL|B|BAALL|BAMSO|BILI|BKH|BLOCK|BMY|BMYHI|BRCC|BRKBP|BRKS|CARV|CEEK|CHKPB|CLBT|CNS|COSTA|CPER|CRK|DEGEN|DIAHT|DIS|DOX|DPLS|EA|ENB|ENDP|EPAM|EVH|FAMIF|FBHER|FBPEO|FBTOT|FCEL|FFND|FIVEY|FL|FTCHW|FTNTT|GHC|HCDI|HONRE|HPQ|HUM|HYZN|ISRG|JNPR|KAVL|KNX|LIFIN|LOWMA|LULU|LYTS|LYV|MATIC|MET|MJ|MKSI|MMC|MMMMI|MRAI|MUNIK|NETIT|NIOPU|NKLA|NSC|PDFS|PLTRA|PRU|QCOMW|QFOR|REGN|RH|RIOT|ROKUW|RSKD|SFIO|SFTBY|SGH|SLAB|SOC|SPXC|SPYIF|STORG|SVFD|SYNC|THETA|TNET|TXTM|UAVS|UUUU|VCOCA|VINCI|VIX|VLNS|VORBH|VSUPE|VV|WISHL|XL|XNO|XOMDO|ZCX|ZSHED
user_30656,8,AUR|BAESY|BBIGC|CNQ|LIHTT|MTP|NIO|NUEDG|ROKUA|TLNT|UAN|VTG|WFC
user_34196,1,RBLXB
user_12205,2,BA|CRON
user_12845,6,ACHL|APX|BX|IONQ|MSFTT|OGI|QRTEA|ROKUW
user_8023,2,STX|VYGR
user_17546,1,RDS|TREE
user_14082,16,ABBVC|ADYEN|AIZ|ALGN|BRPM|DISFR|DRIO|FBSEQ|HCDI|IT|KNBE|MILE|MIME|NVDIA|NXGN|PDDI|REGND|SE|SQHTT|TWITH|TWOU|V|VYNT|VZREI|WAFD|XOMRE
user_15327,1,AMZNH|BPH
user_18270,1,TASK
user_31966,1,RGTI
user_33187,1,HNTAM
user_13265,1,VFI
user_33727,1,AUB
user_15315,3,CSLLY|DELL|FBBIT|HYRE|IZRL
user_27298,1,MU|SSNAP
user_12888,5,AUTO|CAT|COSTE|DISCA|DISPA|EMBRA|EXPR|PYPLR|STORD
user_3982,1,DRIO
user_15833,1,CCLES|WEAR
user_30695,4,CVET|DKNGH|MAXR|SABR|WERN
user_25583,1,SEMR
user_15564,3,CVSI|DOGE|SNY|TLTNE|WFCBO
user_15336,2,FUV|MARS|SQM
user_6878,1,SYYSO|XLP
user_4963,2,AAPLO|HUT
user_16346,1,TSP
user_3762,3,AAPL|ASMLH|MRKFR
user_12818,1,ASSA|EMN
user_14699,1,LYB|MSTRG
user_708,1,ANF
user_28211,5,NFLXT|PFEFR|UNI|VZ|WFC|XLFSP
user_24010,1,CHNG
user_1954,1,EUFN|IVC
user_33857,4,CARV|EPD|NSAV|RAIN|RRR|TSLAV|TSMAU
user_30663,2,RNG|TNR
user_21129,1,ABBVW
user_33642,1,OVR
user_2078,1,SG|ZTS
user_21154,1,CCCX
user_11079,1,ATCO|IPGP
user_33485,1,MTN|SFTBY
user_17481,1,IIVI
user_11008,2,CRMGO|FBFOC|PTONJ|VZMAR
user_25943,1,ASML
user_12762,1,SAVE|TIA
user_17129,1,EVONO
user_15320,1,SHAK
user_33423,4,SJI|SVM|THCA|TXNCO|V
user_26387,5,ASIX|BXDAN|BYDI|CARS|CIFR|HITI|NFLXQ|PHARM|SOLHT
user_19801,2,ASH|OTIS|TKAT|UFPI
user_15334,50,AAPD|AMZNN|ANSS|ANVS|APDN|ARKW|AVGOT|BABAE|BAMSO|BEEB|BPH|BYDDF|CAMP|CFVI|CIVX|CMGMC|COSTC|COUR|CUBE|DB|DE|DOCNC|DPRO|DQ|DRTS|DSIGR|ENJ|FBPUS|FCEL|FSM|FTX|GLD|GMS|HA|IFNNF|JBGS|JPMVA|KSPI|LAZR|LOW|LYFTC|MCO|ME|MX|NET|NEX|NKE|NOBL|NXST|ORK|PCAR|RBAC|ROG|SBOX|SBUXB|SCHG|SCL|SHOPF|SITM|SKLZF|SNPS|STLD|SWAV|SWMA|TROWA|TRUP|TSLQ|UCTT|UMAYB|UNF|VLNS|WEBRW|XELA|ZS
user_19681,2,FUVSO|PG|SCHDT
user_15741,1,RGNX
user_30340,2,COST|ETSY|PSTG
user_1380,1,LRCX|WAL
user_3082,49,ACN|AMDBR|ATH|AXTA|AYLA|AYX|BKNG|BROS|BTCBR|BTU|COTYA|CTV|DAC|DECON|DISWA|DOCNC|DOCUH|DUSD|EGLXI|ETD|EURUS|FBLAS|FOUR|FRBA|FUTUE|GDDY|GEBRF|GPC|HMC|HPNN|IRM|JACK|LMNDT|LSI|LSK|MAXR|MJ|MSFTG|NETCY|NKEFE|NUOTH|NVDAB|PETS|PLTR|PLUG|POWI|PRM|PSEC|QCOMH|QQQ|REXR|RHHBY|RSX|SBUXH|SG|SHIBD|SMG|SOFIH|SPIRI|SPY|SQB|SSNAP|STLD|TROWA|TSM|UFING|ULVR|USO|USWS|VCOCA|VISHA|VISL|VORBH|WWE|XOP|ZIL|ZSDAT
user_27666,2,AMDDE|AMZNQ|GOOGM
user_17369,1,BKX
user_18398,2,QFIN|SHPH|VYNT
user_27181,1,TLTNE|TMUS
user_736,2,IHT|ZS
user_4737,1,MDLZC|NFLXB
user_1191,3,NOC|OCGN|TSM
user_21360,1,EVGO
user_2788,3,CELZ|HRTZ|YELP
user_16362,1,BZFD|SOFIN
user_24925,21,ABBVF|ADAPL|AN|ATEN|ATY|BAENT|BJDX|CARA|CARR|GMEHT|GPNBA|IGEX|JAMF|LEN|LIT|LQD|LVSTH|MFST|MSFTH|NEAR|NETSE|NKERB|NLS|PLTRA|ROKU|SAIL|SIOTH|SNAP|TLTNE|TLTSH|TR|WMG|XLB|YNDX|ZDROP
user_7623,1,BAX
user_15321,2,ABMD|BKNGH|LIB|SYY
user_6410,2,AAPL|MVVYF
user_19407,2,ANCTF|INTC
user_19142,231,AAPLB|AAPLG|AAPLS|ABNBB|ACWI|ADDYY|AER|AFRMI|ALGM|ALGN|ALTO|AMD|AMDAD|AMDFU|AMDIF|AMDMY|AMDSH|AMGN|AMOV|AMT|AMZNP|APAM|ASMIY|ASTSM|ATGE|ATYHO|AVEO|AVGO|AVY|AXPGO|BABAT|BAMSO|BATS|BATT|BBIH|BGFV|BKSY|BLCT|BMO|BN|BNDX|BON|BOO|BRKB|BRPM|BSC|BSX|BURL|BX|BXHTT|BYDI|CAMP|CCIV|CCL|CCLES|CEBOU|CELHT|CHEF|CHGG|CHKPB|CIEN|CLBT|CMA|COINP|COSTA|COSTJ|CP|CPG|CPNG|CPRT|CRMHE|CRSP|CRWDE|CRWDW|CSCO|CSTM|CSU|CVXI|CWH|CXDC|DAL|DBC|DECON|DISH|DKNGC|DNUT|DOT|DTSLA|DUK|DVN|DXY|EGC|EGRNF|ELONQ|ENTG|EPRT|ETHCY|ETWO|EVO|EXAS|EXC|FBBUT|FBK|FBLAM|FBLET|FBMEA|FBNOT|FBREC|FBROO|FBUSE|FHN|FLET|FOSL|FRGE|FRHC|FRPHC|FRSH|FSLRS|FTNTT|FTX|FUTUW|GAME|GD|GDX|GDYN|GE|GGII|GGPI|GLNG|GMESU|GNPX|GNUS|GOOGM|GRMN|GTBIF|GTLB|GTSIF|H|HITI|HOLE|HOLES|HRI|HRTZ|HRZN|HUYA|HYZN|IDEX|IDXX|IEA|IFNNY|IMRN|INDO|INTCR|IREN|IRTC|JKHY|KFY|KIBA|KMI|KOOTH|KR|KRNT|KSPN|LFG|LGF|LI|LICY|LIHTT|LILM|LIND|LINK|LMNDD|LMNDT|LMNOP|LOGI|LSCC|LSXMA|LYXE|MA|MATIC|MDB|METAE|METAN|MGNIL|MGNIO|MMM|MOMO|MRNAW|MSFTM|MSFTT|MUTOD|MVIS|MVRS|NETA|NETIT|NFLXB|NFLXJ|NFLXL|NFLXQ|NIOBO|NIOLE|NIOPU|NK|NKEWA|NOC|NQ|NSANY|NSRGY|NVDIA|NVIV|NWBO|OCLG|ODIVI|OIH|OIL|OKTA|OLN|OLO|ONEX|ONKIN|OPCH|OPRA|ORPH|OVR|PAGS|PDDI|PEP|PGJ|PKG|POSH|PPSI|PRCT|PRM|PSLV|PSNY|PSX|PTONY|PURR|PXD|PYPLN|QBTS|QFOR|QQQPU|RBLXB|RERE|RES|RF|RFFUL|RH|RHS|RIVNA|RIVNS|RNG|ROG|RVSN|RY|RYF|SAFM|SAVAA|SAVE|SBLK|SBNY|SBOX|SBUXA|SBUXH|SCHD|SEAND|SFIO|SHIP|SHWGR|SLABW|SLI|SNA|SNAPT|SNAPX|SNOWE|SOFIB|SOFIH|SPGGR|SPYBO|SPYMA|SQHOP|SST|SWAV|SWIR|SYF|TALI|TAN|TCEHY|TD|TEL|TERHT|TITN|TLSA|TLSAR|TONR|TR|TRT|TSLAL|TSLS|TVISA|TWOU|TWTRA|TXT|UDIGI|UMC|URBN|USB|UTHR|UVXY|VGROW|VIEW|VIXAT|VLON|VOOAD|VRA|VRT|VWEDN|VYMDI|VZHE|VZMAR|WEJO|WFC|WGO|WMTHO|WRLD|XBI|XLE|XLP|XLV|YOU|ZC|ZI|ZIM|ZRX|ZSLET
user_21472,1,AMG
user_25304,1,BEAM|MAIN
user_13552,71,AAL|AAPLD|AAPLE|AAPS|ACHL|ACI|ADTN|AMCTH|AMDTH|AMZNM|AMZNR|AMZNW|AOSL|ASH|ASLN|ATEN|ATI|ATVIA|AZERO|BLKIN|BRUSH|BYD|CHRW|CHWYN|CIEN|CL|CLH|CLPT|CM|CMGMC|CNM|CPI|CPNG|CSIQ|CVNAS|DGEO|DOCNG|EA|ELON|EMB|ETD|FBLET|FBTWI|FBULL|FRSX|GILD|GNL|GNS|HCCI|HDCHI|HDHEA|HII|HT|HTOO|HYPRO|HYRE|ICE|INTL|KOTUE|LIBER|LOWWH|LSXMA|MAA|MCDGA|MCK|MGNIO|MILLI|MKLBL|MSFTM|NANO|NBIXW|NOWTH|ONON|ORCL|PHAS|PLTRM|POWR|RCL|SCHDD|SHARE|SHOP|SHV|SITE|SIX|SOFIS|SONVY|SPIRI|SPOTF|STORF|STX|TECK|TWTRB|TXTM|U|UBSMO|UCHIN|UXINC|VEA|VIXFO|VOO|VSAT|VVERI|VYMVA|WFCDE|XOMBU|XPEVH|ZMDTF|ZMFAC|ZSDAT
user_2335,2,AMD|FBHOP
user_19147,6,APTY|FBK|GD|GDX|IKEA|INMDF|LOWMA|TWLO
user_24414,20,ADV|AMZNM|ASTRB|BROS|BRSH|C|CSVTI|CUBI|CXDC|DCBO|EQT|ETD|FUBO|GMT|HRMY|IONQ|LINK|LMNDW|MAIN|MRIN|MUGRO|NFLXD|NVDAV|RMED|SMFR|UCTT|UPSTE|VBUYS|WOOF|ZII|ZSHED
user_3389,9,ATCO|BTCMI|CCI|EA|FBSIM|INFQ|LTSLA|MSTF|NN|PD|RYM|VWEDN
user_6291,1,BOKF
user_8296,7,AMZNS|ASML|AVEO|COSTW|CRIS|NIO|PCG|SPELL|SPYCL|TLSA|XPEL
user_20732,1,FERG
user_2292,1,QQQVI
user_22066,3,ASIX|PCTY|PRTY|VZ
user_32240,1,AA
user_30208,144,AA|AAPLJ|AAPLW|ABBVW|ACI|ADAPL|AFI|AFRMB|AMC|AMDDO|AMDHO|AMDRE|AMDRU|AMZNR|AOSL|APOG|APPSN|APX|ARGO|ARKO|ARWR|ASMLW|ATH|AWS|AXP|BABA|BABAM|BACLI|BBBYH|BBY|BCEL|BETZ|BILL|BNDX|BPOP|BSX|BTF|BTTX|BZ|CARG|CDLR|CHF|CHTR|CI|CNBS|CNQ|COSTB|COUR|COUSD|CP|CPRIT|CRDO|CRK|CRNCB|CRTX|CSPK|CSVTI|CVNA|CYTK|DAL|DEA|DEMOD|DJCO|DNFLX|DNUT|DOOR|DPRO|DRIO|DWAC|ECL|ENS|ENZC|EPS|EQR|EQT|ETHAB|ETWO|EV|EXEL|FANTO|FBCOM|FBSEQ|FOX|FTDR|GDX|GLJ|GMS|GOOD|GVSI|HA|HCA|HDAPR|HEC|HEINY|HEX|HOODM|HUSA|IBEX|IDT|IEA|IGEX|IINN|INVE|IREN|IVR|JASMY|JD|JEPI|JMIA|JNK|JOBY|KBH|KSPI|LILM|LMFA|LOVEL|LOW|LYFTC|MARS|MAT|MC|MDIA|MEDP|METAT|METX|MMMMI|MNDP|MPWAL|MRVL|MSFTN|MSI|MTVR|MX|NEXT|NFLXH|NKEC|NKERB|NLY|NNDM|NOC|NOWTH|NU|NVDAM|NWS|OKTA|ON|ORCL|OTLY|PARAS|PATHD|PG|PHMAF|PPG|PRVA|PSTH|PTONJ|QCOMR|QSR|RBLXH|RDS|RFFUL|RGNX|RIVNS|RMD|ROKUF|RUN|SAFE|SAITA|SCHA|SCHDT|SCHM|SHOPF|SHOPH|SIOX|SMG|SNDX|SPOT|SPXTH|SPYTH|STNE|SXTC|SYN|THMO|TIMEA|TIP|TNDM|TVISA|TWST|UCYBE|ULET|UNP|UOG|UOWN|UPSTI|USAC|USDP|USWS|UTK|UUP|UVV|VEEVI|VIR|VIXLE|VRA|VWEWA|WSM|WWE|XAU|XRP|ZNGA|ZOO
user_18571,2,MDIA|MSFT
user_23045,24,ABEV|AMZNV|ANTM|ARLP|BKKT|BXDAN|CDSG|CRON|CTV|EGC|EMR|ETHCY|FIGS|FUTUW|HII|HOODM|ISPO|ONEM|OTTR|PAAS|PENNW|PYPLD|QID|RS|SCHB|SKIN|SPCE|STRR|STT|STUDY|VEEV|VGID|VLTA|VRAWH|XOMHT
user_31996,3,DIS|INTC|LAZR|NKEBE
user_29656,1,NET|PCAR
user_26701,1,NINE
user_29252,1,NVDA
user_13599,2,COST|HYPRO|SAVE
user_27887,16,BPOP|CARS|COTYA|CPRX|DASH|ELSE|FBDAI|FBP|FXYHO|GTO|LUVMA|MAXR|METAH|NEGGI|NIOS|NWL|RCAT|RYF|SBUXT|SLB|SPGI|UEC|VCAR|ZSEV
user_33198,2,ESCA|MSFT
user_23423,1,LCI|MKSI
user_28158,2,DIAHT|INTC
user_23382,1,VIEW
user_21421,2,AMZNB|CRM
user_31473,2,TSM|VLO
user_4078,2,AXS|CI|GEF
user_13964,1,RENN
user_23533,3,FLUXI|KIND|POLC|RDS|SEMR
user_18395,3,ACWI|BA|PKI|UVV
user_320,2,FFIE|META
user_12416,1,DISCH|TLT
user_12730,1,TJX
user_34203,6,ASC|CNSWF|DISWO|FBTHA|FLOK|FSLRA|GOOGS|HEX|STRR|UFPI
user_33624,1,REALM
user_7976,1,OCGN
user_19129,154,AABB|AAPLM|AAPLO|ABBVM|ACB|AEO|AERC|AFL|AGYS|ALZN|AMAT|AMCLO|AMPH|AMZNI|AMZNL|APPSI|ARLP|ASC|ASMLH|ATH|ATTO|AYLA|BAMSO|BBIH|BL|BLNKW|BRN|BRPM|BTCNE|BUD|BURL|BYND|BZ|CAAS|CALM|CASY|CBSTR|CCJ|CELHT|CFB|CMA|CMCS|COTI|CPBCH|CPRT|CRMD|CRMHE|CROX|CRTX|CSGP|CTRU|CVET|CVXUT|CWH|DAG|DBC|DDOG|DFENT|DIDI|DISRO|DJCO|DNFLX|DOCN|DOGEZ|DUK|EBAY|EDU|EJH|EMBRA|ENLAY|ENSV|ETWO|EVOK|EXPI|FATE|FBBEA|FBBUL|FBGAM|FBPAS|FBREM|FDXGO|FRC|FSLRA|FTDR|FTHES|FXAIX|GGPIH|GGR|GLXY|GME|GNRC|GOGO|GOOGG|GOOGH|GRNQ|GST|HAL|HCC|HCCI|HD|HDCHI|HOODI|HRZN|HSBC|ICL|IFNNY|IHI|IIPRR|ILV|INTCV|IP|IS|JACK|JBHT|JNJ|JNJDO|JNJHI|KIBA|KR|KXA|LAC|LFG|LFIN|LOGI|LTHMP|LUCID|MET|MNST|MRNAB|MSTR|MSTRH|MTD|MTVR|NFLXT|NIC|NIM|NLSN|NOCIS|NRBO|NTAP|NTCT|NTFX|NVAX|NVDAB|NVDAE|NVDIA|OCLG|ODFL|OTTR|PENNF|PFG|PGNY|PLYPL|POLA|POWR|PRQ|PTON|PUBMA|QCOMJ|QQQTR|QRTEA|QRVO|RCI|RDFNS|RELI|REXR|RIVN|RKLB|RNG|ROPE|RPRX|RVIN|RVLV|SAFE|SAIA|SAVG|SBOX|SBUX|SBUXW|SCHDB|SCTY|SENS|SFM|SHAK|SHV|SIBY|SIX|SLAB|SLABW|SO|SPXW|SPYBO|SYNA|TCHEY|TECK|TEVA|TMHC|TNR|TNXP|TREX|TRUP|TSLAA|TSLAR|TSP|TTD|TWTRS|TXNWH|TYX|TZOO|ULVR|UPSTA|VCOME|VIAC|VIEW|VIOT|VW|VWED|VXX|VYNT|VZDEC|WBD|WMENE|WRLD|WSM|WSO|WTRH|XLM|XOMWI|ZNGA|ZSEV
user_3980,1,IHT
user_7152,1,AAPLC|RSX
user_27989,4,IEA|IS|NIOAS|ONNAR|SGML|SKWS|SNA|SPYBI
user_33811,11,AMZNQ|BAHAV|BBLN|COST|FRPT|GST|HRL|HULU|HUM|MSFTS|PZN|SBUXJ|SNPS|SPYNA|SQ|UPSTD|VXRT|XL
user_27885,1,MOTEC|MRVI
user_19124,15,AAVE|AGRI|BTCMI|CATFR|CDON|CHTR|GC|GGG|GNUS|GTBIF|IEX|IOBT|MRVLP|PYPLL|PYPLP|SIMO|SLV|SPA|TXG|ZSANA
user_33802,1,XLM
user_25165,1,RTX
user_7168,5,ABNBO|BABYC|ENSV|FR|FSLRS|LOWWH|WISHW
user_9269,1,DNA|RCI
user_27193,1,AMD|LQD
user_19136,1,DPSI|QID
user_29498,2,AMD|KDP
user_19517,12,APRN|ATUS|AXON|BAM|BMBL|CDAY|COO|COUR|FIS|GNTY|GOCO|HRTZ|IGEX|INTL|IONQ|KOOWN|LLYSH|MMMAN|SHOO|TBK|VLE
user_33530,1,NIKLA
user_7149,2,AMZNN|HCP|KNBE
user_3682,1,MCDRE|QCOMC
user_11308,1,ROKUS
user_33783,2,KO|YM
user_12459,1,ALK|KRNT
user_28619,1,CSPK
user_19715,1,CTIC|KOCRE
user_29323,1,CNQ
user_28466,1,LTUM
user_10128,1,DJCO|UTHR
user_14615,1,PLD|PRNT
user_32894,3,INTC|SKY|VZ|ZI
user_25970,4,AMCLO|BTQ|CIFR|HLF|MDLZC|MQ|TSLAG|YUM
user_27947,2,PLYPL|VV
user_14702,2,CDON|GOOD|RH
user_8010,1,OLO
user_24430,2,AMZN|HOG
user_27868,1,FCEL|FSLRA
user_31528,1,LICY|TSN
user_27010,1,FBAT
user_19144,28,AAPL|ABNBB|ALLK|ANSS|BAALL|BIG|BKSY|CHHFI|CRWDG|DOT|DRUG|DRVN|ENBAN|ETHAD|FBFIN|FL|FSLRH|GEFIS|HCM|HOLE|INSG|LRN|MAGT|METX|NEP|NIOPU|NUTX|OGI|OHICO|PACB|PHAS|PLTRI|QSSOF|SENS|SHEL|SMIC|SONO|SYFDI|TSME|TUPHT|VMW|XPDI
user_6721,1,TWTR
user_6874,1,CNQ
user_9245,2,GMR|PTONW|ROKU
user_13464,2,RCLWI|TPB|VOLT
user_20880,2,LSPD|VIXFO
user_19123,4,CAR|MKLBO|MOMAY|POW|RUSHA|TSCOE|UPSTC
user_18295,1,TLRY
user_12791,3,SOFIB|STRN|WPCWH|XPEV
user_17519,1,HLT
user_20091,1,QQQM
user_18283,1,AMDLE|MERC
user_6661,1,FTX|IMPP
user_15778,1,FBBUT
user_27889,1,KOCRE|VIXLE
user_2833,2,CTSH|F|GTSIF
user_32271,1,LIGMA
user_32834,3,AMZN|BTCSQ|FR|IMCC|YFI
user_19947,1,HAS|WPM
user_33988,1,ESSC
user_30680,2,ASX|NIO|PDFS
user_12561,1,CWEN
user_6192,1,ETHAB
user_33542,1,SOXL
user_31461,1,SGFY
user_17646,2,CEL|FSLYH|JBLU|TSM
user_4643,2,ABBVR|NKEFE
user_16746,1,ABT|HD
user_20585,1,CRIS
user_11989,1,FBBIT|TSLAI
user_125,1,AKAM|PGNY
user_20689,1,OLO
user_18834,1,TERHT
user_29889,2,INTC|XOMWE
user_10758,1,ACN|VEEVI
user_29644,1,BPOP|TTOO
user_23250,1,VIXFO|XOMBU
user_16172,2,AMDAD|FCXBE|MSTRG
user_12955,1,FTHUR|LEV
user_27790,2,HONRE|NOC
user_10632,1,GCT
user_16878,4,AMDFU|FLOKI|GOOGN|MOMAY|MYOV
user_21020,2,BODYN|NEVAD|ZS
user_22341,1,PENN
user_30759,53,ABBVD|ALC|AMDVE|ASANF|ATVIB|ATXG|BABAU|BBI|BEWI|BIL|BRQS|CDLR|CL|CMA|COSTJ|DFEN|DM|DPRO|EFX|EGRNF|ENB|FBCOM|FBTOP|FE|FNF|GMMOR|GOVX|HCM|HDCHI|IJH|IONQ|ISPO|JCI|JKS|JOBY|JPMAU|KOTUE|LIBER|LIDR|LNG|LUMN|LUNA|MODIV|MSTRG|NASA|NEX|NOL|OFG|PACB|PAGS|POWR|PTLO|PYPLD|RCLWI|RDFN|RS|RUX|SCHV|SHOPC|SPCE|SPPI|SPYNA|STX|SYNC|TCHEY|TSLAE|TSLAM|UDMY|UHOPE|UNFI|USO|VISM|VIX|VWED|WERN|XRPHT|YEXT|ZSDAT|ZSTIE
user_33892,2,IMT|SNAPT
user_13014,5,AAPLR|CEIX|KXA|MMMWH|SHOPR|STORB|TSLA
user_3438,1,FBHER|IBB
user_26553,2,BABAW|INTC|ZMFAC
user_5453,1,WGO
user_8088,1,BYM|LCID
user_29515,1,AMTMA|VERT
user_7454,11,AJG|BXP|CXO|DIAHT|HEI|KO|MRI|NAKAC|ORPH|PSNL|QQQPU|SEMER|UNHC|VIXFO|XPEVB|ZIL
user_11860,1,TELL|UONE
user_28883,2,ASLN|CVXBA|VNTH|VRSN
user_20626,1,KOSS|SENS
user_32945,1,OIH
user_14128,2,CELHT|NFLX
user_21477,6,ACI|COTI|DXY|ENR|FBSEQ|FLOW|ITW|LEV|MSFTW|PHRRF|QQQTR
user_31270,1,URNM
user_5211,2,PHIA|STRN|VTWO
user_16740,1,DGROC|MQTHI
user_28382,1,PHUN|TTC
user_12112,1,SCHV
user_7038,1,CLX|FDX
user_6591,1,ZDROP
user_19065,3,NIO|TROW|TSMHT
user_33479,1,FTHES|NANO
user_11740,1,ILPT|QNTJU
user_15308,1,GGR
user_475,14,AFRMH|AKRO|ANCTF|ASTSB|BTCNI|DNA|ETHCY|GINUX|GNPX|GOOD|HMBL|MIOTA|MLI|OI|PBT|TLRY|TSLAO|TSMHT|UNHC|VIG|VRAR
user_12147,1,GOOGE
user_33075,2,NETSO|WAFD
user_25722,1,EAR
user_12965,1,FBLIZ
user_14913,1,JAZZ
user_24261,1,BF|STAGE
user_10535,1,WIX
user_7895,1,BCTX|GST
user_15541,2,AMCFU|UFPI
user_14301,1,FTS
user_30906,1,NLY
user_10755,2,OPRX|RDIB|UOG|ZSANA
user_25862,1,CSPR|UPWK
user_25600,392,AAPLB|AAPLQ|AAPLU|ABBV|ABBVB|ABNBA|ABTWH|ADAP|ADGI|ADTN|AERC|AFRMA|AFRMT|AHT|ALGM|ALGN|ALIF|ALL|ALLY|ALPP|ALT|ALV|AMBAC|AMCR|AMCRI|AMCTH|AMDAP|AMDCE|AMDDE|AMDEA|AMDHA|AMDI|AMDTH|AMP|AMPS|AMR|AMSWA|AMTD|AMX|AMZNA|AMZNC|AMZNI|AMZNL|ANY|APD|APH|APPH|APPSH|APX|ARE|ARHS|ARMK|ARRY|ASML|ASMLH|ASSA|ATVIA|ATVIP|AURY|AVPT|BAALL|BABAD|BABAI|BAHUG|BE|BEETS|BESIY|BGFV|BIDU|BKE|BLI|BLKIN|BN|BND|BOND|BOX|BRYYF|BSMFA|BSW|BTCPA|BYD|BZ|CAAS|CARG|CAST|CCATE|CCJ|CEIX|CELHM|CFG|CHGGT|CISO|CLFHT|CLOV|CLX|CMCS|CNC|CNICH|CNVA|COINW|COST|CPRX|CRNC|CRSR|CRTD|CTIC|CUBE|CVANA|CVET|CWEB|CWEN|CYBR|CZR|DATS|DB|DCFC|DD|DDOG|DE|DEA|DHI|DISCO|DISGO|DISQ|DISTH|DJI|DKNGC|DKNGD|DKNGH|DLO|DOCNS|DOCU|DOMO|DOOR|DOT|DTST|DVA|DXCM|EBA|ECL|EDU|EGLD|EGLX|EGLXO|EIDO|ELAN|ELSE|EMN|ENB|ENBAN|ENPHC|ENR|ENSV|EPD|EQR|EQUIX|ETHAB|ETHDI|ETN|ETSYC|ETSYT|ETWO|EUFN|EW|EWT|EXLS|FANH|FB|FBBUT|FBLIZ|FBP|FCEL|FCXWA|FFIE|FIGS|FINV|FIVE|FLR|FND|FNKO|FRBK|FRC|FSLRH|FSM|FSR|FUN|FUTU|FVRRO|FYBR|GC|GCLT|GD|GDS|GE|GEO|GFSCH|GHC|GINUX|GME|GMEGL|GMETH|GMS|GNPX|GOCO|GOOG|GOOGE|GOOGP|GPN|GRAV|GRVI|GT|GTLBW|HCDI|HMC|HOLES|HOODM|HPE|HRZN|HTTZ|HUTME|HXL|HYLN|HYMC|IBM|IGSB|IIVI|ILV|IMCC|IMMX|INAZ|INTCH|INTCT|INTUO|IRTC|ISIG|ITA|JBLUC|JEPI|JNJDI|JNJDO|JOBY|JOBYH|JPY|JUNGL|KBH|KC|KDA|KED|KNOP|KO|KOCRE|KONOV|KRSOL|KSPI|KYNC|LBC|LCI|LEA|LEG|LIT|LITM|LMNDD|LMNDT|LOOKS|LOWSE|LPTX|LRC|LTHMC|LTNC|LVMUY|LVS|LWLGE|LYFT|MANA|MARK|MATLO|MCDMI|MDIA|MELIF|METAH|METAT|MGA|MGNI|MGNIH|MGNIL|MIMO|MJ|MKL|MMMOW|MNG|MOMAY|MRVS|MSCI|MSFTN|MSFTO|MSM|MTB|MTP|MTTR|MTVR|MU|MUDAV|MUDRO|MULN|MXC|MXL|NCLH|NCR|NDSN|NEAR|NETSO|NFLXH|NFLXT|NIONI|NIOPI|NIOPU|NIU|NK|NKEMO|NKLA|NLSN|NLY|NOK|NRTB|NTAP|NUOTH|NUTX|NVDAB|NVDAD|NVDAE|NVS|NVVE|NWN|NXRP|NYCB|OIL|ON|ONNAR|OPEN|ORA|OTIS|OTTR|PAAS|PACW|PATH|PAYS|PBR|PDSB|PER|PETZ|PGNET|PH|PINSB|PINSU|PLAY|POLA|PPSI|PRNT|PROG|PRX|PSFE|PTPI|PURR|PYPLN|PYPLR|PZZA|QCOMA|QCOMJ|QQQBU|QQQHT|QQQNA|RAIN|RAYVR|RBLXC|RBLXL|RCAT|RCL|RDW|RELI|RES|RF|RGEN|RGTI|RIVNA|RIVNS|RIVNT|RKLBS|RNDR|RNGR|RNR|ROKU|ROKUA|ROKUC|ROKUF|ROOT|RS|RTXMO|RUSHA|RYH|RYTEL|SAIA|SAND|SAVE|SAVG|SBNY|SBUXA|SCHB|SCHDB|SCHG|SCHL|SCHM|SCS|SDC|SEV|SFOR|SGAM|SHEL|SHIBD|SHLS|SHOPC|SKIN|SKX|SLABW|SLGG|SMCI|SMFR|SMR|SNAP|SNAPX|SNTI|SOS|SPACE|SPOTR|SPOTT|SPXC|SPYLO|SPYSE|SPYTE|SQSPO|SSEMI|SSNLF|STAG|STAGC|STEP|STLD|STZ|SUSHI|SWBK|SWMA|SWPPX|SXTAN|TBK|TCHEY|TCON|TDOCA|TDOCI|TELL|TERHT|TGTAP|TITN|TLNT|TLT|TMNA|TPL|TR|TRIT|TSAT|TSCO|TSCOE|TSLAI|TSLQ|TSMPE|TTDEV|TTDFI|TUR|TWITH|TWTRT|TXT|UA|UAVS|UCHIN|UFING|ULVR|UNFI|UNG|UNHC|UNHHO|UOWN|UPSTH|UPSWE|UPWKT|URBN|USAP|UST|USWS|UVXY|UWHAT|VEEVI|VERU|VFINT|VGROW|VINE|VNET|VOOTH|VREIT|VSAT|VTRS|VTSAX|VUG|VVS|VWAGY|VWED|VWEDN|VXRT|VXXJU|VYGVF|VYM|VZ|VZHEA|VZHTT|WB|WBD|WBER|WCN|WGO|WGOTH|WING|WMTHO|WNW|WSC|WSO|WST|XIL|XLK|XLP|XM|XOMHE|XPEV|XPEVB|YCBD|YETI|YETIT|YFI|ZCX|ZG|ZIDEF|ZMDTF|ZRX|ZUO
user_33081,4,CBIO|CGC|DXC|RDBX|SNAPS|VLTA
user_1594,1,BSW|S
user_17263,1,ELONQ|NEWR
user_869,1,AMDST|SNOWI
user_18064,2,PG|STAGR
user_4187,26,ARCCA|BAOS|BXDAN|CCWF|CECE|CELHH|CMCS|CNI|CPG|CUBI|DE|DV|EEM|ETH|FBUY|GCT|GWH|MAFAC|MANUH|MVVYF|NIOIS|NVDAE|OTIS|PEBO|PROG|PSTG|PTOND|R|RKLB|SFT|THSET|TSHAR|TSLAV|TSMHT|UPSWE|VMC|WSM|XLP|YETIT
user_19600,1,CXW
user_32373,7,BYDDF|DOGE|INAZ|MTD|NIOWE|SOSHT|SRG|UBERT|ZRX
user_20047,66,AAPLL|ABBVM|ABTWH|ACNDA|ALNY|AMD|AMDAD|AMDLE|AMG|ASANF|AVTR|AZO|BABAE|BANA|BCTX|BE|BEEB|BKH|BLKIN|BNTX|BOKF|BTF|CAG|CDLX|CHWY|CNTX|CSPON|CTAS|CTT|CVXBA|DDOGC|DDOGE|DIS|DISTH|DNUT|DV|ENVX|EPRT|EQB|ESTY|ETSYT|FRT|FSLRH|FVRRO|FWONK|GOOS|IEA|IOTA|IRTC|JOBY|JWNBU|KMB|KOSS|LCIF|LIB|LINK|LLYSH|LMT|MAR|MCRT|MDLZC|MIMO|MSFTR|NBIXW|NEWR|NKEC|NOVO|NTRS|NVDA|ODIVI|ONKIN|OVV|PIII|POET|POSHY|PPC|PTE|ROKUS|RUNSH|SBSW|SFIO|SFM|SITM|SNAPT|SPOTR|SPRT|SPYCL|STRN|TALI|THC|TMHC|TVISA|TXN|VALE|VICI|VUG|VZHE|WISHT|XLY|YETI
user_18594,3,BIG|KR|NKEB|OLO|TSLAE|XLRE
user_18774,89,AAPS|ALK|AMDIF|AMPL|AMPS|AMZNC|AOUT|APE|APPSI|ARCCA|ASTSB|ATVIB|ATYHO|AXPHT|B|BAESY|BAND|BAT|BMYHI|BOA|BRSH|BTCBR|BZFD|CELHB|CLFAN|CMRX|CRWDD|CTRA|CVXBA|DAL|DASH|DIS|DISIF|DKNGH|DORM|DVN|EGHT|EMB|EQIX|ERIC|FBNOT|FBTHA|FBTOT|FBWHA|FCFS|FCX|FQ|FUBO|GGPIH|GOOG|GS|HCDI|HSBC|HUBS|HULU|HYZN|IEI|ILMN|IMCC|INTUO|IONQ|IR|JPM|JWNBU|KCAL|KIND|KKR|KNBE|KRTX|LFIN|LMND|LMTRE|MAGT|MSGE|MTCH|NEEAR|NINE|NIOA|NK|NKENV|NKTX|NVIV|OMI|ORGN|PANWB|PGPAS|PINS|PLTRM|PPLT|QFIN|RENT|RNG|RNGR|ROP|SAIC|SAITA|SBUXB|SBUXJ|SEMER|SGMA|SKX|SLI|SMOG|SNY|SPRT|SPXTH|STAG|SWX|TALI|TGTDO|TIA|TLSAQ|TMO|TSEM|TSLAU|TSLE|TZOOT|ULTA|UNF|UPRO|USBSO|VLE|VMEO|VOW|VRAR|VSATO|WLL|WMB|XON|XRPHT|ZCX|ZEN|ZIDAT
user_23908,54,AAPLN|ABBVF|ALB|AMDBU|AMZNB|AMZND|ANGH|ARES|ASLN|ASOFU|ATLAS|AURA|BF|BNDX|CAAS|CACC|CHGGT|CHKPB|CL|CSCO|CTAS|CXO|DCFC|EDU|EV|FANG|FBFIN|FBH|FBTOP|FL|FLR|FMCB|FRBK|GGII|GMPW|GNENF|HFC|HTHT|HUT|ILMN|IMCR|ITW|JASMY|KRX|LC|LWLGE|MATIC|MMMAN|MQTHI|MSFTT|MSTRW|MTCH|MTVR|MU|NIOPU|NU|OLO|OVR|PHAS|PLAN|PTONR|PYPLL|ROKUG|RUNSH|RUX|SBUXH|SDS|SFOR|SJW|SNAPF|SNDL|SNOA|SQBEA|TTDFI|TWITH|TYDE|UAA|USB|USHE|VZHE|WJEFF|XFRI
user_33152,3,INTC|PG|ROL
user_3022,4,BRSH|GEBRF|OCLG|VALN|XOP|XPEV
user_8279,16,AAA|AMCGR|APAM|AVPT|BIGC|BK|BNGO|BUD|FBBIT|FBPUS|GRBK|HKD|HUTME|LEV|MAR|MIGI|NVIV|NXST|QCOMT|RCL|ROKUW|SAND|SJR|SLV|ULVR|UNH|USAP
user_31154,15,AMZNP|ATXG|BAS|BMY|BNS|CRNC|CRWDG|GWH|INND|JMIA|LMNOP|MDBWA|MSFTC|ORETA|PDFS|PHMAF|SOL|SWBI|WIRE|ZIONT|ZMBEA
user_20644,1,UNFI
user_8986,1,ZC
user_25570,2,CRM|WM
user_28667,3,CMGMC|GOOG|LMT
user_33868,2,GOOG|NEX|XHBGR
user_20522,2,LMT|NXGN|SAFM
user_3928,3,AAPLB|ENSC|FBBUT|ISPO|LOWSE
user_15950,2,AAPL|PROSY
user_4562,1,VWHIC
user_17742,27,ABNBA|AIRS|AMATW|ASTSM|BPRM|CARR|CB|CHR|CRUS|DIA|FATE|GFSCH|GNPX|GST|HCP|HOLD|HPE|HUSAL|JNJTO|KCAL|KRBN|MANA|MRNS|MRVL|MVRD|NETCY|NFLX|NUPAT|PUBMA|RUX|SAVA|SOFIN|SPYNE|TLTNE|TSLAN|WEJO|XOMHT|ZMDTF
user_18980,1,POSH
user_24216,12,ACN|ALIF|ALTO|AMZNW|CNSWF|CYBL|DOCNG|FLOK|FSK|GSK|MOFEB|MRNAW|MVVYF|NFLX|OGI|PALL|RPRXB|SNAP|YETIF
user_6884,2,IP|NVCT|TDG|TVISA
user_6216,2,DT|MO|SI
user_31484,1,BARK|SCHB
user_6393,1,KOMCD|OTRA
user_33956,2,BYDDF|FTNTT|TSM
user_10366,2,KHS|LIND|RDFNS|ROKUE
user_17022,2,MARA|WBD
user_18719,22,AESE|AMZNB|B|BCEL|BK|BTCHT|CPNG|CRMOR|CSPK|DGX|DRUG|ESTC|FBHER|FMCB|GOGO|INTU|LUVFR|MQ|NFLXE|NXM|ONB|SAND|SLI|TTD|TTDGO|UNHIF|UOS|USDP|VNOM|WBD|WFG|WRK|YUMC
user_21623,54,AAPLB|AAPLQ|AAWW|AFRMA|ALGN|AMX|ASX|BAI|BAK|BAOS|BTCSQ|BYSI|CAD|CEI|CHHFI|CHNG|CSU|CVXUT|DISCA|DUK|DXYHT|FLUXI|GDXJ|GME|HHC|HRZN|HTZ|INTCS|JEPI|JPMFE|LEV|MCD|MCK|METAH|MMMBU|MSFTR|NDQ|NKLA|NNOX|NOWTH|NTAP|NVR|NWN|OIL|OMI|OSH|OTIS|PANW|PD|PGJ|PKG|PLAN|PUBMA|QQQOV|RKLB|RRGB|SAND|SAVG|SBUXA|SIWED|SNV|SPPI|STILT|STNE|TJX|TPR|TR|TXN|ULET|UPSTM|USB|UVXYT|VIR|VWHIC|VZ|VZHTT|WMB|WPCWH|ZCX
user_4602,102,AAPDS|AAPLI|AAPLN|ALEC|ALPP|AMDEI|AMZNI|AMZNM|AMZNR|AMZNS|ANSS|AOS|AOUT|APPLE|APTY|ARKG|ARMK|ARVL|ASMLW|ATLAS|ATYNO|AUB|AYX|BAND|BEE|BEKE|BIIB|BKU|BRKNE|BRPM|BTCPA|BYDDF|CAST|CCJ|CGCHT|CIFR|CLVS|CMA|COINY|COSTH|CPB|CRMGO|CRSR|CTV|CUBE|CZR|DOCU|DOX|DRIO|DRUG|DUSD|EMB|ENJ|EPAM|FAANG|FBBUT|FBCOM|FBIN|FCFS|FIGS|FRHC|FSLRS|GBX|GLJ|GMVD|GSAT|HTZ|IIVI|IMXI|IRM|IVC|JNK|KC|KRALL|LECX|LI|LSK|MDBWA|MMAT|MMMBU|MNDP|MNMD|MUDAV|NBIX|NCR|NDQ|NDX|NFLXH|NICE|NIOAL|NIOTH|NVR|OFG|OXY|PLTRT|PPG|PTLO|PUBMH|PYPLG|QQQNA|R|RBLXW|RRGB|RSP|RUX|RWTR|RYT|SAFM|SAVA|SHIB|SHOPC|SIWED|SJI|SMG|SNAPS|SNDL|SYY|TEL|TESLA|TIME|TLNT|TSMHT|TXNRA|UNHHO|UUUU|VFI|VISL|VMC|VRSN|VRX|VTG|VXN|VYM|VYNT|WELL|WFC|WGOTH|WIRE|WMTDI|WORK|WRLD|WYNNG|XRPHT
user_13471,1,ABNBH
user_5319,3,HDHEA|LEA|OXY|WAT
user_1680,7,APO|C|CXDC|CYRN|EVO|FLOK|IP|MEX|PGNET|STRON|SUN|TSEM
user_29162,2,AIRS|BRUSH|MCO
user_19566,3,BNSO|MCO|MRTN|NUOTH
user_27163,2,FBREM|GTLBB|TRV
user_4408,1,DISNE|ORCL
user_9174,2,HTCR|KLAC|PAAS|SOLO
user_15951,1,AAPLQ
user_4553,3,AMZN|BRKBP|CXDC|UPSWE
user_15230,107,AAPLC|AAPLS|ACI|AIV|ALGN|ALLYB|AMCRE|AMDMY|AMR|ATHM|ATY|ATYI|AUB|AXSM|BAI|BAM|BAMSO|BEEB|BESIY|BKX|BLKIN|BTCBE|BYND|CACC|CARS|CASA|CATFR|CCLWA|CECE|COSTI|CP|CVNAF|CVNAS|CVX|CWEN|DEGEN|DGWHA|DKNG|DUSCA|EDMAT|EFX|EGLX|ENPHG|ETHDI|EUFN|FBCOM|FBFOC|FBSEQ|FIVE|GEGI|GLJ|GMEHT|GMEZO|GMSOL|GRWG|GSL|HA|HOODM|HX|IFNNY|IMMX|INDI|INTCF|INTCS|IONQ|IS|KDA|KDNY|KDP|KINGS|KSPN|LMFA|LUCID|LW|MANU|MARK|MJ|MMMRE|MSFTA|MSFTD|MSFTS|MSI|MSIND|MTDR|MVRSA|NAVI|NDXIT|NFLXO|NIC|NKTX|NOVN|NQ|NVDAM|NXTD|ODIVI|OHICO|ONCT|PBIO|PFEFR|PG|PIII|PLTR|PLTRI|PUBMA|PYPLB|QCOM|QCOMJ|QQQVI|QUBT|RBLX|RENN|RGBP|RIVNC|RPRXB|RSKD|SAIC|SAIL|SATL|SCHG|SHCR|SITE|SKY|SNOWC|SOFI|SPIRI|SPXWI|SPYIF|STORD|SWK|SYF|TBLT|TGTTE|TNX|TWTRR|UAVS|UBER|UMC|UNG|UNHC|UUUU|VAND|VIX|VTV|VV|WISHW|WIX|XLFSP|Y|ZIM|ZIONT|ZRX|ZTS
user_23539,1,TREE
user_29445,3,IGU|IYT|MSFTR|UCHIN
user_4209,20,ABNBB|ATVIA|AXPHT|BACLI|BEEB|BTCNE|CSVTI|CTSH|DB|DOGEZ|ENSC|ESTY|ETH|FBHS|FBMEA|GDDY|GLBE|MDIA|NDSN|NINE|ONOV|OXYBO|RHHBY|RWLK|SGMS|SJR|STAGR|SYNA|WSM
user_19592,2,BIIB|DIS|NVIV
user_17932,1,ACB|NOCIS
user_24119,3,APX|HTCR|LMT|RIVN
user_12911,3,AUPH|DPLS|FCXWA|MAWAR|PII|YCBD
user_19542,1,TALI
user_19237,22,ALLYB|AUPH|BATT|BBIOW|BMBL|BTCI|BTCSQ|CF|CLAR|DISGO|DQ|FTNTO|GRWGF|HII|HSBC|LECX|MSFTH|NFLXW|NVDAI|NVMI|PDSB|QQQVI|RYOSH|SBLK|SRC|SRTS|STT|TSLAV|UOWN|USAC|VBUYS|XLC|XOMWI|ZC
user_19584,9,AAPLD|AEO|FAF|FBSIM|FTESL|HMC|IMX|NWN|OTRA|PDD|RYANH|SFM|TENB
user_2538,1,CALA
user_24240,4,DIS|DOCUF|KXA|QCOMT
user_33954,2,ATAI|FANH|PAGS
user_30379,18,ACLS|AVBTH|CNS|CPIX|CVET|CYBL|FAF|FLOW|GOOS|HNTAM|KOPN|KOTHE|KSPN|LIND|MRNA|NOCIS|OTRK|PBR|ROKUG|RRC|SNOWC|STAGW|SYR|VV|VWHIC|WHEN|ZCX
user_15317,2,AMDSH|DOGEZ|VYGR|XBI
user_467,34,ADYEN|ALNY|AMDMY|ARKG|BTCHT|CF|COSTI|DOCNC|DOX|DVAX|DX|DXCM|EPIK|FBFIN|FRHC|FTCHW|GGPI|GMT|GOOGP|GTO|HA|HALWE|HCA|HFC|HOODI|HPE|KIM|LMTWE|LQD|LUV|MKL|NFLXA|NFLXH|NKEI|NUE|OD|PBF|PKI|QYLD|RERE|RKT|SGHC|SODER|SOPA|STLA|SWPPX|TCON|UPWKT|WING|XOMWE|YGG|ZG|ZSWHA
user_6128,1,DPRO
user_20488,1,ARKKR|PLD
user_33965,1,CRWDG|MATLO
user_21900,1,BAOS|POOL
user_7058,5,ABEV|BBIG|CRO|F|FLUX|GNL|MSI|WAFD|ZMGAN
user_24772,1,TISI
user_7858,1,KONOV
user_19570,2,ENPH|ISPO
user_4682,5,ARKF|BANA|EBAY|LIND|SHIB|SPIRI|STZ|VNOM
user_12852,1,EPAM|NXTD
user_6056,3,ASC|NTFX|QQQSH|UA
user_6312,1,CASY|CPE
user_20187,1,HUM
user_8420,1,SFINT
user_27448,8,AMD|ATHM|BASE|DOT|HCA|KERN|MSFTR|NRBO|SAITA|SOSHT|VEU|VNET
user_31812,1,MCRT|MOFEB
user_19596,5,GILD|GPNBA|LIN|LUMN|MTD|NILE|SEAND|VRTX
user_21076,1,LITER
user_25699,7,ARE|BCMH|DMYQ|DOMO|IEX|LECX|MCHP|QQQAN|WERN
user_18033,2,DDD|IMBI|NIOLE|VRAWH
user_17241,3,CLFD|ISPO|MCDRE|SCHD|VISIO
user_9950,1,PATH
user_21994,2,AAPL|SHOPH|TNR
user_28302,1,EQT
user_23441,3,AMDHA|BTU|GES|SITE
user_21764,5,ABBVT|BNDX|BNTX|BTBT|RES|VNOBL|VNQ|ZMDTF
user_19417,7,CROX|DISGO|EQB|KIND|LQD|PYPLA|SNOW|SPOTR
user_17418,5,AGG|AZERO|BEE|ENS|ETHHT|HALWE|KRNT|LIFIN|QSR|REGND
user_6565,1,MCDMI|NRBO
user_18378,1,CEEK|LCID
user_9396,4,ARHS|BF|KOCRE|PGPAS|SLB|WF
user_18097,7,AOS|ARCCA|EQT|GLBE|IWMMO|JKHY|MGNIH|PBF|RSSS|SINCH
user_30897,3,CG|ENPH|JBGS|NFLX
user_5038,1,PUBMH
user_2171,4,DY|EJH|PAGS|PDDAN|THSET|WMG
user_392,8,ASH|AVTR|BTCWA|CELH|GMBL|HNTAM|MAFAC|NEVAD|OMC|RDBX|TMNA|TREX|UPSTD
user_14904,9,AMDLO|CELHC|CVNAT|ELAN|HTOO|LNN|METX|OPRA|RDWR|SAVAA|TDIVI|TMNA|WIX
user_28861,1,EDR|GOOGG
user_31075,9,CRMI|DKNGH|EGLX|FHTX|FINV|GNUS|HUTME|LINK|SFTBY|SIOTH|TSLAG|UNHEX|UPSTH|WISHT|WWE
user_10154,2,INTC|MODIV|TSLQ
user_31179,1,LOWMA
user_30543,1,BBLN|MSTR
user_10663,11,ABNBO|BNDX|CAST|CRWDW|DISWH|LOGI|MDB|MST|NIOLE|NXPI|OLO|PACB|SCHB|SPIRI|TNX|TROWA
user_11805,4,BAON|DOV|SOFI|STRAV|TSM
user_4130,22,AAA|APO|ARKKS|ASC|AUDI|BJ|BTC|BTI|CVXBA|DVY|FCFS|GALA|GMMOR|HAS|IRMAD|JACK|KLO|LCI|MELIF|METX|MMMWH|MO|MPC|MSFTM|NFLX|NFLXJ|NIONI|NIU|RIVN|SMSN|SPCET|TLTNE|VOW|WYNNW|XLNX|ZINU|ZSCHA
user_1234,8,ADP|AXON|CHGG|COSTD|DISEN|EWT|FIVN|GEBRF|GTO|PRNT|TRU|XLNXR
user_4281,1,FLUXI|FOOD
user_5367,2,CVANA|SPELL
user_3120,33,ABBVM|ABTWH|ADBE|ALPP|AMBA|AMLX|AMZND|AMZNO|ANF|AVXL|BCMH|BEAMC|BTCNE|CCMP|COST|CROX|CVX|DAC|DTST|ETHE|FANTO|FBROO|FRBK|GEGI|GLW|GOOGD|HNST|ILV|INTCF|KIBA|MST|NEGGI|NQ|NU|OWHIC|PGPAS|PYPLR|SCHM|SHV|SIX|SNOWI|SOUL|SPXWI|STAA|SWK|WE|WMTHO|XLC|XOMNO|XPEV
user_4764,1,AMZNS|ETHIN
user_21164,1,AGG
user_15266,6,ABNBH|ACO|ANVS|BAENT|BTCSQ|LMFA|NXM|OFG|UPSTM|WILD
user_2143,1,AMDFU|BRKB
user_19664,2,CHKP|CRM|MSTRG
user_33847,3,BABUL|HTZ|MTTR|NIO
user_11279,44,ABBVW|AER|ALGN|ALPP|ALT|AMAZN|AMCRE|AMDLE|AMTWH|AMZA|APPS|BASE|BBIOW|BTUSO|CARS|CHR|CMI|CNICH|EGC|EGHT|ETHAL|EXP|FIVN|FLOW|GALA|GMETH|HPE|HPNN|HRMY|HULU|IGEX|IKEA|ITA|KWEB|MIOTA|MKLIN|MNMD|MOD|MVRSA|NKE|NOVO|ON|ONOV|PAASH|PII|PLYPL|QCOMA|RS|SPX|SPYSE|STRAV|TGTDO|TLT|TROWW|TTDCL|VLNS|WBA|WERN|WKHS|WRBYD|ZMGAN
user_17571,1,WEAT
user_19595,1,AUPH|LOVEL
user_19589,1,CRMHE
user_19560,1,ISPC|MSFTG
user_29250,2,CIVX|IMPP|TTE
user_14169,2,NFLXQ|NICE|SHWGR
user_11658,1,DCI
user_14084,3,CBSH|DOOG|NIOBU|NOVA|RIBT
user_24474,2,GOOG|MKSI
user_349,1,MDLZ|MP
user_7018,1,ASSA
user_22931,1,UOWN|Y
user_11654,2,MGM|NKEC|VZ
user_1556,1,CVXBA
user_33651,5,COSTW|CRWD|QUBT|RRC|SPG|ZSREV
user_4194,28,AAPLP|AEO|AGNC|AGRI|AMC|AMN|AMP|BLNKW|CHWYN|CI|CPI|DIAHT|DOCNC|ENSV|FBHER|FLUXI|FTCH|FUTU|GD|GEGI|HLBZ|IWO|KO|LFG|LTSLA|LUCID|MGNII|MSFTS|NAKD|NOVA|NVVE|PRTS|RLX|SEV|SHWGR|SONVY|SVM|TNX|TREE|TWTRB|VMEO|VRM|WM
user_9528,2,AAPL|BGS|MSTRH
user_5217,6,AMBA|BAHUG|HITI|OIL|ORK|PENNF|POSHY|SNTI|TSLE|USBSO
user_19593,4,AMZN|BBRY|JPMD|POLC|TTE|VRAX|XI
user_11922,4,AAPD|AMZN|AVEO|EMN|FC|LMTUT|METX
user_15000,1,CELHE
user_4809,5,BMO|CBRE|DBX|FBHOP|GIS|SPIRI|USDJP|XOMBU
user_4186,6,AGC|ANET|ARKF|AYLA|DOX|FDXGO|MSI|PRX|SYNA|UTHR
user_8528,1,SPG|VSAT
user_23368,2,BIIB|CRMGO|UUUU
user_4600,1,ATAI|KMB
user_4162,4,FIVN|MAGT|MSFT|VCOME|VTVT
user_3786,40,AAPLK|AEM|AEO|ALLG|AMDRE|AOS|APPH|APPSC|BEKE|BOKF|BSMFA|BSW|BZFD|CFB|CHNG|CRMOR|CULP|CVNAF|DG|DMYQ|DOCNG|EWBC|FBP|FBTHI|FSK|GCLT|IDEX|IEP|IEX|IRNT|IT|IWMBU|JBLU|JOBYH|MDIA|MMAT|MNDP|NFE|NFLXP|NKLAQ|ONCHA|PAGS|PD|PLNHF|PYPLC|QQQBU|QQQSH|QQQTR|QRVO|RYT|SAVG|SGMA|SPOTD|TTDEV|U|UBI|UHTTP|USHE|VIXLE|WAFD|WISHT|WOLFA|WTRH
user_8728,2,DIS|SYK|TGT
user_12380,31,AAPS|ADBE|AFI|AMCGR|AMZNO|ASANF|ASTSM|BABAB|BOX|BTCSQ|CEL|CELZ|CMCSA|DSIGR|EQR|EVVTY|FI|FND|FVRRO|GTLB|HEC|HYG|INCY|KC|LIHTT|MCKBO|MNDP|NETSO|NIOBU|NUCON|OPEN|PLDHT|PTONY|QQQPU|RYOSH|SLGG|SNAPX|SONVY|SPA|SQAT|SWBI|SYNC|TLTHT|TXNCO|UUP|VEEV|WORK|YCBD
user_6387,1,AMDME
user_11929,8,AVPT|BABAB|BAI|FDS|FTNTT|ITA|LUNAH|MVRS|PYR|SNAPT|SYNC|UBS
user_1601,1,BUZZ|SCHDT
user_19604,23,AMZND|BANC|BTCWA|CLVT|DATS|EGLDQ|ENLAY|EXPI|FMX|FSTX|FTX|GDYN|GLJ|GTLBB|IDEX|KIM|KSU|LCID|LIDR|MSFTI|NEGG|NOW|ONCT|OVV|RES|SPYLO|SWPPX|SYFDI|VRM|VRSN|VYMVA|XLU
user_19574,2,AMEH|CRM
user_33952,1,PDSB|PLD
user_30389,1,CASY|IHI
user_29568,1,FBCHR
user_6325,2,BX|DENN
user_19608,1,DAVE|GTBIF
user_19622,1,XOMBU
user_6359,21,ACON|AG|ALLK|AWK|BAWAT|BGFV|BSW|CASTI|CF|COSTQ|DSIGR|EPIK|EPSIL|FBBUT|FR|FTX|GLD|GMESU|HPE|KCAL|LOWSE|LSK|NLY|NNDM|NUE|PLTRH|RUX|SBUXT|SPOTT|TEL|TGTAP|TSAT
user_18028,1,DGROT|TWNK
user_1152,4,FWONK|JNJHI|UPSTM|USDC
user_9136,3,APA|DELL|EOG|QRTEA|VZRET
user_15815,2,FBTOP|JPMHT|NBIXW|SRC
user_15630,2,AG|PYPLH
user_15773,1,SYA
user_15631,3,AXON|NOL|ONEX|SOFIN|SWPPX
user_24805,1,RBLXA|SHOLE
user_19231,3,CHHFI|NETI|NOC
user_24538,1,LNTH|RBLXS
user_25745,1,FC|MOV
user_31963,2,VEEV|VRTI|WM
user_7059,1,ARKQ
user_5153,1,AUB
user_1421,1,ZTO
user_1086,3,MMMRE|SPYTH|SYR|TSLA
user_341,1,BRYYF|LOGI
user_30596,1,DVY
user_16009,1,BABAU
user_10022,1,GAME
user_26029,1,TASK
user_7373,3,CPI|DGWHA|MAA|TBK
user_6475,1,JD|OMCL
user_249,1,BSX|IIPRR
user_15261,1,MUDAV|PBT
user_12534,1,GOOGH
user_30598,7,BMY|CPRX|CSU|EGLXI|KED|LMNDS|NFLX|RBLXS|XHBGR
user_17819,1,HXSCL|TRT
user_10897,2,BJ|TSM
user_3220,1,AAPLO|ARKK
user_10841,1,IOTA|MA
user_10566,1,QCOM|SCHDW
user_21097,1,TDOC
user_21872,1,FUTUE|NXH
user_1458,1,AMDPO|OWHIC
user_34161,2,BAC|PG
user_11509,45,AAP|AERC|AMCNI|AMLX|AMP|AMPH|AMT|APPSH|APPSN|BBLN|BZFD|CAAS|COF|CUBI|CVXUT|DIA|EXOD|F|FAMI|FBLIZ|G|GLD|GMSOL|HRI|INTCT|IYT|JCI|KDA|KRTX|KSS|KYNC|LFUS|LKMEX|LULU|MAT|MBUU|MCDGA|MCDOC|MNDYA|NKEMO|NKERB|NTCT|NTFX|NVVE|OLED|PATHD|PBR|PRTS|PYPLC|QQQVI|RA|RIVN|RNG|SCHDT|TEAM|TROW|TRT|TSLAW|TSRI|TTDCH|UAL|UPSTA|UXIN|VOW|VRSN
user_19438,2,BSMFA|F
user_8208,1,IREN|VNTH
user_22191,1,WTRH
user_23484,21,AMPH|BBIH|CARG|CASTI|CDLR|CMGMC|CREE|CWST|DE|DKNGZ|DRIO|FCXBE|FITB|JJC|JNK|MOMO|MSIND|NFLXB|NIOGR|ONCT|PYPLI|SBLK|SPY|SPYTH|STORM|UFING|UNH|UPWK|WHR|XOMBU
user_19150,2,BTCUS|ENPH
user_11484,1,NOCPH|VISL
user_28851,1,AMDRU|AMZNU
user_318,1,FSLRB|VMOHN
user_13015,4,CVNAS|DOCUF|FOUR|NIO|QSSOF|ROKUN|WFCBO
user_22622,2,GRVI|MSFT|UEC
user_33953,18,AAPL|ALLYT|AMDWH|BBBYH|BLND|FBZUC|FTM|HAIN|HTTZ|KSPI|LIN|META|MKLIN|MMMBU|NETCY|NFG|OLED|PG|QQQNA|RBLXC|RIO|STOR|TOR|TTDFI|VTNR|YELPW
user_27280,1,OCGN
user_7706,1,GMS
user_14622,4,CRLBF|DOCUF|INTCF|LILM|ONEX|PINSU
user_16033,1,RVSN
user_32130,1,SHIBD
user_22711,1,CI|PEPRE
user_23567,2,CRON|DISWO|TESLA
user_23146,1,PANWB
user_3720,1,GNUS
user_29832,1,DVA
user_26018,4,ALNY|BCTX|BPOP|BTI|LIGMA|NKENV|VOO
user_17753,8,ATLAS|AUR|BK|CAMP|DIAHT|DPRO|EXPI|GST|JOBY|PZZA|SAVG|UNF
user_11251,1,FINV|LUCD
user_23770,1,CAAS|CRMD
user_19108,18,AARK|AMDBR|ARES|BLKIN|BRKA|DXYHT|F|GINUX|GLNG|HIPO|MYNAN|MYNZ|NADA|NIOFR|NIOS|NOCPH|PINS|PTOND|SJR|UHTTP|UPSTO|WEAT|XLB|XPEVH|YUM|ZC|ZIDAT|ZSAN
user_30415,1,CDAY|COINS
user_18519,1,HALWE|VEEV
user_19309,2,NFLX|SONVY
user_18307,1,ISPC|VCAR
user_21139,2,PG|RIO|TROWA
user_23815,2,DIS|EA
user_15967,2,KO|RBLXL|SQSNA
user_30779,1,AAPLM|ETHHT
user_2697,3,BBRY|CPIX|SENS|SPOT|XPEVH
user_19998,1,BRSH|MRAI
user_7016,1,AMTWH|BPOP
user_33621,1,AMDEA|NXRP
user_28708,7,AAPLI|AD|APRN|BPRM|FBBUT|FBTUE|HULU|IZRL|QQQTR|RDW|SAIA|TSLAJ
user_25996,1,EGLXO
user_32107,1,BTCDI|SHLS
user_25436,1,CLFHT|FBNOT
user_19046,1,MSGE
user_28290,1,KRALL
user_9771,1,EVONO|NIOWA
user_21998,2,FBLIZ|OTRA|SYR
user_25409,1,FUV|ITCI
user_12198,1,POET
user_9562,1,NFX|TASK
user_1432,1,BAESY
user_20949,1,METAE
user_9206,3,BX|GOOG|TMDX
user_8736,1,CLOV
user_34167,1,BNTX|OCUL
user_26256,2,MSFT|MSOS|PMFEB
user_7948,1,SLB
user_11587,1,OWILL|ZPLUS
user_12889,1,ELSE
user_20323,1,SAITA|XLF
user_24740,1,RIVNS|RYANH
user_33697,1,TCOM
user_22406,1,AIV
user_16454,1,TSP
user_19409,1,ARKF
user_13765,1,AMSWA|WIX
user_24716,1,XNO
user_25639,1,BABYC|NIU
user_12142,1,NCNO
user_21677,1,DSIGR
user_28163,1,ACBBO|DORM
user_11479,1,DGRO
user_3497,1,OXYBO
user_33468,3,ANY|CHE|MMC|NVDAA
user_17584,1,HDAPR
user_18161,2,BX|LITM
user_3294,1,INTCT|SHOPC
user_5689,1,AEMD|BOKF
user_32202,1,POWR
user_32137,2,ATXI|PLTRM
user_20024,1,KEY|QUBT
user_21914,2,BROS|CATFR|EDU
user_2709,2,DNFLX|ENPH|GMR
user_25969,1,APPSA|BLK
user_3215,2,BAT|FBH|SNAPS
user_7166,8,ASH|BVXV|BXP|CDTX|COTYA|LITER|NUEDG|QQQBU|ROKUE|SPGGR|VXN
user_18218,1,QUBT
user_26472,1,SKWS
user_25385,1,AZN
user_17530,1,VRTI
user_11559,1,BILI|CARS
user_28233,2,DIS|STHE|ZSSEM
user_12556,2,POET|TSM
user_20392,1,TWTR
user_661,2,ATGE|DIS|MELIM
user_28759,1,CRXT|XPEL
user_15276,1,METAT|NIM
user_14679,1,PCTY|TNR
user_13234,1,SPYBU
user_32478,1,CYRN|NBR
user_1034,1,ATGE
user_32098,1,GLXY|NIOPU
user_20637,1,JOBYH
user_17021,1,FBLET|VORBH
user_21755,1,MRNA|YGG
user_1571,2,MCO|TSLA
user_33765,4,AMZN|DIS|IAS|MOMO|VIXLE
user_28079,1,BTCDI|NFLXD
user_29356,1,FAANG|TRV
user_29029,1,WEAR
user_24026,1,SINCH|ZIMPL
user_29038,1,ARES
user_19058,2,CORZ|CRM|SPYBI
user_18257,1,HFC
user_15452,1,MS
user_26925,1,XOMDI
user_32086,1,BEEB|MDAYT
user_9760,1,VZMAR
user_18265,1,SAFM
user_888,1,CBOE
user_19465,1,VMEO
user_29278,7,ABBVU|ATXG|EFA|FSLRA|GOOG|PG|PSEC|SYNC|USDT
user_8948,2,SIDU|TCON|UVV
user_13593,1,CK
user_22259,1,IJH|VOLT
user_33443,2,AMZNB|CCXI|NFLX
user_27642,2,BMO|DIS|TSLAQ
user_11002,2,FBPAS|NFLX|TGL
user_13330,1,AAPLI|FLGT
user_16011,1,BSC|HXSCL
user_29610,1,MIGI
user_22466,1,BABA|TPR
user_8109,3,DIS|MS|ZS
user_8668,1,BTUSO|LCI
user_21202,1,KNBE|XLM
user_13065,1,HA
user_31582,2,HEC|MRAM|RIVNA
user_33670,1,CHWY|CRO
user_24902,1,MNDYM|SVM
user_12355,1,AABB|CIFR
user_9187,1,M
user_1383,1,ENS
user_30071,3,CURI|DEGEN|MOMAY|QQQTR|SHAK
user_33922,1,SNAP
user_3854,1,AXP
user_17955,2,ALLPE|MSFT|ZMPAR
user_24494,3,AEMD|BOX|DX|FTX|NNI|NVDAI
user_5577,1,SPELL
user_14235,3,AKRO|META|TSLA|WAVE
user_26174,1,RAIL
user_7997,1,BJDX|IVV
user_27661,2,BX|COINP|TSLAC
user_16471,2,AAPL|LIB|MMMAP
user_30778,1,DEMOD|NRTB
user_32374,1,BNSO|HIPO
user_19225,1,FSK|HRL
user_26763,1,MELIM|NVDAS
user_20383,1,EVCOI
user_29670,2,DWAC|FSLRS|MNGHT|TWTRS
user_17245,1,TTE|USNA
user_21730,2,ENPHG|PAG|ZSEV
user_16611,3,DKS|ENPH|NFLXQ|QCOMC
user_25682,1,ILAG
user_28041,2,AMDI|CARV|NAKD
user_23785,2,RUN|XPEV
user_26043,14,AMDDO|AMP|ASOFU|BABAW|CHL|GS|HFG|JNJDO|L|MSFT|PM|SAND|SILVE|SLABW|TGTDO|TR|TSCO|TSLAY|UCTT|ZSANA
user_20929,1,TSLQ
user_26732,1,EPS
user_33321,1,CASTI
user_21168,1,ZM
user_20742,3,AMZNH|FBTHE|NINE|UNP
user_15918,3,CK|ICE|QQQPR|RYM
user_21887,1,RGEN
user_27239,1,COSTM
user_3118,1,ASTSM
user_13289,1,DISFI|PYPLL
user_27081,1,TTDEV|UPSWE
user_32340,1,ETN
user_21362,3,LCIDW|LEA|MAXR|VISHA|VZRET
user_5468,1,CISO|PPG
user_8985,1,FANG|TOMB
user_21538,1,TSEM|XOMDO
user_34106,2,CEL|F
user_32164,1,CSLLY|TALI
user_8336,2,AMD|BITF
user_1515,1,AMTWH
user_17862,1,INMDF
user_23037,1,PGPAS|PTONP
user_17561,1,DISWH|XPEL
user_26427,2,AMTWH|VZ
user_12382,1,AXP|FLOK
user_250,11,AMTD|AMZNA|BILI|CNTX|CPNG|DOGE|FATE|FBFIN|JNJDO|MSGE|PRNT|QCOMT|SCHV|SKLZF
user_9949,1,BABYT
user_31166,1,KONE
user_22785,1,MRAI
user_17430,1,NOW|SJR
user_5311,1,BLBX
user_28751,1,CHPT|PTON
user_30576,1,MSTF|RIVNS
user_12438,1,PAHC
user_1943,3,AAPL|BX|COINH|SPHB
user_22652,2,VZ|WE
user_11869,1,GES|XOMHT
user_7203,2,LTHMC|PG
user_30431,1,ARI
user_514,1,SPYPL
user_22750,1,FSM|HDPRE
user_4008,1,ATD
user_15176,2,C|COST
user_20410,1,CPB
user_33086,1,GSG
user_32167,2,DLR|GE|RGS|VNOMW
user_18991,1,LYTS|TLTHT
user_1163,1,PCTY|PINS
user_26521,1,FSLRB|LMNDT
user_22190,1,CZR
user_12121,1,GMEDI
user_19149,1,NNDM
user_22693,1,FARA|FSLRH
user_20115,1,PZN
user_21549,2,DISFO|F|JASMY
user_20477,1,CSCOA|VCOCA
user_15534,2,BABYT|GOOG|TSLAA
user_11350,1,CAJ|MGNI
user_7502,2,FANH|NIO|PUBMA
user_22208,1,JNJHI|JWN
user_22234,1,DOCUF|UCYBE
user_25676,1,WMT
user_32543,1,FE
user_14890,1,ANDE|STAA
user_10591,1,ZSREV
user_29209,1,BBI
user_5234,1,QLYS|STX
user_29490,1,CEIX|VRT
user_6431,1,SHIBD
user_24893,2,ATVIP|GDDY|KO
user_32620,1,RENN|TNET
user_12699,2,AMZN|ARKG|XPEVH
user_3473,1,OTLY|SNMP
user_5069,1,MAXN|NAVI
user_20546,1,OAS
user_7610,3,RS|TSLA|VZ
user_15404,2,BSX|COST
user_1178,1,INTCV|ZNGA
user_19381,1,ALGM|VIG
user_33428,1,COSTH
user_5049,1,HIPO
user_30542,1,GEVO
user_14419,1,ITCST
user_8164,1,GOOGT
user_32404,1,DTSLA
user_12518,1,CLOV
user_31751,1,RNGR
user_21749,1,PRU|SSTRE
user_2677,1,BTI|WEAT
user_24106,1,GPNBA|SEBUY
user_33947,27,AAP|ABNBO|ALB|AMDLO|ARKW|CBRE|CELZ|CFB|COIN|CRTD|CSLLY|CSX|CTRA|DKNGC|DOCUH|ENVB|EPAM|HCM|IEP|LW|MAXR|MSFTW|NDSN|NEEFO|NFLXN|NIOA|OKE|ORCL|PFG|PYPLA|QLYS|RL|SIBY|SQ|SYN|TR|TRIT|UNHEX|VBUYS|VGT|WRK
user_24804,1,XM
user_18498,1,PYPLH|WRBYD
user_27478,2,ALGO|BA|MRAM
user_23611,1,DOLE|RHCLO
user_7899,1,TM
user_1714,1,LWLGE
user_21452,1,ADA|TSCO
user_16934,1,LYXE
user_6296,1,DGRO|ZDROP
user_17777,1,OZON
user_4931,1,AVCT|TSLAT
user_8683,1,ABBV|TTD
user_30204,1,ABBVW|TROW
user_18422,1,RIVNC
user_4123,1,AYLA|K
user_12779,1,RVNA
user_3110,1,MDT|SMFR
user_9863,1,ACO
user_20992,1,GOOGP|JO
user_31642,1,AAPLQ
user_7881,1,MPSOL
user_6583,1,GTLBW|MYOV
user_7352,1,ARK
user_7078,1,PRX
user_18841,1,COSTM|TISI
user_17986,1,AMBA|BUD
user_14360,1,RYH|TSLAL
user_6330,1,HYZN|MRNAW
user_20376,1,AAL|NVIV
user_16929,1,SMCI|SPACE
user_2477,1,IEI
user_25668,1,CEIX|HRMY
user_18149,1,ALIF|KOTEC
user_9637,1,OTRA
user_27158,3,MELIF|PG|TSM
user_7329,1,LUVFR|MNDYA
user_18746,1,AFRMI|SNY
user_12866,1,MST
user_26558,1,ATGE|TSRI
user_24270,2,HXSCL|MSFT|UMAYB
user_2912,1,ATOM|UAMY
user_27987,2,AMD|SPYMA|TRT
user_26711,2,BX|GNL|LRCXF
user_9012,1,NIOHA|PYCR
user_10388,1,CMI
user_21524,1,NVS|ZEN
user_9024,1,FBUY
user_8813,2,CLF|COST|NFLXP
user_10458,1,FBWIL
user_14774,2,ARVL|NOC|VXN
user_10769,1,AMDWH|TSLAD
user_10956,3,AMD|META|MVRS
user_24319,1,DID|T
user_14753,1,PDD
user_22505,1,CMG|CPRX
user_14981,1,SKYH
user_20627,2,CRXT|SFOR|ZS
user_18922,1,SPXU
user_30540,6,AVEO|CRWDT|GPC|LFUS|NFLXQ|NWN|STAGR|TRVN|WIRE|WTER
user_25743,4,AMZNU|KONE|META|PDSB|WBER
user_2691,1,INTCM|MDT
user_28959,2,HALWE|NIO
user_31176,1,DISCO|RDFNW
user_15871,1,SKYH
user_27450,1,USFD
user_20593,1,BTTX
user_18803,1,NFLXJ
user_2752,64,AABB|AAPLG|ACNDA|ADSK|AMZNB|AMZNM|AOUT|APLD|ATCO|ATTOT|BARK|BEAM|BESOF|BEWI|BRKB|BTCBR|BXDAN|CCWF|CDNS|CFG|CHHFI|CHRW|CM|COIN|COINM|CRWDE|CSU|DBGI|DFENT|DGX|DID|DUK|EPSIL|EVGO|EXPRE|FBWIL|FCX|FTS|GDS|GEFIS|GES|GMT|GRWG|HRTZ|HUSAL|HYG|JBLU|JNJTO|KEN|KSSWO|LGVN|LIFIN|MAT|METAT|MGM|MNST|MP|MRTN|MSFTT|MVRS|NBIXW|NIOFR|NIOWA|NKEI|OD|PANR|PLD|QQQSH|RBLXH|RDDT|RGLS|RIO|RIVNA|ROKUS|RUSHA|SBUXW|SCHG|SGH|SJT|SOFIH|SYR|THTX|TMHC|TTDEV|ULVR|USBSO|VSUPE|VV|VYMDI|VZHE|WAL|WH|ZMGAN|ZSHED|ZSLET
user_32468,2,AAA|BTCUS|LCIDC|TGTDO
user_29446,2,NFLX|PGY|VNOM
user_23940,1,FET|PLTRC
user_7581,1,CLFAN
user_16695,1,NNI|SCO
user_24028,1,FAANG
user_5196,1,HIBB
user_20980,1,AAPLU|NET
user_24641,2,AMZN|KRTX|MARS
user_2929,6,BABAU|CRTX|DDOGA|DLTR|UAA|VRAWH|WPC|XLM|ZIMAY
user_2142,2,AAPL|UOWN
user_13411,1,AAPLN
user_21812,4,FBROO|FEG|HRMY|MMMAP|NIOA|NURO|SDS
user_7398,2,FB|FFIV|UFI
user_33968,2,SYNC|TSHAR
user_2137,41,AAPLC|AKLIH|ATH|BASE|BIGC|BKR|BLKIN|BON|BTCUS|BULL|CAAS|CCCX|CKPTR|CLF|COO|COSTI|CVX|DISPA|DJIFR|DKNGD|DPLS|DVAX|ETHE|FBCHR|FBK|FDX|GDXJ|GETY|GOOGE|IDEX|KOTEC|KRBN|LAZR|LBC|MATLO|MQ|MST|MSTRH|NET|NINE|NOVO|NVDAA|OMI|PANWB|PDD|PTONP|QCOMJ|QID|QSSOF|SAITO|SPXW|SPYBU|TRU|TSLAE|UPSWE|USAP|USFD|VFIAX|VWED|WMENE|XHBGR|XLNXR|YGG|ZIMAY
user_9497,3,GPS|GRAB|RNR
user_7471,1,CRMGO
user_2726,18,ATVIB|BAYC|BND|BODY|CRWDT|CSU|DAC|DGRO|FANH|HA|HBAN|HDPRE|HOOD|IGSB|KEYS|KIBA|LIDR|NIOHT|NYT|R|SHW|SNOWI|SONVY|STNG|SYF|TEAM|TGL|TSMFI|XOMDI
user_27956,2,KO|MSFTC
user_4319,5,ALEC|MSFTR|NTAP|PLTRA|SNX|UXINC
user_27391,3,APPSA|DDOGA|RFFUL|RWTR|TRADI
user_30702,1,LTSLA|PANR
user_3053,11,CB|CPNG|DDD|FBTWI|FRPHC|FRT|GNTY|LAD|METX|OTRA|PINST|SNV|TWTRR|VZDEC|ZNGA
user_5283,2,FBINC|RUNSH|UFO|UNH
user_9837,1,DXCM
user_34075,1,RDW
user_10436,1,ALLYT|NUOTH
user_33635,1,FXF
user_22952,3,AZO|CAD|FITB|MC|MSFTS
user_22532,1,SKIN|UFING
user_9119,1,COSTD|TQQQ
user_4264,1,RYTM
user_21629,2,IEX|SKX
user_19749,2,BX|MSFTW
user_8504,44,AFRMH|ALGO|ATY|AVGOT|BODY|CAST|CDAY|CHK|CRNC|CVSI|CWEB|DAR|DISDO|EB|EBON|ENPH|ETN|EXAS|FCXBE|FFND|FITB|FOOD|FUV|HOLD|HRMY|HRTZ|ICL|IGU|JNJDI|JNJPA|JPMFE|KO|LIBER|LTHMP|LTUM|LWLGE|MCDMI|MDLZC|MRK|MSFTI|MSI|MSTR|NIC|OLPXI|PENNF|PRQ|PRVA|QSSOF|ROKU|RWLK|SCHDD|SHOPD|SHPH|SLI|SNOW|SPOTD|SYNA|TROW|TTCF|UTK|VFI|VMEO|VNOBL|VRX|WAT|XMR|ZSAN
user_8680,1,ATVIA|ISPO
user_3106,1,FUN
user_20493,2,AMZN|PYPLN
user_31037,21,AABB|ACHC|ACI|AMDWE|APRE|BA|CCS|COMP|COVID|DLRWH|FAMIF|FSTX|GRVI|HUTME|HUYA|JKS|LVMUY|LWLGE|MELIM|NVDAR|NVEI|PHARM|PTOND|QCOMR|RGS|UNP|USDJP|VISIO|WDC|WLL|WMTBE|ZI
user_20898,3,GOCO|JNPR|KRVER|VCOME
user_21678,1,DRVN
user_17109,1,ORA
user_33391,1,FRSH|YOLO
user_24840,1,STX
user_28148,1,CHHFI|SYYSO
user_5451,2,F|OGI
user_29581,1,TOELY
user_11160,10,ANC|CMC|EMBRA|FE|HMBL|MMM|MST|PLAB|SPYPL|STRN|UPRO|ZRX
user_2134,40,AAPLN|ACB|ALK|AMCFU|AMDDE|AMSWA|AMX|AMZNC|ASC|AVXL|AXSM|BABAE|BACMO|BAHUG|CAMT|CARS|CELHE|COSTC|DEMOD|DLRWH|DTSLA|F|FBSPE|FBTOP|FROG|GM|GMEZO|GNRC|IFF|INTCH|IOTA|MDBWA|MERC|MMMBU|MPW|MX|NOCIS|NTLA|NVCT|ONCT|ORLY|OTECH|PHIA|PI|QLYS|QQQDI|ROKUC|SHAK|SLGG|STOR|STRON|SYYSO|UFO|UNG|VCOCA|VREIT
user_30487,1,VWAGY
user_25322,1,CL
user_32884,1,EXC
user_9591,1,BP
user_22220,1,MSGE|TASK
user_2130,1,PH
user_13278,4,F|NVTA|SHEL|XPEV
user_76,2,INTC|TEVA
user_14652,1,FVRRO|NFE
user_912,1,ABTIN
user_25614,4,AMCR|BEKE|BTUSO|PFEFR|VRTXO
user_6534,7,AMCR|LWLGE|MAGT|PAG|PTONB|RRC|SNAPS|TWTRB|UWHAT
user_22957,2,GNS|KO|MOS
user_18004,2,AMDNO|XCUR
user_13127,2,FBWOK|IS|PHAS|SO
user_3303,11,AAPLT|BX|CD|ELON|ERIC|FOCS|GDRX|GMS|IVR|LIGMA|ROSE|SPXC|VRAWH|VTVT
user_27565,1,UOS|VFINT
user_7239,1,KEN
user_19024,11,AAPLB|CRWDE|CSPON|DATS|EDIT|EGLX|ET|FBINC|FSLRB|INDI|LANC|ON|PENN|RNDR|SBOX|STORM|XNO
user_2169,1,BABEA|BCMH
user_16867,1,FFH|NUPAT
user_32074,1,AGNC|HOLD
user_18502,4,AMCGR|ETHCY|FBDAI|IDXX|NKEMO
user_26170,1,SPLV|U
user_5994,1,NOVO|SASR
user_10152,3,CACC|CPRIT|FOXA|ORLY|PGY
user_11191,4,CWT|ENPH|LMNOP|PEBO|PGTEC|WEBR
user_23157,1,PRFT|SHOP
user_2132,1,GWRE
user_27495,2,BRQS|IAS|NFLX
user_4862,1,OMC
user_25581,1,AMDCU
user_7378,2,ABCL|AVID
user_22420,1,ESTC
user_6952,1,BAM
user_29067,1,EV|LSXMA
user_5432,4,COTI|CRSP|DAVE|FNMA|GOOGN|JNJB|SCS
user_7665,2,FBFOC|PLTRT|ZS
user_32616,1,CP|FAZE
user_15808,2,AMC|CDTX|CIFR|NQ
user_4135,1,PUBM
user_33475,4,AMCRI|CMA|INSG|MKLIN|SAVG
user_25767,3,AAPL|GGR|NIO
user_25093,2,THSET|USO
user_25000,1,GMEON
user_20451,1,OR|ORPH
user_5623,2,CRM|FQ
user_24247,1,THETA|WDC
user_28004,1,FBULL|SQALI
user_20908,3,ADA|CGRN|LI|LMFA|VTSAX
user_20917,4,CALM|RIVN|TSLA|UPWK|VZ|XLNXR
user_33591,2,CLFD|DIS
user_30132,1,CRWDW|DFS
user_27065,1,ENJY
user_3126,1,FBWIL|MTCH
user_23491,1,RGBP|TSLAP
user_33943,1,NVVE|SXTAN
user_20447,2,FRGE|TSLA
user_20449,1,GILD|GOGL
user_20445,1,SEA
user_27014,1,TMNA
user_22253,1,STRN|YEXT
user_9975,1,CRWDE
user_16344,1,PRQ|SBFM
user_14075,1,AAPLQ
user_13329,1,COUP|GMEHT
user_12572,1,AFRM|BRKBP
user_27677,1,RVNA|VGROW
user_10726,1,IDEX
user_19109,1,LSXMA
user_20520,1,FSK|VERT
user_3761,8,ALLK|AMTMA|EEM|EXR|FSUGY|GEGI|PRCT|STAGR|TEAM|TTDCL|UNHEX|WM|YOU
user_374,2,CRNCB|NLS
user_9748,1,DOGE|IONQ
user_8782,5,CUBI|CVSI|FYBR|GOOGE|MKL|POWW|SAVA
user_2899,14,AMAZN|BABYD|BBBYH|COUP|FATE|IDXX|LRCXF|MUDRO|NFX|NIOWA|NXRP|PBIO|RAIN|RELI|STLD|TSLAH|TSM|WFCBO|ZS
user_14251,4,GRVI|JPMNO|KSU|SXTAN|TIA|VBUYS
user_4089,31,AAPLQ|AGYS|ALGO|ALPP|ALZN|AMDMY|AQN|ATZ|AVID|AXON|BGFV|BLNK|BODYN|COSTC|CPBCH|DDOG|DKS|ENPHG|FANG|FBBUT|FBREB|FFH|FIS|FRT|GMED|INTU|IRM|JCI|LNR|LUNAH|MAT|MSTRW|MYNZ|NILE|NIM|NIOA|NKEC|OTLY|OZON|PAGS|PSTG|RBLX|RCAT|SNOW|TTDGE|UCYBE|UPSTO|VEA|WRLD|ZIMAY|ZSHED
user_13515,1,FBGAM
user_22182,27,AAPLR|ALK|APPSN|ATVIB|AXU|AZN|CHKP|CNVA|EXEL|EXPI|FANG|FXF|GOOGG|GRNQ|HYRE|JWNBU|LCID|LEVI|LTCHT|NFLXR|NIO|NIOAL|NOVO|NWL|NYT|OPORT|OPRA|PBCT|PHARM|PYPLG|RRR|SBUX|SKIN|SPACE|SWCH|UNFI|URA|VNOM|VREIT|VRTX|WBD|WFG|WGOTH
user_7562,3,ALZN|BBI|F|FTNTO|POOL
user_4452,1,MSFTH
user_11627,1,SBNY
user_23820,2,BABAM|ZS
user_29690,1,HPNN
user_11655,2,KOPN|LLY|NET
user_1015,1,IMX|MS
user_7227,1,MELIC
user_29208,1,FIVEY
user_30371,3,ATXI|DISPA|LCIDT|TNP
user_7157,2,HDPRE|SHOPH
user_16447,1,ORPH
user_3842,1,KR|QCOMC
user_2379,1,SCHD
user_20784,1,AMBA|GES
user_1356,45,AAPLS|AIRS|ALL|ANVS|ASOFU|BBIOW|BE|BIDU|CATLO|CDSG|CGCO|CPI|CRDO|CRWD|CRWDD|CUBE|CVNA|DX|EEM|FBPEO|FFND|FIGS|FTNTO|FXY|GOOGG|JBLUC|JOBYH|KMI|LMTUT|LUNAH|LUVMA|META|MGM|MSM|NAKDI|NUTX|NXGN|NXP|NXTP|NYCB|OD|ORCLA|OSTK|PAG|PENNN|PH|PHIA|PLTRE|PRQ|PSLV|RBLXC|RBLXE|RENN|RYF|SHOPF|SLV|SPPI|THMO|TLSA|TLTNE|TRU|UBSMO|UHTTP|USB|UTHR|VSATO|VTVT|VVERI|WMS|ZION
user_28053,1,TXNCO
user_23851,3,DMYQ|EPAZ|FNF|PSNY|TSLAY|WMG
user_15600,1,GOOGD|VRPX
user_29592,1,BEN|STM
user_23085,8,BEWI|FARA|FIGS|FUVSO|GETY|HRMY|NOW|NVDAI|REGND|ROSE|WFCDE
user_9089,4,BLOCK|HUYA|OPRX|PCG|SJR|TTE
user_2324,2,ENSC|LMT|SNAPF|TEVA
user_11792,2,AMPL|EDMAT|ZS
user_32718,1,NICE
user_17501,5,CODX|ETHE|GMBL|SLABW|TDG|VIR|VYGR|WMTDI
user_32537,1,ALEC
user_9213,35,ADTX|AFRMD|AMDRE|ARRK|BAC|BBIOW|CCS|CELHB|CORN|CRON|CTAS|DAR|DFS|DISFI|DLRWH|DORM|EW|EXAS|F|FCAU|FRSH|IJH|LFUS|LLYSH|MGNI|NCNO|NEGGI|OLO|PBIO|PINS|PLD|PLTRT|PMFEB|PSFE|PSLV|RAYVR|RDS|SAVE|SGMA|SIGA|SIRI|SPRT|THO|TREE|TRIN|TTDMA|UOWN|USO|VISL|VUG|WELT|WNS
user_5609,1,COO
user_3792,4,GOOG|HDAPR|SPHB|VZHEA|WDAY
user_21726,2,AMG|DISCK|I|LMND
user_30135,2,ALGM|CCJ|LEN
user_2191,3,BNSO|CORZ|GMR|XAU|XPEV
user_18018,5,CTVA|DPZ|JKS|PENNN|QNRX|TCOM
user_4184,4,CTSH|HCP|NFLXO|NVEI|SCTY|SIOX
user_19246,6,BKX|ETHSE|MUNIK|MX|PRE|RIVNS|RVIN|STBA
user_23184,2,ENPH|INSG
user_28296,1,BAM|FBUSE
user_1268,1,GWRE|UHOPE
user_6691,2,CRM|GRMN|JBLU
user_3629,3,FBLIK|MNST|NVCR
user_1767,5,GOOG|MYNAN|RMO|RPRX|TSCO|WYNN
user_15239,1,WORK
user_22848,1,TEAM
user_20,1,NAVI|POLA
user_32779,3,AZERO|EQIX|HSDT|HUBS|VISM
user_19930,1,ATLAS|URGN
user_23100,2,QQQDI|TSMAU
user_4090,1,HXL|SQ
user_15526,3,A|BX|LFUS|MOB
user_24725,1,SKW|TCHEY
user_9234,2,AAP|NIOFR
user_22179,1,CECE|FBGAM
user_13720,1,PSTH
user_3593,29,AAPLB|ALC|AMDLE|AMTMA|APRE|ASML|AVY|BAALL|BB|CACC|CEG|CHWYN|DATS|DMTK|EBAY|EGLXI|FNKO|FXYHO|HYMC|IFNNF|IMCR|IYT|KHC|LVMHS|MATIC|MSTRG|MVRD|NICE|NRG|PLDHT|SCO|SEMER|SGAM|SHIB|SPLV|UNA|UUP|VEA|VET|VUZIE|VXRT|XOP|XPE|ZSWHA
user_4691,4,CREE|MMMAN|SMICY|SWBI|UNHEX
user_13362,2,NOC|UPSVI
user_2075,3,AKZOY|DIS|SNAPX|TSM
user_6898,4,AAPLB|ISRG|LAZR|MSFTR|NTR|SON
user_5677,1,CHWYN
user_27013,1,DAG|FBINS
user_13689,1,ATY
user_23189,7,AMDWE|ASML|CSVTI|DE|GNENF|LIBER|NNOX|OWILL|SONO|SPYBO|TDOC|TNX|TXNRA
user_10966,2,AMZN|IDT|ONOV
user_21560,8,BAS|BRKBP|BZ|COST|GEWED|LCIDW|RGEN|URNM|VEEV
user_13165,1,AAA|NOV
user_4176,4,CVNAF|FXAIX|HTTZ|NOWTH|TTDCL|ZII|ZNGA
user_3592,1,MNMD|PTONJ
user_10998,8,BAESY|BEN|ETSYT|JUNGL|MATLO|MKTX|NEM|NKEB|NWBO|UDR|UFPI|VWAGY|WFC
user_28455,2,CRWDH|EMBRA|GVSI
user_9876,2,HEINY|OTECH|VZJUN|ZTO
user_21536,1,ASTRB|KFY
user_15569,1,JNJTO|UFPI
user_31999,2,DM|HPE|PLNHF
user_19694,1,SAVAA
user_25412,9,AAPL|AVID|CLOV|FBUSE|GMLI|GOOGN|KAVL|MQTHI|SGH|SGMS|SO|V|VRTI|WJEFF
user_19316,1,LUVFR|TSLAJ
user_17981,2,COST|LIFIN
user_27749,3,AMDCE|DJI|DNUT|ESTC|FUTUE|UHAL
user_21721,1,RSSS|XOMNO
user_28033,1,AXIES|MET
user_3617,1,FHN
user_17974,2,BRKS|COLD|OSK|TXT
user_31816,1,GOVX|NVEI
user_32425,3,ISRG|NFLXI|SGFY
user_3065,1,BTCUS
user_5210,6,BTBT|CRM|FBGET|MEDP|NKEMO|SHIP|SHUEY|YELP|ZSREV
user_17231,2,CMCSA|MSFT|PPSI
user_22199,1,CB|NVDAN
user_23778,5,ADAP|AUST|CSU|LVMHS|MMM|NUE|SHOPR|SPT
user_2940,1,NVEI
user_8259,1,ESTC
user_32587,1,IT|SE
user_14467,4,BLOK|BSW|F|FXI
user_33595,2,AMZN|TMNA
user_20541,1,AAPLL|CCI
user_2822,6,ARKW|ENPHM|FFND|GHC|LUCD|PHR|SOLO|UCYBE
user_11711,8,ATUS|BITO|BSW|CPRIT|GNENF|MGM|MST|NFLXD|QQQVI|SPRT|UNHDO
user_15210,1,TCON
user_7254,3,NIOCL|OMC|TSLA
user_15469,2,CVANA|NIOWA
user_8390,1,NVDAM|QQW
user_5241,1,WORK
user_30518,14,ABBV|ARWR|ATI|BAX|BRSH|CRWDE|DKNGZ|DOCS|EBA|EQNR|FBREM|FBULL|FLGT|GGPI|KWEB|NIKOL|NKEMO|OPEN|SBUXW|SM|XIL|YETIT|ZC
user_18901,1,ATCO
user_2818,12,AMAT|AMBA|CELZ|CVXUT|FBTWI|FOSL|HMC|HRI|MEX|NOBL|RHHBY|SMFR|SOS|SYF|TLNT|TSLAJ|VISHA|VW
user_33566,8,CATSE|CEI|EQB|FBHER|FBINS|FDN|KLAHT|NBIXW|PDDWH|POLC|TSLS|USO
user_26171,2,GOOG|TSMAU
user_4409,21,ADAPL|AMZNA|ANF|APPSA|APPSH|ARKKS|BABEA|FBMEA|FBTOT|FNKO|FVRR|ISPC|JO|KTTA|LEN|MIMO|PATHD|RVSN|SAITO|SNPS|SOX|SPOTF|TM|TSAT|TSLAB|URNM|VIG|VWEDN|VWHAT|WMENE
user_7077,3,ABBVU|BAT|ENB|JNJB|JWN|RA
user_27864,1,YETI
user_33279,3,ARE|DIS|ROP
user_2138,3,ARCH|DWAC|NIOST|QQQOV
user_21585,68,AA|ADTX|AEMD|AG|AMC|AMDDO|AMZNG|ASOL|ATTOT|ATYI|AXTA|BCTX|BKU|BOUV|BXDAN|BXP|C|CB|CCI|CEL|CHWYN|CIVX|CLAR|CNI|COP|CRMI|CRWDG|CSCOA|DE|DISFO|DLR|DXT|EJH|ENSC|EQNR|ETHHT|ETHIN|EVBG|EXLS|FBH|FNMA|FTHES|GHC|GOCO|HDCHI|HEC|HIPO|IEP|IIPR|INTCV|JBLU|JNJDO|JWA|KDP|KOMCD|KSPN|LTNC|METAT|MGNI|MSFTT|MZN|NCTY|NSANY|NTES|NVDAA|NXGN|OLO|ORLY|PDSB|PKG|PLTRT|PPSI|QNT|QQQFO|QQQNA|QYLD|REM|RMO|SAITO|SHPH|SIX|SNAPX|SP|SPOTF|SPYLO|SQB|SSNLF|STILT|STM|STRR|TASK|TIA|TOST|TRT|TWTRT|TXTM|UXIN|VOOTH|VRTXO|VTR|WEJO|XCUR|XPEL|ZSDAT
user_23211,3,IR|LNTH|MFST|PANW
user_2530,3,AQN|CAMT|NOVA
user_22626,1,ATOM|FICO
user_27048,12,ALBT|AXU|BLI|COTI|DDOGC|DVA|GPC|HDHEA|HTTZ|KRALL|LNTH|MGNI|MPWR|NLS|TTCF
user_6497,1,FBCOM|TFC
user_14642,2,CDLR|FBHTT|MGNIO|UA
user_13839,2,FL|KNEBV|OPCH
user_25521,1,AXSM
user_16859,1,CYN|XLFSP
user_11157,1,COSTQ|LSXMA
user_7448,4,ALIF|AMDEI|HUTME|MSGE|NIO|TSLAC
user_29530,1,CMRX|MGNIO
user_22855,10,AMPL|AOUT|AUST|BKE|CHX|FBTOT|MRVS|NIOGR|PYPL|SLB|SRTS|STEP|TRIN|TSHAR|XLY|YETI
user_15489,1,KISHU
user_33978,1,GALA|GMVD
user_10201,1,PINST
user_21634,4,AAA|BYDDF|DCI|INO|LIB
user_22918,4,BTI|LMNDD|MCDEU|NFLXC|UXIN
user_14152,11,ANGO|CB|CMPS|DSIGR|EFX|ENR|ILPT|IVC|LPTX|MQTHI|MX|PFEFR|PSX|QQQFO|SKIN|TRUP|WISHW
user_15118,1,TESLA
user_12115,1,NOL
user_14852,1,BMO
user_17832,2,HSBC|MAXN|VTI
user_9731,2,EC|LSK|PIN
user_12268,2,CVNAF|GOOG
user_22463,6,AZO|BRYYF|CELHH|HRB|NETI|ROST|SGMA|TRUP|UNA|WEAT
user_10180,2,DAG|GDYN|XOMHE
user_9607,1,CHRW|QQQHU
user_31245,1,WAL
user_30227,1,FRPHC|MSFTP
user_13338,2,BATS|CNS|MSFT
user_24567,2,AAPL|INMDF|TEL
user_29895,9,AFRMI|AMZNO|AVT|COSTE|DSIGR|IKEA|ITCI|LIB|NAKAC|NFLXQ|PPC|PYPLG|RMD|RYT|SCHW
user_23397,1,PSX
user_23806,3,AAPLS|EOG|EXAS|FIVN|HONRE|PRTS
user_21579,1,APX
user_33889,1,DDOGA
user_19373,7,CRIS|ENTG|MDVL|MRVLP|POSH|PXD|SWK|VYGVF|VZHTT|WMTDI
user_9139,1,AMZNH|RGS
user_26398,1,CWH
user_20869,1,DTSLA|VICI
user_16754,1,BTBT|LAD
user_27303,1,MQTHI
user_3873,2,MMAT|VZ
user_18110,1,BCEL|NFLXN
user_10148,1,FB
user_2852,3,AARK|DUOL|EUFN|VWEDN|XLV
user_18537,4,BSX|IOTA|MBWM|PAHC|RDFN|SPYTH|TBPH
user_32892,1,FSUGY|LOW
user_2798,50,AAPLE|ABBV|ADYEY|AGG|AIV|AMDAP|AMDLE|AMR|AMZNM|BABAW|BKH|BN|BOC|BXDAN|CMGMC|CNVA|CORZ|CRMDE|DAR|DEO|DISIF|DOCS|DOOG|EOG|EXLS|FAF|FHTX|FI|FSLRB|FSV|FTHES|FWONK|GEF|GILD|HDTOP|HMC|HTZZ|HUSAL|IFF|INTL|IP|IQ|JBHT|KMB|LC|LIDR|LLL|LMFA|LYV|MJ|MODIV|MQ|MRNAW|NIOCL|NKEBE|NXRP|PENNF|PRM|RIDE|SAMFR|SAVE|SBLK|SHPH|SIGA|SMOG|SON|TLNT|TNP|TWTRB|UMANY|VNOMW|VTVT|WBA|WBD
user_22244,4,ABBVF|LUCID|NCTY|POLC|SOPA|TGTSE|TM|ZSEV
user_19697,1,LOVEL
user_33350,14,AAP|ALGN|ALIF|AMATW|ANKR|AVAX|BAHUG|COSTW|DOV|JAZZ|KSSWO|MKL|NETCY|NKEMO|PARAH|PGTEC|TEVA|TLNT|TRUP|VVIX|WH|WLL|WNW
user_27153,2,TLTHT|VRT
user_24532,3,MYNZ|STLD|TSMFI
user_19372,1,PIN|PTE
user_7129,4,EMN|FIS|MKL|QQQM|S|XAU
user_11890,1,INM|TM
user_17073,9,AMBAC|ANVS|ATTOT|BABYT|DKNGC|FBHER|HDPRE|JKHY|LWLGE|MIOTA|PEP|SODER|WSC|XPEV|YNDX
user_29524,1,STRON
user_12754,1,RUX|ZIONT
user_29513,2,BABAB|SNAPF|TERHT
user_6405,2,FLWS|IWMKE|SYN|TREE
user_8519,1,TSLH|TTOO
user_32618,2,CMG|EB|EXPE|TH
user_31394,3,AMDVI|FTNTO|IOT|LECX|TRUP
user_14826,29,AAPLK|ALLY|AMDFU|AMDPO|AMZNQ|APAM|APPSN|ATGE|ATKR|AYLA|BABYT|BOUV|CLBT|COF|CPRX|DLRWH|EE|EPS|FBTHI|FISV|FXYHO|INTCI|ISIG|KLIC|LMNDW|METX|MGA|MSI|MVIS|NXRP|PHAS|PYPLH|QCOMR|RDFN|RVLV|STORB|UHOPE|UNG|UPSVI|WMTBE|XEL|XLK
user_12574,3,BAK|COINH|RAYVR|SPX
user_32498,1,VISM
user_32495,1,UBSMO|ZTS
user_14955,3,FBI|LIGMA|LOOKS|LTHM|MULN|NCR
user_11529,1,TMHC
user_8404,4,ABBVU|AMDDO|BTQ|GTO|SIBY|SPT
user_9752,14,ABR|ACWI|BABAU|BKH|BRK|CHGGT|CHWYN|DCRC|EA|FBIN|HCCI|HES|IMBI|LITM|METAN|NETA|NVDAE|SFIX|TTDCL|TWTRR|VISL|WMENE
user_27550,2,BODYN|VZ
user_14293,1,ABBV|ILPT
user_32981,1,AGL|RVNA
user_1540,1,LAD
user_6184,8,BAC|COO|DOCU|FDX|P|RICK|ROG|SJW|TIMEA|TLRY|TXN|UHTTP
user_17192,1,LVMUY|VGK
user_14984,1,CTIC
user_15135,25,ABMD|AFL|AMTMA|AUPH|AURA|BABAD|BON|CEBOU|COUP|CRNCB|ETHAL|GINUX|HRL|IIPRR|IOT|JPMFE|LMNDT|MUTOD|NFLXJ|NIKOL|NIOHA|NIOPI|NKEWA|PTOND|PTONP|QNTJU|RDDT|RF|ROL|SON|TCEHY|TLO|TNR|USAP|VALE|WBD|XPEV|ZOO
user_9655,2,AAPL|AERC|AMDSH
user_32308,12,ABBVU|AG|BAOS|CAMT|COTI|FBYOU|GMEZO|GRVI|KTB|LVMUY|MRI|NETIT|NU|PACW|PRU|PSFE|QQQPR|ROKUU|TSLAA|WNW|XON|YETIF
user_12781,1,CRMDE
user_23909,1,GNRC|TRIT
user_18185,1,IGEX|SPRT
user_7233,2,ALNY|HNTAM|IBEX
user_17616,24,AFI|AMDFU|APPLE|AWRDI|BAM|CDNS|CSVTI|DECON|DY|FBSEQ|FBUY|GOOGE|JNJ|KLAHT|LITM|MU|MYNZ|NOVA|NTCT|PAAS|POSH|PRNT|RNR|SATL|SFOR|SOFIS|SQHTT|STORD|TCEHY|TTE|TXT|VALN|VLE|VXXJU|ZIDAT
user_28110,1,LSCC|TWST
user_17553,2,GWW|NVDAE|TCOM|TNXP
user_19969,2,BLOCK|ZEN|ZS
user_8966,1,FSLRA|NTAP
user_30201,12,ABMD|ASTS|BCYP|COSTA|EMBRA|INTCR|ME|MTB|NEEWH|NFLX|NVDAG|OPORT|SAND|SCHDB|SQBEA|VIXLE|ZG
user_9726,2,AFRMA|AVLR|META
user_7492,5,CREE|FSLY|IEI|KOOTH|LMTJU|TSAT|VYGR
user_8906,6,BETZ|BIL|FBHTT|FBNOT|GBTC|IIPRR|INDO|WEN
user_30953,1,ALL|KIM
user_2035,1,LSK
user_7771,2,HAL|TSM
user_11299,2,HEC|JACK|LLY|T
user_22615,1,BETZ|FBBEA
user_26540,10,ADM|AJG|AMDDE|ASML|ATYCA|CINF|CNS|CRO|CYTK|DOGE|GTBIF|HALWE|KIND|MOV|QQQAN|TX
user_22794,2,BA|SUNW
user_17939,1,OGI
user_12039,2,APPN|BAI|CHGG|URBN
user_11004,1,AAPLA
user_13814,1,FBBY|TSMHT
user_26232,1,ESCA|FNMA
user_23817,1,HOLES
user_22935,1,AVGOT
user_458,2,CPNGC|NOVN
user_18756,1,LYFT
user_14444,3,CPBCH|CTV|GENI|GMED|SHPH
user_25913,5,ADM|CDSG|GOOGN|HITI|IFF|MU|PAGS|SPG|ZME
user_3272,5,ALICE|BULL|IP|LSK|NIOA|PT|SPOTW|VRA
user_2830,1,HAFC|VREIT
user_21866,3,FBGUI|FBLET|MOS|TRU|WISH
user_19345,4,AMZN|ATCO|CTRU|ELSE|MTN
user_10136,1,AZZ
user_25751,2,META|XLP
user_8173,2,BRKNE|FOOD|GRWG|WMTBE
user_13949,2,BXP|XPEV
user_4617,1,KRL|WFCDE
user_30957,1,ALEC|TWTRR
user_6646,1,XOMWE
user_4681,9,AMC|BZ|COUR|DINO|FTS|GNUS|IQ|KNBE|KOPN|NKEC|NSRGY|RELI|SGFY|SQSNA|TNDM|TSLAM|YGG
user_17000,1,ATKR|CCXI
user_7131,1,ALL
user_20829,1,TGTSE|VUZIE
user_4597,1,SBNY|VVV
user_22966,4,ATXG|BAND|CUBE|DID|KO
user_13486,1,DY|HDC
user_16074,1,GOOS
user_17321,1,FBINN|NNOXI
user_11840,1,RVIN|SHOPS
user_2320,8,AAPLN|BAMSO|GMS|HCC|HRZN|IAC|IBB|INTCM|ITCI|POWI|PTRA|RFFUL|UCTT|WBA|ZII
user_4889,1,BETZ|KLEE
user_20153,2,BABAC|TSM
user_32406,3,CLFAN|CWT|GOOD|PGJ
user_23230,2,BRK|PG|SHIP
user_18903,1,AVGOT|HEI
user_4905,2,CRWDG|ENPH|RWTR
user_19773,1,RRGB
user_3463,1,TTOO
user_5229,5,AMD|AUPH|DIS|KRSOL|TSLA|TSLAL|ZMGAN
user_31956,2,RAIN|SARK|SPOTT
user_6118,1,IT
user_2378,4,APVO|ATCO|BCEL|NVDAN|PKI|VORBH
user_19331,19,AGR|ALK|ANKR|ANVS|ASANF|BMY|CFG|CRWDW|CWST|DGII|DKNGH|ETWO|FBBY|FSLRA|HCA|JWN|NU|NVO|ONDS|PLTR|SM|SPACE|SQALI|TCHEY|TD|TGTTE|TPB|XHBGR|ZSCHA
user_20092,3,AMCFU|BRKBP|CRM|MMMWH
user_24037,2,ADM|BA
user_19264,1,ULONG
user_5279,2,AMZN|PD|VZHEA
user_20335,1,BXP
user_34028,1,MRAI|WRBYD
user_9964,2,BGS|CELHE|VEA
user_2578,2,ICE|NIO|VGT
user_20234,1,DE
user_32256,2,BAI|BBIOW|XPEV
user_4825,1,AAPLC
user_31120,2,COST|DAC|ORGN
user_13184,8,AAPS|ABBVD|AMTD|AVPT|DISCH|JPMVA|LTCHT|NOC|VO|VRSN
user_32408,6,AMZNP|CCI|IR|PENNW|RWLK|UOWN
user_16396,3,AMGN|ANET|FLUX|FTNTT
user_21692,1,CTVAD|ONTO
user_4366,1,MTC|RVSN
user_7114,4,ABBVM|AMCGR|ARVL|CHD|ENPH
user_29400,5,ABM|FIS|FTCHW|NFLXH|PBRSO|REGN|RERE|RIO|TSMPE
user_32333,1,ANCTF
user_31049,1,ROKUC
user_27880,1,ANGO|QSSOF
user_6787,1,ATUS
user_1445,1,BAHUG|STRN
user_24908,1,ADC|LEN
user_14389,8,AIR|AMAZN|BCYP|BETZ|CHKPB|COP|CRTX|INAZ|NSC|NXH|VEU
user_8389,4,CMRX|CSU|ETHAD|FBZOO|FXF|GEF|GO
user_15906,2,CVET|LSI|NIO
user_21717,3,HYPRO|LMTJU|LUVFR|POW
user_16518,1,HALWE
user_32123,1,CSPON|MRIN
user_29877,1,PRTS
user_9508,2,TBPH|TSM
user_28526,2,BN|FRBK
user_20213,7,BNTX|CVNA|FICO|MELIF|TPH|TU|USD|VGT|VNQ
user_4773,1,CPNG
user_11236,1,RBAC|SOXL
user_12437,1,FTESL|PBF
user_11912,1,CENN
user_23292,2,FBK|MGNII|TSLAR
user_1137,2,NOCWE|QLYS|VFI
user_10402,2,AFRMB|ETD|TPL|TXG
user_15039,1,PYPLG
user_12709,1,SMR
user_26731,1,DAVE
user_34045,2,INTC|MTD|SFIX
user_32407,1,AMRS|OLO
user_22197,2,FLUXI|GOOG
user_24729,1,VRSN
user_4136,9,APA|APE|BYM|CMI|EXC|FAANG|FROG|KRTX|LBRDA|OPCH|PYPLH|VNOM|VRAWH|ZWATC
user_12951,3,BLNK|GGG|IEF|KDP|SVM
user_23646,1,TVISA
user_12800,1,SRTS|TSMPE
user_6635,3,AMPG|AXS|INTC|RAIL|RIDE
user_7885,1,DOCNG
user_21651,2,HOODT|QCOMH|UBSMO|UPSTA
user_23853,1,BCYP
user_3674,1,FIVE|ROKUS
user_22989,3,ASH|CVXI|GWW|TSME
user_30203,4,COINW|EB|EWZ|FSR|INCY|SHIBD
user_22868,10,AAPL|AGYS|AZO|BRSH|CPRI|CRVS|CSCOI|DEO|HTHT|KMB|KOSS|MKC|OTLY|RMBS|SFT|SMLR|SNOWE|STSS|YELP
user_9974,6,AG|AMDME|BABAB|BEETS|CDMO|SEDGD|SNOWI|SWCH
user_22796,3,LTSLA|MPWR|VZJUN|ZS
user_23577,4,AAPS|AVGOT|CINF|CMI|WOLF
user_23585,3,COST|GRMN|PTONY
user_17628,3,EXOD|NOVN|QQQAN
user_14940,1,GOCO
user_17124,2,META|TOELY
user_3886,3,CNQ|ERIC|JWNBU|SKLZ
user_257,10,AMCR|AVLR|FWONK|HCDI|HMBLI|KDA|LOW|MQ|PARAH|QCOMH|SPY|TIP|TPR|TTDFI
user_8453,1,ARRY
user_6673,1,NIOAL|TWTRH
user_34129,23,AMDLE|AMDMY|APPLE|AVTR|DJIA|EBAY|ES|FRGE|HAS|HRMY|IMT|JACK|JPMNO|KIND|MAN|MMMAP|MMMWH|NCR|NFLXA|NVMI|ONCHA|OWHIC|PT|RDFNW|ROIUC|RPRX|SAIL|SBSW|SE|SPIRI|TTWO|VIX|WISH|ZPAY
user_18300,1,ASLN|UHOPE
user_29683,2,NOC|OR
user_5759,1,AYLA|FBPEO
user_9693,1,NIOCL|SBOX
user_9999,7,AMZNW|CHX|CLFD|NKEC|QRVO|RBLXE|SNDL|STOR
user_7127,1,APPSN|WHEN
user_5770,2,EVVTY|GMAPR|PLAB
user_9455,1,XOMHE
user_9384,51,AAPLL|ADC|AUTO|AVT|AZPN|BABAM|BESOF|BGS|BITOI|BKX|CELH|CMCSA|DISDR|DMTK|DOGEZ|ESTC|EURUS|EWZ|FBINS|FBREB|FBREM|FSLRH|GEO|GGG|GMEZO|HBAR|HDCHI|HOODM|IEP|JPY|KDP|KKR|KONOV|KSPI|KXA|LMND|LNTH|LUNC|LVMHS|LYTS|MATIC|MIME|MQ|NASA|NXGN|OCUL|ON|PGNY|POOL|PTONJ|PTONR|PYPLR|ROKUD|SAFE|SCHL|SFT|SIGA|SPA|SPYPL|SQDAT|TNP|USD|VTNR|VZMAR|WAT|WEAT|WRBYD|XLM|XOMBU
user_2426,1,VTV
user_8584,2,ARKF|ARRY|UDIGI
user_5762,2,NDX|ZS
user_4875,3,LANC|RA|UNHHO
user_3965,34,AFRMH|AKLIH|AMDEA|AMDHA|AUR|BEAM|BLNKW|BODY|COM|DOCNS|DPRO|ENPHC|EPSIL|FBDAI|FFIE|FXF|GINUX|GMVD|GRTX|HTHT|JWNBU|KBR|KSSWO|LFG|LUMN|LVMHS|LYV|M|MMMAP|NDQ|NEGG|NFLXA|NIKLA|NIOS|NVVE|ORETA|OZON|QCOMW|QWT|RHHBY|SEMR|SNOWC|STRN|TLO|TSLAJ|UBERT|UCHIN|VW|XPDI
user_5775,1,LVSTH
user_12210,1,ONEM|ZEN
user_13856,1,RACE|XNO
user_17569,6,ARES|BATT|CECE|ONDS|SBUXI|SM|UAMY|UPSTM
user_2997,1,YOU
user_7981,2,EIDO|SYS|ZS
user_3113,1,TSMC
user_9381,7,ARE|IBEX|NETL|NFLXN|NIO|OHI|PEP|POLC|SMIC|SMICY|WJEFF
user_4048,2,BAX|CDAY|LAD|SIOTH
user_18169,1,DID|TSLA
user_324,1,BRCC|SCHB
user_30734,2,TRT|WISH
user_19454,1,PYPLA|TPB
user_5872,1,HLT|TLO
user_3864,6,AMZNN|BG|BIGC|CXDC|DEMOD|EGLD|FET|ORPH|SQSNA|VFOCU|XAU|ZSDAT
user_27855,1,MSFTA
user_11716,1,AMZNP
user_20569,1,AMDAD|DAC
user_30263,12,AAPLD|BK|BLCT|BYM|CATSE|CRMOR|ETSYC|FTS|GNTY|HFG|HLBZ|IEX|NTNX|OHICO|TEVA|UNHIF|VSAT
user_23543,1,RYOSH
user_18911,1,HCSG|XOMRE
user_14453,2,SHIBD|VCOME|VZREI
user_33906,1,MGNI|SVM
user_3034,3,F|MCDCO|MGNIL|RA|XPE
user_14503,2,MTN|TASK|TSM
user_13540,1,PCG
user_2524,5,APPL|BPRM|CRM|FBEVE|RSX|ULVR
user_15882,1,PEPTE
user_21859,1,NEEWH
user_3577,2,GOOG|NEP
user_9978,1,TM
user_29900,4,CPRIT|DLRMO|FDS|FMC|FYBR|MCDRE|MX
user_7709,3,APOG|HALO|MAT|NETIT|VWHIC
user_4975,1,HOLE|VXXJU
user_15150,1,DISFI|STT
user_289,2,ACBBO|FBMEA|SNOW|TOR
user_23580,1,APAM|SSNAP
user_23051,3,CRM|DBGI|SNA|TRADI
user_5703,2,CRO|HRI|NOC
user_7320,2,AMN|CRNC|QQQHT
user_29221,1,HGV|VMC
user_2891,36,AEMD|AMDAP|AMN|AMZNR|APAM|ATAI|BBAI|BILI|CDON|CEG|CLPT|DKNGD|EGP|EQB|EXLS|FUL|GRBK|GRVI|H|HALWE|HEI|HYMC|IGU|JJC|LYV|MC|MKL|MYNZ|NUE|ONB|ORA|OWHIC|PAAS|PGPAS|PLAN|PPSI|PYPLA|RBLXA|SAVG|SHIB|SITE|SLABW|TDOCI|TTWO|UDMY|UPS|VDADX|WDC|XLC|XLM|YETIT
user_1608,1,SQHTT
user_5781,7,AAPLF|AMDMY|AXSM|BABEA|CMCS|COST|CPNG|DATS|RELI|ROG|STORD
user_9727,6,CASY|CHTR|CLFAN|DRNG|GOVX|GPNBA|IRNT|NU|OIL|ONDS
user_10438,2,META|UHOPE
user_25893,12,BCTX|CDMO|CTAS|DEMOD|LMNDW|LW|MZN|PBT|SHOPD|SHV|STILT|SWKS|TSLAL|UAMY|UMANY|VXXJU|XPEV
user_6290,1,VB
user_21588,1,JNPR|ZMBEA
user_9633,5,AMSWA|DATS|DGROT|IVC|LMND|PGPAS
user_5769,3,APAM|ENPH|FXI|ZI
user_6855,12,APDN|AUR|BAON|BBRY|BIL|CATFR|CPRX|CSGP|DEO|EXLS|GFS|KLAC|LMFA|LTCHT|MGM|NNOXI|UNG
user_5785,4,BACBU|CPNG|MNDY|NSANY|PARAH|PLTRA|ULET
user_22245,2,CRM|NUOTH
user_27264,1,MAFAC
user_23573,6,DAVE|EB|EXEL|GMLI|GOOGM|JAZZ|QQQSH|SCS|XOMWE
user_11171,1,FOX|TOELY
user_27038,2,AMDMY|CYBR|TSLAL
user_11700,1,FBINN|LCIDW
user_23591,26,AAPLA|ALK|AMT|AVCT|AVGOT|AXPHT|COINW|CPB|CSCOI|CUBI|CURI|CYRN|DDOGA|DKNGD|DOCUF|ENS|ETHSE|GMSOL|GWRE|HDCHI|IEA|IRBT|JNJTO|MARS|MCDMI|MSI|NAKD|NIOAS|PLTRC|QQQAN|SEDGD|SLV|SNAPF|SNOA|TTDCH|TWNK|UPSWE|VISM|VVERI
user_4906,2,PYPL|RYH
user_9286,1,MTCH|TZOOT
user_261,1,SHOPS
user_20686,1,SI|WMT
user_4017,3,DGRO|ITW|RIVNA|TRIT
user_5349,1,PARA
user_26253,1,SINCH|TGTNO
user_9810,2,BA|BSX|FBROO
user_22285,4,ATVIP|ATXG|CHL|CSCO|RENN|SAIC|VRSN|XON
user_5161,3,BKKT|CMGMC|MVRS|PYPL
user_32116,2,LOOKS|UWHAT|VZJUN|WEN
user_11132,4,BPOP|IONQ|LMNDW|MRK|PDDI|RRC|SPHB
user_13803,13,AAL|ADAPL|BMRN|DM|DMYQ|DOCS|FXYHO|GDRX|HAIN|IBKR|LINK|NIKOL|ORK|QSR|SOUN|SPLV|SPYTH|TASK|TJX
user_27650,3,LLL|LSPD|MSFT|NFLXD
user_14784,2,AURA|AURY|TSLA
user_22901,20,AAPDS|AMCRE|ARHS|BBBYH|BIIB|BTCUS|DGX|DQ|DRUG|EGHT|EOG|ETHAD|FSV|JWN|LIFIN|LUVMA|MNDYM|NKEFE|PEPHT|PTONR|SOFIN|TIME|TSLAK|UMANY|ZIDEF
user_2420,2,AAPLK|KOAUG|QQQOV|SEA
user_3996,7,ACLS|AXNX|BIDU|CLPT|DAC|HIPO|MRVI|PFF|Y
user_33690,1,ARKW|RVNA
user_19086,1,TDOC|VVV
user_23276,3,AAPS|BLKIN|NUTX|RTXMO|TSLA
user_23583,6,AHT|ANGO|DDOGC|LUNC|NVDAS|PTONY|XM|ZSLET
user_23582,4,AAPLG|ARKQ|ENPH|NURO|TARO|UMC
user_10537,1,OWUV
user_17386,34,AAPLW|AAPU|ACNDA|ADV|AIG|APPSI|ATXG|BND|BNDX|BTTX|CAST|CCJ|CDON|CGC|DBGI|DE|DISDR|DLO|ETHDI|FBSEQ|FIVEY|FTESL|GGPI|HCC|HTZZP|IWMBU|JNK|KHS|LYB|MAGT|MATIC|MCHP|MIOTA|MOWHA|MRVS|MUTOD|NFLXS|NIU|NOCWE|NTR|NUCON|NXST|PSTH|RIOTW|SASR|SKW|SPYYO|TMDX|TPB|TTDCL|TWTR|TZOO|U|ZIM
user_33864,1,EC
user_8993,2,QQQHT|VZ|XFRI
user_14513,5,ANF|BYDDF|CCL|LHX|NUE|SLV|TSLA|XLFSP
user_1182,1,PGR|YY
user_15466,1,VAND
user_2958,1,SHV
user_12351,2,AMDWE|NIO
user_1659,3,FBHTT|GOOG|ZS
user_16591,2,CL|DGROT|IMPXH
user_3221,1,AMSWA
user_12545,12,BAESY|BYND|GBX|IMT|KC|NEEWH|NETI|NIOST|POLC|SIX|SPCET|SQM|TTDGO|UCYBE|VXX|WISHL|XHBGR|ZC
user_4755,3,FRC|GOOGS|OD|RIOT|VYMDI
user_15621,1,EQT|GSG
user_27361,2,ENPHW|SBUXA
user_12159,3,ATYHO|DGWHA|SMLR|UUUU
user_4453,1,KNEBV
user_29322,6,BSW|BTBT|CDSG|GMED|MMM|NTCT|RSX|SNOWE|TLSAQ|V|XFRI
user_34267,2,GOOG|TSLAK
user_2509,1,NFLXT|WES
user_17343,1,CZR|EVCOI
user_30604,1,PERI
user_25246,1,AR|CPNG
user_16015,2,AABB|LCTHU
user_14707,2,CRM|FSLRH
user_22997,3,OPRA|PII|ZS
user_5800,2,DIA|HDHEA|MCD|NXM
user_9182,2,METAE|SHOP|VZ
user_34174,2,BAESY|NKEFE|TXNWH
user_27535,1,NET|UPSTE
user_26571,1,AMZNQ|HTZZ
user_14154,1,EAR|TNDM
user_20754,2,AMZN|AUDI|TSCO
user_12051,1,KAVL|QQQSO
user_28247,2,JNJTO|RCAT
user_27381,1,COSTD|ETHCY
user_4812,3,DY|QYLD|ZIDEF
user_24885,1,CELHH|NLY
user_7695,7,AGRI|DINO|ESCA|K|PM|SM|TSLAL|UNG|VSATO
user_19523,1,HQY|MSFTC
user_22677,1,RBLXA
user_24922,2,AMCLE|MOV|TRRXF
user_26417,1,ETSYC
user_8520,1,ALB|UUP
user_32488,2,CASA|ENPH
user_23251,2,ATH|KO
user_4846,2,GRNQ|INND|PTONY
user_28648,4,DISCH|HON|LTCHT|SMAR|VOO|ZSTIE
user_21626,1,QNRX|SOLO
user_17629,2,METIS|RMBS|SHOPR|WMENE
user_26068,1,AIG
user_30499,2,COST|SPCE
user_834,1,MSTF
user_17593,5,CEBOU|CYBR|HQY|MIME|PYPLC|SPX|TTDCL|UAVS|WAL
user_4156,10,ATGE|BPH|CHF|CLFD|FBLIZ|INTL|METAS|MMMMI|SNAPC|STARS|TNXP|TSLAO|ZMBEA
user_8150,2,SOLO|ZS
user_23013,1,HOMB
user_1648,2,AMCRI|AMDCI|PYPL
user_18386,2,DOLE|DRV|GTC|SASR
user_25849,1,QQQDI
user_20858,1,AEP
user_14891,1,LNN|NKEC
user_8115,2,AEO|CATFR|PSH
user_5578,1,SAVAB
user_18873,1,LOOKS
user_20331,1,GK
user_438,2,AAPLQ|DIA|SPYBI|SPYTH
user_2412,2,EWBC|FBGET|SJI
user_30223,1,NETSE|ZCX
user_6110,1,LFIN|SEDGD
user_403,3,BHE|CLF|INFY|LINK|NUTX
user_33102,2,GOOGD|IBEX|TSLAU|WOLF
user_5897,2,AFRMH|COUR|RTXMO
user_24732,1,WNS
user_17433,1,GMED
user_26821,1,NKEBE|TDOCH
user_20009,5,AMZNW|CLFHT|FXY|NOWTH|RYE|SEDGD|TLTNE|YELPW
user_3891,1,HSCS
user_32362,3,AEO|FBREM|INMD|NVIV
user_16846,1,DEMOD|QQQSH
user_20624,1,AMZNV|USDP
user_18568,2,ACI|XLU
user_20114,1,SE
user_7874,1,SQAI
user_24495,1,BLKIN|SWIR
user_3867,1,DCBO|SHIB
user_12795,2,DOMO|GO|HAFC|SPY
user_14284,31,ABR|APPSC|ASH|ATEYY|ATXI|BAHUG|CARR|CASY|CUBE|DAR|DPRO|EURUS|FBINN|FMX|FUBO|GDDY|IIPR|INMD|JPMNO|LMTJU|LUNA|NOC|NVDAC|OLPXI|PFE|PLAB|POLC|PTPI|RBLXE|RSKD|SAVAA|SCHA|SGAM|SHOPD|SIMO|SNAPS|SOLPL|TCOM|TDOC|TLT|TOMB|TSEMH|TTDFI|TZOO|UPSTF|VGT|VWED
user_13150,2,MAS|MRNS
user_20881,1,DOCNS|STSS
user_30565,2,AAPLL|ALL|SEAND
user_16628,1,MKTX|SPYSE
user_8612,2,CSU|PYPL|VERT
user_23104,3,EQUIX|HTTZ|PHAS|TSM
user_19467,2,ALV|ATYI|SYYSO
user_13312,2,DISWO|NTR|RSX
user_704,5,AMZNC|AVXL|CCI|MC|PETS|SABR
user_19422,3,AMZN|FBNOT|LRCXF
user_6498,1,COM|VRT
user_25787,2,ESTY|MPW|TSM
user_31593,2,DSP|INTC|JWNBU
user_28702,3,CHD|GMEZO|KERN|SIGA|VZHEA
user_17996,3,DOCNA|NLSN|OVV|VUG|XPEV
user_32918,1,PTLO|SBOX
user_4397,8,AMD|BBIOW|DDOGE|ILV|IMCR|META|NOW|PACW|RDW|VYMDI
user_11913,1,ACON
user_33037,1,APPN|FWONK
user_16014,1,LCTHU
user_32932,1,FTHES
user_13046,2,DY|ILAG|MRIN
user_12808,2,AMPG|HLBZ|NWL|PEP
user_25040,1,MDB|YELP
user_10723,5,AAPLU|BF|BJ|ENR|FXI|MDLZ|PYR|UPSTB
user_32423,1,MPW|POSHY
user_29437,1,BRG|ROKUA
user_8051,2,AMD|FRC|SNMP
user_13082,2,CRM|MOD|TRRXF
user_5904,3,FAZE|KNBE|STX|VXRT|WMS
user_9353,1,SEBUY
user_26752,2,BX|SWPPX
user_6070,1,AMZNB
user_8992,1,NETSE
user_10673,5,AEO|CRUS|NK|ONKIN|PGNET|RDS|TNET
user_23663,2,BK|NFLX
user_7260,1,AEO|ARCCA
user_3764,1,SFTBY
user_26669,2,KRBN|SHW
user_7510,5,CORZ|GMREV|GWW|LSXMA|NIOFR|RBLXH|RUX
user_5868,3,AAPL|ITA|UXINC
user_9019,3,IBEX|NFLXN|PLTRH|U|ZSDAT
user_20151,5,AMDLO|DISGO|KODO|NVDAH|ROKUD
user_14173,1,SWKS
user_2725,2,CRM|OTIS|TTDCL
user_2836,1,FBGAM|RCLWI
user_12346,2,AAPLH|NFG
user_8294,1,AAPD|NOL
user_9812,1,I
user_3716,2,EA|ZS
user_27223,1,AAL|SPELL
user_5902,3,CGRN|KSPI|PLTRE|PYPLI
user_5227,2,HEINY|HXL|OHICO
user_18863,1,CROX|VNOBL
user_8890,1,FNF|MMMWH
user_5887,1,AMATW|TSLAA
user_26762,3,AMZN|LECX|PSNL|RBLXS|UAVS
user_31870,1,NCR
user_920,3,AMDQ|FRT|MRVS|OD
user_13712,2,DRIO|GTSIF|JWN
user_24262,1,THCA
user_10968,1,CIFR|UFO
user_27132,1,LICY
user_14664,1,APX
user_3870,12,ABBVR|ADAP|ATVIA|AXSM|BAESY|BEAMC|FR|GNENF|GOGO|HGV|IOTA|KLAHT|PINST|RBLXE|STM|VB
user_3404,1,SPPI
user_26800,9,APP|BTCSQ|CNSWF|HULU|ICL|NETCL|NOC|NSRGY|POLC|UCHIN|UDMY|VVIX
user_6032,1,MAN|NET
user_7870,2,F|MRVI
user_13817,1,ROKUH
user_4030,1,BTU|DCP
user_26113,1,DLNG
user_1367,1,METX
user_9039,1,SLAB
user_5899,2,TNR|VOO|ZS
user_14275,1,RSKD|UWHAT
user_23834,3,ACHL|HOLES|ROP|ZIONT
user_2598,1,USWS
user_15903,1,BAMSO|EGLX
user_16069,2,DISQ|FFIE|WHEN
user_25834,1,AOSL|ZTO
user_720,1,FTNTO
user_5896,1,GRIM|MJ
user_9654,1,OCGN
user_24217,1,AMDHT|HLT
user_23185,1,NCTY
user_8995,1,ILAG
user_9983,1,AUB|BKKT
user_19042,1,KNEBV|LVMUY
user_7990,1,ABR|FBBIT
user_32853,1,CBIO|PLTRA
user_2920,1,PCTC
user_10522,1,NVDAM
user_20225,1,CRWDS
user_27576,3,BX|TONR|XPEV
user_15529,2,APPH|IVV
user_12246,1,UCHIN
user_2486,2,BOC|CTVAD|ORA
user_3338,1,IQ
user_12700,1,TSN
user_3437,1,PFEFR
user_15582,1,NUOTH|VISM
user_15352,1,CB
user_15984,1,KCAL
user_1423,1,DAG|XLK
user_21433,1,CVX
user_32787,1,CMG|PLAY
user_8882,1,GOCO
user_17845,22,AMAT|BENE|BFRI|CEG|CYRN|DFEN|DOCU|FBHS|FLR|FR|GBTC|GMVD|GNENF|HOSKY|IAC|IMXI|KLAHT|LNN|LYFT|MDVL|MSFTD|NIOHA|NXTD|PYPLG|RICK|SMCI|SMICY|SMLR|SOUN|SPYLO|UA|VNOM|ZMGAN
user_5962,1,CPNGC|FBLAM
user_11514,4,AMAZN|DRV|FOSL|MUNIK|SHLS|VXX
user_28801,1,DRIO|ENZC
user_6169,1,RSSS
user_13942,1,CODX|MOHOW
user_23680,2,BVXV|MSFT|NASDA
user_3967,1,NIOFR
user_24388,18,AFRMA|ANY|AUST|AYX|BBRY|BILLV|CINF|CNQ|COINS|CSPR|GMESU|GREEN|LEN|LSCC|MARS|MMMGE|MPWR|MSFTT|ONDS|PAVM|PDD|PGPAS|PTONJ|RKT|RY|SBUXJ|TSLAQ|VZMAR|XLFSP
user_13879,16,AWR|BB|CRDO|CVX|DEN|DPSI|ENPH|GEWED|KSPN|MTCH|NNOXI|NTNX|OKTA|OLN|PETS|PLTRH|QSGRE|SOUN|TECK|TPR|TWTRB
user_22392,25,ABNBO|AFRMH|ATZ|BA|CRSP|DFS|DGROT|DOCNC|FAANG|FBTWI|FMC|GES|GTC|GTLBW|JEPI|KEYS|KRL|KRSOL|LOWWH|LTUM|MIGI|NETCY|NVDAA|OHICO|PIII|PKI|QQW|RHCLO|SCO|TYDE|U|UPSVI|VOOTH|WST|XL|ZM
user_26477,1,WISHT|WRBYD
user_31055,1,BRSH
user_11205,27,AGR|AMZN|ARKKR|ATTO|AVAX|BCMH|BRSH|CPBCH|CWEN|ERIC|FANH|FITB|GK|IT|ITCI|JEPI|LEG|MC|MMMGE|MOS|NLS|NOC|NXGN|ORLY|PATH|PPC|PSLV|SBFM|SHARE|SHIB|SMR|SWCH|T|TCOM|TROWA|TTDCH|ULTA|URBN|WFG|XLB
user_1324,20,ABTIN|ASOL|BRKS|EQIX|FBTHA|FINV|GFSCH|ICL|KIBA|KRVER|NFLXH|NIOAS|NVTA|ODFL|PEPHT|RH|SBUXJ|SPXC|SPXLA|SUI|SYY|VWHAT|WBAST|WSC|XLM|YFI
user_23041,11,AMZA|COLD|FRSX|HLF|HUSAL|LVMHS|MCO|MSTR|NICE|NXTD|SNPS|SPYBI|TDOCA|TDY|WHR|ZM
user_18359,2,HDCHI|IMT|NOVA
user_9596,1,EC|FUV
user_3099,1,SQM
user_14282,4,FRT|HBAR|NOC|ROKUF|SUN|XCUR
user_1134,9,AMZND|BAYC|DIS|DKNGD|IDEX|KSPI|LCI|NWBO|STOR|TLRY|VFI|WH
user_919,8,BTF|DAVE|EMR|FBIN|META|TWTRB|UPSWE|WAT|WDAY|YELPW|YY|ZME
user_18112,1,TXN
user_4909,6,BBLN|CAJ|DAVE|GMLI|HTHT|IWM|LCIDC|MULN|TWST|XVG
user_18711,30,AABB|AMLX|APD|ATVIP|AZO|BNS|C|CNI|CRM|CRNCB|CUBI|DFI|DFS|DRNG|EMR|EQR|FBCHA|FBHTT|FBINS|FBWHA|FRSX|FXI|IRM|LVMH|NVVE|PBRSO|PLAB|PXD|RAYVR|RUT|SBNY|SBSW|SEMER|SPOTT|SPYNE|SSNAP|SU|SYY|TIP|TQQQ|URA|VYMVA
user_26376,6,AKRO|ALB|ARKG|BRK|DOOG|JBHT|LRC|MRVS|NRG|TTOO
user_18881,2,LVMUY|VW
user_4031,1,NADA
user_7291,1,IIVI|SCO
user_784,2,CSPON|DISWO|NFLXR
user_14287,1,OTTR|ZS
user_29315,19,AAPL|AAPLC|ACNDA|AMPG|BAT|BCTX|EPAM|FVRR|IS|LTHM|LUVFR|MELIC|MKL|MMF|NAKD|NKLA|OFG|PCG|QQQPU|REALM|SCS|SI|SQAT|TME|TR|TWTRB|ZBRA|ZSEV
user_1273,1,DJCO
user_29910,2,AXPGO|CVX|DTST|OLN
user_14280,23,ABNBM|AMCFU|AMDSE|ARKG|ATGE|AXPGO|BNGO|BRKSO|BUD|CAMP|DOE|DUK|FSTX|FTMSA|FXAIX|HPE|INMD|KBR|MGNI|NEEAR|NOK|OHICO|PFG|PGNY|RRR|SJM|SWBK|UAVS|UFING|ULET|VXN|WGOTH|WMTCO|XLB|YETI
user_30171,5,ADBE|BLND|LTC|METAE|NEAR|RAD|RSP|XPEVB
user_21610,20,ACLS|AXPHT|BAESY|BILLV|BJDX|BRKB|BYND|CIVX|CMPS|CRO|CURI|EXPE|GINUX|GMS|H|JNJ|JOBYH|LEV|MSGE|PINSU|POSHY|QCOMT|SPRT|STILT|TIMEA|UXINC|VIX|VOO|ZIDEF
user_13873,1,BABAE
user_14285,9,ADYEY|ATZ|BTCBR|CBOE|CECE|DD|DSP|FBHER|NASDA|NEWR|TSEM|UPSTF
user_5424,1,TRMR
user_12036,2,CPB|RCI
user_2356,6,ABBVF|BABAU|DOBO|JBLUC|NQ|OWUV|PSEC|SJW|TTDGO
user_1929,1,C
user_13621,16,AMZNG|ANF|APPSN|BABAT|BATS|BRKS|CECE|ELAN|FBHER|FSV|LSPD|LTSLA|NOKBR|ONKIN|OTIS|PENN|POW|RCAT|SIBY|SIGA|SSTRE|UCTT|UPSWE
user_1254,1,TSP
user_21670,2,BEETS|SPGGR
user_22011,1,BIDU|WFCDE
user_22914,1,QCOMA|WEAR
user_2755,12,AARK|AMATW|AVT|BABAE|BCTX|CRMOR|DX|FBBY|FBTWI|GOOS|INFY|LTHMC|PYPLC|QQQDI|RENN|SYR|TLRY|TSN|VSATO
user_33551,9,AMZNI|AMZNU|FBWOK|HEC|KOPN|NIM|NIOAS|PRVA|RDWR|TSLAR|VZ|WMTSQ
user_17424,1,GTLB
user_19016,3,HDTHE|MCDRE|NFE|WAFD|WDAY
user_14529,1,HYZN
user_5091,10,ABNBB|ANKR|GES|JPMAU|KLAC|MOB|NOCWE|PGTEC|RDSA|SCHL|SCHV|SFT|TDOCI|TGTAP|XIL|ZSAN
user_17185,2,GLW|MICS|NFLX
user_14279,70,AAVE|ABBVB|AFRMI|ALIF|AMDEA|AMZNN|ANSS|APRN|ARKKS|ARKQ|ASMIY|ASOL|ATCO|ATVIA|ATYI|BLDR|BRKSO|CARG|CARS|CASY|CELHH|CGRN|COSTH|CRO|CRTD|CTVAD|CVS|DAG|DFENT|DGROC|DISWH|DJI|DKNG|DOE|DXT|DXYHT|EBA|ENPH|ETHCY|EXOD|FB|FBIN|FNKO|FOX|FRBK|GOOGS|GREEN|GST|HALWE|HDTHE|HGV|HKD|HTZ|HYPRO|I|IMPP|INTCV|IVC|KOTUE|MAN|MAXR|METAN|MGNIL|MJ|MMAT|MMMGE|MOMAY|MP|MRVLP|MTEI|NVDAC|O|PCTY|PD|PENNN|PFG|PHRRF|PIK|PNR|QQQHT|RIVIA|ROP|RRC|RTX|SAP|SBUXI|SHOPS|SNOWE|SNTI|SOLHT|SPYCL|SPYOP|SRC|TRRXF|TRVN|TU|TX|UVV|UWHAT|VAND|VERU|VIG|VRTX|WB|WHR|XLE|XOMHE|XPDI
user_26182,1,FVRR
user_29923,35,AAPL|AG|AMDWE|AN|BAOS|BTCDI|CCIV|CELHM|COIN|CORN|CYBR|DFENT|ELY|FAMI|FBIN|FET|FTAI|GDYN|GOOGM|HPE|HUM|ITCST|JPMHT|LHX|LMTRE|LUVFR|MOFEB|MTUM|NDQ|NIOAS|NN|NQ|OTECH|PNR|QQQHU|SBUXW|SCVL|SKYH|SMFR|TGTNO|TSLAF|TSLAY|TWTRA|USBSO|VOOTH|VRTI|WPM|XPEL|XPR|ZSSEM
user_1074,1,DWAC
user_8818,3,CHD|CRWDH|INTCF|SNOWC|ZMBEA
user_32351,1,CPI|MATIC
user_14323,1,DGEO|NUEDG
user_16941,26,ABNBM|AMG|ATXG|BIIB|CARV|CB|COLD|DID|DTST|ETHAL|EVFM|FB|FBLIK|FBTUE|FEG|FOUR|IIVI|IMCR|INO|INTCI|KOTHE|LILM|NEO|NIOPU|NUTX|NVO|PATK|PRPL|RGNX|SGMS|SOL|SOPA|SPYNA|TPL|TSLAK|WMTCO|XPENG
user_15730,1,AAPLS|ICL
user_4485,5,CSPR|DOOR|INTC|NIO|SNAP|VTVT
user_29916,5,BPOP|HKD|IHT|IRBT|NIOPU|SONO|TXNWH|VCOCA
user_11526,4,CF|DMTK|ILUS|LVMHS|MKTX
user_25472,1,LMNDW|PARA
user_31856,3,AAPLW|ABNBM|CALLS|NDAQ|SCHDB|SITE
user_9725,9,AMEH|BTBT|DAVE|HRT|MILLI|PAYC|TBLT|TGT|UNA|VLNS|VOO
user_29708,2,AAPL|BTCBE|MVIS
user_5298,1,NDAQ|ZSWHA
user_10647,3,ATUS|DIS|LKE
user_8512,2,AGRI|ATCO|NVDAE
user_26632,3,ESSC|GFSCH|JPMD
user_29774,1,ETWO|NBIX
user_14290,1,HRTZ
user_26759,1,GMETH
user_33020,1,MTP|ROST
user_13717,3,FBINC|GNENF|ZS
user_23016,1,FBTWI|KONOV
user_29381,1,NNOX
user_12103,3,AAPLP|AMZNA|ETH|LCID|PARAS
user_29911,2,ARKKR|BTCPA|CLFHT|MNDT
user_5699,2,MELI|PAHC
user_12277,8,APRE|BRKS|CD|DENN|FI|FIVEY|NEWR|PARA|RBLXA|SMFR|VOOAD
user_26869,2,BX|MSIND
user_329,1,CNBS|WDC
user_11741,1,COUSD|RPRX
user_23448,2,AGRI|DOBO
user_3793,1,GMEGL|HDPRE
user_24819,3,EPS|RDSA|TSATM
user_14283,3,IMCC|MSOS|NOL|PWR|TD
user_220,1,MTVR
user_5930,3,CRM|EXPRE|FTS|MVRS|NVIV
user_11643,2,CRWD|MOB
user_1832,1,XRX
user_31272,2,CCI|FICO|TSM
user_23936,2,NETL|PYPL
user_4410,3,LCX|LOW|PLNHF|SIGA
user_26604,1,MAN|QLYS
user_18293,32,ACMR|ADYEY|AMC|AMDRU|APPH|APPN|ASMLW|ATTOT|BULL|CENN|CLF|CSCOA|CWH|DHI|FMX|FUTU|KHC|KOOTH|LCIDC|LUNA|ME|MQ|NFLXD|NKEWA|NVCR|NVDAR|ODIVI|PAVM|PBR|PDDI|RDW|RERE|RMD|SEA|SST|SYS|TNXP|UBI|UDIGI|VRAR|WB|WEN|WFG|WISHW|WMTCO|XLF|ZINU
user_17846,23,AFRM|AMDMY|ATLAS|BVXV|DIAHT|DOOR|DT|FXI|GC|GGR|HSBC|IEI|KED|LKE|LOWMA|LTHMP|MSFTM|NKTX|OTIS|OZON|PIK|PINS|PRFT|PYPLH|QNT|QSR|RDSA|SHOPF|SKYH|SPACE|SYFDI|TELL|THCA|TSCOR|TSLL|UCHIN|VRTS|VZJUN
user_20000,1,AVPT|PT
user_26845,1,ALT|QQQBU
user_15663,2,DRVN|ZS
user_18375,1,ACWI|PSLV
user_15937,6,AIR|BBI|FBTHE|LOWWH|NIOCL|PYPL|RH|SNDX|XIL
user_31258,3,AMZNR|JACK|XBI
user_29422,1,NUTX
user_33175,1,MILE|SOSHT
user_15242,2,GMLI|ROOT|TWITH|VTI
user_9170,1,MP
user_1297,1,BTCBE|MYNZ
user_9941,6,CVNAS|DAVE|GOLD|HDCHI|SHOP|SPYMA|TX|VIX
user_17586,1,UWHAT|WWE
user_7405,1,KRX|SGML
user_4543,9,AFL|CATSE|COSTJ|DISCH|INCY|IYT|NA|PAG|PURR|UCHIN|UMANY|VNQ|XPEVS|YEXT|ZMDTF
user_26783,1,SPX
user_18955,3,ACHL|ETHAD|FFIV|GTC|ONTO|SPOTD
user_15093,2,EL|ELON|OWILL
user_2783,1,RIVNA
user_13416,1,CULP|SHAK
user_5661,46,AAPLQ|AAPLU|AIG|AIT|AMLX|ASANF|AUST|AUTO|BMY|CEIX|CHF|CHK|CM|CNS|CPRX|DKS|DNFLX|ERIC|EV|EWT|FATE|FBIN|FCX|FIVE|GFS|GTLBW|HCDI|HIBB|HII|HON|HTHT|IFF|LOWWH|LRC|LYFT|META|MUGRO|NADA|ORETA|OTRA|PAHC|PDD|PFG|PINSB|PRQ|PYPLP|RA|RDW|ROST|RRC|SAVA|SAVAA|SBUXJ|SCHV|SHIP|SOX|SPYBU|SPYYO|SQDAT|TLSAR|UBS|UPSTF|VRTS|VTR|VZMAR|WNW|WYNNW|XOP|XPEV
user_3399,4,APVO|CMRX|KBH|TGTDO|TSLAP
user_779,1,QFIN
user_11075,1,ALL
user_9302,1,IBB
user_6064,2,EJH|TLSAR|TSMFI|XDC
user_24788,3,ARK|DPSI|ULVR|VTG
user_18070,2,CBOE|MUWHA|NXH
user_4289,1,NETI|SPOT
user_20681,1,BNGO
user_9708,3,AMZN|KSU|SBUXH|SOPA
user_16777,3,MDIA|RYANH|TXNWH|WCLD
user_20083,2,ACBBO|F|KNX
user_23259,3,BILLI|DY|HYMC|OR|SEBUY|TRIN
user_2510,2,DCRC|HDHEA|SPIRI|TSATM
user_23901,1,NKENV
user_18472,18,AABB|AMZNH|AUPH|BBBY|BEE|BRUSH|CALM|CNSWF|COMB|CP|CPB|DAX|DPSI|EC|ENLAY|FTNTT|ICNM|IGSB|JJC|NADA|QSGRE|RIBT|SESHO|SGH|SO|TAN|TGTAP|TTDGE
user_29557,1,ATXI|ZIONT
user_2044,10,AAPLS|AMZNG|CNVA|COINS|FBUY|MJ|MUNIK|NIOGO|ONTO|ORCLA|TGTDO|VMW|VUZIE|WTRH
user_770,3,AAPLU|CPRIT|FBPUS|LTHMP|NIO
user_5137,7,BRO|CD|CRM|F|MATIC|MSFT|TWOU
user_23138,2,FNMA|GMT|POLC
user_18473,1,AFRMH|QQQM
user_11604,1,ADI
user_32596,1,ENVB|ISPC
user_294,2,CE|DIAHT|KR|MNMD
user_4683,1,DIA
user_7730,1,FTM|OSTK
user_30437,3,COIN|HMBLI|NVDIA|SAP|VXAPL
user_25697,11,AXS|AXU|BWV|BYDDY|CVXBA|FLL|LYTS|MUDRO|PBF|QSR|RNG|USAP
user_17504,3,ABBVF|APVO|EDR|LCIF|MPW|PAYC
user_18466,7,APA|ATEYY|BE|BESIY|DGEO|DVAX|ELONQ|EXC|QQQSO|SKX
user_8878,1,ONB
user_17596,2,FUN|VMC|XPEVH
user_11006,3,ARVL|ETHAL|MOS|VINE
user_1679,4,EXPE|FCFS|TSM|VDADX
user_29100,2,BBIG|SYNC|TAN
user_25735,1,TSLQ|TWTRM
user_3470,1,DASH
user_23144,1,HYG|SCHX
user_24603,1,IWO|ZION
user_18496,2,BBIG|EVFM
user_7281,2,BX|PARAS|UEVS
user_2781,2,MTB|XPEV
user_2192,1,DOT|FUBOI
user_14997,1,HOSKY
user_31650,1,TSLAE
user_28907,2,NFLX|SUN
user_19089,2,TRUP|XPEV
user_12176,2,AMDLO|HTZ|SNAPS
user_27725,1,AAPLA|ARKQ
user_18446,1,SPT|WEJO
user_27569,2,CRM|GGPI
user_5595,2,CRM|EFTR|UCYBE
user_26572,1,AMDME
user_2147,1,BLBX|KRALL
user_18449,5,AMDRE|CSX|DMYQ|ESCA|HCC|NIO|SGML|ZRX
user_26868,8,ANF|ATGE|BA|BABAU|DISWO|DWAC|FBEVE|FBSIM|PACW|RRR|TGL|VNQ
user_6140,1,LYV
user_11875,3,GNL|ILST|PTRA|ROSE
user_19845,1,FSLRS
user_33505,7,AAPLE|AMSWA|AOSL|ASMLH|CVS|IDXX|NIOPU|NOL|RYF|SCHD|SQAI|WYNNW
user_13784,3,AMDVI|KBR|SWK|VICI
user_33648,2,BBRY|LCIDW|NQ
user_4635,4,BABAB|BITF|BX|CM|UCYBE
user_8460,3,EDU|ENPH|VIG
user_12156,2,ANVS|DLO|SIX
user_18116,39,AAPLK|ABBVD|AFI|APPH|BULL|CEL|CHWYN|CPNG|CSX|DCI|DHI|DJCO|DOCUH|ELONQ|EQIX|ETHAL|FSLY|FTCH|GCT|GK|GNENF|GRUB|HAIN|HULU|INMDF|JNJDI|JOBY|KINGS|KRBN|LMTWE|MMMAN|MPSOL|MSFTC|MSFTT|MUDRO|NVVE|PIII|PKI|PLTRM|QQQYO|RIVNA|RR|SCS|SFOR|SHAK|SPXTH|TSLAB|TSLAJ|TSMC|TXG|UBI|USDJP|VIXFO|VVV|VXX|WIRE|ZION|ZSDAT
user_4023,1,SUI|XLRE
user_20830,2,AVEO|DDOGA|IHT
user_3347,1,SOS|TSN
user_33010,1,BABAC|MX
user_12406,1,HYZN
user_2791,4,CTT|HCC|PARAH|RYH|S|SOS
user_24665,1,BBI|KLAC
user_30564,2,AAPLC|AVGO|LEG
user_23132,3,BX|INTC|ROKUA
user_13724,1,MTCH|SEV
user_26905,3,AUR|GOOG|MRNAH|SONM|TWTRT
user_12145,3,AAPDS|CMPS|JNJDI|UNF
user_71,9,AESE|ALIF|DHI|ELAN|FVRR|FWONK|GO|KEN|MCDOC|NVR|ORK|PAASH|PINSB|ROOT|SCL
user_5828,29,AIZ|ARKQ|BUZZ|BYND|CARS|CPNG|EXPRE|FBTOP|FOUR|FRPT|GTBIF|HDHEA|HDWHA|IS|IWMKE|LBRDA|LIN|LMND|NLFX|OTIS|PGSOU|PHARM|PHUN|PMFEB|R|RBLXW|RIVIA|SJT|SMCI|SPACE|SPXC|SPYBI|TRV|U|USAC|UTHR|VOO|VRA|VTVT|WEBRW|YEXT
user_3569,2,AMDCE|AXSM|TSLAQ
user_11235,5,AMDBU|BEE|CASA|HD|NOC|RUSHA|SNOA|STAGW
user_34209,1,GLXY|STNG
user_22862,2,LTUM|NNOX|ROPE
user_24820,4,HRTZ|META|NXH|TDIVI
user_7377,1,MCDMI|ZCX
user_31802,1,DJIFR
user_25354,1,L
user_4850,3,IEX|KSSWO|LQD|RCAT
user_1366,5,ACWI|BLNKA|CSCO|GST|ILST|MFC|RDFNS|STT
user_13048,5,ABNBB|BABAU|CLFD|DGWHA|GOLD|NBIXW|SAVG|SUN|TDY|VCAR
user_10021,1,CMG
user_20301,1,SQAT
user_32207,1,AMTD|CHK
user_22560,10,AMDCU|BA|BBLN|DGROT|DKNGC|NADA|NSAV|PEPTE|PLAB|TBPH|WES|ZIL
user_22564,5,DOCU|INTC|INTCT|NEXT|PINSB|SPOTD|UPWKW
user_3897,2,BBRY|DXT|EL|TMDX
user_4032,1,MPSOL
user_28231,2,NFLXB|XOMBU
user_27737,1,AMDSH|COINM
user_2792,5,FBPUS|JNJB|NOVO|PYPLI|SESHO|SINCH|URNM
user_26136,1,NU
user_32999,3,AMDAD|BAON|CRM|HX
user_4629,1,HDWHA|TROW
user_13002,35,ACHC|AMCR|APD|AZO|BAALL|CEEK|CIVX|CLPT|COUP|CPB|CREE|DDOGE|DGX|DISCB|ETHAD|ETHSE|FLL|GRAV|GRBK|HOLD|HPE|JKS|LGVN|LKND|MELIF|METAS|MNGHT|MTB|NNDM|NVAX|NVCR|NXTP|OC|OCLG|ONB|ONTO|PETZ|QWT|RDBX|RHHBY|RIOTW|RIVNA|ROKUD|SITM|SOUN|SPACE|SPT|SST|STUDY|SUN|TSCOE|VIAC|VNTH|XLNX|ZIMAY|ZPAY
user_10836,8,BRYYF|FBINN|FLR|GREEN|HAFC|MO|NSANY|PPSI|PRCT|SONO|WF|WOOF
user_17413,2,ABBVB|ATVIP|TSM
user_25791,1,KLAHT|NIOSH
user_11248,26,AIR|AMDCI|ANDE|ARKG|ASLN|BODY|BRKB|CXO|DSIGR|ENSC|FCXBE|FNGU|HHC|ILMN|IP|ISRG|LILM|MAFAC|MILLI|MMMAP|MRK|NUPAT|NVDAR|NXTP|ONEX|POWW|PRNT|PYPLR|PYPLS|QRVO|RKLB|SABR|SAP|SFM|STLA|STM|TLNT|VCOME|VISHA|VRPX|XOP
user_435,2,PYPL|UPSTI
user_20613,1,STAGR
user_29195,1,SCHL|SFT
user_3241,2,AFRMB|BRO|DV|SCHDW
user_20625,2,H|NIO
user_20128,1,INTCT
user_19726,1,AOS|PZN
user_18239,1,OTECH
user_33989,2,BABAU|BLBX
user_22334,1,BNDX|DID
user_20004,1,MOV
user_16358,1,IGU
user_27875,1,ITW
user_5734,3,AMZNA|PKG|TTDCH|XPEL
user_16246,64,AAPLM|AGL|AMBAC|AMCGR|ATGE|AUTO|AVY|AWS|BBIGC|BKNG|BMO|BULL|CDAY|CELHB|CELHC|CFB|CGRN|COIN|COP|COSTB|CPRX|CTIC|CXO|DDOGA|DEA|DPRO|DRUG|ESS|F|FBCHA|FBCOM|FBLET|FBSIM|FROG|FRPHC|FRT|FTNTT|G|GEGI|GMT|GOCO|GPN|GVSI|HFG|HTHT|INCY|IWM|JEPI|JNJPA|LEG|LITM|MA|MBUU|MMAT|MOFEB|NADA|NAKDI|NDSN|NFX|NKEWA|NLFX|NOL|NSRGY|NXTD|OIL|PBIO|PYPLP|PYPLS|QQQDI|RACE|RGTI|RHS|ROKUC|ROL|SARK|SEAND|SHUEY|SI|SKIN|SNAPX|SNY|SP|SPOTT|SQDAT|STORF|TCOM|TD|TERHT|TLTHT|TLTNE|TSCOR|TX|UNHIF|USB|VV|XLIGR|XLU|XOMHT|ZS
user_10531,2,AAPL|PEB
user_31287,3,CRWDS|FI|PLAY|XDC
user_19776,129,AAPDS|AAPLM|AAPLQ|ACMR|ACWI|ADAP|AEP|AESE|AGYS|AIG|ALBT|ALC|ALLYT|ALTO|AMCGR|AMCRE|AMPG|AMZNQ|APPH|ATGE|ATH|AWK|BABAU|BBAI|BBLN|BEE|BG|BKU|BLKIN|BND|BNGO|BRUSH|BSW|BTCUS|BWV|BYM|CDLX|CDON|CL|COSTB|CRMD|CRWD|CSCO|CSPR|CSVTI|CYRN|DASH|DDOGC|DEMOD|DISDR|DISFR|DJIFR|DPZ|DSP|DV|EBON|EE|EGLDQ|ENS|EPD|EQUIX|EVONO|EW|EXEL|FAST|FBBUT|FBI|FBTHE|FBULL|FNF|GALA|GBX|GDYN|GMPW|GSK|GWW|HAFC|HDCHI|HDPRE|HMC|HOLE|HQY|HTZ|IBKR|ICL|IHT|IIPRR|ILUS|ISPO|JNJ|JNJHI|JPMAU|JWA|KNBE|L|LGVN|LIB|LICY|LIFIN|LRCXF|LSK|MDIA|MGNIL|MICS|MJ|MOV|MRAI|MRVL|MUDAV|NDQ|NIO|NNDM|NTCT|NTFX|NVDAM|NVDAV|ONB|ONEX|OSK|PATH|PAVM|PBF|PENNF|PGNET|PHRRF|PSA|PSLV|PYPLH|QFIN|QRTEA|QUBT|RACE|REALM|RIOTW|ROKUA|RWTR|RYE|SAVA|SCHD|SCVL|SDC|SGHC|SHELL|SLI|SMH|SNDL|SNMP|SNOW|SNOWI|SPG|SPXLA|SPYLO|SPYTE|SQB|SQBEA|STORB|STRN|STRON|SUI|TDY|TMDX|TNR|TNXP|TSLAG|TSMPE|TSP|TTC|TTDGO|TWITH|UFPI|UHTTP|UPSTD|VISIO|VTVT|VVS|VXRT|VXXJU|VZDEC|VZMAR|WBER|WEAT|WEBR|WGOTH|WIX|WMT|XOMBU|XRT
user_16284,27,AAPLS|ABTIN|ACB|ASIX|AVCT|AVGOF|AZO|BOUV|CDAY|FBNOT|FFH|FIGS|FXAIX|GMR|HPQ|HYG|JNJPA|KKR|NSC|NU|ONOV|OVV|PSX|QQQFO|QQQYO|RYTM|SE|SOUN|SPYRE|TROWW|TTC|USO|VMEO|VNOBL|VYM|WFG|WORK|WPM|XI|XPEV
user_16281,14,AZERO|BABAD|CATLO|CORN|COUP|ELAN|FANTO|FTAI|GDS|HTZZ|IEA|LUV|MAGT|MAT|MYNAN|NKE|NKENV|RDS|RELI|TEVA|TIVC|TRUP|WCLD|WSC|ZTS
user_20106,2,CHHFI|SQHTT|TSATM
user_31304,38,AAPU|ABTWH|ADA|AMDME|AMZN|APE|ATEYY|BGFV|BK|BOUV|BRKBP|CNK|CORZ|DEN|DJIA|EC|ENSC|EXAS|FBHS|FBNOT|FIGS|HX|IMRN|LCIDW|LYFTC|MARVI|MIOTA|MSFT|MUDAV|NDA|NKEC|PGSOU|PLTRM|PYPL|RDIB|ROKUD|RS|SSNAP|SWPPX|SXTC|TALI|TGTDO|TRVN|UAN|VIAC|VIXFO|VYMVA|WE|WEBRW|XOMBU|XPO
user_4631,156,AAPLS|AAVE|ABM|ABNBS|ABT|ACNDA|ADGI|AEM|AESE|AHT|AIZ|ALGM|ALPP|AMCFU|AMCNI|AMCR|AMCRE|AMDDE|AMDHA|AMSWA|AMZNF|APAM|APLD|APPS|APPSC|AR|ARKF|ASIX|BABAM|BACBU|BACLI|BAK|BBI|BBWI|BF|BITO|BKLN|BOKF|BTCWA|CAJ|CAT|CBRE|CCJ|CCL|CCWF|CELHM|CLOV|CNI|COINP|COST|COTYA|CPER|CRMDE|CRMI|CRSR|CSLLY|CSTM|CTRU|CWT|CXDC|DELL|DEO|DISDO|DISH|DNACL|DQ|DRIO|DTSLA|DVY|DXYHT|EGC|EGLDQ|ELAN|EPAM|EPD|ES|ETHCY|ETHE|F|FBDAI|FBNOT|FBREM|FBWHA|FCX|FDXGO|FOCS|FR|FSLR|FSLRA|FUBOI|FWONK|FXAIX|GENI|GEO|GES|GMR|GVSI|GWH|HDHEA|HHC|HMBLI|HSY|IAS|IEI|IJH|ILUS|IMCR|INAZ|IP|JNJ|JPEX|JPM|JPMHT|JPY|KERN|KRX|LHX|LIND|LMTUT|LNTH|LOWWH|LPTX|LULU|LUXE|MBUU|MCDRE|MGNI|MKLIN|MNG|MODIV|MSFTD|MSFTE|MSFTT|MUTOD|MVRS|MXC|NA|NETL|NFLXD|NFLXI|NFLXR|NIOGO|NIOGR|NIOHT|NNI|NOL|NRTB|NSAV|NUPAT|NVDAC|NVEI|NVIV|NWS|OIH|OKE|OMCL|ON|OXY|PBT|PDDWH|PENN|PER|PERI|PINST|PRCT|PRE|PRTY|PTONB|PYPLN|QCOM|RA|RBLXB|RCL|RENN|RGS|ROKU|ROKUC|ROKUE|ROKUU|RSX|RUNSH|SEA|SGFY|SHOPR|SJM|SJT|SMICY|SOFI|SOFIS|SOX|SQSPO|STBA|STILT|STNE|STOR|SUI|SUMO|SYR|TAN|TASK|TDOCI|TOELY|TROWA|TSEM|TSLAG|TSLAY|TTDMA|TTDSO|TTOO|UA|UAMY|UFI|UOG|UPRO|UPSTE|USAC|USWS|VCOCA|VIEW|VIXLE|VO|VRPX|VSATO|VTG|VYGVF|VZ|WAL|WW|XDC|XPEVH|ZCX|ZDROP|ZII|ZIONT
user_4497,36,ACHC|ACHL|ACON|ARKW|BACBU|BYM|CAST|CDAY|CODX|COTI|EA|EGRNF|ENBFO|EQR|EQUIX|FBYOU|FBZUC|FRPT|FTAI|FTNTO|GMEDI|HFWA|HONHI|KRBN|KSS|LLYSH|MRNAH|MYNAN|NADA|NDX|NK|NOL|NUPAT|PIN|PYPLN|SAND|SEDG|SOS|SYTA|TBPH|TD|TOI|TSLAM|TZOOT|UFI|UNG|YGG|ZEN|ZME
user_20433,1,MUDAV
user_2517,89,AAON|AAP|AAPLU|ABBVC|ACCO|ACHL|ADI|AEP|ALZN|AMDVI|AN|APX|ARCCA|ARKG|ASH|ATH|ATYI|BAM|BANC|BAND|BAX|BESOF|BLNK|BRKSO|BVXV|C|CACC|CCLWA|CFVI|CHKPB|CHTR|CLX|CNM|COINW|CPRIT|CUBI|DCFC|DEN|DGEO|DISWO|DRI|DXY|DY|ESTC|ETHAB|ETSYC|FAMI|FBBEA|FBHER|FBIN|FBINS|FBPUS|FBTHI|FDXGO|FISV|FRBK|FSK|FSV|FTHUR|FTNTT|GGG|GIS|GMEON|GNRC|HFWA|IAC|IBKR|IMBI|JAMF|JNJB|JNJDO|JNJOC|KAVL|KED|KIBA|LCIDW|LFG|LUNAH|MGM|MMC|MODIV|MSFTW|MTN|NFLXL|NINE|NIOGO|NLSN|NSRGY|NTNX|NUTX|NVDAB|NXRP|OAS|OCGN|OI|ORK|OWHIC|PATHD|PHMAF|PINS|PRE|REV|RKLB|ROKU|ROKUO|SHELL|SI|SLV|SOC|SOUL|SPYYO|SWIM|SWPPX|SYS|TEL|TNDM|ULONG|VIX|VLO|VTRS|WFCBO|XFRI|XLRE|YUM
user_9250,3,AMDME|ENLAY|TSLAG|VNOM|WSM
user_22877,2,AMD|DOCNG|USB
user_28799,13,AAPLR|AESE|APPL|CFB|CRWDG|DDD|DE|DOT|HOLE|HPNN|NIOBU|NVDAM|OLPXI|PLTRC|QBTS|SCL|SPXWI|SPYTE|TIME|TUPHT|VLO|WILD
user_32631,29,ACO|ALGM|ALNY|ALPP|ANET|ATD|AUTO|CCI|CHKPB|COSTA|EDU|ENS|EVO|FAMI|FB|FIS|FMCB|FSK|GNTY|GOOGE|GRUB|JBGS|JPMVA|LCI|LEVI|METAS|NDSN|NDXIT|NFLXC|OMI|QCOMH|RL|ROKUD|RVSN|SRG|TOL|UVXY|W|WBER|WFCBO|WJEFF|WSC|WST|ZNGA|ZS
user_11013,82,ABBVR|ABNBB|ABNBC|AFRMB|AGG|AMAZN|AMTMA|APPSI|ARKKS|ASMIY|AWK|AZN|BABYD|BAENT|BEAM|BEETS|BTCSQ|BYDDF|CFG|CG|CHGGT|CHPT|CI|COINM|DAG|DCP|DDOGC|DFEN|DGEO|DMYQ|ELONQ|ENPHM|ENPHW|FBSIM|FLWS|FSM|FSV|FTHES|GIS|GMEDI|GNTY|GTO|GTSIF|HA|HCA|HRMY|HT|HYLN|IIVI|JKS|JPMAU|JUNGL|KBR|LCIDT|LOOKS|LRCXF|LUNAH|LYTS|MANU|MCDMI|MILLI|MPC|NAKAC|NBIX|NIM|NRTB|NVDAV|NVEI|OCUL|PANW|PARAS|PETS|PH|PHIA|PINSU|PYPLL|QCOMT|QNRX|RH|RIVNC|RKT|ROKUF|SARK|SAVE|SDC|SFOR|SHAK|SNAP|SNY|SPT|SPYAL|SQBEA|STRR|SYS|TSLAA|TWTRI|UAN|UTK|UXIN|VNTH|VO|VRTI|VTWO|WAT|WFG|WMTSQ|WPCWH|WST|WYNNG|XLP|XMR|XOMRE|YGG|ZIMAY
user_16235,41,ABBVW|AMDNO|AMZNV|ASOFU|ATLAS|ATYNO|AVGOR|BAHUG|BAS|BEKE|BGS|BIDUE|BURL|CCI|CRIS|CSCOA|CTSH|DD|DDOGE|EDMAT|ETWO|FBBY|GALA|HD|HES|IGSB|IT|IVZ|JBLU|KMB|KOTUE|KRVER|KTTA|LUNAH|LVMUY|MDB|MGNIH|NVDAB|NVDAR|OAS|OMCL|ONEM|OVR|PDDI|QQQSH|RDSA|RRGB|RYF|RYTEL|SCS|SIWED|SKIN|SPCE|SPOTT|SPYAL|TBLT|UMC|VTG|VTR|VXXJU|ZTO
user_2111,4,ENPH|FBCOM|FLR|KONE|UNFI|XPEL|ZIL
user_1825,18,ADTX|BKR|BYM|CM|CRWDW|DEA|FIGS|HUYA|INFQ|LMNDS|LUXE|METAF|MNDY|NFLXW|PATK|PPSI|SBLK|SCHL|SOSHT|SPYBU|STAG|UOG|VISHA|VZ
user_10828,1,HULU|XPEV
user_16242,10,ABCB|AMDCI|APP|AZZ|BACBU|BN|CRON|DWAC|IMT|JNPR|LLL|NUTX|PGY|TSMC|TWTR
user_6249,1,ORCLA|TLTSH
user_15613,27,ABBVC|ALL|AMDME|ARMK|BANA|BKU|BRKB|BTCWA|CLVS|CNI|CNTX|COSTJ|CRXT|CTT|CWEB|D|DISFI|DQ|EQIX|ETHHT|FCX|FLWS|FTX|HRL|JNJRE|LOWWH|LYFTC|MELIF|NFLXN|NFLXS|PGTEC|PRPL|SPGGR|SPYBI|SUMO|THC|TRMR|TRT|USDJP|VFINT|WMTBE|XOM|ZI
user_16423,1,ASSA
user_15620,19,AEO|APPLE|ASH|AXS|BAHUG|CALLS|CMG|EFA|FBDOU|FC|FHM|FSK|HOMB|INND|JPEX|L|LMTRE|LMTUT|LUNA|METAS|MMMMI|NADA|NBIXW|NVIV|PYPL|RSP|SQALI|TROWW|TRUP|VIOT|VTNR
user_17277,1,SUMO
user_613,2,EFTR|ENPH|MMM
user_2670,1,RENN
user_19340,28,AMZNW|ATTO|BAALL|BAHUG|CCATE|CRWDH|CSLLY|CVX|DOE|DVAX|ELSE|FUVSO|GBTC|GINUX|GOOGP|GRAV|GRNQ|IIVI|INTCT|ITCST|JNJPA|KRSOL|LIGMA|LRCX|MGM|NFLX|OFG|ONOV|PYPLL|QBTS|QLYS|RGTI|SARK|SBLK|SCHG|SHWGR|SPYTH|STZ|TNXP|TSLAA|UCHIN|ULONG|XLI
user_25734,1,VYM|WE
user_16252,1,VCAR
user_16249,2,CSCOA|GMREV|KO
user_14020,2,GCLT|GRVI|MYNAN|VCOME
user_22960,1,BEN
user_32517,30,ALGO|AMDNO|AUB|AUDI|CATFR|CKS|COTI|CPIX|CRMPR|DECON|DISTH|DLR|DLRWH|DQ|EVVTY|FBBY|FBLAS|FOOD|FTHES|HHC|HX|IGEX|IVZ|KOOWN|MODIV|NDQ|NOK|PENNF|PLYPL|PTONR|QCOMH|QQQPR|RYE|SNMP|SNY|SPGI|SQM|TLSA|USDC|WEJO
user_9534,20,ARKQ|AXP|BKNGH|BRN|BZFD|COSTE|DOCUH|DPRO|EV|FBFOC|GD|GE|GGII|GWW|INTUO|KNEBV|KOSS|MPC|MREO|MRVS|MVRD|NBR|PAASH|PKKFF|SQQQ|SUSHI|TCON|TEVA|TMO|TRADI|TXG|WGOTH
user_4824,2,AZO|LLYSH|ZIDAT
user_3276,2,FTM|PAAS|XPEV
user_16244,1,CCI
user_4688,5,AABB|AARK|CNK|CURI|HX|LITM|MDIA|MTUM|SO|Z
user_25334,2,BILI|PBCT|PWR
user_10334,87,AAPL|AAPLE|ABCL|ACLS|AFRM|AFRMD|AMDTH|AMX|ANVS|ATYHO|AVBTH|BAND|BARK|BEN|BETZ|BIDU|BIIB|BITF|BLDR|BLND|BODY|BSC|BSW|BTCBE|BTCI|BTTX|BULL|CATFR|CBSTR|CHWY|CI|CKPTR|CLFD|CNICH|CVM|DISRO|DJI|EQNR|EWBC|FANG|FBDOU|FBLIZ|FIVEY|GCT|GEBRF|GEWED|GGII|GMEON|GRWGF|GTC|GTLB|HEINY|HULU|ICL|INTC|IREN|IRNT|JNJPA|KBNT|KRTX|MDLZ|MKC|MKLBL|MKLBO|MMM|MMMWH|MOB|MOWHA|MTD|MUNIK|MYOV|NDSN|NEGG|ORETA|OSMO|PEBO|PHMAF|PIII|PIK|PLDHT|PRVA|PTONR|QQQSH|QS|RBLX|RBLXS|RICK|ROPE|RSX|SCHDT|SHIP|SIVB|SOFIH|SPOTR|SPT|SQHTT|STAGW|TRIT|TSLAJ|TSLAK|TSLH|UEVS|UHOPE|UMAYB|URA|USAP|VMOHN|VNTH|VOOAD|VSCO|WFC|WISHW|WSO|XLE|Y|Z|ZIM
user_2402,3,NFLX|ROKU|TSM
user_15834,9,CACC|CHPT|CNS|FAANG|FBPUS|FLGT|GEWED|LFUS|MA|QQQAN|SHPH|STZ|SWCH|TWTRR|URGN
user_33813,1,IIVI|ROSE
user_4399,7,AMCTH|APLD|APPSV|AUDI|GOOGP|HNST|HYLN|NFLXT|NVDAN|STNG|ZIMAY
user_11735,2,CRK|DCI|JUNGL|PRNT
user_20543,1,COO
user_19746,2,AMBAC|DDOGA|WKHS
user_21892,2,KODK|PRFT
user_5600,7,AXU|BTF|EGP|EPAZ|KEYS|MSFTH|PLTRT|SHLS|SPOTE|SYY|WYNNG
user_6908,1,RL
user_2994,20,AAPLQ|ADM|AMDIF|AMDMY|APPSA|ATVI|BCTX|BILI|BLOK|CCXI|CG|CSU|DEO|EBAY|EMR|EPRT|GETY|JAMF|JWM|LEN|MDAYT|MUDAV|NOCPH|NWBO|OZON|QQQM|RCL|RDWR|SHLS|T|TDG|XLK
user_31283,1,WMB
user_17756,2,LMTWE|ONCT|PBCT
user_14580,6,AWR|CLFAN|EURUS|FBHOP|HOOD|KMX|MRKTH|NFLXY|PSLV|TROW
user_28499,2,FVRR|METAN|NXTP|OHI
user_22616,9,AUPH|BAWAT|DISH|IWMKE|LTHMP|NFLXH|PLTRI|SIGA|SNOWE|SSTRE|TGTTE|UPS|UPSWE
user_6091,2,EXR|NIOS|TLSA
user_7560,1,EA
user_32760,1,SPOT
user_27821,4,AMZNH|BITO|EXAS|PYR|QLYS|VTR
user_14550,2,HDCHI|TSLA|VIXLE
user_31303,2,FOSL|XPEV
user_31300,5,LTHMP|PL|PYPLT|TSMPE|UPSWE|VIEW|VTSAX|WMS|XOMRE
user_23999,38,ALC|AMZNL|APX|ARWR|BABAE|BAMSO|BENE|BLK|BODY|BRYYF|CCLWA|CHNG|CSLLY|DISQ|DKNGC|DV|ENPH|ESS|EVOK|FAST|FBCOM|FIVE|FIVEY|FTMSA|FYBR|GCLT|GEWED|GGR|GINUX|GME|HDTHE|ICNM|INO|IP|JNJB|KNBE|LKE|LVMH|MANUH|MCK|MTCH|NCR|NEM|NUEDG|NURO|NVDAG|PACW|PAGS|PTLO|RAD|SCHD|TOR|TRADI|UDMY|VIG|YUMC|ZIM
user_29156,1,RWLK
user_31836,1,PINSB
user_33754,5,CNQ|GPS|HXL|MARA|PLTZ|PYPLL|SXTC|TPH
user_15934,1,MPWAL
user_23454,1,NIOBO|NVR
user_828,1,EXOD|SFTBY
user_4780,2,COST|MANUH
user_16804,1,RH
user_15769,1,WES
user_33274,2,ENR|GENI|NFLX
user_11566,2,HAIN|SNX
user_3952,1,HCA|KOOTH
user_14225,3,OPK|QCOMT|WRLD|XPEV
user_2736,4,BTCI|CSLLY|IBB|PIN|SPYLO|XLNX
user_33531,1,PYR
user_5191,1,IGU|STX
user_5334,4,FBGUI|FSK|MSFTC|NVDAH|PAYS|QQQPR|WEAT
user_3332,2,CATFR|INVE|LCIDC|SCHDT
user_17980,2,KO|SHAK
user_3045,2,AAPLS|ATKR|IHI|JOBYH
user_9162,2,PG|RBLXC
user_22903,1,ATXI|SPX
user_16196,15,APE|BFRI|BVAXF|CKPTR|CM|CMGMC|DISCA|GRMN|IS|ITA|JASMY|LCTHU|MGNI|MNST|NDA|QNRX|RYANH|SPCE|SQBEA|TSAT|UONE|USDJP|VINCI|VOLT|VREIT|XPE
user_26010,12,AMDME|AMZNP|ASTSB|CKS|CTAS|ENVX|FARA|GOVX|LITM|MCDEU|MUSA|NEP|NNOXI|ORCL|RDDT|TGTSE|TSLAG|TSLAR|VRTX|VTVT
user_2765,1,HTZ|PYPLT
user_12537,1,BLOK|NAKAC
user_5206,1,AAPLH|GO
user_28161,4,IRTC|NKEI|OVV|TWTRA|UNP|WMTHO|ZRX
user_16265,3,ALTO|CSCO|FBPEO|SOFIH|TSLS|TSMAU
user_14631,8,AAPLW|COSTQ|EXR|MXL|NVDAN|POET|SBNY|SIOX|UPWKT|VZ
user_15610,1,PGSOU
user_25551,2,DKNG|NVDAV
user_16786,23,AFRMA|AGNC|AIR|BWV|BXDAN|COINP|DISQ|DKNGZ|DOOR|EMR|EQT|ETHHT|EXPRE|FBHTT|GDRX|HON|ILST|KNEBV|MUDRO|NK|NRBO|PERI|PFE|PLDHT|PLTZ|SBLK|SBUXB|SPYTH|STORM|TDOC|UPS|WPM
user_16264,25,AAPLO|ADDYY|APDN|AUB|BROS|CAR|CGC|DOT|DSP|ENSC|ESTC|ETSY|FBWHA|FLL|FRSX|FSLRB|HOOD|LUXE|NFG|NVDAN|PINST|PLTRE|PYPLC|RAD|RFFUL|SHPH|SPXW|TDG|UDR|UNF|UPSTM|VOSO|WERN
user_7280,10,ATEYY|ATH|BNB|BRQS|COSTA|DGROT|DISIF|EGRNF|FBLAS|I|INTUO|LMTUT|MCDGA|PATK|SBUX|SHLS|ZSEV
user_27268,1,ETN
user_21927,2,BRUSH|PYPL
user_13140,2,AMPL|EBAY|GMR|RHHBY
user_2896,8,BRKSO|LOWWH|MKLIN|NXP|ODFL|PARAH|TDIVI|TSM|XPEV
user_147,1,GLNG|LTUM
user_27931,5,AAPLF|CSPON|DMTK|DVAX|DXCM|MA|NETL|QLYS
user_3448,1,BX|VISM
user_4874,5,AEMD|COSTM|CYBR|IPGP|OLED|SAFE|VLE
user_14755,22,ABM|ALV|AMCGR|AMDBU|AMDCU|ANF|APRE|BACMO|BRUSH|CATSE|CTIC|CXO|FBWIL|FNF|FVRR|GNPX|HCP|IEI|INTCF|IVV|LOOKS|LTHMP|LYB|MMM|NCR|NIO|RYTM|SJI|SPCET|SPOTW|TRIN|VUZI|VVERI|WING
user_30511,1,ROKUU|TSLAJ
user_22233,1,SCTY
user_821,1,BESOF
user_23587,36,AAA|AAPLA|ADTX|ARGO|AVID|AXSM|CARS|CCMP|CELHM|COSTC|CPNGC|CRMGO|D|DOLE|ETD|GANG|GDYN|HRZN|IQ|IWMKE|JOBY|LEG|LQD|MA|MFST|MMMBU|MRNS|MSFTD|NBIXW|OMI|PLDHT|QCOMA|QQQSH|RTX|SAFE|SASR|SHLS|SSTRE|SU|SYY|TCEHY|TLT|TSLAV|TSLAY|UPWKW|V|VZHEA|WEBL|WFCDE|WRK|XPE|ZIMPL
user_5660,2,DIS|NEE|QID
user_29328,1,DASH
user_33189,4,EQR|FTHUR|NFLXP|NIOS|SPYNE|TSLA
user_31170,5,AAON|ATLAS|COUP|JNJRE|MSIND|PSEC
user_15313,1,ALLG|KSPI
user_5539,1,BABUL|GLBE
user_18553,1,ULET
user_9478,1,HX
user_15400,1,OPRA
user_23888,1,AAPLD|S
user_29194,1,BAM|IBB
user_13947,1,LQD
user_11704,2,DISFR|K|XVG
user_6551,1,ADM|AGR
user_21517,3,COST|ODFL|TSM
user_16250,4,AMTWH|ARKG|AVAX|BKSY|ORA|RS
user_19379,1,ABBVT|GGG
user_4670,1,AYX|NU
user_33319,7,AAPLP|BABAE|EVBG|EVCOI|GCT|JEPI|PCAR|QQQ|TSHAR
user_27031,1,CATSE|USO
user_33914,3,AAON|CAT|NFLX|S
user_4826,1,TRTN|WFCBO
user_15704,8,AAPLD|ABTWH|AMDTH|AMZNP|BAENT|BUD|EBA|FBTHA|FBTHE|IMXI|LMTJU|MOGRO
user_24727,2,SONVY|UPWKT
user_28364,1,MOTEC|ON
user_6630,1,CFB|MSIND
user_23036,1,FYBR
user_3838,3,CCLWA|DCI|PRPL|TASK
user_22730,1,CSCOA|XIL
user_33077,2,APPLE|NIO
user_31933,2,AAWW|DBC|KODO
user_17625,5,BEN|BOFA|CLOV|DHI|DOX|GPS|NFLXY|SNPS|SON
user_18373,2,LCID|LTHM|NFLX|SGAM
user_32268,4,AAPLW|AMCR|CRMOR|CRWDT|DM|EVVTY|PALL
user_29219,1,ABEV
user_5701,4,CKPTR|CRNCB|LIB|NIO|TUR
user_240,6,ALIF|AMDMY|ENSC|GCLT|JNJPA|META|NXGN|OXY|RMD
user_34152,1,TSP
user_4506,28,ACNDA|AEP|AMPH|BRSH|CGRN|CRWDH|DBGI|EPRT|EPSIL|FBINN|FBLET|FBPUS|FRBK|IMBI|IREN|JNJB|KISHU|KRVER|MANA|MGM|MMMMI|NCTY|NETA|NXH|PGSOU|PWR|QQQAN|SHOPF|SSNAP|STAA|STIP|TLSAR|TSATM|TSLAU|TSRI|VOSO|VZHE|WRK|XOMDI|ZM
user_20458,1,BBIGC
user_23228,1,RYANH
user_252,1,WLL
user_32186,1,INTU|TSLAL
user_32505,22,ABBVU|AMD|AXNX|BITO|BLKIN|BP|CRUS|DRIO|DXYHT|EC|ESCA|FE|FSLR|FWONK|GOGO|GTBIF|KEYS|LANC|LMNDS|LTNC|MATIC|MSTR|NCLH|NEEAR|NETSO|NFLXW|ODIVI|RDFNW|RIOTW|SGMS|SONY|SQDAT|SWCH|TLNT|WELT
user_544,5,AVCT|GMAPR|KBR|KTTA|OCUL|PRPL|ROOT|UCTT
user_20745,8,CVANA|EE|GST|IDEX|MMMWH|OIH|PTLO|REALM|SBOX|SCHG|U|XLIGR
user_2856,1,SNOWI
user_11849,1,GME|MARK
user_13300,1,LCIDC|MCDRE
user_19505,1,BAENT|MCD
user_11698,3,COST|FI|RUSHA
user_3396,12,AMDNO|BTCDI|BTU|CYN|HLI|LFUS|MNDYA|PTON|PVH|PYPLA|RDBX|RKLBS|SPY|TRTN|TSLAW|UDIGI|USDP|VWHAT|YCBD
user_20837,8,AMBA|AMD|FAMI|LCID|QQQ|QQW|SNDX|TLNT|TSCOR|VEEV
user_19351,4,AEMD|BX|KOMCD|LEVI|OMI|XLK
user_17065,8,ADDYY|AMPG|DRV|ENVX|IAC|KR|NFLX|SASR|TR|TSLAQ|TX
user_12058,5,ARI|BX|CAH|EXOD|FUBOI|PDDI|SAVAA
user_33204,1,CNQ
user_34278,3,AAPLB|DEGEN|DEMOD|XPEV
user_3702,3,DTST|GMLI|OCUL|TWOU
user_19586,7,CNSWF|INTCF|LIN|LMFA|NCLH|OC|PCAR|PI|SNAPS
user_10051,1,MOGRO
user_4538,1,WFCDE
user_17950,2,ATUS|CNTX|SNOWI
user_21273,1,ILAG
user_4246,2,FXF|OSK|WWATC
user_3847,13,ABBV|BITOI|BKE|BYND|CDSG|CGRN|CMGMC|CTVAD|EVVTY|IWMBU|KMI|MMAT|NKEC|SSEMI|UBERT|UBS|WMTDI
user_15524,1,ORGN|TITN
user_32840,3,A|BMYHI|COINW|SJM|SMICY
user_11467,1,SYK
user_13833,2,GETY|NOK|PARAH|SFIO
user_33599,10,ADC|AGC|AZNAN|BAHUG|BBAI|BTU|CRTX|FDX|L|MNST|MOV|MP|MRAM|TIVC
user_16752,3,BTCBR|DWACW|FLL|PUBMA|QSR|RSX
user_2097,1,TELL
user_23153,1,FARA|MAR
user_29991,2,KONE|LCTHU
user_34020,2,BKR|CHK|TNR
user_19660,1,BOXD|IEP
user_3395,3,ABNBB|LMTRE|NVDAH|QLYS|TSLA
user_7244,3,NSAV|NVIV|NWL|ROKUD
user_27843,3,NIO|TRIN|VZ
user_15757,2,SBUXH|URNM|WELL
user_3232,4,EXOD|KO|SMIC|SYNC|UPSTM|XOMBU
user_19609,15,ABNB|APPN|ARWR|AXS|BEEB|BTI|CMG|CNSWF|CPRT|CVXUT|DINO|DLNG|ENSC|EVFM|FHM|HUSA|JNJPA|KNX|LSPD|PYPLA|SGHC|SKX|TSLAK|TSRI|UNHEX|VRSN
user_13810,1,GMETH|RUSHA
user_2273,1,AAPLC|RGS
user_29458,1,NOWTH
user_34237,2,BIDU|LPTX|TX|XNO
user_1513,1,MU
user_19083,1,CCMP
user_28089,1,GGPIH
user_2808,1,ANKR
user_567,1,CDLR|COST
user_26602,1,HIPO
user_13287,15,ACB|ANSS|APH|BARK|BBBY|BOUV|CLH|CTSH|DIS|EFA|HCSG|HYZN|IOBT|JEPI|LCIDC|ODFL|PRNT|SODER|THC|TSCO|TSMPE|WFCDE|WISH
user_306,1,AMPG
user_18192,1,MMC
user_16577,1,FSM|GAME
user_2102,7,AAPLS|ENPH|HLT|IDEX|JNJHI|NCTY|NILE|PARA|SOFI|WAL
user_22008,2,GIS|TREE|VZ
user_29042,7,ASOFU|BABAI|CRLBF|CRWDH|INTCR|KRALL|MAT|MSTRW|RSKD|TEVA
user_19699,1,SIDU
user_3173,1,CB|SGFY
user_29722,2,CDLR|GLD|PDDAN
user_29045,2,AAPL|AMGN|RES
user_3450,5,BYDDF|INTCT|LCID|MMMRE|QLYS|UFPI
user_8346,1,BLKIN
user_11473,1,GOOGH
user_18485,2,ACN|LCX|NETI
user_17146,1,TTCF
user_12467,2,CYRN|ORA|UBER|XAU
user_33259,1,SPXU|THTX
user_30418,1,BIIB
user_15974,1,PFEFR
user_17260,2,BX|CBSTR
user_27750,2,GPNBA|IBKR|PARA
user_14987,2,ENPH|RA
user_8226,1,AKZOY|PXD
user_12805,1,BTCMI|ONDS
user_6016,1,ASTRB|NEWR
user_26628,3,CVNAT|HUTME|SIRI|SPCE|ZTS
user_4863,1,QQQOV
user_8478,2,LMT|MAGT|VZ
user_20072,1,OTTR|TWTRI
user_6183,1,EJH|TPR
user_4402,2,BBLN|UPSTC|WPCWH
user_9065,1,ASIX|TTDMA
user_21508,3,HRMY|IIPRR|MPSOL|RL
user_1507,1,JO|TTDEV
user_30407,1,DEDEC|YELPW
user_12922,1,BA|UPSTH
user_7091,1,ARKK|UMANY
user_20191,1,GNRC|SJW
user_27799,2,GOOG|PYPLI|TARO
user_25071,1,BACMO|TSLE
user_24109,1,DELL|XRX
user_9124,2,CHKPB|PG
user_16994,1,APPSI
user_18106,2,BOA|COST|CSPK|WDC
user_16947,2,ABR|CALA|ME|VZHEA
user_31145,4,HX|NETSE|NRSN|SCL|TGTDO|ULVR
user_27801,1,LKMEX|TTDMA
user_19983,1,KTB|SPGGR
user_19013,4,AGG|CALLS|FTESL|L|LMTJU|OPORT|TSLAR
user_25023,2,CRMOR|LOW|MTP|UMG
user_5034,1,AMCR|DMTK
user_7563,26,ACHL|AMDBR|AMG|AMSWA|ASMLW|BKU|BLK|BTTX|CHF|CLFHT|COSTA|CPBCH|CYN|DISFR|DOGEZ|DSP|FBWOK|FR|HUYA|ITA|LTHM|MNMD|NLST|PHIA|PINS|PINST|POLA|PROG|PRPL|RDW|RICK|RWLK|SLAB|SPGI|TKAT|TWST|XLNX
user_7444,2,ALIF|NOC|WMT
user_29463,1,CSOUR
user_13826,2,MTB|TNX
user_30016,1,AVGO|SPOTW
user_21015,1,IGEX
user_24483,1,DD|JETS
user_5093,1,KOOTH|NFLXS
user_21028,2,AMPH|MSFT|TTDHO
user_4084,1,CL|VOLT
user_26613,1,GOEV|GOOD
user_8531,1,LUNC|MYNZ
user_3282,1,FHTX|MGNII
user_9096,18,ABNBB|AG|AMOV|AMZNH|BLNKA|BLOK|BRYYF|FBFIN|FCXWA|FIS|GLJ|HEC|IAC|ILUS|LCX|NDQ|NIOWA|PURR|QQQSH|SOLHT|SRC|STIP|STOR|TSLAA|WMTCO|XNO
user_8914,2,BAX|LLY|MAGT|NIOPU
user_4216,3,EGLD|MPWAL|NEO|NK|SPOTD
user_26932,2,APOG|ORPH|XPEV
user_16969,3,AAPL|LPTX|MAN|TKAT
user_31844,2,AMD|BLOCK|NIOBO
user_20796,2,BLCT|BX|MMMRE
user_34213,1,AXS|FBINN
user_16986,3,GMED|NIO|PFG|PHAS
user_28512,1,MIMO
user_33306,1,ASSA
user_32059,1,FBUSE
user_6275,1,CAST
user_1339,1,SIOX|WIX
user_15789,5,HYRE|LRC|ONNAR|ROKUF|TSN
user_25504,2,BABUL|BTBT|MRNAW|OPRA
user_31738,1,BAC
user_4385,1,QQQPU|SOLO
user_31927,4,AAPL|KERN|MRNA|RNDR|SUSHI
user_16898,7,BABAU|BBBYH|EE|GPN|LCTHU|LIB|MELIM|SAVG|SGML|VW
user_25078,1,ONCT|TOL
user_34265,1,LUNC|TER
user_10360,2,SMAR|VZ
user_33827,1,RICK
user_6821,1,GOOGP|GT
user_18323,5,AMZNN|APA|CATFR|INDI|LULU|SNOWC|SOFIN|ZI
user_31926,1,BIG
user_18560,2,DOCN|NTR
user_5562,2,AMZNA|BRPM|CBOE
user_31729,1,CACC|SPYBI
user_33976,2,EB|LFG|LUCD|PDDAN
user_11451,2,HDTOP|HSBC|XPEV
user_23088,1,ATLAS|X
user_29159,1,AXPGO|MPWR
user_12185,1,JPMD|MSTF
user_28045,2,CASTI|CRWDS|CTRA
user_9744,1,LSXMA
user_6735,1,MYNAN
user_18487,1,ESTC
user_8534,1,CGCO|WAFD
user_23660,1,KKR
user_30225,1,SM|VMOHN
user_11939,1,TYDE|WNS
user_23381,1,CAJ|MPSOL
user_20006,1,VCOME
user_21599,1,MSFTP
user_14321,12,AAPLO|BAOS|BLNK|CARG|CVNA|DISRO|FDN|GPS|MMC|MMM|OLO|PG|PGNY|STBA|THTX
user_16372,1,SNOWC
user_31910,6,AAPLF|AERC|AJG|CBSTR|CHE|MAXR|MRVS|PBT|WEBR
user_5062,1,BKNG
user_16989,1,MS|NFLXT
user_12801,1,TOR
user_31912,1,MVIS
user_33703,3,BULL|CRWDH|KXA|STRON
user_30798,1,CPNG|POW
user_1493,1,UEC
user_13062,2,IMT|SBUXI|TSLA
user_15205,3,ENVB|LMT|MMMRE|NVDAG
user_12627,1,AARK
user_5952,1,NNOXH
user_16983,2,CTV|LIN|POSHY
user_23477,1,CELHC
user_7074,2,WB|XELA
user_6940,2,AMD|ARRY
user_31876,1,SAIC|UNHDO
user_32541,1,SPXU|VRAX
user_28532,6,AMDBR|BACMO|EGLX|INVE|KMI|MAGT|NKERB|SWPPX|SYY|TNR|VEU
user_17859,1,LFIN|MKTX
user_6029,1,OTECH
user_31913,2,CRTX|GOOGH|VIG
user_15671,1,BMY
user_30014,1,BAK
user_12879,1,UMC
user_26091,1,NWBO
user_2536,1,ALGM|NOVA
user_24377,1,CHRW
user_8864,1,MSFTM
user_31643,1,BENE|GST
user_6175,1,NEM
user_29452,1,AIG|ENR
user_6964,4,AFI|CGCHT|COVID|CRMI|DISTH|TSLAE|VZJUN
user_34126,1,AMDFU
user_32621,1,BXP|SMOG
user_6967,1,AFRMT
user_27978,1,JPMHT|TTDMA
user_6966,1,AMZN
user_25924,1,ALC
user_14123,7,AAPLD|AMCRI|CALM|CRMPR|HOOD|IT|MLI|QQQOV|SHIP|XLV
user_17568,1,PTONJ
user_13189,1,NCR|UBI
user_27745,1,RHCLO
user_10595,1,UOWN
user_6749,2,AMD|AYRO|ZS
user_10047,1,BFRI
user_6313,2,ALLK|HIBB|INTC
user_24527,1,MQ|MVRS
user_14693,2,CYRN|DBC|STSS
user_12150,1,TU
user_5413,2,AJG|CFB
user_9007,1,FTCH|KXA
user_27196,1,BTTX|WBA
user_33882,1,FBK
user_26273,3,GDYN|PYPL|TSLA
user_6759,2,AMZN|PIXY
user_17083,1,SYTA|TSEM
user_5981,1,UPSTO
user_31552,2,FHTX|SLAB|X
user_31164,1,TIA
user_8433,1,BYM|MATIC
user_20075,3,LMTUT|TELL|WW|XEL
user_15653,1,METAE|WW
user_32873,2,META|MRTN|WRLD
user_20934,1,AMZNU
user_8857,1,GEF
user_3267,1,ADDYY
user_14216,2,DISGO|HSCS|ROL|VRAX
user_876,1,SIRI
user_27656,2,AAPLO|GE|PRM
user_5152,1,CHL|TAN
user_11438,35,AIZ|AMZNO|ANVS|BEWI|CCL|CLFHT|CRLBF|DCBO|DWAC|EMN|ESS|FBI|FE|FISVB|GFS|HAIN|HOSKY|HUSA|KED|KONOV|LIHTT|LMNDS|LMNDT|LTNC|LUNC|LVS|MAFAC|MELIC|MS|NDQ|NWN|OHICO|ORCLA|P|PSNL|QRTEA|RDS|SNAPS|SWAV|TME|TSCOE|TTDGE|UDMY|UNI|USAP|USDJP|UWHAT|VIR|W|WBD|WWATC|ZMBEA
user_16510,2,AMD|GAME
user_15388,3,KMB|KO|TSME|XPEV
user_24413,1,DIAHT|PTRA
user_6978,6,AVY|BNGO|LSPD|NIO|RDS|RGNX|SONM|TSLAK|VISM
user_1446,2,CYTK|VO
user_6756,1,INDI|TSLAN
user_9434,3,BYND|DOOG|STUDY
user_28039,1,FBBEA|LMNDT
user_33159,1,NYCB
user_33338,2,AVLR|CRM|GOOGS
user_12439,12,ABCL|ADAP|ALPP|AMPL|DRVN|EGHT|ELONQ|KSPN|MIOTA|NOVN|OI|ORCLA|PLTRA|RMO|TGTTE|ZIMAY
user_3671,2,BOA|TRUP|VZ
user_1271,21,ACON|BABYD|BITF|BYDDY|CBIO|CELHM|COUP|CTV|DISRO|DOT|ELS|ENVB|EOG|GAME|GDRX|HYZN|ICL|JPY|LUCD|MAFAC|NVCT|NVDAH|NXGN|PETZ|PGSOU|QQQDI|RUSHA|TSHAR|TXG|UPWK|VYM|WKHS|ZG
user_7259,3,NFLX|NIO|TSME
user_1499,1,AMCTH|HKD
user_8322,1,VW
user_3468,1,SWKS
user_24374,1,PFEFR|SG
user_19212,2,ATER|LMFA|SOC
user_7111,1,GBX|PTONJ
user_6961,1,SEMER|SPYBO
user_24391,1,FET|TSLA
user_24396,1,KISHU|NKEMO
user_30296,1,MCDEU|OI
user_29648,1,FUBO
user_15359,1,PLTRT|UUP
user_10982,1,IZRL
user_9332,1,LCID|TONR
user_3154,1,JWN
user_7545,1,AAPLJ|FBTHA
user_24397,1,MTCH|PTONB
user_26883,1,CNSWF|IREN
user_2572,1,GMVD|MOB
user_33046,1,LLYSH
user_25323,7,APDN|LCIDW|MODIV|PDDWH|PURR|QQW|SHW|UBS|ZWATC
user_33549,1,AUTO|JWM
user_21199,1,AG|HDHEA
user_30070,1,KRVER
user_20524,2,COIN|MRAM|SWBI
user_6925,1,ITCI
user_30456,1,EGP
user_30907,2,DISHB|MYNAN|QCOM|WTER
user_23141,1,NFLXO|XRX
user_24381,40,AAPLP|ALLPE|AMZN|APP|APPLE|ATER|ATTO|BIIB|CASY|CEL|CELHC|CNBS|CNICH|COINH|COINW|CPI|CRMGO|CRMOR|DBX|DISCH|DISDR|DKNG|ELONQ|ENDP|FAZE|FNGU|FOSL|FSM|GSK|HIPO|HPNN|IHI|JPEX|MSFTC|MSTRG|NIKLA|NIOSH|ONKIN|PRTY|RCL|RGS|RYE|SKW|SMG|SOPA|SQQQ|STUDY|TENB|THSET|TROW|TRTN|UAMY|UBER|WIRE|XELA|XOMWI
user_6980,5,BBIG|IONS|KISHU|MCKBO|PFE|REXR|SOSHT|VTWO|WELT
user_25999,4,ASMIY|DJIA|DRVN|NFLXQ|SNPS|SYFDI|URBN
user_6663,6,CTIC|GEBRF|LNTH|META|QCOMR|SOFIB|SWK
user_6982,145,AAPDS|AAPLD|AAVE|ABNBB|ABNBC|ACCO|ADTN|AEO|AEP|AIR|AKAM|ALB|AMDWE|AMKR|AMZNC|AMZNG|AMZNR|ANCTF|APH|APPLE|ASTS|ATEN|ATZ|AVGOF|AXTA|BABYC|BAI|BAM|BCYP|BFRI|BLCT|BLKIN|BLNKW|BTCDI|BTF|BTQ|BTUSO|BVAXF|CACC|CAH|CBRE|CBSH|CCLES|CHKP|CI|CLVT|COF|COHU|COINS|CP|CPBCH|CTV|CUBE|CUBI|CVXBA|DBX|DCI|DE|DGROC|DIDI|DISHB|DOCNG|DSIGR|DVA|DWAC|EBON|EGLXO|ELAN|ENPHW|ENR|ENTG|EPS|ES|ETHHT|EURUS|EWZ|EXEL|FAANG|FBI|FBSEQ|FBULL|FBYOU|FFH|FRZA|FSLRS|FUTUW|FYBR|G|GEF|GGG|GMEHT|GMQ|GMS|GOOGL|HCCI|HOG|HSCS|HT|HTR|IDT|JWM|KAVL|KBNT|KLAHT|KOOTH|KWEB|KXA|LANC|LEG|LIB|LOVEL|LSK|LVSTH|LYXE|MA|MCDCO|MERC|MFST|MKSI|MKTX|MNDT|MOV|MQ|MREO|MSFTR|MSM|MVRSA|NASA|NFLXI|NFLXN|NKEWA|NNI|NRG|NTES|NUEDG|NUPAT|NUTX|NVDAR|NVDAT|NVDIA|NVIV|NVVE|NXST|OGI|ONDS|ONKIN|OTECH|OWHIC|OXYBO|PARAH|PAVM|PEP|PLBY|PLTRA|PMFEB|PTRA|QCOMW|QQQBU|RBLX|ROKUA|ROKUD|ROKUF|SBUXJ|SGML|SIDU|SKLZF|SKWS|SM|SOXL|SPCE|SPOTT|SPX|SQAT|SQDAT|SWAV|SWMA|TAP|TDG|TEL|TFC|THCA|TPH|TPR|TRUP|TSCOR|TSLAA|TSLAI|TSRI|TTDEV|TTOO|TUR|TZOOT|UEC|UL|UMC|UPWKT|USWS|VB|VBUYS|VLE|VLNS|VORBH|VV|WCLD|WFC|WGOTH|WKR|WLL|WPCWH|WST|XAU|XLRE|YELPW|YETI|ZMPAR|ZSHTT|ZSREV
user_7355,1,VXAPL
user_4307,3,ACO|MTP|PAG|RGS
user_16661,9,ARKF|AXS|ETHAD|FBYOU|LINK|NETIT|PLAB|PLTRC|QQQTR|SEDGD|TOST|UBSMO|WPM
user_22811,1,MP|XLM
user_28433,2,BITF|JASMY|RYM
user_32233,2,BZUN|FSUGY
user_14630,4,ABNB|IMPP|NUEDG|RDDT|SM|TITN|TLO|TSCOR
user_11657,4,AMZND|DFI|FTNTO|NOVA|VZMAR
user_18689,1,ROOT|WSM
user_24092,1,BOC
user_23874,5,ATZ|BCEL|BTCNE|BXDAN|ETHE|FTCHW|NKLAQ|SYN
user_16812,2,HKD|PLTRM|PYPLC|RMO
user_34245,1,HOODI|TME
user_28453,1,BLK
user_28601,1,PRFT
user_8737,1,CVNA|XPEVH
user_15557,2,ILPT|MSFT
user_6992,1,FLIKE|TSLAS
user_9156,1,INDI|YOLO
user_33615,1,LRN
user_31452,2,CMG|ETHE|SOPA
user_12570,2,AKAM|CTV|DRIO|SPOTR
user_14688,1,EPS|FISVB
user_18415,1,BTC|GRTX
user_12427,1,PTPI|SFT
user_24482,2,ARRK|DLO|SBSW
user_15200,1,FIVEY|KRNT
user_17352,4,ARCH|ATGE|AXS|CCWF|CGCO|LVS|SJM
user_5629,5,ACN|EXPR|META|MSTRG|VORBH|VXAPL
user_19240,2,CM|OMI|SIBY
user_27895,1,APPSV|VCAR
user_31135,1,BAT|HONRE
user_7385,3,FUN|GOEV|INTCH|RUNSH|TREX
user_1229,4,DOCNS|DXYHT|EMB|EW|VRT|WISHT
user_29336,1,BAESY|MDLZ
user_30942,2,DPLS|UNHDO
user_13961,2,TSLA|UMAYB
user_23760,2,QQQOV|RIOT
user_31006,2,FLUX|NKEB|ORCLA|VWHIC
user_15845,1,PDSB
user_13155,1,DRTS
user_21555,4,AMDCU|BLOCK|BVXV|QQQOV|VSATO|XHBGR
user_17868,4,COST|PCTC|QQQ|RIOT|SLAB
user_25703,2,AFRMD|TSLA
user_12848,1,NKEI|NWS
user_6738,2,CLBT|DVAX
user_19534,2,AFRMA|DISCK|NFLX
user_17152,1,ZIONT
user_6963,39,AMDCU|AMDST|ATYI|BEWI|BTU|BZUN|CELZ|CLR|COSTS|CVX|DLR|ENDP|EQUIX|EWT|FTM|GDS|GM|GOOGL|GOOS|GREEN|HSY|HYMC|ILMN|ISRG|JPEX|KC|KRALL|KRX|LCIDT|LLY|MKL|MKLBO|MPC|MSTRH|NDA|NK|OPRX|PEB|QQQM|RCAT|RDDT|ROKUD|RVPH|SBUXA|SCHL|SCL|SFTBY|SNAP|SOFIH|SPCET|SPOTW|TDIVI|TLA|TSLA|TWNK|UAMY|UFO|UNHHO|UPSTH|VEON|VLON|VSATO|WILD|WPCWH
user_24386,4,BETZ|GRBK|LWLGE|NWS|RGBP|TQQQ
user_21641,3,CRXT|DRTS|ENPH|RL|SHOPR
user_22353,2,ONCT|TSAT|UPWKT
user_3571,4,AIRS|AXPGO|CDLX|CLH|IVA|TASK|WTER
user_205,1,BOKF
user_27076,2,BTCBR|KRL|TXG
user_863,8,FVRRO|FYBR|IFNNF|JPMFE|MFC|QSSOF|TTDEV|VEON
user_24968,1,AMBAC|SKIN
user_19026,14,AFL|AMZNS|APPH|BILLV|BOND|BWV|CRDO|FBYOU|FIVE|GDRX|HUSA|LHX|LYB|NDQ|PCAR|PYPLT|RIDE|RMO|SCHM|TTDFI|UBER|VFOCU
user_27109,2,AGRI|COMP|MANA|MTN
user_29474,3,ACI|NIKOL|TRTN|VZ|ZDROP
user_2837,1,NXST|SHOPS
user_22561,8,APPH|BILL|BPRM|GAME|GMT|MDT|OD|RBLX|SLB|TEAM|URNM|VTV
user_33014,3,AMD|CNBS|META
user_25307,6,AOUT|BABAB|EJH|FXY|LTUM|NVCT|QQQPR|TPR
user_11916,1,CTV|FBIN
user_11162,3,PTLO|TECK|TSM|TUPHT
user_3213,1,FBBIT|VEA
user_24870,1,AMCRI
user_27591,2,BTCNI|CARG|QQQTH
user_20319,1,CNQ|XM
user_31959,1,SKW
user_6479,22,ABBVW|ALGO|AMATW|AMZNC|AMZNN|ATEN|BAC|BROS|COINS|CPRI|DV|FBCHA|FBZUC|FFIE|FHM|FIVN|GM|GOOGP|IOBT|MARK|MRVL|NIOWE|NOCPH|PAGS|PSTH|PYR|SOLHT|SYK|TGTSE|TWOU|UBSMO|WERN
user_9652,3,NIOGO|PENNN|SBUXW|SVM
user_10946,2,ABNBB|SBUXT|SPYYO
user_31022,6,FRBA|HFC|MOD|OSTK|SMLR|SNOWI|STM|VGT
user_7139,1,SQHTT|VORBH
user_612,1,PPSI
user_18325,2,LKE|SU
user_16837,1,LIDR|ONEX
user_13663,2,F|VUZI
user_28106,3,BBY|ENPHC|FRBA|PTOND|TLSA
user_29879,48,AAPLM|AMZNB|AVCT|AVGOT|AZO|BBIO|BJ|BNB|CHWYN|CK|CTSH|CVNAT|DHI|DOCUF|DUSCA|EBA|ENLAY|ETWO|FBHS|FBINC|FBPEO|FBZOO|FCXBE|GCLT|GMSOL|GRWG|GST|HDC|HSDT|ICL|ILST|ISPO|KERN|KNBE|LCI|LVMH|LYTS|MAXN|MBWM|MDIA|MO|MSFTO|MSFTP|MST|MSTRG|NIONI|NIOWE|OTIS|PNR|PTE|QQQHT|QRTEA|RCLWI|RDIB|REGN|RIOT|ROKUU|SAVG|SCHDB|SITE|SKLZF|SPHB|SPYSE|SSNAP|STZ|SWX|TSCO|VZREI|WE|WORK|XOMHE|XOMWE|XRX|YOU
user_12227,5,AUTL|COINW|CWT|DEMOD|FOSL|NCTY|WFCBO|XNO|ZTS
user_17738,4,ARHS|CHWY|KEYS|SONVY|SYYSO|WMENE|WW
user_13726,1,ABNBC|FSTX
user_8379,6,ARKW|FEG|JWM|LUVMA|SPOTE|TJX|UAA|WMB
user_9826,3,AFRMI|BKU|ENPHM|KSPI|WILD
user_4668,3,AAPL|ENPH|SHY|ZBRA
user_30517,1,CASY|SWIR
user_28407,7,AOUT|COINY|INTCV|NOL|PH|URNM|VMOHN|WES|WNS|ZWATC
user_33850,2,AAPL|EDU|OVR
user_77,1,MATLO
user_10730,1,FBTOP|FMC
user_3407,10,AMZNU|BEAM|BTTX|ENPHW|FTMSA|IAS|INM|INVE|IVR|MXL|PGNET|QQQNA|SOX|TMUS|UNG|WERN|YNDX|ZIDEF
user_24659,2,PBT|TXTM
user_25226,1,COMP|XI
user_11133,5,BACLI|CYRN|DJIFR|IEP|LUNAH|RDDT|STORG
user_3770,1,K
user_7217,2,XELA|ZS
user_7024,2,AMZNQ|LYFTC
user_4528,1,CELHH|FFIE
user_28505,1,FBHOP|SHV
user_799,7,CZR|EVONO|HRTZ|KEN|LSI|MOV|MTUM|PER|PLUG|PYPL|TSCOR
user_22797,1,DFEN|EVH
user_32366,14,AWS|BCEL|DOGE|DRTS|ETN|FITB|HYG|JNJDO|MTN|NAKAC|PATH|PTONR|RSP|SMH|SOLHT|TDY|UAN|ZMBEA
user_21983,4,AIT|BABAC|EVH|FSLR|NXPI|PTE|UXINC|YOLO
user_1235,2,AMTMA|ENPH|SYNA
user_11893,2,BX|WERN
user_34156,1,BSX|ICNM
user_28409,4,ABBVD|BBIO|DIS|ENPHW|HPE|ITW|TSMHT
user_5459,1,OLPX
user_13701,1,KSU
user_12308,1,TWTRI
user_33313,1,ATTOT
user_31419,1,ATAI
user_14757,25,ADP|ALIF|AMDAP|ASTSM|BILL|CRM|CTSH|EDU|ETSY|FAMIF|FDX|HKD|LMFA|LSCC|LTSLA|MRVI|NFLXD|NIOWA|NVVE|PCTC|PCTY|PDSB|QQW|RNGR|ROPE|SHY|SMICY|STRR|SUSHI|THCA|TNR|UDR|VMC|VRTXO|VZREI|XOMWI|XPENG
user_9298,1,BMRN|PVH
user_1961,1,VISL
user_4802,1,BFRI
user_19239,4,AAPLU|ATVIA|BLNKA|MNDP|PG|QCOMA|SHARE
user_4099,1,EXPR|PFF
user_11790,1,CSIQ|IRMAD
user_20677,2,ENPH|OSMO
user_12226,2,BODY|MDBWA
user_20293,2,MMMOW|TCOM
user_33928,1,BNGO|RHHBY
user_3692,1,TM
user_28406,4,CHNG|GDDY|KNX|LGF|OXYBO|SQSPO|UCHIN
user_31104,1,DISHU
user_27339,2,CIVX|FBROO|GENI|STEP
user_459,1,HTZZ
user_22846,1,HCCI|NIC
user_1527,1,AAPLW|CBRE
user_33408,1,AMZNP|CRWDH
user_27549,1,EXPR|GOOGT
user_32311,1,DISGO|TBLT
user_4569,1,PKI
user_11541,35,ABMD|AMC|AMDEA|BRKA|BZFD|CAR|CSPK|DEMOD|DGRO|DISWO|FOXA|FTS|FUTUW|GLD|HFWA|HOLE|INM|KLO|KR|LCI|LEN|LUMN|MA|NVDIA|NXTP|PAGS|PLDHT|PYCR|QQQPR|RBLXS|RFFUL|RIOT|ROKUN|SCTY|SENS|SGH|SKYH|SNAPT|SPA|SQAI|SSNLF|STX|SWKS|TSMHT|TWTRI|TXN|URNM|VXXJU|WAFD|WMENE|WNW|XRPHT
user_11224,4,BILL|BTCMI|TRIN|ZBRA
user_31407,1,ACN|TMO
user_10947,1,APA
user_33565,2,FBLET|FHN
user_11146,1,PBT|WSM
user_12239,2,META|ODIVI
user_27694,1,FITB
user_31689,7,ABNBO|AIZ|CMI|CTVA|PSA|SOUL|SPCET|UVV
user_18817,1,SDS|TRADI
user_19458,4,ASMIY|CSOUR|EXPE|HRI|VZ|WIX
user_9383,1,NNOX
user_547,2,BHE|KTB|XPEV
user_795,1,PTONJ|VOLT
user_4016,7,AAPL|COM|FARA|FBHS|FSV|IMT|NXST|TMUS|YETI
user_3115,1,IMCC|VBUYS
user_15837,2,ENDP|HOLE|SBUXT
user_4471,2,FL|IWO|WMT
user_4726,2,TSME|UA
user_20360,2,LNN|MYOV|QCOM
user_27795,7,CIEN|MILE|MTP|MXL|QQQFO|RFFUL|RYM|STAGC|UPWKT|VALE|ZIMPL
user_22106,1,AZO|MAIN
user_33937,7,ABM|AMDRU|AXPGO|BODYN|CGRN|CRNCB|GOOG|JUNGL|KLEE|MC
user_32586,2,AMDWH|BKNGH|FBJUS|JNJDI
user_30064,3,DEO|F|OD|UPSTI
user_6402,4,AAPLC|ABNBC|BETZ|BOFA|PG|PSA|TXT
user_14590,1,TSLAG|VRX
user_45,1,ATVIB|FBK
user_26781,2,PYPLL|ZS
user_4109,7,AAPLR|BAC|DKNGZ|FBTUE|HCM|LNN|MA|PRU
user_18177,2,DOCNS|TSLQ|YUM
user_12747,1,AMKR|REM
user_30891,1,JWM|UMG
user_18232,1,AMC|GMSOL
user_30479,1,KIBA|SPHB
user_23198,1,CVSI|GMR
user_19731,6,BAS|BENE|CBRE|GO|KNBE|PSEC|SBUXB|TSHAR
user_376,1,CLF|FCXWA
user_27316,4,AMDWE|MAGT|MDBAL|NFLXJ|SNAPF|SPYNE
user_14095,1,BEAM|XIL
user_12137,2,AMDEI|BMY|SBUXJ
user_16041,2,BCYP|LIDR|LYB|XPENG
user_852,4,EQNR|MKLIN|NKTX|PG|PTONB|QLYS|TSN
user_29757,1,GMAPR|PLDHT
user_31133,2,NFLXD|ONTO
user_14954,2,GMR|NOC
user_16671,4,COSTJ|ENSV|MPSOL|MSFT|PTONY|VVERI
user_19533,1,AKZOY
user_841,1,UPSTB
user_15666,1,A
user_6867,1,KKR|LILM
user_22093,1,BTCWA|CHWY
user_23557,1,INTL
user_8684,1,GGPI|RPRX
user_9471,2,AAPL|OD
user_19963,4,CRM|LGVN|RYANH|TTDGO
user_6081,1,CYBR
user_7946,1,CBSTR
user_1976,4,BESIY|CRM|MUSA|UBER|XDC
user_2973,1,APPSC
user_30523,1,AMZNF
user_16085,3,HDCHI|METAF|MRTN|PYPLC|SCS
user_13512,1,KLEE
user_1557,1,STAGC
user_16133,1,NVDAV
user_27380,1,JEPI|JPMD
user_32754,1,FAST
user_12182,1,FBIN|SYNA
user_3441,1,UOWN|XOMBU
user_117,1,CRXT
user_26342,1,TSLAQ
user_12164,1,VRAWH
user_12966,1,HUT|MZN
user_7379,1,FNF|PZZA
user_12973,2,AMZN|OMCL|UBI
user_10105,1,CECE|HEX
user_21858,2,AMDHT|CRIS|DKNG|SYNA
user_27475,1,FTS
user_1436,1,BMRN|PHRRF
user_20040,1,ATOM|HUT
user_28309,2,AESE|AMCFU|META
user_28913,2,FBHS|FIVEY|ZS
user_29751,2,GOOG|IP
user_29763,2,DIS|SGFY
user_28359,1,PINS
user_474,1,NEX|WAT
user_11896,2,AMCNI|EXAS|MOMO|SBUXT
user_1115,1,VXXJU
user_8132,1,CHX
user_6366,1,SEDG|SPOT
user_12668,3,CAD|ENPH|EQIX
user_32562,1,ROKUN
user_19343,2,DLRMO|K|ZG
user_29493,1,MBWM|SRG
user_18671,1,LNG|PUBMH
user_9647,2,KO|UHOPE
user_15365,1,SM
user_6550,1,TYX
user_8652,1,POWI|VISM
user_1111,1,BABA|INTU
user_7226,1,DNACL
user_1917,2,MSFTT|NIOHA|TTWO
user_9937,1,OKE
user_19341,13,AMDME|ATVIA|CLH|CRMOR|CRVS|FLET|GMREV|HOODT|NFLXW|OZON|PDDI|RS|SAVG|SBUX|SCHD|SONY|STEP|UPSTD|XLIGR
user_32751,1,COHU
user_33545,1,PCTY
user_5124,1,SOFIH
user_20135,6,ASOL|CLVS|CLVT|DELL|JNPR|KTTA|LUMN|TSLAS|WF|XPO
user_34308,2,APPSH|CRM
user_28373,1,CELZ|GINUX
user_2360,2,CSPON|VZ
user_34175,1,BAENT|TSLAE
user_13273,4,INTC|NSC|POWW|SBLK|VRA
user_2637,3,KLAC|RAIL|RDFNS|WIRE
user_21951,5,AAPLP|AMOV|ATVI|CCJ|HRTZ|OPK|R|SQSNA|UST
user_26786,1,EXEL|ILPT
user_11948,1,ROL
user_25158,3,BX|NFLX|PHMAF|ZS
user_9102,2,USNA|ZS
user_2720,4,AMDAP|HX|IIPR|IONS|NOCPH|PEPHT|SFIX|SGMS
user_17830,1,CCS|PFG
user_8884,1,SQBEA|TGTTE
user_9800,3,ENJ|KBR|RYE|VRAX
user_18545,3,BPOP|DWACW|DXC|FBP|FUVSO|TSLAF
user_15167,1,CHWYN|CRMI
user_20469,5,BVAXF|CBIO|DEMOD|FBHTT|GIS|HAL|MRIN|SWKS|USHE|WTER
user_23128,1,RKLBS
user_10919,1,DEA
user_28703,2,NFLXW|NIO|NNDM
user_14671,1,AEMD
user_4088,2,HDHEA|NIOGR
user_23199,1,ATVIA|TDG
user_8508,2,PDD|PG
user_1715,2,ENPH|INTCF|IVV
user_22601,3,FBLIK|FWONK|GOOG|SHIB|WEBL
user_753,1,AMDAD|MNDP
user_2643,2,LMT|RUNSH|SHIBD
user_973,1,AMDHA|ATZ
user_10989,1,SPT
user_19792,1,COSTQ|SEMR
user_19430,1,JNJB|SBNY
user_24417,1,APPSA
user_5555,1,CPRIT|NIOCL
user_30282,6,AVXL|BBBYH|GOOGE|NIOGO|VYMDI|WMB|XDC
user_33935,1,ATD|RNG
user_24222,2,CMRX|NEGG|THO|VB
user_29281,10,AGC|AMZN|AZPN|BATT|BNDX|CYTK|DFI|FBREB|GMR|INTCM|JWN|NEVAD|PHG|ROKUD|WMB
user_6294,2,FBEVE|NIKOL|NOC
user_22251,2,TWTRT|ZS
user_18988,1,DUSCA|MSFTP
user_5713,1,TNP|WM
user_16790,1,MIME|RIOTW
user_6190,12,ASLN|AWK|BXP|CAR|CHL|CUBE|ENS|GDDY|GMEDI|IMCC|MMMGE|OIL|PATH|SHWGR|STSS|TSATM|TTE|UFO|VOLT|WMT|WNS
user_14342,10,ALIF|CRK|DPLS|EQUIX|ETHIN|FBMEA|NKEMO|OPK|PANWB|RVLV|SIOX|SPYIF|THMO|XLNX|YY
user_33098,1,HDTOP
user_19371,6,DOE|EJH|FBBEA|INND|PYPL|ZS
user_31739,3,AMD|MSFTH|QWT|SJT
user_17883,6,ACB|DRVN|ENPHM|GMREV|LYFT|MELIC|META|NOVN|SST
user_14579,2,PYPL|WISH
user_26307,1,SAP|TWTRR
user_22926,3,IEF|NDSN|VIXFO|VRSN
user_4337,1,ARVL
user_3445,2,AEMD|TSLA
user_27464,2,CBOE|MCD|SPGGR
user_30928,3,BBWI|ETHAD|UDMY
user_4166,9,ACHL|CGCO|ENB|FSLYH|LTHM|MILLI|ORCL|POWR|PSLV|SNAPS|TER|WBA
user_21612,13,AEM|ALLK|BOUV|BSX|BXHTT|CRWDG|DGRO|DOGEZ|GREEN|KAVL|MILLI|NVVE|OWILL|PRU|RYTEL|SNMP
user_11195,1,TNX|ULET
user_17044,1,AWS
user_1084,2,IVV|SAFE|XPEV
user_1652,1,BTC|OPORT
user_3161,3,MSFT|PSH|USHE|XLI
user_2313,1,MIME
user_22685,2,EMR|ZS
user_9375,1,HOODI
user_31313,2,AAON|INTC|SOFIN
user_24849,1,CLH
user_1471,2,AAPLL|ZS
user_4595,8,BLOK|BSFC|DVY|EVOK|HRZN|LESL|LTHMP|MEDP|POOL|SOPA|SPGGR|WELT
user_21374,1,SCHDB
user_1583,1,AMCRE
user_12841,3,HEC|HTZZ|NEGGI|RSX|SBUXT
user_31460,1,ROG|VOOTH
user_10738,1,BTCUS|CHWYN
user_27307,1,FSLYH|PGPAS
user_4788,2,F|PURR|VZ
user_26392,4,AUDI|CRM|FTMSA|PARA|THTX
user_23898,1,AAPLL|FCX
user_1194,1,NEEWH
user_26378,1,FBREB|ONCT
user_3506,1,AMZNT|DKNGH
user_22967,1,GMEON|INTCS
user_2096,2,AMT|SIOX|TLTNE
user_27302,1,ALPP
user_22077,1,ABBVF
user_149,3,ATY|BMY|GWRE|HDHEA
user_56,2,NLST|QRTEA
user_24352,1,AMZNV
user_4339,1,SWCH
user_14583,2,PG|PHARM
user_853,3,BX|FOOD|QUBT
user_29144,2,ATY|ENVB|TZOO|XPE
user_23603,1,CAR|TPR
user_31168,2,AFRMT|BX|HAIN
user_22209,2,ALLYB|LITM|NOC
user_17228,2,KRTX|PDDAN
user_26218,1,WEAT
user_5320,2,CNC|KO|MQ
user_9406,1,AMLX
user_188,1,HAIN|UPSTM
user_8963,1,HOSKY|UFPI
user_14680,1,AOUT|CSPR
user_24760,3,COST|INTC|ZEN|ZME
user_2599,2,ABBVB|MNDY|NIO
user_31809,1,CLX
user_28077,1,CRWDE|RPRX
user_27994,2,C|DVN|PLYPL|SEMER
user_14608,2,VRTX|XPENG
user_33144,1,BAYC|SCHG
user_23687,2,GNS|OIH|SSEMI
user_19088,6,AFL|AFRM|CAG|FBK|FND|NIOIS|PIXY|TRV|TSMFI|UNA
user_16360,2,DOOR|OPCH|SEA|XCUR
user_15104,3,DIS|EVH|VUZIE
user_30359,3,DOCNC|IBM|IMT|TSLAY
user_32619,2,QID|XPEV
user_17904,2,NKENV|TPL|URBN
user_29285,1,DHI|DRTS
user_11644,1,AMDME
user_12269,2,FDN|FTM|PLTRT
user_10564,3,ABBVR|INMDF|MMAT|RGS
user_1681,1,BLKIN
user_4618,2,AZNAN|IWMBU|LEA
user_14359,1,KHS
user_2435,1,BSMFA|FTCHW
user_34236,1,DELL|DISWO
user_79,2,EA|LVMH|SHAK|TSLAO
user_17368,1,MIME|WBA
user_23015,1,LHX
user_16129,2,FFH|HT|OSTK
user_9527,1,NKEFE|UOS
user_15340,2,LMNDS|STRN
user_29130,1,DISQ
user_30044,1,ONNAR|YUM
user_26479,2,AMDIF|AMZN|MUTOD
user_23019,2,BRYYF|META
user_32499,1,VOSO|XOMNO
user_32641,5,ADYEN|AIT|ALK|HUBS|PYPLN|QCOMJ|RGTI|RRC|ZTS
user_29419,1,APE|FHN
user_14661,2,AAPLP|DISTH|FBHER|SAVE
user_5012,2,BUD|REM|RS|TMUS
user_31197,2,AMCNI|ATAI|CKPTR|NXST
user_28076,1,FSLRH
user_22127,2,AIR|GANG|GLXY|KBNT
user_19424,1,HCP|JPMNO
user_15106,1,BCTX|EBA
user_17257,5,ABTIN|CAMP|CVM|CVXI|CXO|KOCRE|TRIT
user_24599,21,ABTIN|ADTX|AFRMT|ALLK|ALLPE|AWRDI|BTCNE|COST|DISFR|DISNE|EXP|FBUY|FICO|FNF|IMT|LIBER|LIND|MCD|MCK|NIOFR|OLO|OPRX|PHG|QBTS|RYE|SQHTT|SSNLF|TDOC|TSMFI|VXAPL|VZRET|X
user_32789,1,AMDDO
user_25471,2,BWV|INTC|VGROW
user_3408,2,AMTD|GTSIF|SODER
user_6223,1,HCSG|ISIG
user_25426,1,PALL
user_15008,1,APRE|KSPN
user_3927,2,CNI|NIO
user_32651,4,AMD|NKEC|RHCLO|UBER
user_32061,2,EPSIL|SPYIF
user_14160,1,ASOL
user_13417,2,DIS|SAITO|TALI
user_31211,1,WEN
user_11949,1,TCOM|UAVS
user_27585,1,ASTR
user_23376,1,AVT|SYNC
user_16609,1,FBFOC
user_22414,1,HYG|QNT
user_1040,1,HTOO
user_32039,1,CSTAR
user_8516,1,OTIS|SUI
user_4428,2,AABB|VAND
user_30109,1,BTCWA
user_31668,4,BAALL|FBREC|HALO|MMMGE|TDOCA|TME
user_21228,1,MOD|TWTRR
user_4663,2,DISRO|SOLHT|VLNS
user_22242,2,AAPL|FQ|SCHG
user_23235,2,HTZZ|MGM|PCG|VIOT
user_6116,1,FNKO
user_2761,1,HON
user_2047,1,ELAN
user_1202,1,ENVX
user_13889,5,CACCB|CL|DVN|EDIT|INMD|KWEB|MAR|RGLS|UUP
user_10724,2,COSTW|PG
user_1733,1,COSTE|FBCHA
user_2454,1,GPS|SMFR
user_30206,1,BAENT
user_1355,1,ASML
user_12729,1,FBP|SNOWI
user_7412,1,TOST
user_6797,2,FCFS|TSLA
user_20623,1,HTHT|XOMBU
user_6794,1,BETZ|OVR
user_4916,1,BLDR
user_15908,2,ABBVF|HQY|VGT
user_24466,1,ATH|AZNAN
user_11780,1,LVSTH
user_11718,1,AMZNL
user_27779,2,NIO|UPSWE
user_25556,1,BYND|TWTR
user_19185,10,AAPLN|AAPLU|BEAMC|FISV|HLF|HUBS|KISHU|KODI|MDBWA|RICK|VTG|WBA|XOMNO|ZIM|ZPAY
user_10779,1,EV
user_10706,2,BYDDY|CZR|DLNG
user_25179,1,MRAI|PGNET
user_31100,1,NETI|PSFE
user_5495,5,BTQ|BTUSO|CRSP|ETHSH|GNS|SE|SEDG
user_10239,2,FRBA|PHAS|XPEVB
user_34029,2,FAMI|KTB|VZ
user_11931,1,ZIL
user_8301,1,CARV
user_18418,4,F|FTESL|GOOG|INTCR|TLA
user_7036,3,AIZ|COINS|INTC|PSA
user_14139,1,ABBVM
user_30420,2,MSFT|SENS
user_9925,12,ACLS|AKZOY|BAYC|CRM|DPZEN|EQIX|EW|FC|JNJHI|MCRT|MTN|TTD|URA|WST
user_17871,1,FRBA
user_26489,1,BON|PYR
user_26400,3,F|IVA|NVDAS
user_11781,2,GLBE|SLABW|UPSTH
user_6436,2,BK|INTL|LCIDT
user_18597,3,BA|BLBX|ETHCY|NOVO
user_7215,5,AAPLT|AMZNM|MNG|MPC|NVDAA|OKE|ONB
user_9769,1,VYMDI
user_21218,2,META|NSC|OAS
user_10280,1,APDN
user_12934,4,ABBVB|AXSM|GSL|IBKR|ISRG|SHEL|SWMA|VVS
user_9112,3,DISWO|ENPH|PYPL
user_31759,1,EQIX|SPXLA
user_9031,2,AMDPO|VZ
user_23617,13,AMDCI|AWS|BAALL|BILL|CXO|GBX|IMPXH|INAZ|KOAUG|MAA|MAXR|PMFEB|RDFNS|SGH|SGHC|SKIN|STZ|WNS
user_28953,1,CVNA|RL
user_17919,1,ALV
user_8315,1,EDMAT|PFG
user_2279,2,IPGP|SPYMA|WBAST
user_18182,1,NFLXD
user_12262,4,ATTOT|DGEO|PHARM|TNET|VTSAX
user_14391,1,GOOG|PTON
user_10229,2,MCDEU|TELL
user_22031,2,FMX|KRVER|MSFT
user_22552,1,ATY
user_3158,2,AMZNM|GOOG|SPYTE|TBPH
user_24552,6,CMCS|DGX|DORM|EE|IPGP|TGTTE|VOSO|WNW|YETI
user_5313,7,BBLN|CISO|FC|JEPI|KEYS|METAE|MSFT|MTCH|TSRI|XLF|ZSDAT
user_20675,1,FBTUE|PAHC
user_8696,1,IRM
user_15999,2,MOMO|NIO|VZDEC
user_2612,1,GBX|STM
user_10934,2,FRT|GREEN|SPYRE|XOMDI
user_21933,5,AAPLA|ABCL|BRCC|CPG|MRVLP|MSFT|UPSTC
user_16006,6,ASTS|CTT|FUL|JNJDI|MMMOW|MSFT|SCO|XOM
user_9703,1,BBWI|PENN
user_30568,20,AMZNT|APPLE|BABAW|COTYA|CSLLY|DAVE|DIAHT|DMYQ|ENPHM|FISV|FRPHC|IIVI|INTCS|MEX|NBR|NEE|NNN|OSTK|PIK|POWW|PT|QFOR|SONY|STORG|TRTN|TSLAV|UPSTE|VIXFO|VWEWA|WCLD|WGOTH|XCUR|ZSEV
user_29307,1,ABBVF|LRC
user_9028,1,BKNG|VZDEC
user_3353,1,RUSHA|SPXU
user_4028,1,SOFIN
user_33467,1,ALIF
user_21195,2,TMDX|ZS
user_7666,1,AJG|MCRT
user_26666,2,RPRXB|TU|XPEV
user_28926,1,THMO
user_31765,1,XPEVS
user_10197,1,IRBT|MRKFR
user_21905,2,AAPL|GNL|SOFIB
user_21466,21,AAPLO|AEO|AMDPO|BNDX|BOA|BROS|GALA|GMETH|HYG|ILUS|LSCC|MANU|META|MFC|MMMWH|MNGHT|NFG|OMCL|PGJ|PM|QYLD|RENT|SNAPT|SNV|SUMO|TX|UPSTO|XBI
user_26264,2,ILUS|KNEBV|TDOCI
user_26975,4,BNDX|ENPH|F|OCLG|VLO
user_10231,1,CCI
user_24889,1,RIO
user_29135,1,IEI
user_4915,1,WHEN
user_31743,1,DKNGZ|RBLXC
user_19400,2,ARKW|ENPH
user_9917,2,CRWDT|ENPH|MXL
user_18261,1,BXHTT|RDFNS
user_28471,1,SGFY
user_2500,1,SEBUY
user_31579,1,ARI
user_2049,2,FSLRA|MSFT
user_2014,1,BAS|ZMGAN
user_15717,2,GOOG|ONB
user_25895,1,LIN|SUMO
user_13160,1,YEXT
user_26989,1,POSHY|TRVN
user_23465,1,APDN|BSFC
user_255,1,FNKO|WMTSQ
user_15305,1,ABBVD
user_33775,1,FBLIK
user_1966,2,PG|PRTY|STAA
user_2479,1,ATZ|VYM
user_29076,1,AVT|ZIDAT
user_12739,1,CRWDS|SO
user_26596,16,AA|AMPH|BTI|DISCK|ES|FBFIN|FRBA|GGPI|GRAB|GRTX|IBM|INDI|KNBE|LEN|MPW|NWL|ROKUO|SCHM|SPPI|TOR|TX|XLF
user_10244,7,CCI|IIVI|KED|MTN|NIKOL|QCOMA|TSLL|ZPAY
user_32555,1,AFRM|ZIDAT
user_3127,1,BTCHT|EXPR
user_23555,1,BTUSO
user_10437,1,UTHR
user_1585,1,DISFI
user_14264,2,COO|LVMH|RGEN|SHW
user_3314,2,AAA|ACLS|GDYN|NDA
user_21680,1,COINH|TSMFI
user_11061,2,BKX|DHR|TSP|TWTRA
user_12712,19,AAPD|ADYEN|ALGO|AMD|AUST|CATSE|CMPS|COTI|CRMDE|DEMOD|DOLE|FANH|FISVB|FSTX|KBH|KMX|LESL|MBUU|MEDP|NDAQ|NEXT|OGI|POW|SFT|SGMA|SPG|U|WERN|WMTDI|ZC
user_722,4,ABMD|AWS|CLVT|LYFT|SHOLE|UMC|WMT
user_17940,1,DISHU
user_25739,2,APPS|PTONR|UFPI
user_18983,1,NADA|UAVS
user_23738,1,CLH
user_8774,16,AMEH|ATKR|BAP|CVNAF|DGEO|F|FSLRH|GSK|HAFC|HOOD|KOPN|MJ|MPC|PTLO|RENN|SFT|SGFY|SPOTE|SRTS|STRN|TCEHY|WILD|WMS|YCBD
user_4070,1,UEC
user_15880,6,BGS|CSTAR|ELON|EXP|GEVO|GRMN|JBHT|NOVN|ROKUH|VRTX
user_32933,1,IRTC
user_25014,1,HOSKY|NTNX
user_21074,1,CATFR|STNG
user_6422,1,LC
user_24450,1,AMCFU
user_21485,1,HYMC|VYNT
user_13317,11,ABCL|AFL|BEKE|BRKBP|ENPH|EVVTY|HUTME|IRBT|JPY|LIGMA|MILLI|MRVLP|QFIN|SUN|UAVS|WEBL
user_1901,4,CHKP|QQQVI|SESHO|SIWED|TIGR
user_14847,6,APPSI|AWRDI|BF|CVXI|MKC|MNDT|TGT|VIEW
user_5657,2,ADAP|CURI|EOG|PXD
user_19476,2,F|IRNT
user_20709,1,EXLS|SYF
user_13181,2,DGEO|TLA|UFING
user_7546,1,NEVAD|NFLXW
user_5346,1,GFS|GT
user_1756,7,APOG|BAENT|DTSLA|ENPHC|EPAM|FBUY|FRBK|LEN|ODFL|PYPLS|QCOMA|REV
user_7136,7,ACO|CTVA|ELS|FOUR|HX|JWM|OMI|PTE|SAFM|XLB
user_17130,1,FR|MMMAP
user_34238,1,EFX
user_30585,1,CS|WEBRW
user_4934,9,ADSKG|AR|CALM|CRWDH|ENPHG|ETD|EWZ|KSS|LOW|NEGGI|PBIO|PH|PTONP|SIOTH|THEY|UFO|WMTHO
user_5446,2,CDAY|JPMFE|MSGE
user_29416,2,DIS|NFLXC
user_18481,1,GEO
user_10442,1,NRG|REM
user_19972,1,LYFT
user_23716,3,BLI|FBGUI|HOLES|XPEV
user_19895,4,AMZA|GPN|NFLX|SOPA|TSM
user_3474,4,BBIG|CEG|CGC|MGA|MU|UPSTA
user_33309,1,SCHDT
user_10172,2,CDMO|CPG
user_3447,1,USAP
user_23830,2,BRQS|FOCS|VYM
user_25890,1,RDS
user_26834,1,DLNG|WTER
user_15780,4,AMTMA|CIFR|ETHSE|FFND|VXXJU|WMENE
user_25380,1,SOX
user_7411,1,CPRI
user_25981,1,ADM|WFCDE
user_1579,6,AWK|BITO|CHK|DRIO|FLUXI|HTZ|INTU|PYPLL|VMW
user_17373,12,AAPLH|AAPLP|AHT|AKLIH|BSC|CHPT|CL|DKNGC|ETHAB|FANTO|FBSEQ|FXYHO|HNTAM|JPM|LMNDD|OCGN|RUSHA|VZREI
user_23427,7,AMDIF|BEEB|ENTG|FRC|HFG|MNDYM|MUTOD|SNX|SSTRE|ULTA|WEAR
user_14634,14,ALBT|BEKE|BILL|COO|COUSD|CPER|DAC|DG|DIS|HNTAM|KBNT|MSTR|NASA|NFLXW|NIOCL|PAG|RCAT|STZ|WMENE
user_26662,8,ACNDA|ASANF|BKNGH|GDS|KDA|LANC|LECX|META|RNR|SPX
user_5078,7,BK|BOXD|CRM|DD|EPIK|IPGP|KHC|MRK|PDD|PLTRE
user_25505,14,AKLIH|AMCNI|APPSN|DATS|DSP|FERG|FUV|GMETH|HRZN|KOMCD|LTHMC|MOFEB|NEO|PEP|SHEL|SOLPL|SPACE|XLI
user_19844,7,CHX|CNQ|CS|RIVNA|SNOWE|SSTRE|SXTC|TSLAY|UHTTP|WHR|XPE
user_1654,11,B|CARR|CMA|CUBI|DKNGC|DRUG|EB|FBPEO|FTNT|GNTY|IS|JNJTO|MJ|NVDAE|TBK|TDOCH|XPEV|ZSHTT
user_334,3,BX|IMMX|KOOWN|RBLXW
user_26728,7,AGG|CHRW|DENN|FBTHE|FFIV|GOGO|HTZ|JPMAU|METIS|XOMHT
user_19700,7,APVO|AVT|BANA|FIVEY|GHC|NFE|PCAR|PH|SQDAT|SYA
user_5684,7,AMDSH|APRN|CARR|DGROC|HFG|IPGP|OMCL|PFF|SHELL|TXN
user_25786,7,APO|BRKNE|COINW|CPRX|CUBI|GNUS|MOMO|SBAC|SFIO
user_28936,7,HOOD|MMMWH|PER|PRE|RENN|UST|VXRT|WFG
user_22667,7,ABCL|ASSA|AVBTH|BABEA|BLCT|CRDO|CYBR|EDU|FUL|PBCT|PGNET
user_32480,8,AMZNR|DLNG|F|HON|KHC|NOCWE|SHY|SRTS|STRAV|ZRX
user_20694,7,AMGN|ARHS|BYD|CRWDE|KIBA|MSFTS|NVDAS|SAITA|TREX|XLFSP|ZSANA
user_20480,7,AAON|APLD|GDXJ|NK|PHARM|PNC|TSLA|TVISA|TYX|ZDROP
user_23196,8,ATVIB|BSX|DTSLA|ENPH|ESSC|FUTUW|HDTOP|ITCST|ONTO|TIA|TRRXF
user_5685,13,AMT|ARGO|BBIOW|BK|CECE|CHWY|CVNAT|HOMB|KRBN|LYFTC|METAH|NIOBO|NOVO|QNT|SNAPC|STX|SWBK|TXNRA|VOLT
user_3436,7,AAPL|ABBVD|AMDTH|CM|GSL|HDTOP|HRMY|MAIN|NRG|ROKUD|RYTEL
user_31454,1,CVNAF|WWE
user_27781,6,AXTA|BODY|CRO|FERG|HDC|IDEX|NOVN|UCTT|ZC
user_31429,4,AMDMY|LICY|ONON|VICI|ZME
user_17825,1,EURUS
user_3493,4,ACCO|ACNDA|BVXV|CSOUR|NBR|RDW
user_18122,1,ESTY|VYMVA
user_7228,2,IJH|NXP
user_21482,11,AMDWE|CAD|ELON|ERIC|EVONO|IYT|MPW|NFLXQ|OLPXI|PXD|QYLD|RENT|UPSTE|VRA|XMR
user_3845,1,VIXLE
user_28320,1,FMCB
user_30698,1,UNHEX
user_7938,1,WYNNG
user_17438,7,AFRMA|AMZNH|BNS|KBH|NEAR|NFLXH|NUEDG|POWR|TSLAC|WES
user_20772,1,GLW
user_12932,1,BYDDY|CELHT
user_20860,1,FXI|IBEX
user_23240,1,FTHES|PGPAS
user_20988,1,GFSCH
user_28358,1,ESTY|FBULL
user_13177,1,AUDI|SPG
user_23160,6,AAPLI|AEM|BABAU|BRKSO|IKEA|JBLUC|MELIC|MKL|SHOPH|XPO
user_5275,1,SVM
user_235,1,ONDS|PLAN
user_6450,1,SPYAL|TSLH
user_17714,1,CTRU|HGV
user_31493,1,BND
user_17538,2,AMZN|MPW|RIVIA
user_19412,1,BULL|JJC
user_3745,2,HCC|RCLWI|RDIB
user_9659,1,DMYQ
user_30689,2,BA|MUTOD
user_12784,2,EE|PYCR|UPSTM
user_15316,1,PAYC
user_30952,11,ABBVM|AD|AR|ASANF|AUB|BILI|BKU|DBX|FIS|GEWED|GMBL|GMQ|MUGRO|MVRS|NK|PETZ|QID|RNDR|SG|SSEMI|WFCDE
user_26204,2,AQN|DISRO|PHMAF
user_2874,2,SONY|UNFI|UPSVI
user_4589,2,NOC|TTCF
user_30334,5,CHRW|CM|COSTI|FBZUC|VZ|XRP
user_25542,5,ANSS|BKE|CHNG|EXPRE|NNOX|PARAH
user_29426,1,MMMMI|QQQSH
user_18628,3,NKLAQ|NVCR|PYPL|WOLF
user_23861,1,CDLR|NTNX
user_10472,2,AMD|BKSY|SPHB
user_17870,4,BACMO|CRXT|GRAV|GRBK|IONS|ZSEV
user_24883,2,FBHER|GOOG|NICE
user_2980,2,GGPI|HEC|PYPLL
user_31647,1,JBGS|XOM
user_20703,7,BTCNI|CHE|FBIN|KEY|MAS|MNDYM|PFE|POW
user_27471,1,GALA|TLO
user_21701,2,AG|GRVI|POET
user_461,1,CDLR|SBUXW
user_7192,10,AMZNG|AMZNM|DDOGA|DGWHA|DISHB|FTS|MCKBO|MDB|OGI|OSTK|PDFS|QQQVI|SPYBI|SYF
user_20608,1,IOBT
user_9634,2,AAPL|CRIS|RSSS
user_18768,1,NVDAI|XLM
user_17838,1,AXS
user_30772,1,PURR|WWE
user_13827,2,LIT|LUVFR|MODIV
user_27883,1,RMBS
user_24563,3,ABBVU|TSLA|ZS
user_26039,1,DWACW|SHWGR
user_30448,1,RDW|SPHB
user_18416,1,KIBA
user_32571,1,FMBI|GGG
user_1683,1,HNST
user_21088,1,KODI|PYPLL
user_23973,4,AAPL|FBREB|HTTZ|NNI|XOP
user_27693,1,BRO
user_3242,9,ABBV|BTCI|BZFD|CRWDH|CSX|FL|FSLR|JOBYH|LCIDS|NVIV|QQQAN|SPOTT|UPSVI|XOMBU
user_15329,12,AD|AIRS|ALLPE|AVGO|BBY|BHE|ESCA|FISVB|KLEE|NIOLE|NOCIS|NTRS|RGS|ROKUC|SEAND|SITE|SIWED|SQ|ZM
user_20863,2,NFLX|RTX|TSLAR
user_23520,1,ADAP|MXL
user_25900,3,INSG|PFF|RICK|VISL
user_2246,1,MTCH|ROPE
user_28299,1,SXTC
user_20199,2,AAPL|LIN|NCNO
user_1942,2,BNSO|SAIA|XRPHT
user_13971,1,DISDO
user_21596,2,PAHC|SNPS|TSLAW
user_30648,40,AHT|AMAT|ANVS|ASANF|AVGOR|BAWAT|BB|BMRN|BOFA|BTBT|BURL|CDTX|COUR|CREE|CRWDS|CUBE|CUBI|DGROC|DISNE|EDIT|ETHSE|EWBC|GMEGL|GVSI|IHI|INFQ|JNJPA|KRALL|LCIDT|LTCHT|META|MNG|MRNAH|NAKD|NFLXL|NIOPI|OKTA|PATHD|PCTC|PETZ|PLTRM|RAIL|RKLBS|RVNA|SAIL|SAND|SBFM|SBUXA|SCHV|SMIC|TSMAU|TWTRI|UFO|UOS|WSO|WST
user_14312,1,QSR
user_17664,1,SEBUY
user_13687,1,AKRO|NCLH
user_32464,1,SIBY
user_6034,1,PGJ|XLRE
user_25796,6,BP|BYDDY|DKNGD|HOSKY|LGF|TBT|TISI|UHTTP|ZG
user_8459,1,FBI|PRFT
user_26254,1,CRWDS|TSRI
user_33036,1,ANGH
user_21077,2,COSTC|PG|WNW
user_738,1,KOTUE|UPST
user_11641,13,ALEC|AWRDI|BCEL|BLOK|CHL|CULP|FBFIN|FHN|FL|GGG|HT|KONE|NFX|NIOHA|TSLAI|VIG|XLFSP|ZIDEF
user_21826,1,HRT
user_26478,2,AMZN|LUNAH|RBAC
user_10508,2,CLBT|ZS
user_2405,7,BX|DLRMO|EGRNF|FE|GD|IEI|PEP|RKT|VIOT|ZMGAN
user_13970,7,AUST|CLOV|FBUSE|HYLN|KO|LFG|NNN|PALL
user_2229,1,RUNSH|TPL
user_28135,1,CVXUT|TNET
user_30650,1,DDOGA|LEN
user_30862,2,BX|PDDI|PYPLT
user_12930,1,DIS
user_30007,1,IONQ
user_8842,1,ILAG
user_22241,1,CMGMC|HOLD
user_19769,4,AMCTH|MDAYT|MOGRO|ONOV|SHOO
user_23670,4,BOA|NLFX|POET|UNHDO
user_19220,2,BTBT|CMA
user_22064,2,ACNDA|LLY|SNA
user_30284,2,ASIX|GOEV|JBLUC
user_26332,4,APPSC|DENN|DKNGC|DMTK|DRUG|SNAP|XLRE
user_19151,2,MMC|SBUXI
user_13801,10,AAPLG|AXTA|BAESY|CVE|DGRO|DHI|DISTH|EVO|ILMN|MVRS|NEVAD|NOW|SESHO|SJT
user_5402,10,AAPDS|AMT|APTY|ARLP|ATHM|BMY|CRWDD|DOOG|MXL|NFLXN|RMED|ROKUE|RUNSH|SBUXT|SGML|UNA
user_5072,2,CRWDW|WMS
user_9050,7,AIR|AMZNW|HTZZ|JNJDO|MRVI|ROKUF|SUI|TYX|UMC|WSO
user_1587,3,AMZN|APRE|GT|HII
user_13064,1,MMMRE
user_9599,2,FTX|PACB|UAN
user_19193,16,ALGO|ATI|ATTOT|ATVIB|AVAX|BACBU|BEEB|CATFR|CMCS|CRMPR|HNST|HOLE|META|NVDAN|ODIVI|ORA|PIII|PYPLR|QQQSO|QYLD|RGLS|TRUP|UMANY|XBI
user_2473,2,AVGO|FSLYH|TMNA
user_10081,3,FBCOM|FOUR|MMMAP|SST|UNHDO
user_8687,1,ORLY|TLSAQ
user_20560,2,AAPL|BOO|CNK
user_33744,1,HCC
user_11671,2,AUPH|NIOGR|TSM
user_11595,1,CCATE
user_2603,2,AMD|CHPT|STAGW
user_4999,1,ABNBH|DLO
user_3540,2,AMZNL|CNI|MVRD|TSEM
user_26454,1,BACMO|KONOV
user_646,1,TSMFI
user_18661,6,AAPL|CRVS|CURI|DQ|ENPH|JNJB|PLTZ|SFOR|UVXY|XOMDI
user_17677,1,FIS|IVC
user_21246,4,BA|FSTX|POSH|RDWR|TSM
user_28539,1,FBYOU|HT
user_30805,2,DISEN|HLF|MIGI|TSLAP
user_26590,1,AMDBU
user_21268,1,MRNA|RTY
user_23558,1,ATEYY
user_30039,12,AAON|AMDI|BKKT|COSTE|DHI|FBFOC|HTZZ|HUSA|LOGI|MSI|NVDAG|RMO|SGHC|SOUL|SYN|TLA|VTWO|WERN
user_27866,1,LEA
user_24537,1,CODX
user_15767,5,APLD|CE|DIS|FSLY|FTHUR|PSA|RBAC|WTRH|XLY
user_32895,2,ESS|SLV
user_1161,2,ETWO|MOS|VZ
user_10429,3,BMBL|KINGS|XRPHT
user_19474,15,AIRS|APLD|BBIG|BCYP|BIDUE|EC|FBDAI|FBTUE|GOOGE|GWW|HIBB|LEN|LNR|LYV|MICS|MRKFR|NASA|NK|NOK|OC|ODFL|PUBM|TNXP
user_19134,6,APPSA|DY|ETHAL|IWO|MQTHI|POWW|SNE|SXTC|TSLAI|URGN
user_22146,2,NFLX|SFM
user_14256,2,MTEI|NOC|ZS
user_15785,2,BOKF|FND
user_33248,2,ENPH|EW
user_19515,1,MSI
user_30099,2,KNOP|SAMFR
user_19119,1,QSR
user_9757,34,AFRMT|ALGN|ARKW|AZERO|BLBX|BRKNE|BSFC|BVAXF|CPB|DIDI|EFX|ENBAN|FUTUE|GOVX|HMC|HYPRO|HYRE|IJH|INO|KLO|KMX|MAWAR|NEM|OPORT|OSH|PINSB|PIXY|PM|PTOND|RCAT|RSSS|RUNSH|RYF|SDS|SPX|STAGR|TBT|TSAT|TTDHO|USDP|WAFD|WEJO|WISHT|WTRH|XOP
user_26970,1,VIX|WBA
user_4210,7,AMKR|CHGGT|CTVA|CWST|LIHTT|LLYSH|PUBM|SHW|SQB|USHE|WORK
user_7607,1,SAVG
user_29054,1,SKW
user_33386,23,AERC|ARKK|ATH|AXPGO|BILLI|CHR|COTI|ENJY|EVFM|GGR|GOOGL|HBAR|HOSKY|IRNT|JNJ|JNJPA|LKE|MSIND|NDQ|NOVA|NTLA|NVEI|PANR|PDD|PHM|PPSI|PRPL|ROKUU|SCHL|STRR|TSLAL|VIR|VZHE|XDC|YETIF|ZSAN
user_20785,1,ROKUH
user_11975,6,AAVE|AMZNS|APD|GGII|KRSOL|NETL|TGTTE
user_11581,2,COSTI|CVXBA|TIA
user_32833,1,RYTM
user_18738,1,AAWW
user_5942,3,IHT|MTD|NDSN|ZM
user_31325,1,IP
user_27682,4,AEO|PBRSO|PYPLC|RIVNA|SRTS
user_26863,1,NIOHA|NXM
user_32676,1,SAVAB|VORBH
user_18814,2,KAVL|TGT|UAVS
user_11510,4,FI|IVV|LCIF|NICE|WAT|ZSSEM
user_29112,1,CSU|FMX
user_21975,1,GTLBW
user_19137,1,BBBY|NVR
user_33052,3,CRM|KSU|PATH|TPB|WELT
user_16903,9,ALGN|BILI|COTY|DB|FBBUL|FBULL|IGSB|KBNT|NDXIT|SPIRI|TMHC|TSMPE|TTDHO|TTDMA|UEVS|VTG
user_31887,2,FIVE|RRGB|SOLO|XLY
user_20205,6,ACB|BACLI|CHNG|FFH|GEF|HOODI|PH|SYFDI|WLL
user_31630,1,AMCGR
user_20965,2,AMDHO|FBLIZ
user_19514,1,NET
user_22438,2,BLKIN|DFEN|HAIN|NIOBO
user_2151,3,ENLAY|INTCF|SNDL|VEEVI|XLU
user_21065,1,PSA
user_32592,1,DOOG|UHTTP
user_19527,1,PTONB|TBK
user_19132,2,KO|PDDWH|TTDSO
user_6084,1,HCSG
user_20062,1,MRNA|WAL
user_12016,1,ARCCA|SNAP
user_25484,1,MICS
user_19131,2,CNSWF|PMFEB|ZS
user_14004,2,CDLR|TSLA
user_24501,2,DNFLX|IWMMO|MPWR|MUTOD
user_15728,1,CNM
user_19282,2,APLD|TSLA|XPEL
user_11412,5,AVXL|BEAMC|CSVTI|GLD|MATIC|MNDYM|PINS|TEL|UBER|WISHT
user_4729,10,AGR|ALK|ATH|AWS|D|HUBS|IMCR|JMIA|NAKDI|PGNET|ROKUN|ROPE|SMIC|TCEHY|TTDMA
user_30458,1,SPYBU
user_21868,1,QQQBU
user_9688,12,AB|AFRMB|APPSC|BBIH|CEL|CHRW|ICE|INTCS|ISIG|MIME|MNST|MRVL|NSC|PHAS|SIX|SOX|TIGR|WFCDE|XLI
user_20595,1,EMB
user_6074,1,HES
user_5977,16,BKR|CLFHT|CVANA|ESTC|FCAU|FOXA|FTNTT|FUBO|GMETH|GMT|INDO|NIOLE|PGR|RBLXC|SBFM|SHW|SLB|SQAI|UNH|UNP|URBN|VYMVA|WYNNG
user_24934,1,BBIO|VB
user_28289,2,ARE|LEV
user_29839,1,AMEH|CORZ
user_1449,1,CWEN
user_10585,6,DOOR|IQ|IWMBU|KWEB|PARAS|RYT|TGL|TOL|VEEVI
user_14060,1,BAHUG|URNM
user_12950,3,BKNGH|COHU|INTC|TSLAE|VISHA
user_26151,25,AARK|AESE|AMZNP|ARKK|ATCO|BABAC|CAMP|CRMI|EPAZ|EWT|FDX|FLWS|GEGI|GWH|HBAN|HCA|HONRE|HULU|NFLXT|ONEM|OSMO|PARAH|PFEFR|PLTRC|SCHA|SJI|SNDL|SPACE|SPYSE|SQAT|TEL|UAMY|USDP|VIXFO|XOP
user_21847,1,DVY
user_19095,1,AAPLT
user_22434,1,LUXE|RBLX
user_2428,1,EBA
user_27134,1,VLE
user_19221,1,CTRA
user_23956,2,WEBR|XPEV
user_5837,1,DNFLX|NETSE
user_4049,1,KRVER
user_11459,1,SOC
user_22492,1,CVNAT
user_33436,2,NLY|PHMAF|PTLO|SMR
user_6500,1,EDMAT|NFLXO
user_3531,1,JNJTO|LILM
user_24730,2,CINF|META|NEP
user_16741,1,ARKG|DISCB
user_11219,1,BBIOW|PIK
user_5718,1,EBA|MSFTP
user_31691,1,DFENT
user_2515,1,APPN|UOWN
user_24465,1,ETHHT|HOODI
user_32347,1,KRBN|QUBT
user_33125,1,ATEYY
user_26328,1,ALC|HMBLI
user_27743,1,UBSMO
user_887,1,WSO
user_24721,3,GFAI|GOOG|QQQHU|UUUU
user_31559,1,QNT|UMAYB
user_20726,1,DGROT|WYNNG
user_17761,4,ANCTF|GNS|IFF|MEX|NAKD|PSTG|SOX
user_7621,1,FCXBE|SCTY
user_12397,3,LVSTH|META|MTDR
user_10878,1,BKSY|VET
user_24105,1,BSW
user_23334,1,ACI|BKX
user_7815,2,BEWI|FLUXI|GST
user_5969,5,DVY|FUN|MPWAL|PG|TCON|W|ZOO
user_25045,1,NIOCL|TSN
user_18210,1,KIND
user_16849,1,CTT|OR
user_5686,1,UXIN
user_6622,1,CEL
user_11682,1,VWEWA
user_12963,5,ACHC|ASMLW|COSTB|DJCO|METX|NOC|RL|VCOME|VSAT
user_33845,1,ETHAL|NOK
user_32386,1,NBIX
user_4774,1,ACWI
user_17210,32,AAPLQ|ADDYY|AIRS|AIZ|AMPH|AMZNN|BABAD|BODYN|BTCBE|BTCHT|CBSH|CCATE|CHKPB|CIFR|COLD|DRV|FBK|FBSPE|FTNTT|GNS|GOOGH|GTLBB|IAS|IJH|IRMAD|KIM|LIHTT|LNN|LRCXF|LTSLA|MSFTI|NFLXH|OGI|ONCHA|P|PAG|PLTRH|QYLD|RDFN|ROL|SHOPD|SOLO|STM|TIP|TSLS|TSN|VRAWH|VZHE|XDC
user_20516,14,BFRI|DISFR|EOG|ETD|HCCI|KO|MRTN|NIO|NIOBO|OP|SNMP|TPB|TSLA|TSLAH|TSLH|UXIN|VNET|VVIX|X|XHBGR|XI|ZSEV
user_27727,1,VTV|WRLD
user_2341,1,DPLS
user_237,1,FXI|XRPHT
user_7664,1,EQIX|MDAYT
user_3293,1,ZIMPL
user_19753,1,MMC|NNI
user_16663,16,ABBV|ADYEY|AOUT|AWK|CHPT|CNVA|CZR|DAR|DGRO|DISFO|DOLE|FBYOU|IVZ|KED|MAFAC|NETSE|NOWTH|ONDS|PARAH|PKKFF|SAVAA|UNHHO|VVERI|ZTS
user_3310,1,PTONY
user_16165,1,BAWAT|NEVAD
user_21971,1,WEAT
user_19688,1,KIBA|NIONI
user_26918,1,GOOGM|YETI
user_129,8,CLAR|CNQ|DCFC|DDOGE|DIS|DVA|GMS|JNJTO|LFG|ONEM|PRQ|TREE
user_16365,4,AERC|BRQS|CLFAN|DCRC|MNDYA|PAYC|TSMPE|YETIF
user_7061,1,JPM|SHY
user_14468,2,AMD|COINM|COVID
user_12998,1,GOGL|UPSTA
user_26265,2,CK|DLNG|VZ
user_8511,1,NVDAV|TROWW
user_28323,1,EVCOI
user_13103,1,PANR
user_26457,1,MPC
user_11352,2,NIO|PGR|VEEVI
user_23719,1,GAME|ISPO
user_7910,1,RAIN
user_4699,1,BYDDF
user_21613,2,KNEBV|TSM
user_3508,1,KOTHE|STORB
user_32567,1,DLRWH|ES
user_10582,1,BB|TGTDO
user_16001,2,CXDC|ESTY|LYV
user_7470,3,AAPL|FRBK|SABR|XIL
user_20711,1,MLI
user_23512,1,ORETA|UKOIL
user_22819,1,NURO|WORK
user_1605,4,EVBG|FTM|HRI|METAH|SCO|ZS
user_16193,2,ARCCA|BA|IEX
user_24635,1,MSIND
user_19649,1,CRNCB
user_28898,1,PCTC
user_4483,1,SYNA|UDR
user_29003,2,ABBVB|PER|TSLA
user_63,1,LTUM|TSLQ
user_20287,1,DISCO|LTNC
user_8042,1,NKEMO
user_25514,1,AMTD
user_25097,1,HPQ|SJT
user_31054,2,DOT|REGND|TSM
user_21367,1,SNMP
user_31314,1,AAPLO|WISHT
user_18046,1,UNH
user_15411,1,FCXBE|RNG
user_398,2,PG|TSLAA|UAN
user_10670,1,DFI|HTHT
user_26518,1,NEO|NVEI
user_25230,2,NYT|PSA|RVSN
user_4645,2,FSK|NOC
user_10477,1,CORZ|MC
user_29790,1,ASSA|XOMHE
user_25399,2,AMD|DISNE
user_31336,1,CAG|CZR
user_6182,2,INTCF|MMC|SHPH|SINCH
user_13513,1,PH
user_11720,1,SOUL
user_110,5,DFS|EMR|IREN|IRNT|NIONI|SG|UHOPE
user_6191,2,FTHUR|MS|NUOTH
user_21751,1,ADGI|SVM
user_9649,9,ABT|BRYYF|CSIQ|GCLT|GMVD|JCI|K|NINE|PENNF|PYPLC|REGND|SIVB|STM
user_22763,1,CRWDD|NFE
user_3194,9,AEMD|CATSE|CDON|GOOG|MKL|MPC|MSFT|MTVR|NETCL|NFLX|PHMAF|QCOMW|UPSTI|UPWK|WEJO
user_27199,3,APPSC|BZ|KMB|NNN|TOI|UAVS
user_11047,1,ASIX
user_17597,2,KOMCD|MAFAC|NVIV
user_19973,2,NOC|TKAT
user_28662,8,AMTWH|BILL|COSTC|EUFN|GOOG|GWH|HDC|KOTEC|NXH|SXTC|UCYBE|VEEVI
user_30732,2,SWAV|WMTDI
user_33819,1,DUSCA|JPMHT
user_6566,3,AXON|GEVO|ISRG|NOC
user_11151,1,MDIA|SAFE
user_185,1,VB
user_26563,1,ABEV|VGROW
user_690,2,MPW|NVTA|TLTSH
user_32550,1,LCTHU
user_26729,1,MCO
user_8277,1,CMGMC|NIU
user_24963,3,CPRI|KO|ZSHED
user_6136,1,GGPI
user_7756,1,CEEK|THC
user_15519,3,CNM|CRM|DFS|WISHW
user_20288,1,TDOCH
user_6608,2,AMDAD|AMDPO|TSLAY
user_13404,3,GM|KO|NSC|ON|TEL
user_28071,2,AMD|DXYHT|SNAPF
user_2871,1,SPX
user_29151,1,ROOT
user_20783,1,NKEB
user_1144,1,AKZOY|HOODT
user_19532,7,BCTX|BOKF|BZ|CHHFI|GMED|MILE|NOC|PRU|QCOMJ|TX|XELA
user_17686,1,VTVT
user_23399,1,GDX
user_29184,2,ANTM|BTCNE|TSM
user_6172,2,AD|TWITH
user_494,1,FBLET|PTONJ
user_30090,7,AMPL|FINV|HYG|OMI|POWW|PYPLR|SCHA|TLT|UL|XRT
user_8607,1,WBD
user_313,1,RSP|TMNA
user_2654,6,FMC|GETY|GTLBB|HRTZ|IVC|LHX|LMND|PSA|STHE
user_24158,2,FLIKE|SHOPR|SIGA
user_7579,1,FRT
user_24088,1,GWW|NKEFE
user_13468,2,HUTME|KO
user_13988,1,AXU|FRC
user_14499,1,AUST|LCIDC
user_32811,2,KSU|TSLA|VRPX
user_16498,6,ANC|EE|LCIDC|MARVI|MDVL|MX|NVCT|PENNF|PWR|QQQHU|VCOCA
user_13422,4,CSPON|L|PYPLH|SJR|TSM
user_34058,1,BRO|NFG
user_18474,2,AMCRE|PYR|RAYVR
user_28930,1,ELONQ|JPMVA
user_4038,4,ALZN|CNICH|CTV|EUFN|IFNNF|PGR|QCOM
user_12393,1,HIPO|SARK
user_13414,1,BOA|TLTNE
user_23093,1,CRM
user_11689,1,ADYEY
user_11563,1,CM|STARS
user_16422,1,DB|YCBD
user_6593,2,SPOTF|XPEV
user_10074,1,RDSA
user_23337,1,CYRN
user_30530,1,QCOMA
user_22175,2,BIIB|BKCC|META
user_27308,1,THC
user_11721,1,AMPS|MJ
user_34239,1,AMDVE|SIRI
user_4676,1,NOKBR|ROKUO
user_31215,1,AAPLL
user_7209,1,ABEV|RGLS
user_16090,2,CRM|STORG
user_10963,9,ABNBH|AEP|ARKG|CDON|CS|MUDAV|NCLH|OLO|SYNC|TEL|TSLA|VLNS|XM
user_29453,1,LOWSE|ROSE
user_3562,3,AFRMI|CRMDE|DM|VIG
user_1454,1,BTC|KSPI
user_15211,15,AAPLU|AMG|CLH|CMCS|LAZR|MRI|NKLA|NVDAE|OTLY|POW|REV|RIVN|TENB|TLSAR|TRV|TSLAO|TTD|UAN|VAND|ZRX
user_11867,3,AMDST|BBIG|DLO|FOXA|SFT|XRP
user_26209,1,AMDIF|TVISA
user_16023,2,HPQ|META
user_32368,1,UCYBE
user_28586,1,FBINS|FEG
user_3411,1,NFLXR
user_16536,1,CF|NVAX
user_29440,1,DVN|FIGS
user_19626,14,ADSK|ASC|AVT|BLOK|BURL|CISO|COP|DOOR|DVAX|ENPHC|HLF|IEF|IGEX|KAVL|LCIDT|MRAM|NETSO|NFLXR|NLFX|PENN|SIGA|SLAB|TU|VREIT|VVV|ZSEV
user_23460,3,ADYEY|DHI|NVCR|SHEL|WRK
user_18010,1,BYM|SDS
user_24530,1,NNOX
user_21852,1,EVGO
user_32375,1,AIRS|NNI
user_27103,1,AAPL|IT
user_33970,23,AAPLC|ALPP|AMDCE|BARK|CK|FBTHE|FUBO|GOOGD|GT|I|IMCC|IMPXH|IMRN|JASMY|KEY|LINK|MCDOC|MRVI|MSFTN|MSTF|NDAQ|NKTX|NTFX|NYT|PINS|PRM|RBLXC|REV|SBSW|SIDU|SLI|SM|TIME|TMUS|TSLAI|TSME
user_20861,2,GMLI|NIOWE|ONDS|UVIA
user_13710,1,GNTY|MGNII
user_19187,13,ALZN|CRSP|ELON|ESTC|FBTHE|FNGU|MSTRG|NDAQ|NIOPU|NWBO|SAP|SIOX|SJT|SPWR|STAA|TGTAP|TROWA|VTWO|VYGR|VZJUN
user_30326,1,KWEB
user_2698,2,ETHAD|HFWA|PLBY
user_22881,8,AN|BAOS|COSTH|ELONQ|HAL|HOLES|IJH|PL|SPYPL|VRX
user_2514,2,ENPH|HAIN
user_1185,2,FBCHA|IS
user_22506,1,MBWM|PERI
user_15572,1,DCP|SPGGR
user_20975,2,APPSV|DKNG|HXL|ROKU
user_452,1,MOTEC
user_34048,2,PIXY|TOST|XRPHT
user_30584,3,AAPLM|ACLS|INTC|RBLXH
user_6039,1,DDOGA|VUG
user_22806,1,GDX|SQSNA
user_17387,1,PM
user_4759,8,ABNBS|ASTS|BLNKW|BODYN|BRKBP|BX|GPN|MGNIO|MMC|NFLXE|PRQ|SPY|TDG|VMC|VXAPL
user_23897,1,BAM
user_27141,2,AYRO|CBRE|TSLA
user_26808,1,FANTO
user_11779,1,TPB
user_10028,1,WWATC
user_1905,3,ABBVF|AUTO|NQ|NURO|PRTY
user_5589,1,LMFA|MPWR
user_4445,1,FDXGO|G
user_4350,1,GTLBW|NNN
user_1852,1,FBBUL|FUV
user_11003,1,SCO
user_29806,2,CARR|CHTR|FRT
user_27062,1,ARKF
user_5978,3,F|FBJUS|FBWIL|XPEV
user_2150,2,BAM|GLNG|XPEV
user_26722,1,RTY
user_17782,1,RIVNS|SGMA
user_970,3,LSCC|RDBX|VISIO
user_24438,1,SEAND|TRU
user_5816,1,RCL
user_32421,1,XOMDI
user_26267,1,NFLXT
user_26445,2,AMPH|ECL
user_34004,2,CRM|FBNOT|HNST
user_3080,1,ALV|PIN
user_3391,1,BRO
user_22447,1,CAH|RA
user_9218,4,ATOM|LRCX|NTNX|PLTZ|SVFD
user_16480,1,HEX|VTV
user_25147,2,CARS|HYMC
user_6260,1,NNOXH
user_6399,1,ARKK|MSFTO
user_24070,2,COST|ET
user_6125,1,MSGE|SEA
user_17284,2,COSTI|NOC
user_32792,1,DG
user_27552,1,NIOWA
user_6696,1,SHOPF
user_10955,1,FCXWA|UNP
user_22069,1,RRR
user_29249,1,UCTT|ZIL
user_25987,1,AMZNW
user_1582,1,UFI
user_10384,2,QQQHU|SKLZF|UFPI
user_727,1,ACN|ADC
user_9044,1,SQAI
user_23927,1,CM|DIDI
user_4100,1,ATLAS
user_16155,1,ILPT|VRSN
user_32169,1,BLCT|PBT
user_10103,1,PYPLP
user_14085,1,PARAH
user_2244,1,SHELL
user_30342,1,PI
user_23133,2,OFG|VZ|WF
user_33631,3,EURUS|FBPUS|OPRX|SAVG
user_13088,1,CNVA|CYTK
user_18274,1,SI
user_33040,1,BNSO|CATLO
user_16869,1,CTRA
user_30812,1,AYX
user_27944,1,CVNAS
user_27378,1,AAPLD
user_6747,2,ARRY|KTTA
user_20810,1,AUDI
user_2019,1,LTHMC|REXR
user_3133,1,AUTO|SQSPO
user_18306,1,TSLAU
user_29047,1,CTVAD|TKAT
user_31399,1,CHEF
user_19887,1,ECL|SIWED
user_22701,1,AMCRE|APE
user_15147,1,RYTEL
user_25805,4,AKAM|CUBE|FBLAM|JACK|KISHU|WOLFA
user_24315,1,BMO|PCG
user_20431,1,TTDFI
user_3843,1,AMCLE|RDIB
user_30387,1,BBRY|TLSAQ
user_21683,1,PBT|POWR
user_17093,1,GMAPR|TPH
user_34150,1,DRV|FBWIL
user_18740,1,AAWW|FNGU
user_24361,3,BX|META|SAVE
user_16742,1,REXR
user_10579,1,INDI|STRN
user_21601,1,SPA
user_11917,1,NIO
user_10309,1,DFENT
user_14351,2,NFLX|SNAPX
user_10547,1,RR
user_28969,1,MRNAB
user_31884,2,AMZN|UNG|UNHDO
user_34139,1,RVNA
user_28305,4,COINW|JEPI|KSS|NOC|POLC|TNR|VISM
user_26458,2,INTC|OGI
user_26169,1,SPYSE
user_25203,1,XMR|ZIMAY
user_1870,1,NCTY
user_25298,2,POWI|SGHC|VZ
user_17673,1,AMTMA|HBAR
user_13745,1,LQD
user_1691,1,BEAMC|RY
user_34094,1,NDX|VCOCA
user_19808,1,ARI|NWS
user_25516,1,LYXE|SI
user_26685,1,SOX
user_30936,1,MRTN
user_430,1,SUN|VWHAT
user_11393,1,NVCT|UPWKT
user_14803,4,CEBOU|ETHCY|LLY|MMMRE|SAVE
user_6549,1,BZ|MELIM
user_32682,1,SONO
user_33268,1,UBI
user_31595,1,VIOT
user_22686,1,TTWO
user_11968,1,KRALL
user_16999,1,DISHU|HUYA
user_31949,1,AVY|FSLRB
user_19917,1,SO|XPR
user_25727,1,FBNOT|SYTA
user_25237,1,AI|DISCA
user_31149,3,DIS|ENPH|MCO|NVDAE
user_29245,1,GMR
user_8241,1,BABAT
user_21883,1,PYPLP|QLYS
user_24049,1,GNTY|GTO
user_10106,1,SHOPH
user_32213,2,BTCMI|META
user_2506,1,CE|CSPR
user_3335,1,ANC|EC
user_31790,1,HOMB
user_4117,1,ALC
user_20635,1,PAG
user_26502,1,BPRM|VLON
user_16477,1,BILI|WPC
user_6745,1,AMLX
user_6664,1,LYTS|SOSHT
user_27842,1,GWW
user_13837,1,AVPT|HPNN
user_16035,1,SNOWI|WMB
user_24062,2,JPMD|XHBGR
user_16173,2,NEO|TTDGE|ZS
user_6300,1,ESTC
user_23565,1,AMZNQ|MTN
user_417,1,ASTSB|ORETA
user_21841,2,ABNB|NVDAC|TSM
user_25289,1,BABA|UHTTP
user_16342,1,SIOTH|VDADX
user_12487,1,LCTHU|MSTR
user_17506,2,ARHS|BEAMC|NIO
user_1956,1,LCX|LGVN
user_9537,3,AAPLD|ENPH|EXPE|WSC
user_25318,1,MDIA
user_22530,1,KLEE
user_20875,1,BRN
user_5658,1,GRAV|WSM
user_33716,1,PKKFF
user_12952,1,ABM
user_17030,2,KLIC|SRTS|UUP|WMTSQ
user_8704,1,KKR
user_7777,1,TSLAW
user_12096,1,EUFN
user_31699,1,BHE|FBREC
user_10020,1,WAFD
user_22553,1,LUXE
user_8897,1,IWMMO|SPYBI
user_949,5,BFRI|CTIC|CVX|LKE|MTEI|NTES|SHOPH|SWIM
user_21752,1,JNJ|TSAT
user_26048,1,NIC|PWR
user_25197,1,NFLXO|SAM
user_20200,1,IBEX|U
user_19443,1,ZOO
user_10983,1,KOAUG
user_5068,1,FARA|TYDE
user_16443,1,CBIO|XLNX
user_17159,1,DCP
user_10752,1,CCIV
user_25587,2,GOOG|RKLBS|SPXLA
user_9032,1,QSGRE
user_22691,1,AUPH|TEL
user_31716,1,AMR|EA
user_1926,2,AMCGR|NIO|STAGC
user_32743,1,CKS|TSLAK
user_1005,1,EXPE|GOOGG
user_28637,1,FBDAI|FBJUS
user_23396,2,AQN|KO|LMTUT
user_2060,2,META|STHE|WMT
user_29080,2,GRMN|KO|RDDT
user_621,1,MIGI
user_32111,3,AMDBU|LTUM|MC|MRI|ZSCHA
user_1378,1,TGL|TRRXF
user_27167,1,CHWYN|STAGE
user_23804,1,CF|FRPHC
user_32221,3,AMZNP|PYPL|SCO|ZS
user_28216,1,TLO
user_33018,2,LANC|PNC
user_24342,1,FDX
user_23653,5,BLI|BSFC|HOSKY|HYPRO|LFUS|MSFTE
user_14105,1,CELHH|ITA
user_31431,1,CVXBA|DISHU
user_20500,1,MIMO
user_4493,1,AAPLA|PYPL
user_16162,1,QRVO|USDP
user_23419,1,FMX
user_19742,1,KYNC
user_24055,1,VUG
user_33335,2,TDOCI|USAP
user_17299,1,BABAI|TRU
user_13371,1,DKNGZ|KOTEC
user_8522,2,PLAB|RDFN|XPENG
user_31499,1,AMR|CP
user_8711,1,BKNGH|NFLXO
user_23803,2,FTM|MSFT|NEGGI
user_8443,1,AMZN|NEE
user_12353,1,FBDOU|TALI
user_29057,1,STORD
user_26888,1,UPWKW|ZC
user_31181,1,DRNG|WEN
user_32064,1,TARO
user_9439,2,ATVIB|NOC|RDSA
user_31948,1,ARI|UFING
user_4630,5,FBREC|RDFNW|RKLBS|SIX|VRTS
user_4335,1,DOBO
user_1238,1,DEDEC
user_2018,1,ATYHO|RSX
user_5242,1,LILM|NVIV
user_5830,2,CRM|EVH
user_2365,1,BOO|NLS
user_2680,1,NIOGR
user_6923,1,PTONY|SWBK
user_8809,1,SCHG
user_30365,2,ANC|DIS
user_28184,1,CVXUT|PKKFF
user_9120,3,CMGMC|NNI|STLD
user_29510,1,ASSA|HCM
user_4590,2,CNK|DRIO|GSAT|PTOND
user_30767,1,NNOXH
user_33006,1,RERE
user_2687,5,ABNBM|CLX|DNACL|FAANG|HIBB|NFLXN|WMB|YNDX
user_17340,1,BTCPA
user_14472,4,BABAC|BTI|MSFT|PINS|VGROW
user_5679,1,MKL
user_2163,1,BUD|NCNO
user_16432,13,AMDDO|AMZNA|ARKKR|BITOI|CDTX|CSTAR|CWST|DISEN|GD|ILMN|JPEX|KAVL|LMNDS|MYOV|NASA|OZON|PYPL|TREX|VYMDI
user_29451,2,AZPN|EMBRA|PGY|VXAPL
user_1903,6,AIR|BARK|BODY|BXP|KLIC|MATLO|UPWKT|VOSO|ZBRA
user_2744,2,AMDLE|DPSI
user_15386,4,AMGN|DPLS|IEA|MRVI|NIO|PLTRH|SMICY
user_18819,1,RIVNA|WRBYD
user_22633,2,APP|FCAU|NEWR|NKEWA
user_9922,2,AAL|NIO
user_25361,2,BTCBR|CRM|OCLG
user_2559,1,AXNX
user_32627,2,COST|IDT|IP
user_2048,2,GNENF|NIO|TWTRM
user_4313,1,TEVA
user_24451,1,FVRRO|VDADX
user_2729,1,HITI
user_23434,3,ABBVT|BASE|PLAN|SYF|TXNCO
user_18782,1,GRNQ
user_1369,2,FBLAS|HTZZP|LTSLA
user_28860,6,AAPLL|CRXT|GDS|GMESU|NFLXA|NIOS|OLPX|TTDSO|VEA|VYGR
user_2927,1,SSNLF
user_2129,1,RDBX
user_11029,1,OWHIC|UPSVI
user_32681,12,AAPLU|AMT|APP|BABAM|DISEN|ETWO|FICO|GAME|INTU|JNJPA|LAZR|MILE|MMMOW|SPYIF|UAN
user_30749,1,WW
user_24480,1,ERIC
user_30787,1,ATKR
user_17704,15,ACB|AMN|APDN|ARMK|CHL|COINH|COO|DISQ|DX|FBWHA|FBWIL|JBLU|LUXE|LVMH|NINE|NLSN|NOC|PLDHT|RDFNW|SPYIF|TSLAA|UDIGI
user_9581,1,KIM|SFM
user_787,1,D
user_30088,1,QQQ
user_24139,2,CD|GT|LCIDC
user_14613,21,AAPLH|AMAZN|AMZNW|APO|ATD|BILLI|BTTX|DDOGC|DEMOD|DLR|DOE|EBON|FTNTO|GGII|GMPW|HTZZP|INTC|KONOV|MKSI|NIOTH|OIL|PHG|S|SMCI|SPYBU|SST|SWBK|TCS|TIGR|UNHHO|VGT
user_300,1,AGC|VORBH
user_7055,2,EFX|ENPH
user_2756,1,INND
user_9301,1,LW|MFST
user_22954,3,ECL|MSFTN|RIVNT|SPYNA
user_6076,1,DFENT
user_15440,1,HULU
user_11905,5,BYDDY|CPB|DXCM|ELY|GSAT|HTZ
user_7463,3,AMCR|ANVS|CATSE|FLR|KBH
user_2493,1,BON
user_5339,1,ALEC|HOLD
user_5729,17,ABBVU|AMZNS|APPSH|BBIG|BURL|CALA|DFENT|DOX|ENPHC|EQNR|FBEVE|GMLI|HULU|LUCD|MGNII|NEAR|NWL|QQQSO|ROKU|SLABW|SPY|STBA|TXN|UPWK|VSUPE|WCLD
user_33131,2,HDHEA|NIO
user_12303,1,C
user_1101,3,BOC|FVRRO|GOOG|METAS
user_7753,3,CHWY|GILD|RIVNT|TLA|TTDGE
user_17207,1,IRBT
user_23255,1,IONS|SHV
user_22822,7,ANVS|APPSC|ATY|CP|DJCO|FTESL|NASDA|QCOM|SNAPF|SONO|XOP
user_6181,1,CHPT|FYBR
user_4180,1,HLI|SHOPS
user_706,1,PHG
user_32759,2,MSIND|XPEV
user_31577,1,EXPRE
user_31216,1,CPRT|DLO
user_18130,2,AGL|NADA|PDFS|QQQFO
user_24657,3,AAL|ABCB|BK|GEWED|SQHTT
user_5646,1,PBRSO
user_13783,5,BHE|GOOG|IMT|KO|KRTX|LOWWH|LYV|PLDHT
user_21540,1,BBIGC|SWAV
user_33657,1,BTTX|NIOAL
user_10651,1,VVS
user_20226,2,FC|MOHOW|ZM
user_32369,13,BAOS|BAS|BMRN|CPNG|FCXBE|IFNNF|JNJHI|KNEBV|LSXMA|MUSA|NFE|PPC|SBLK|SEBUY|SGFY|VNTH|WFG|WJEFF
user_16879,1,DENN
user_4640,14,AAA|ABTIN|AZN|BILL|CG|CTSH|FOUR|HII|ILST|INTCH|KHC|KSPN|LCI|NIOHT|NTAP|OHICO|OLN|SKLZ|SONY|VSUPE|WH
user_22013,1,POLC
user_27353,1,ARKQ|MTB
user_33465,1,KRTX
user_23257,2,META|ZTS
user_3742,4,CHEF|CRLBF|HRTZ|HYZN|POOL|QSR
user_25219,3,BURL|LUNA|NUEDG|TVISA|UVV
user_33714,1,PRM
user_5008,5,AYX|GFAI|HOLES|PTLO|SHOPD|WISHL|XLU
user_30717,1,ALZN|NU
user_12551,7,BESOF|BVXV|CFB|CTV|JPY|LMNDS|NUEDG|PRCT|QYLD|RDFNS|UVXYT|WISHW|XOMBU
user_29650,1,ADI|EPRT
user_9632,2,ENPHG|RYTEL|VZ
user_2688,1,AMCRI|PDDI
user_33296,1,QQQHT
user_2949,1,LTSLA
user_17255,6,AMPH|CLPT|DWAC|ENTG|MSFTN|RRR|SCHDB|SITE|TLA
user_27233,1,BYDDY|HES
user_28789,1,DNUT
user_19748,1,IREN|NICE
user_28194,1,OI|TSLAS
user_27412,1,DJIFR|LFG
user_31861,1,DLTR|PAVM
user_30780,3,AMZN|DIS|HOOD
user_1140,1,CPG
user_25430,1,JNJ|MTC
user_31366,1,ADM
user_15851,1,CPBCH|ONOV
user_14779,1,COUR|ORK
user_8149,1,WYNNG
user_32112,1,CSTAR|TLT
user_17381,1,ABBVR|QQQHU
user_22687,4,AIV|ARKKR|ATZ|HT|MTDR
user_33282,1,AGL
user_21742,1,CARV|DQ
user_24585,1,MAXR
user_22122,2,ETN|SEAND
user_23506,1,CXDC
user_22158,1,CSTAR
user_20284,1,ALGN|TRADI
user_18248,4,BEAMC|EPAZ|KOOWN|MERC|PAGS|SCHDW
user_18656,6,AMDDO|CHGG|CRVS|DTST|FBHER|GE|MOV|SGHC|WGOTH
user_17533,1,FDN|KNBE
user_5530,2,BA|LMNDW|WMTBE
user_11969,1,APD
user_21816,6,ETH|GNTY|KODO|PVH|RDW|SEAND|STORF|UNHIF|USB
user_17999,1,ENPHG
user_5812,1,DEMOD|SPT
user_28834,3,BABYC|COST|DOX|XFRI
user_8104,1,IAS|SJT
user_3608,3,AAPL|AAPLO|DOGEZ|FSLRA|PURR
user_15292,3,ACON|CBSH|HEX|UPSTB
user_24713,2,BBBYH|BVAXF
user_21147,2,CPRX|HES
user_2827,3,AAPLS|CCL|MPWR
user_20003,2,AVID|INTU
user_6327,1,CDTX
user_3614,5,ADAPL|FNGU|GMT|IYT|ONB|PG
user_3410,1,EXLS|TIGR
user_9150,14,AAPLH|ABBVM|APP|ASH|CAMP|COSTH|COTY|CROX|CZR|FXF|GTLBB|ILST|LGF|MBUU|MSOS|NFLXN|PDDI|REALM|SIOTH|SOSHT|USDT|UXIN|WFCDE|ZSHTT
user_5659,5,AAVE|BAMSO|FCFS|FHN|INTCT|NLS|RNG|VUZI
user_22361,1,FBGUI
user_29583,3,SAVAA|SCS|SWBI|VGID
user_7440,6,AMCFU|ATI|COUR|DRNG|FUTU|KIBA|LUV|PROSY|UNFI
user_3630,1,QQQBU
user_2893,2,OWUV|QQQYO|VOOAD
user_4533,2,DVA|MFST|MRTN
user_17467,3,CVXUT|DSIGR|HNTAM|VINE
user_10423,1,CAT
user_25083,1,MFST|UMANY
user_5876,1,AOUT|IIVI
user_5264,2,ARK|DHR
user_12672,12,ADGI|AGG|BBIGC|DKNGD|ENVB|HONHI|LECX|MAXR|NXTD|SAFE|SGMS|SMFR|STM|TSLAH|TZOO|VZ
user_3585,15,ARMK|BRPM|BTCHT|CCL|CEEK|COM|CZR|DDOGE|DOCUH|HDWHA|LMTRE|MC|MSFT|POW|QQQSO|RCAT|SCHDT|STRN|TROWA|TWTRH|UNF|VRM
user_28389,1,FISV|IONS
user_16585,3,AMPS|CPNG|SKW|VRTI|XLNX
user_16303,19,AAPLR|BMO|DISFO|GENI|IONS|IWMKE|KONOV|KOSS|LMNOP|METAE|NK|NTFX|PEPHT|RBLXB|RCI|RLX|RTY|RYTEL|SBFM|SHAK|SNOA|TCHEY|TOELY|TSAT|UNHIF|VEON|ZIMAY
user_16198,1,EXPR|TSLAQ
user_31610,7,BRG|COINY|CPB|FLUXI|KTB|NOKBR|OZON|POWW|SLGG|SOFIN|SSTRE|TIME
user_3615,6,ABBVD|BIL|CELHC|GMESU|LIBER|MDIA|TSLAY|UNH
user_22173,2,CTIC|VOW
user_8590,7,AKRO|AVT|EGLXO|JPMD|LIND|MMMMI|PM|TGTNO|TSLAL|XOMWE
user_4607,18,ABCB|AJG|ALPP|AMCLO|AMDMY|ANC|BPOP|BTUSO|CARG|CVNAT|CVXUT|GSK|IKEA|JNJDO|KDNY|LCX|LKND|MIOTA|MREO|NFX|PROSY|SFINT|SFIO|SOXL|SPOTR|VRTXO|XOMDO
user_2826,2,INTC|RYTM
user_5088,1,PAYC
user_1829,1,BOC|ON
user_20655,1,SMSN|UST
user_25491,2,APAM|RMBS|WSC|ZION
user_17511,13,ABBVM|BBY|DAVE|EFTR|FTS|GHC|GOOGT|HRB|HRMY|ISPO|KRTX|KSU|MILE|MSFTO|NCNO|NTLA|ORCLA|PLAY|RHHBY|STRAV|TBT|XVG
user_24785,11,AMDRU|AMZA|BIG|BTU|CARS|CFLT|COSTJ|CSOUR|FBSPE|GGR|MEDP|NIM|PSNL|RCAT|STOR|SWMA|SYN|VORBH
user_5250,2,COINA|EMR|EUFN
user_5112,1,LTHMC
user_7540,1,BSC|MDT
user_3890,1,EMB|VYGVF
user_4844,1,RELI
user_9765,2,MPSOL|NFLX|SQ
user_30556,1,FFIV
user_24965,3,ALGO|HYG|ITCI|LBRDA|OLO|TWTRM
user_19810,3,BRN|IMPP|QBTS|RDFN
user_14226,3,MSFT|SOXL|TRIT|XPEV
user_3588,3,AMZNI|DISCH|FBIN|VLO
user_7927,2,ABMD|APE|CHE|OCGN
user_7542,1,PRCT
user_6807,1,LUVFR
user_33403,5,AAPLW|CMPS|DE|FBI|IBEX|PENN|RYTEL|STORM
user_20457,2,FLOW|MERC|MUTOD
user_3518,4,AMZNL|IONQ|NFLXJ|PETS|PIN
user_17956,1,HRZN
user_5540,4,IS|NOVA|OWUV|PLTRC|QBTS|QFOR
user_21817,7,BLOCK|BSX|CLPT|EQNR|ETD|FRHC|PLTRM|SGHC|U|ZIM
user_26453,4,AVGOR|EPRT|FLL|QRTEA|SM
user_7174,1,RSX
user_3613,2,CF|GTO|NFLXJ|PTLO
user_20221,1,TSMFI
user_33351,1,NFLXI
user_14701,1,CSPR|DBGI
user_15433,1,ETHAL
user_15160,7,ALNY|AMPH|DISQ|DXC|HAFC|PLBY|SNAPF|SPOTT|WF|YETIT
user_28617,6,APVO|BBI|BOA|BOUV|EVFM|EWBC|FBHS|LEA|SPOTW|SUNW
user_136,4,BABAI|FANH|MARA|NVIV|ROST|VIG
user_11903,1,DGROC|UDMY
user_3825,1,ES
user_10916,4,CVS|ELSE|HTOO|OVR|SPGI
user_26125,2,CAAS|HOODI|META
user_29185,1,OZON
user_12456,1,UAN
user_26388,1,RNGR
user_3612,5,BXHTT|COINH|HUBS|INTL|MEDP|TTDHO|VDADX|ZIL|ZPLUS
user_26788,1,TLSAR
user_15272,1,COSTE
user_3499,6,AMZNL|BGS|BXP|CCATE|HUSAL|HUT|IRTC|QQQAN|SHOPD|SPXLA
user_27492,1,FBBEA|OVR
user_30814,2,BA|SOUN
user_3618,4,AMD|FBINN|NEGGI|PM|VWEWA
user_7935,2,PDDWH|PTE
user_34065,2,BX|MSFTI
user_25201,1,CSPR|STOR
user_9636,1,AIRS|XLP
user_16883,48,AAPLG|AAPLL|AAPLR|AIG|AIRS|ANTM|ASIX|AXU|AYLA|BABAU|BAM|CBSH|CHK|CLAR|CP|CVSI|CVXUT|DFENT|ETHDI|FBBUL|FBFIN|FBTHA|FDN|FET|FOCS|FQ|FXYHO|GMETH|HPQ|ILMN|INTU|IWMKE|JBLUC|KSPI|KTTA|LINK|LSI|MCDRE|MSFTG|MYNAN|MYOV|NDQ|NEGGI|NFLXW|NNOX|NTR|NYCB|ORCL|PAAS|PD|PRU|QQQPU|RDFNW|REM|SHCR|SNA|SONM|SOX|SPYAL|SPYIF|SWCH|TISI|TR|TRV|TSLE|VNOM|WAT|XLY
user_20759,1,ONOV
user_11470,1,BTTX|OLO
user_22297,2,CRXT|PPG|VZJUN
user_21546,10,AMZNC|ASX|ATYHO|BTQ|CELHM|CYRN|EE|FBJUS|FCX|IOT|JJC|LIHTT|LMTUT|SNDL|SPA|TSMC|WEJO
user_1269,2,CHK|GTLBW|THC
user_23011,6,AMCRE|APDN|APPS|BA|COHU|GLBE|MATIC
user_3795,1,DV|MCD
user_5709,1,BRQS|WBA
user_5937,3,CAMP|CDON|CLVT|JEPI|MIMO
user_13354,11,ABBVC|BNDX|DRTS|DXC|FAZE|JAZZ|MAFAC|METAT|NXPI|POOL|QBTS|RDS|RIVNA|RYE|RYT|RYTM|UPWKT|USO
user_2112,8,BAHAV|COUR|DPRO|EPIK|LMNDD|NFLXJ|NIOHA|PG|PIII|STLD|VICI
user_2113,4,AZERO|BLNKA|LMTRE|PLTRI|QRTEA
user_17633,2,HEX|NFLX
user_2684,2,BURL|MSFT|ROPE
user_24656,9,AAPLS|AOS|ASOL|BABAD|CME|ENB|GGII|IAS|NIKLA|PLTRT|TSLAA|UCYBE
user_4890,1,AURA|QQQNA
user_6672,16,ABBVW|AJG|BABAC|BABYT|CME|FBGUI|G|ILPT|JNJB|KKR|MRNAB|MSFTO|NFX|NIOA|NKE|OHICO|POSHY|PSEC|RVLV|SFT|SPOTE|USD|WF|XPEVH
user_30357,1,AMDDE|DG
user_23475,2,CSU|NIO
user_28935,13,ABNBA|AEMD|AMDWE|AZNAN|BABAC|CSTAR|EDMAT|FBSEQ|INTCM|MUWHA|NEEWH|NNDM|NWN|PLTZ|PPC|SCHX|SIWED|TXNRA|TYX|WIX
user_1459,1,YFI
user_8169,1,GANG|IRMAD
user_20782,1,MERC|VXXJU
user_27906,3,ALPP|EBON|STBA|WBAST
user_17711,2,CSCOA|NIO
user_28350,2,AXS|DGII|SCHM
user_5074,6,EPSIL|GOOG|MNDYM|NFLXL|NIKOL|SKWS|TXNWH
user_29570,11,AQN|BTCNI|EXP|FBTOP|NIOTH|PER|POWI|RBLXE|RBLXS|RUX|SAIC|SIGA|TECK|TGTNO|UNA|XOMHE
user_21597,1,XOMHE
user_22938,5,AMCLE|CRM|DISRO|FBTOP|PG|SMIC|VIXFO
user_17724,12,BEETS|BVAXF|CSIQ|FBTHE|GEVO|GOCO|HLI|JPY|KOTHE|MCDGA|METAH|MNG|NKTX|STM|VIXAT|WTER|XOMWI|YFI
user_3084,1,PBT|WMT
user_27573,1,DVN|SFOR
user_1267,1,SHLS
user_17642,10,ADTX|BBWI|CCI|DOE|EGLX|EXR|FLOK|GEWED|GK|IRNT|PLAN|SAITO|WYNNG
user_31240,1,SHW
user_10199,2,LSI|TSLA|VREIT
user_21455,2,MSFT|NVIV
user_9622,1,AXPGO|SBNY
user_21180,1,USD
user_2197,1,MELIF|XLI
user_34204,4,AXIES|FBDOU|HTCR|MARK|SPLV
user_3199,1,BZUN|JBGS
user_10903,2,INTC|SQAI|VZHTT
user_18919,16,AMCGR|AMDCU|ANC|ANY|ATVIA|AWRDI|BTUSO|GETY|GSL|HTR|IVA|JNJB|KLAHT|LMNDT|MMAT|NIOPU|PTON|SWK|TSLAY|UNH|XMR
user_31174,16,AMDCE|AMDVI|ARKF|DGEO|EBA|FAF|FBSIM|FRSX|GTLBB|HOSKY|KFY|KISHU|LULU|NDSN|RVIN|RYOSH|SLV|SPOTW|TBT|UFO|VERT|VTI|XBI|YM
user_21823,2,LKE|NOKBR|OTIS|ROL
user_17482,1,LI
user_13580,1,PENNN
user_19931,1,ILV|MEDP
user_21712,2,AAPL|META|WEJO
user_17640,5,ASTSB|BTCBE|EGLXI|GOOG|MC|MKLBO|NBIX|RUNSH
user_3939,1,EXOD
user_17840,4,AMAT|AMPH|BF|DEO|FBWOK|FTHES|INO
user_19755,1,FBWOK
user_19387,5,AFRMT|BOA|HCA|MGNIH|NVO|RKT|SI|TMHC
user_9340,1,GEO
user_11670,1,AUB
user_5499,7,AFRMH|ASTSB|BVAXF|IDXX|MSFT|SOLHT|SOLO|TTE|UPRO|WMTDI
user_13885,1,BABAM
user_26657,1,JKS
user_4707,1,ARK|UNI
user_18142,1,DEN|NNOXI
user_11166,2,CNTX|MDLZC|NN
user_16123,1,ERIC
user_14184,3,FAZE|OFG|TQQQ|XCUR
user_31167,2,IT|MGA|MIGI|NSANY
user_13994,1,FBUY
user_23837,1,ETHCY|UPSVI
user_23284,2,ROPE|SQ
user_4447,5,CDMO|FWONK|GRMN|PETZ|QNT|RKLBS|SPCE|TSLAT
user_19216,1,UPSTH
user_3900,1,COSTJ|WOLF
user_13188,1,CLX|CRDO
user_22324,1,BAHAV|NEO
user_9629,2,BABAD|NOC
user_20946,1,ZMBEA
user_31477,3,AAPL|METX|SKLZF|UNHEX
user_10404,1,AUPH
user_26363,1,EFA|EURUS
user_17382,3,APH|GOOGP|IEF|OP
user_11520,2,FMCB|VOO
user_32237,4,BAHAV|CYBL|EVBG|SMFR|STRAV|VIAC
user_31550,1,ABNB
user_32706,3,AAPL|HTHT|IDEX|NOC
user_4266,1,AMZNS
user_15309,1,RCI
user_11417,1,QQQYO
user_23191,3,FET|SPYRE|UPSVI|ZSHTT
user_17641,2,SPOTR|XOMWI
user_4309,1,INAZ
user_27675,1,AVID|NIOBO
user_24030,1,FBINN
user_22870,4,BRCC|CCLWA|CRMI|IBKR|SCHD|SHIBD|WKHS
user_20947,1,VYGVF
user_1216,2,ACHC|MU|SBSW
user_32451,1,AGRI|CLFHT
user_5950,1,KSPN|PLTRH
user_24166,1,AVTR|MTEI
user_22062,1,SAP
user_20465,1,DGWHA|MPWR
user_24264,3,DISCB|GOOG|IJH
user_19327,1,GES
user_17720,1,FUBOI
user_24937,1,GPS
user_30306,3,JKHY|LSXMA|PARAH|TEVA|WMG
user_34140,2,CHE|TWLO
user_4141,1,NCTY|NKENV
user_32470,1,CBIO
user_21873,3,F|GEVO|INFY|ME|SHAK
user_23398,1,CBRE
user_8398,1,KLAHT|QQQHU
user_17488,1,WMTBE
user_32795,6,DAL|FDX|GBX|HES|HNTAM|MKC|ORCLA|ULTA|VRAWH
user_30257,1,INTCM
user_14377,2,GOOG|IFF|IS
user_19968,4,CODX|LOWMA|NEP|PTONY|QCOMT
user_12287,2,BKSY|CCLES|KXA
user_283,2,NOC|SWMA
user_11,8,AMP|BUD|CRWDG|ESS|FROG|GENFL|IVC|MRO|MSI|NXGN|PKKFF|PLTRI|PRU|TCS|TSRI
user_26532,1,CPBCH|SHY
user_4996,2,CVNAT|VIOT|VZMAR
user_4765,1,ENDP|MVRSA
user_13617,2,CYN|NIOPI|SMLR
user_14563,1,SJI|ZSHTT
user_10518,1,NCLH
user_9813,2,ENPH|UXIN|VNQ
user_2627,2,ACN|CSPON|ZSSEM
user_11525,1,CEI|FTHES
user_25944,1,ATVIA|PARAH
user_10091,2,BBIH|FQ
user_34155,1,AYX
user_22972,1,WNW
user_18287,1,ALTO|BRKB
user_21723,9,ALGO|COMP|DISCB|LCID|MBWM|NKEB|NXPI|PBCT|PL|PROSY|RPRXB|TTDCL|VBUYS|VIX
user_25248,1,AMDBR|SCHV
user_11935,2,BTU|CISO|TESLA
user_2430,4,AVGO|OWHIC|THMO|VYGVF|ZOO
user_24629,1,SXTC
user_24274,1,AMZNG|NUE
user_11392,1,BOC|JNJ
user_10583,3,AMD|MMF|MSFT
user_6813,1,PNR
user_480,1,OI
user_17630,41,ADAPL|ADV|ADYEN|AMDAP|APPSI|BACMO|BBIH|BKNGH|BMYHI|BOO|BRSH|CHKPB|CMC|CMI|COO|COSTD|CPRX|CRSR|CVNA|CVXUT|DCRC|DRNG|DUOL|FAMI|FBCHR|FCXBE|GK|H|HCA|HLT|IMBI|LRC|LVMH|MANUH|MFC|ONCHA|PBRSO|PINSB|PPC|PSFE|PTLO|PTONW|PYPLG|QCOMT|RACE|REGN|SGMS|STAG|SUNW|TERHT|THMO|TOST|URNM|USFD|VOSO|VUZI|WELL|ZOO
user_12546,15,AAPLH|AMZNI|BMYHI|BOC|BRKS|CMPS|DID|EW|GO|KLAHT|NFX|PBIO|PINSU|PKI|QCOMH|RKLBS|TDOCA|TOL|TZOOT|UFPI|UNA|VOLT
user_378,1,METX|SOUL
user_12207,1,DPZ
user_5220,2,AXON|DOCUH|JOBYH|RDS
user_16766,10,AIRS|APOG|BAENT|CDTX|DIDI|GOOGS|HUYA|MOMO|PGY|TD|TNX|URA|VZMAR|XOP
user_29450,1,KHC
user_17966,1,BEWI
user_13752,2,APPLE|COSTJ|ETHCY|MANUH
user_12466,3,AMPH|FSTX|SFTBY|TDOCA|UST
user_19633,4,APPSV|ARHS|ATXI|CLF|GIS|IVV
user_21759,1,NYT
user_28446,3,GOOG|IMRN|OKE|QQQPR
user_13355,2,AMX|TCON|TSLAJ
user_15932,1,AAPLI
user_7811,2,COTYA|NOC|UBER
user_25758,12,AMZNF|AMZNO|BAENT|BATT|BCMH|CSPR|DOGE|DPLS|FRBA|GMR|MANA|MRVI|MSOS|PLTRC|SIOTH|USFD|VZMAR|WPM|XOMDI
user_1400,1,LIND|RYE
user_31377,1,DSP|LOOKS
user_14946,1,NIOAS|PRNT
user_4587,1,IMPXH|UAVS
user_25554,1,FBBY|NKEC
user_27026,3,LIB|MOTEC|SLABW|TQQQ|XOMRE
user_19053,3,DDD|DISWA|GLXY|IINN|JNJDI|NDAQ
user_13629,3,CPNGC|EVBG|LFIN|UONE
user_33876,1,CAH|SONVY
user_33844,3,DLR|TSLA|VWEDN
user_25503,2,CRWDH|FBSPE|FDX|FFH
user_19419,2,REGND|SIGA|TEVA|TMHC
user_5786,2,LLYSH|PTOND|YUM
user_26011,1,SOSHT|SPY
user_33348,13,ACLS|AGRI|AMN|AMZNC|CMI|CSGP|CSIQ|CXW|FBTWI|FXF|HDC|LVMHS|OSMO|PGTEC|RGS|SNAP|STM|VISM|VOW|WISHT|XOP
user_10412,2,ABMD|XPEV
user_17143,1,ATVI|NQ
user_31624,1,LCTHU
user_11621,1,TBT
user_23579,8,BAHUG|JWM|MUGRO|NIOA|NKEI|NVIV|ORETA|SIMO|UAMY|UNG
user_29623,3,GTLBB|KLAHT|REV|VVS|XPENG
user_23018,1,BRQS|COMP
user_31693,2,MSGE|QUBT|WLL
user_20170,1,RPRX|SNV
user_18538,1,EGLXO|KOTHE
user_22603,5,ACON|AIV|ALLYT|ELONQ|MRVL|NVDAS|RBLXH|SYFDI
user_9570,2,GOOGH|SSNAP
user_18023,1,AKAM|VGK
user_2227,2,MSFT|SKWS
user_30515,3,KC|SCHDW|TLNT|XPEV
user_32761,1,WEAR
user_32842,1,AXPHT
user_22258,15,AMDPO|APPS|AUB|CHK|COSTI|FBLET|FBPUS|FSTX|FTCH|GGG|KLIC|NOCPH|PHARM|PHAS|SLV|TXNWH|UWHAT|VOOAD|VYGVF
user_5838,1,LYTS
user_10296,1,K|SOFIH
user_17898,1,MU
user_22006,2,DKNGC|ZS
user_19223,2,DLR|INTC|SPOTT
user_11810,1,NWS
user_21976,2,BMYHI|FDX|UPSTB|VERT
user_14493,2,FFH|GOOG
user_14676,1,UNFI
user_6446,1,AAON|ROKUD
user_5795,21,ARKKR|ASSA|BRO|CFLT|CRNC|CUBE|CULP|CVXI|DATS|DFEN|DVAX|ES|GINUX|HOLE|JBGS|JEPI|KTTA|LLL|MMMRE|NEGGI|PLD|PYPLL|QCOMR|REGN|REXR|SHOPF|SINCH|SPYRE|TME|TSLAM|UPSTC|VWHIC|XOMBU
user_3169,2,AMD|FBTOP|JNJRE
user_19441,2,ARRY|PFE|VZREI
user_5793,1,FBTHA|MSFTW
user_11431,1,ABBVF
user_6918,1,GOOGP
user_10908,1,SQSNA
user_24884,1,BTBT|INTCI
user_22311,7,AMZN|BBBYH|FRSH|LHX|NETA|PTONB|RUN|SNAPX|TIP|VINCI
user_19017,2,CMCSA|MSFTO|NETL
user_19007,2,CSU|TEVA|ZSANA
user_21840,1,TYDE
user_18672,1,WKR
user_28843,6,ASMLH|ATCO|CRWDD|GOLD|MNG|NRBO|UPSTE|WST
user_3765,4,AAPLG|AAVE|IHT|TLTHT|TSM|VISL
user_25592,2,DIDI|SAVE
user_12122,1,XLE
user_30687,2,KOTHE|OPORT|TSM
user_32042,12,ABR|ABTIN|ALLPE|AMDTH|CHE|ENS|FBTWI|GFSCH|HPNN|LTUM|MOHOW|SBLK|SSNAP|TTDEV|VFI|VICI|VYGR|WW
user_25477,3,BIDUE|CALA|TXNRA
user_14268,6,FLET|PFF|QCOM|THTX|TRU|UMANY|VALE|WISHW
user_19288,5,COSTJ|EPS|HCCI|STAG|UCHIN|UPSWE|VORBH|VVERI
user_11046,1,METAN
user_10329,7,DKNG|EDU|FBTWI|FXYHO|HDTHE|MNMD|PANR|PGPAS
user_6040,1,SHOPD|VLE
user_12915,8,AMDHO|ATUS|BON|BYND|CLFHT|DEN|DFENT|EXEL|MPWR|MU|SPOTE|VEEVI|VFI|YEXT
user_34323,1,BABAB|SJI
user_6035,6,ACON|CRWD|EXPE|EXPI|HRTZ|LOWWH|MMMGE|OXYBO|RTY|RYOSH
user_12819,5,ABNBS|CME|FLOKI|NWS|ROPE|SPGI|TNR
user_33553,1,APRE|SBUXW
user_70,2,LBC|NBIX|NRBO
user_25136,1,SEDGD
user_19092,1,NICE
user_25026,9,CHK|DISDR|DPZ|ECL|IWMMO|MARK|NOC|O|PINSU|SPX|TSMFI
user_24649,1,TSCO
user_32924,1,SODER|TBPH
user_24051,6,DWACW|F|GRAV|ONEM|SOC|SVM|TCOM|UPWKT|XPEL
user_19943,3,BKR|DY|IBB|OD|QQQHT
user_3757,1,BZFD|HCCI
user_12982,1,PRPL|WKR
user_29924,1,DISWO|UNG
user_2392,2,JO|KO|MICS|PACB
user_33358,1,ACB
user_26404,2,SOS|TSM
user_29454,3,ABBVR|ATXI|NIONI|PYPL
user_14158,2,BAT|RRGB|UPSVI
user_28711,1,FATE|IBM
user_2886,4,CPI|ISPC|OTTR|PTLO|SAIA|VLTA
user_1319,1,KSSWO
user_28115,1,ASMIY
user_14469,1,BN|RAIL
user_28842,9,ABBVU|BABAE|DNA|ENS|FBLAS|FEG|MEX|NIOFR|PERI|PYPLL|SABR|SPWR|TSLA|UPSTI|VTSAX
user_30519,6,AMN|BGS|CEL|CYRN|EQR|LMNOP|PIK
user_693,7,AAPDS|BOUV|BRN|CRWDD|FTM|INTUO|KRNT|LC|NEX|VWHAT|VZJUN
user_182,1,WEBRW
user_22619,1,ABNBB|VRSN
user_26787,1,CWEB|DXT
user_21338,1,LITM|ZMGAN
user_23187,2,SLAB|VZ
user_17651,2,CHNG|COSTA|IMX|WEN
user_1553,2,AWR|FBJUS|SIGA
user_13694,1,VBUYS
user_2537,16,AI|AIR|APPH|BENE|BPH|DGX|DISCO|EPAZ|EVO|HKD|KOOTH|MDVL|NEX|PYPLG|QQQHT|RUN|RYTM|SCO|SSNLF|TDOCI|TRADI|XMR|ZWATC
user_16473,1,AMRS|CPB
user_4317,2,ETHE|FTHUR|GGPI|MMMMI
user_28805,2,MUDAV|SOS
user_32785,1,ILST
user_26098,1,DOOG|SCL
user_21464,4,ANKR|BUD|FRSH|INTCS|PRPL|TWTRH
user_32694,1,O
user_24689,3,COMB|DISWH|IWMMO|TYX
user_19480,1,GSL
user_4588,1,ABNBS
user_5636,2,AAPL|MNG
user_17605,2,HEC|NOC
user_26476,1,TFC
user_1857,12,APA|BIDU|CVANA|CYN|DGII|EGLD|ENJ|FBGUI|HCDI|HIBB|IINN|MILE|PINST|PPC|TRIN|TSLAU|UEVS
user_11032,2,LITM|NEEAR|NLST|ZMDTF
user_27034,1,FBK
user_2086,1,JNJTO
user_18256,1,ZIONT
user_33915,2,AAPLA|PZN|ZS
user_22488,1,PI|ZWATC
user_28756,1,SOFIH
user_3932,1,TRRXF
user_24420,1,STNE|SU
user_32084,1,AUTO
user_18467,2,APPL|DAC|INTC
user_8910,1,PUBM|UFPI
user_24642,1,STRN
user_32383,1,DISHB
user_13213,11,APPH|CDNS|CPG|ENJY|ETHAB|GES|HYPRO|IHT|IOT|KERN|LLY|NAKDI|RMO|SEMR|UNHIF
user_32962,1,FOCS|VXX
user_3236,2,CRWDH|JPMFE|NASDA|TRMR
user_12354,11,ARES|CWT|DRTS|FCXBE|FI|FTAI|GMETH|NDX|NFLX|NVEI|PYPLH|SNV|SPYTE|TREE|YOU
user_18465,6,BEN|CDLR|DISCO|ENVB|LAZR|RYF|TER|UVXYT|XLNXR|YELPW
user_701,3,AGRI|CNSWF|HUBS
user_4005,4,AMOV|ASMIY|CPBCH|CXW|KOAUG|LIHTT
user_28000,1,ROKUS
user_27028,1,BITOI
user_17415,4,CVS|EDR|FBLET|FERG|HITI
user_26280,1,TRRXF
user_5551,1,GDXJ
user_15044,1,MSTRH
user_15793,3,AMT|AMZNW|BAND|NVDAI|UCYBE
user_30504,1,INTCH|MMMGE
user_26126,1,SPCE
user_10759,1,KTB
user_30498,3,BOXD|COST|FBAT|PBF
user_29095,2,BYDDF|FRPT|VZ
user_20857,3,AR|NIO|SOUL
user_27018,3,AKZOY|AMDCI|DAG|FIS|UBERT|WWATC
user_20954,1,NIOHT|PAYC
user_17406,1,ARKW
user_19298,2,PMFEB|WERN
user_625,2,F|STRON
user_16279,26,AEM|AMCLE|BRYYF|BTCMI|BXDAN|BXP|BZFD|CEEK|CSCOA|EDIT|ELY|ETD|EXAS|FLR|FSLRB|GDXJ|GNTY|GWRE|LCTHU|MCDEU|MRVI|MTN|NFLXO|NIOLE|NIOWE|PAG|PDSB|PRFT|RIOT|ROOT|SNAPT|SO|SST|SSTLE|STHE|WAFD
user_6228,1,CELHB|WERN
user_15953,1,HON|PEPHT
user_12884,22,ABNBM|ALK|BITO|BZ|CAMT|COSTE|CPBCH|DCP|DGROC|DISPA|DNUT|DOGEZ|DUOL|FSLRB|HMBLI|HUM|KNEBV|LITER|METAF|MMMBU|MOS|NTCT|SBUXJ|SM|SNDL|SNOW|SPIRI|TIA|TSAT|WMENE|WW|XLK|ZSCHA
user_21032,1,MCDMI
user_7190,9,AAPLU|CGRN|DE|DISFI|EJH|LCIDC|LMTWE|OCUL|OPEN|PDDAN|PYPL|ROKUF|TRRXF|TRTN|VSCO
user_11577,3,LBRDA|RBLXE|TDIVI|TSCOB|XHBGR
user_26736,1,GMREV|HXL
user_27920,1,MAS
user_16261,3,BTCBE|MET|NOVN|THTX
user_16280,2,IBM|MVRD|SYNA
user_4819,2,BA|GNS
user_9152,4,ANVS|DOGEZ|HKD|WH|ZMDTF
user_16236,12,ANKR|CDTX|CHKPB|DISFI|FCEL|JNJB|LLL|LMNOP|MSCI|NETCY|REM|SAITO|SBUX|SEMER|TDY|TLRY|TSMHT|UFO|WFC|XLY
user_3535,6,CRK|CVSI|DISQ|HOLES|PYPL|QNT|VTG
user_524,1,GALA|REGND
user_19795,2,ADC|MPWAL|NIOCL|TD
user_10480,3,ADYEY|CRNCB|NIOWE|VIX
user_19081,1,QQW|VUZI
user_16371,4,BLNK|LIND|NAKD|PSEC|TDOCA
user_7474,1,DAL|DAX
user_15612,30,ACHC|AEP|ATVIA|AXPGO|AXS|BBIH|BRSH|BTCSQ|BYDI|CBSTR|CLFAN|CME|CPB|DRTS|EGLXI|EIDO|FBCHR|GRUB|HTHT|IMXI|JPMAU|MMAT|MSFTH|MSFTN|MTCH|NEEAR|NEX|NVDAR|NVS|OMI|PPSI|REM|RMED|SCHG|SCHW|SON|SPYOP|STRN|TDOC|TEAM|TWTRI|VFOCU|XPEL|ZSREV
user_24283,1,VWAGY|WMTSQ
user_7023,2,GM|GOOG
user_8974,2,DPZEN|NFLX|WTER
user_24862,1,TKAT
user_21768,1,NOVO
user_2993,2,MRI|NKLA
user_23696,6,AMTD|ARWR|CAT|CVXI|INTC|MSTF|RAIN|SPT|VNOM
user_25494,1,CHD|SDS
user_21518,4,CLVS|KO|USFD|UST|VERU|WYNNW
user_24535,1,COSTS|ICNM
user_16769,2,AXPHT|NAKDI|RUN
user_23310,4,BKR|CK|FBHTT|JNJTO|QQQM
user_23314,1,HKD
user_31297,3,APLD|FBBEA|SBUXW|VLTA|ZS
user_3044,1,KKR
user_18945,1,DECON|MELIC
user_10644,3,AMZNN|COST|DKNGC|WTER
user_19196,1,AMDME|CAMP
user_1998,1,DGWHA
user_31293,3,APVO|DISFR|GMMOR|SPYSE
user_18854,1,CRO|HOODI
user_1485,5,APPLE|BOC|BTQ|COSTD|RDSA|SWX|TRU|UPSTO
user_10868,2,AFRMB|AXPHT|FBJUS
user_24783,2,AMDTH|VIXLE
user_8180,1,CAST
user_22831,8,AURA|BX|FBROO|HBAR|HRMY|IBEX|LUMN|OVV|QCOMJ|SWBI|TSLAM
user_9907,1,LNTH|QNRX
user_21567,3,AMTD|BENE|MIME|NKERB
user_34005,1,ASMIY|FBCHA
user_19671,1,CCATE
user_31657,3,CRWD|ILMN|NRBO
user_343,1,UAL
user_5580,10,AMZN|CRVS|ENJY|FTNTT|GRWG|HOSKY|KDNY|MMMGE|MTC|TREX|VIOT|VLE|WTRH|ZSREV
user_33066,1,ABNBM|LMTWE
user_18366,1,PERI
user_24236,1,THCA
user_25713,1,JPMVA|NIM
user_26833,1,CYTK|LICY
user_11440,1,BBIG
user_23763,9,CACC|CLFAN|CPE|FLOKI|FSR|HDC|INDO|MIGI|MTTR|PBCT|SAITO|TITN|VEU
user_21512,4,AMZNN|IRBT|KRVER|PYPLH|REM|TERHT
user_23124,4,AAPL|COM|EL|PLNHF
user_120,1,EURUS|MSOS
user_32304,1,ILAG|RNDR
user_15228,3,SKX|UPWKW|VGT
user_21696,3,AMRS|AMZN|PYPLR|QCOMR
user_7532,1,YEXT
user_5345,3,AG|AMTMA|ENB|TTDEV
user_19218,4,ABM|BBWI|BSFC|FXAIX|NKEI|NVDAA|USB
user_12200,2,ABBVC|FISVB|FTCHW
user_3340,1,SPX
user_7212,2,BX|RVLV|UPSTB
user_19923,11,AAPDS|AFRM|AXPGO|BMRN|BUZZ|DDOGE|DLTR|ETH|FBBUT|MCDMI|NADA|NFLXB|NIOST|RRGB|UOS|USAP|VIOT
user_19977,1,HMBL
user_14131,4,GGII|NUE|OZON|TIME|ZSREV
user_25741,1,LILM
user_19744,1,GLW|IDT
user_30825,2,NFLXL|NFX|YOU
user_14163,3,BZFD|QNT|WES|ZS
user_20662,2,GETY|LTCHT|SBUXA
user_33496,1,FSLYH|PGY
user_8664,2,AMD|VFINT
user_18165,2,DJCO|NOC
user_15264,31,AABB|AAWW|AFI|ANSS|ARI|ARK|AVGOR|CNC|CNK|COST|CRNC|CWH|DBX|DISCO|DISDO|DOE|DUK|DVAX|ENTG|EQIX|FMX|FSLRH|GDRX|GS|KMI|LKND|NIOHA|PGR|QFOR|QQQTR|RBLXA|SBAC|SGHC|SOSHT|SPYBU|STLA|STSS|SUMO|TITN|UBS|VEA|VFC|WE|WYNN|ZM
user_10324,2,CRM|NASDA
user_12035,1,METAH
user_16506,1,OIL
user_29701,1,VIXFO
user_30726,7,ACHC|ARCCA|BND|BOND|CKPTR|CORZ|GOOGL|LFG|SQSPO|WMENE|XDC
user_9580,2,ANC|PFE|QSSOF
user_22172,2,EPIK|ISPO|PRQ|RIVIA
user_5532,12,AIZ|HCA|IIVI|MELIM|MNDP|MSFTG|NIKOL|OTECH|PHIA|PRVA|RNG|SEV|SSTLE|TIA|TSLAR|TTDSO
user_6641,1,AVCT
user_33874,1,RMED
user_20406,1,HONHI
user_19655,2,CK|DCBO|SPYLO|WCLD
user_31369,1,WMT
user_26567,1,IWO
user_30028,1,DISFR|UMG
user_25152,1,TENB|ZSTIE
user_534,2,GOOG|TQQQ|VSAT
user_25063,1,ENSC|SNDL
user_31898,5,ASANF|CENN|DISCA|DISWA|DOBO|GLXY|KRX|LOWSE|VFIAX
user_23217,3,DIS|ENDP|NOC|SPELL
user_339,2,ATEN|NOC
user_10856,1,FBGET|VLO
user_23705,1,XLE
user_32038,1,AZERO|RMO
user_12720,1,APPSA
user_31315,1,TXN
user_18638,1,SLGG
user_12286,2,BND|LCIDW|PAAS|ZSWHA
user_24632,1,DINO|FDXGO
user_4197,1,MERC|PLTRC
user_259,2,F|PTOND
user_16738,10,ABNBA|ACNDA|AMCR|ATY|BAMSO|CARS|CP|DCFC|FBZUC|GSAT|HOG|NETSE|RHCLO|SHW|TGTAP|TNX
user_22371,3,BNTX|GLXY|TSLA|VZRET
user_15254,1,BABAU
user_16399,1,DOOG|STIP
user_2040,2,BAHUG|BTCWA|PYPL
user_1946,1,BNSO|CELHM
user_22865,1,ARCH|HFWA
user_4513,1,PFF|VOO
user_23317,2,FBETH|WPC|ZS
user_17191,1,CODX
user_14354,5,AAPLF|DIAHT|IQ|PI|SIGA|SUSHI|TSLA
user_29279,1,PCTC|RBLXS
user_14177,1,EXPI|KSS
user_32015,8,BSFC|CRWDG|ENPH|EVBG|GIS|LHX|NFG|RVIN|SSTLE
user_19325,1,KC
user_14641,2,EGLD|PURR
user_34003,1,MDBAL
user_19357,1,DTST|SRG
user_25574,3,AAPLT|INTC|NFLXC|NILE
user_21874,2,AVAX|LUCD|PCTC|XLF
user_8429,2,GOGO|INTC|O
user_26892,1,PER
user_25855,1,GPN|NQ
user_26782,1,MVVYF
user_25933,1,ICL|RA
user_24002,1,COSTW|SVFD
user_31519,3,NOC|SNAPC|VZ
user_33446,1,BNDX
user_23075,3,CHKP|FLOW|SSNLF|ZS
user_13143,1,ALT
user_31879,2,CTRU|LEA|WEJO
user_31962,1,FANH
user_11815,2,OPCH|PYPLN|TRU
user_7570,4,GHC|GMT|SCHW|SCS|TSLA
user_28758,2,CULP|FBLAM|PSH
user_14887,5,AAPL|AAPLB|ASMLW|ENSC|ITCST|PTONY|RGLS|SPLV|TSN
user_11215,1,MSFTR|WMTHO
user_33069,1,MOFEB
user_25184,1,LMNDT|OTECH
user_18387,1,HCA
user_18739,1,FOSL
user_11858,3,AMDCI|BAX|HAFC|PAYC|TSLAB|XI
user_13665,1,AMDRU|PVH
user_19981,1,VWEDN
user_20440,1,HAL|SIGA
user_13275,1,AMDNO|GCLT
user_27194,2,AMDCI|INTC
user_22579,1,CTRA
user_14149,2,FCXWA|RIOT|URGN|WERN
user_28476,1,CRWDE|PRVA
user_16961,1,FBP|NVDAI
user_16966,24,ABBVW|ABT|ACLS|AMDHO|AMT|AUPH|BOA|CIVX|CRMDE|EXAS|FBDAI|FUTUW|GRIM|GRUB|HOOD|LTSLA|LUXE|MAR|MARS|NEVAD|NVDIA|OPCH|OSK|PEPRE|PGNY|RCAT|RDDT|SEMR|SPXTH|UCHIN|VERU|VMW|VRAX|WEAR|WPCWH
user_20841,3,BATT|BSX|CARA|NFLX
user_7569,11,ANKR|CACCB|CBRE|CZR|DGEO|ISPC|LVMUY|MARA|MIGI|PGSOU|PHUN|QRTEA|RCI|ROKUW|SBUXW|WEBL|ZII
user_16976,5,CMRX|CXO|ONKIN|RMED|SAND|UDR|WMTBE
user_3693,1,AMZNF|EL
user_18071,1,INMD|LCI
user_25983,1,CRWDH|SNE
user_18489,1,MS
user_17516,1,AMZA|ELSE
user_32318,1,CYBL
user_21294,2,IBB|MGNIL|NVDAD|SSTRE
user_29267,1,FLL|ZC
user_5971,1,DTST|SMICY
user_28335,4,FB|GOOG|LITER|NFG|NUOTH|TERHT
user_31918,4,APOG|DT|GOOGH|MNDP|NURO|SDC|VGT
user_16958,1,ANET
user_10340,1,REGN|TWTRI
user_30043,2,F|FIVEY|VBUYS
user_33781,1,NIOHT
user_16979,3,ANF|BAP|GGR|NIOWA|TTDFI
user_6120,1,MMMAN|ZMPAR
user_14975,1,EW|SQSNA
user_9719,2,DEA|GOOG|WMG
user_14155,1,BYDDF|ZUO
user_31147,1,VXN|XPE
user_32226,1,BWV|VB
user_32016,12,APA|BLOCK|COINY|DISQ|EFTR|IDEX|MCHP|MSFTW|NETSE|NTES|NVDAN|ONCHA|POW|TNET|TZOOT|USD|VLOSS|WWE
user_23063,1,RHS|S
user_9572,2,BNTX|PDSB|QQQVI|RCLWI
user_12128,2,COST|TSMAU
user_12497,2,BMO|MELIC|PYPL
user_33774,1,GOOGG
user_5215,2,AMZN|SPOTW|VYMDI
user_30092,1,BLND|TUPHT
user_14157,3,ANC|GRAV|MDLZC|SOX
user_16942,2,BAOS|GILD|NIO
user_17306,1,AXSM|CI
user_440,1,SPYBU
user_17608,1,CACCB|TGTDO
user_34190,1,GOOGL|MX
user_16968,3,NTAP|POET|PYPL
user_25874,1,GCT|SYR
user_6633,1,CATSE|TOST
user_18008,1,WHEN
user_26874,1,WEBR
user_30435,1,FBPUS|NVDAN
user_17217,1,ISIG|RAIN
user_16991,2,ATXI|META|PANW
user_32844,1,TSCOE
user_14514,1,NIOFR|ORK
user_29737,1,PYR
user_6585,2,CSTM|TCON
user_21266,1,CCCX
user_5007,1,SCHB
user_26664,1,BTCNI|CELHH
user_3226,1,MSM|TCS
user_24996,1,AQN|QQQYO
user_31503,1,FRBA
user_30730,1,NUPAT|PM
user_11096,1,OI
user_4435,1,VO
user_33647,1,ATTOT|WCN
user_33003,1,AAPLK|CPBCH
user_30729,1,FDXGO|ROG
user_31067,1,OHICO
user_2025,1,YELPW
user_8694,3,CREE|PG|WELL|XPEV
user_34168,2,ENPH|GTC|LMNOP
user_26823,2,PFF|PSFE|USDT
user_29155,1,MFST|OPK
user_3309,2,ENS|MSFT|SPACE
user_11606,1,ATEYY
user_29748,2,BF|SHUEY
user_11031,1,TU
user_27764,1,HTHT
user_30505,1,EDIT|MZN
user_17993,1,ALTO|XOMDI
user_4262,1,WJEFF|WYNN
user_11662,1,CCWF|YGG
user_10563,1,RIDE
user_12013,1,TRADI
user_25182,2,PG|TSLAU
user_19257,1,WPM
user_20070,2,DOE|GOOG|PATH
user_356,1,VVV
user_31730,1,AOS
user_579,6,AAPL|ACNDA|AMDCE|CRWDH|PARAH|RELI|TALI|USDC
user_12740,1,UVIA
user_14587,1,CTV|NFLX
user_24370,2,B|CECE|FBTHA
user_8922,3,COST|LMND|NASA|STLA
user_6755,21,AMGN|AXU|BILLV|CARV|CPE|CRIS|CRWDE|CTRA|DID|FMC|FMX|GPNBA|GRBK|ILPT|IWMBU|KBNT|LQD|LYTS|MLI|MSFTI|PACB|PRE|PSX|SCHG|SGAM|SLB|SNA|SYK|TIME|TRTN|WFCDE
user_7170,2,GLW|INSG|MKSI|R
user_29466,1,GO|TSATM
user_8575,3,AMZN|ASOFU|FINV|MKL|UPSTA
user_6973,4,EMN|JNJTO|KIND|WMB|ZS
user_20216,1,ULONG
user_10675,1,TRMR
user_21398,1,ALGN|CMCS
user_10990,2,AAPLM|AVY|RDW|ULET
user_16760,1,FBTWI
user_23065,1,NETCY
user_27716,1,HRL|RAIL
user_17278,4,ACI|BGS|FBBY|FBDAI|GK|NVO|PBF|PHIA
user_10815,1,PDDWH
user_17706,5,CHR|CPG|CRMI|FBYOU|KO|NVDAC
user_28229,1,KHC
user_25990,1,FUN|SMICY
user_13290,1,CGC|WISHL
user_20757,1,CIEN|HDCHI
user_24454,2,EL|GENI|ROL
user_21359,2,AGYS|AMZN|UST
user_6994,3,BACLI|CASTI|CS|ZPAY
user_9990,2,FBETH|SENS|SGMA
user_5285,1,VFI
user_17604,1,FVRR|TXNCO
user_15915,1,MDLZ
user_17089,3,ARKW|BRCC|D|ROKUG
user_30566,2,CPRX|GOOS|GPC
user_10635,2,GOOGP|LOGI|TSM
user_19745,1,IT|TSCOE
user_33740,2,AGC|CSCOA|GPN|VVS
user_20961,1,ABNBB|QFIN
user_4358,1,CROX
user_29968,1,SCL|SHY
user_1428,4,BRPM|IP|MAN|MOMO|NFLXH|ZMGAN
user_18957,2,AMD|BJ
user_14307,2,CPI|NIO|OPRX
user_18093,2,BARK|VZ
user_28477,1,RTXMO|ZMFAC
user_8962,1,GGII|RTX
user_9507,1,SMFR|SRG
user_3488,3,DIDI|GOOG|RDIB|TALI
user_27514,1,SHAK|TRRXF
user_2038,6,CTT|IBB|LLY|MFC|PG|QBTS|QQW|RIVNS|ULTA
user_6990,1,FRT|NSAV
user_27433,1,XLF
user_1027,1,RTY
user_2301,1,BWV|NWS
user_3182,1,AMDEA
user_12344,2,GRWG|LOOKS|XLE
user_21227,2,AAPDS|AAPL|PSLV
user_9778,1,HCP|LGVN
user_19911,4,AAA|FBETH|FLUX|META|YELP
user_28500,3,COINH|FTX|RBAC|RYTM|SPYNE|ZOO
user_4693,4,ALIF|APE|APOG|BAHUG|COSTD|EAR|VZ
user_23493,1,RDFNS
user_5672,2,BJ|FXYHO|ROKUO
user_5167,2,AMDMY|NIOIS
user_3919,4,AUST|BAHAV|BARK|MELI|SHOPF|SPYMA
user_28102,3,BX|CRM|PENNW|VFIAX
user_21922,2,GRAB|NFLX
user_14724,1,GOOG
user_21548,1,HEX
user_5959,1,GNUS|TWTRA
user_32680,1,FBGUI
user_3894,2,BX|NASDA
user_2860,1,CPNGC|SCHDD
user_20852,1,AMBA
user_20405,1,GLJ|OLN
user_1521,1,VRTX
user_3373,1,MNG|XL
user_27734,2,CARS|NFLX|NUTX
user_23370,1,SHARE|UXIN
user_32205,1,ALLK|HSBC
user_10561,4,AMN|CPI|GGG|GOVX|HLT|IJH|SCHDT|SEMER
user_2421,1,CTT|HLT
user_34011,1,HMBLI|KWEB
user_24983,2,BOND|DBX
user_12594,3,F|INTC|MIOTA
user_8155,1,VNOM
user_9258,2,AAPLL|COST
user_5247,1,AER|HAL
user_13459,1,TSLAM
user_19942,1,APPN|EPRT
user_18516,1,REV
user_16550,1,SIGA
user_27921,1,AXTA|BEEB
user_22538,4,CVSI|DJI|ILAG|LICY|MAN|VZHEA
user_34162,1,TMO|UEVS
user_33875,1,DISWH|SNDX
user_19210,1,METAF
user_17979,2,AMDMY|MBWM|TSLA
user_14010,1,SRC|TOMB
user_4811,5,DKNG|ENPH|IEX|NIOTH|TMNA|UONE
user_34252,2,AAPLU|BLOK|PYPL
user_11007,1,ENPHW
user_15580,2,BGFV|COST|LLYSH
user_24856,1,IMRN
user_19650,3,CSOUR|FBSPE|FIVE|RDS
user_17080,1,NIOLE|TSLA
user_12553,4,BAON|DQ|FBJUS|SCHW|SMG|TNX
user_6262,1,BAWAT|QQQVI
user_4511,1,ANVS
user_20762,1,NXTD
user_27168,1,AYLA|SHPH
user_1866,1,BHE
user_4284,1,VOSO
user_12228,18,AABB|ABNBM|AMGN|ASX|BTI|CPER|DISHB|DMTK|GAME|GLNG|HEINY|HFWA|I|KSU|LPTX|MMMAN|MSGE|MZN|PFG|SCHV|SQSPO|STILT|STUDY|TELL|TTWO|UA|UFING|VISIO|VLNS|XPEVH
user_25947,1,ATXI
user_20902,2,NWS|PYPL
user_22111,2,CYRN|ELSE|RIVNS
user_28403,5,AAWW|ENPHM|NSRGY|PBF|ROKUW|STORM|XAU|ZBRA
user_19235,3,MAWAR|OC|SPXU|THSET
user_11828,1,NVTA|TSLAT
user_17513,5,CKPTR|CPRT|HYG|PSFE|QQQVI|RVLV|WYNNG
user_22303,1,BTCNE
user_7782,1,DIAHT|RDFNW
user_19080,1,ALNY
user_15341,2,CRM|SASR|SPACE
user_27913,1,HSCS|ORPH
user_18659,2,CRM|MEDP|PAHC
user_12224,12,ALGM|ALICE|BKCC|DTSLA|EDR|HPNN|ITCST|JUNGL|LCIDC|MKLIN|MOD|NDA|PSTH|PUBMA|SPYIF|TIME|TWTRH|VNET|XLRE|XOMDI
user_9035,1,MSFTM
user_28298,1,AMBA
user_26758,1,ABTIN
user_12414,2,AMZNA|CIEN|CPIX|WAT
user_200,1,AAPLM|EPD
user_19555,2,BATT|IMPP|PYPLN
user_23864,1,GRVI|MKSI
user_11844,1,DUSD
user_5330,1,ALGO
user_21148,1,UKOIL
user_2447,1,RNGR|TGTDO
user_29236,11,ANY|ATTO|DXYHT|HBAN|JNK|MDT|MGA|NEM|NFLXI|NOCPH|RPRX|TLNT|TYDE|UFI|WPCWH|ZOO
user_11190,1,NVDAT
user_33123,1,CTRU
user_30344,1,SPOTE
user_23181,1,AFRMH|XLE
user_7853,1,PDD
user_22965,4,ALBT|CRSR|DISNE|LIN|PETS|PVH|SQBEA|TLTSH
user_18918,1,XLI
user_2701,1,GLJ|HUM
user_33297,1,CORN
user_9857,2,CELH|TSM
user_16895,1,EGLDQ
user_4460,1,KCAL|TWTRA
user_32630,1,CALLS|XOMNO
user_16689,1,UWHAT
user_30298,1,NVDAN
user_2505,1,AEO|SHPH
user_23916,1,FUTUW
user_20718,1,CLR
user_16419,1,DCI
user_29113,1,SNV|UMC
user_25584,1,DMYQ
user_14983,1,RMBS
user_10926,2,AMZN|CCLES|PENN
user_5863,1,BBIGC
user_33673,1,LC
user_2010,1,TNR|VSATO
user_21286,1,IMRN|PLTZ
user_33383,2,AAPL|MRVI|RFFUL
user_29360,1,BAND
user_32419,1,ALBT|RELI
user_33481,1,ATYCA|COO
user_22915,4,AHT|CDLX|FRZA|JNJOC|XPR|ZSAN
user_17307,1,NIOGR
user_11954,1,HLT
user_21436,1,LGVN|VYM
user_5554,1,CHKP|NETCY
user_2972,1,BENE|BKE
user_28576,1,OTIS
user_33763,2,CVANA|GILD|VZ
user_14508,1,PLTRT
user_20906,1,EXR|FTDR
user_28633,18,ASMLW|CHGG|CLPT|CPIX|CSCOA|CSIQ|CVNAT|DGRO|DXT|EGLDQ|FUTUE|FUVSO|LLY|MAWAR|MO|MSM|NETSO|NTR|QQQ|REALM|RIDE|SARK|SFOR|TSME|VV|XLY|ZRX
user_28852,1,NAKD|SFIO
user_838,2,CBSH|CPNGC
user_25017,1,MCHP|VAND
user_23969,1,RVIN
user_12628,1,SMR
user_2309,1,VRSN
user_22097,2,BXHTT|DKNGH|NOC
user_28292,1,MOWHA
user_22953,5,BABYD|CASA|ENZC|FBREB|REGN|SLB
user_6594,2,MEDP|NEO|STEM|WSM
user_12417,2,CBSH|SPYAL|XPEV
user_27235,7,BOC|CPI|FFND|FVRRO|LIB|MET|MUTOD|NFLXQ|ORPH|RF
user_6753,3,KISHU|PARAS|PZZA|TTDSO
user_14961,1,LFG|NUTX
user_26045,1,DY|SIMO
user_8879,1,SQHTT
user_4659,2,HRI|NIO
user_3352,3,PG|VZ|WEAR
user_23638,1,BURL|SPOTT
user_16821,2,CARS|RBLXH
user_9369,2,BAHAV|BBIG|EBA|MMMRE
user_7370,1,SIOX|ULONG
user_28908,1,WEJO
user_27278,2,AURY|DISIF|NFLX
user_21027,1,FBAT|VTR
user_13507,2,VZ|XLI
user_6557,3,BYSI|CRTX|NVDAM|SBUX|UTHR
user_13452,2,AFRMT|ZS
user_21628,2,ABNBM|FXAIX|TSLA
user_18946,1,ARK
user_2117,3,BBIGC|CRM|FOCS|PAYS
user_2243,1,LYV|SYTA
user_12981,1,LYB|PATK
user_8505,2,ATYCA|NICE|PHR
user_28553,3,GMLI|INTU|QUBT
user_21134,1,KERN|MJ
user_2647,1,CLX
user_1737,2,CGCO|EVO|MAXR
user_12816,1,GOOS
user_5417,3,AERC|CPI|DEO|ENSC|HII
user_29202,1,ECL
user_2422,1,SHWGR|ZMBEA
user_2087,14,ACBBO|AGNC|ALK|AMDIF|ASTRB|ATEN|BANA|BCMH|CFLT|DVY|FBTHI|FSV|IMBI|MCDGA|MKL|NDAQ|NFLXP|NIOFR|OSH|RBLXC|TTCF|VIAC|VWAGY
user_10371,2,DIS|EMR|GDS
user_5617,1,NIOAS
user_14741,1,BBWI|FBP
user_22267,1,GDDY|WTER
user_22984,43,AAPLN|ADBE|AFL|AMDHT|AMRS|ATUS|AZO|BB|BMRN|CLFHT|CNS|COMB|COSTD|CPER|CSTAR|DJCO|FLET|FLL|FMBI|GEO|GGG|GMBL|GOOGG|HCA|IBM|INFQ|INTL|IVV|JNJPA|KERN|KMB|KRSOL|KXA|LMTJU|MSFTG|NCTY|NEP|NIKLA|OPCH|OPEN|PGTEC|PMFEB|POWR|QQQOV|RBAC|SCHDB|SHOPH|SLV|SNAP|SNTI|SOUL|SOXL|TEL|TLTNE|TQQQ|UBER|UDMY|UONE|VINCI|VIXFO|WEN|WKR|WMT|XOMWI|YCBD|ZSLET
user_9486,14,AAPLI|ACMR|APPLE|CODX|FBGAM|FCFS|GMEDI|GOVX|HXL|IRTC|LMT|LYTS|METAT|MILLI|MRKFR|PCTC|RDW|RMBS|TDOCA|WRBYD|YOU
user_25571,30,ACON|AMCR|ASTRB|BABAI|BND|CTVA|CYBR|ENPHW|ETHIN|FAZE|FICO|FL|GM|GMMOR|GST|GWW|HALWE|IMRN|JAMF|KLAC|KLIC|KSSWO|LEG|MC|MSGE|NFLXR|NIOST|NOW|NXGN|PLTRH|QQQ|RNGR|ROKUG|SHIB|TSATM|TUPHT|UPSTD|UVXYT|VEA|WM|WNW
user_32367,1,FDN|LLL
user_13975,4,FXF|IMBI|ROST|SHW|SSTLE|TROW
user_7071,1,INO|QRVO
user_27225,1,IT|TSM
user_11456,3,BA|JKS|NOC|SARK
user_22843,3,AMT|CL|DOLE|PG
user_18259,2,CLR|CRM|SCHD
user_4520,10,ABBVD|AMZNB|AOSL|BRO|COINM|DGEO|FBIN|FINV|GES|GIS|KLAC|LCID|PZN|QQQFO|USNA|WMG
user_2606,1,PZZA
user_13232,1,LEN
user_6112,4,CK|GES|JBLU|NVDAB|QQQPU|SQDAT|TME|UXINC
user_19159,2,MSTRW|NETL|XPEV
user_26134,3,AGG|CGRN|JNJOC|VZ
user_32446,1,CTRA
user_30848,10,ABTWH|ARMK|BYND|LRCX|NKEC|RDIB|SKWS|SYF|TROWA|TSLAD|TWTRS|UPSWE|VORBH|XIL
user_4545,4,ATVIA|BEE|DRVN|EXPI|KMX|TREX|UAA
user_3056,2,CURI|PYPL
user_9495,1,BAOS
user_4387,1,NSRGY|UUP
user_9661,1,OLED
user_30594,3,AMDME|KRL|LTSLA|MAXR|OTECH
user_20140,1,IMPXH|RDSA
user_26368,1,ILMN|TSLAA
user_18034,1,AMD|ATTO
user_27977,2,HTHT|INTC|YFI
user_24620,1,KXA
user_11832,1,RDFNS|ZRX
user_20793,1,VNQ
user_12204,2,NOC|NVVE
user_31796,1,AB|VNOBL
user_3004,1,FBLIZ
user_14100,1,WJEFF
user_6554,2,KO|NTR|YOU
user_21897,10,AGNC|BPH|CARA|COSTS|DBGI|DOGO|IQ|LVMHS|MOTEC|ROKU|ROST|THSET
user_143,1,MELIM
user_2115,1,TSLAG|VMOHN
user_4800,1,FAMIF|OLED
user_28481,1,CCI|SQBEA
user_23177,2,CACC|CGC|DGROT
user_22599,1,ARKW
user_21056,1,RYH
user_19520,16,AJG|BPH|COSTE|COUR|DISGO|DOBO|EQT|GMREV|HRT|HSBC|JD|LRCX|LW|METAT|MNDP|PRTY|PYPLS|QCOMT|RIO|SHOPS|SXTC|THTX|UXINC|VMEO
user_21780,1,ARKKS|NFLXR
user_4585,1,NIOST|SPGI
user_4709,1,SCHA
user_27800,2,BBI|FET|MMMBU
user_5706,1,NFLXY
user_4167,1,BBIO|TWTRR
user_8024,7,ABNBW|ASX|GOOGL|HOG|HTZZ|JNK|PYPL|SBUXA|SSEMI|VZDEC|WRLD|XOMBU
user_7826,1,LUCD|STORG
user_16933,1,BIDU|STNG
user_24697,5,BEEB|CTT|MSFTD|PARAS|RIOTW|ROOT|SPXLA|STILT|VWHAT
user_73,1,FERG|SNA
user_15482,10,BTQ|CAT|EFA|HES|MILE|MRNAH|MTD|MX|NVMI|PEPTE|PINSU|PSTH|RVSN|SAFM|UTHR|VLOSS
user_25251,1,DDOGA|LC
user_27024,1,VIAC
user_2888,1,VZMAR
user_16055,2,NIM|PSFE|TSM
user_21416,1,KOTHE
user_9886,2,AMZNV|NIO|TSLH
user_23430,1,NIOBU
user_22588,2,COST|DPSI
user_30804,3,GC|HX|PYPL
user_12348,1,GTSIF
user_16328,1,GRNQ
user_7048,2,BRYYF|NIOAL|RDSA|SOX
user_4301,1,MRNA
user_27572,4,ACN|AVEO|EXP|MVRD|PII|VCAR|VZ
user_33501,1,COSTW|MRAM
user_16513,1,AZN
user_15202,2,BTCI|SMSN|SPXC
user_33214,1,TBK|TSLH
user_26717,1,NKEFE
user_27692,3,ANF|CPI|NXTD|QLYS|TSLA
user_243,1,CVET|SPOTD
user_21790,2,DXCM|JD|NQ
user_25117,1,BTC
user_15940,3,CDON|RYH|SBLK|TMHC|WGOTH|WMT
user_13648,2,COLD|CRM|NEEAR
user_10809,7,ADV|ASANF|CNK|COINA|COUSD|GMAPR|IWM|MDLZC|MSFTA|PACB|RBLXS|TWLO|VXX
user_19040,1,CHWY
user_19105,1,NIOCL
user_747,1,LLY|QQQPU
user_9410,3,ALLY|AMT|ELSE|ELY|HTZ|VYNT
user_8206,1,CGRN|UAVS
user_13205,1,BTCWA
user_6942,1,LVMH
user_12011,2,PYPLR|TSLA
user_25253,1,GOOGS
user_668,1,RICK
user_17888,2,NOC|SHEL
user_29147,1,ABBVU|AMPH
user_4584,30,AAPLS|ALGM|AMCRE|AMZNR|ATTOT|BTCNI|CNICH|CPRIT|CWH|DKNGH|DRNG|FAMI|FRT|FSK|FTDR|FXY|GRTX|HHC|HTZ|ICE|IRBT|JWM|KC|KHC|MELIM|MUSA|NEEFO|NETSO|NKEBE|NOVA|NTLA|OCLG|PNR|POWI|POWR|SCHD|SFIX|SWPPX|TWTRH|VALEC|VWHIC|WF
user_19286,1,DEGEN|SASR
user_1622,2,COUP|NFLX|UXIN
user_5382,7,AMDHO|AVGO|CRSR|CTAS|FBREB|SQALI|TUR|WSO|WYNNG
user_4778,5,BCMH|COST|FRBA|GK|MRAM|VIEW|YY
user_31821,1,UPSTF
user_9473,1,JWA
user_33503,7,AI|AMDI|AMZNI|ASX|DOMO|GPNBA|KKR|LMNDS|MS|NETL|OPCH|TTCF|VRT
user_14068,1,PUBM
user_32044,1,FIVE
user_5692,1,CMA
user_29415,1,ASOFU|ONKIN
user_33374,1,EGLD
user_27516,1,AMDME|TXN
user_20181,1,AZO|LIDR
user_19653,1,DIS|FL
user_1148,1,DEDEC
user_2305,1,MRAI
user_6456,1,NIOS
user_14619,1,CLBT
user_27470,2,BTCNI|CAAS|COVID|MQTHI
user_24368,3,IONS|NIO|NIOHA|RF
user_18081,1,ZION
user_12445,1,EGLXO|SIGA
user_13759,2,BA|MCDEU|RDWR
user_2181,2,INVE|KO|TME
user_10358,1,WW
user_2522,2,AMZNM|KED|TSLA
user_2425,3,AMT|ANC|HDAPR|RIOT|THETA
user_13685,1,MDB|NAKD
user_32178,2,F|POWW|UNHDO
user_6798,2,COINP|HEI|LCX|MNMD
user_19346,1,Y
user_28349,2,FHTX|M|QQQDI
user_21533,3,F|MNDYA|TOMB
user_1147,2,CSVTI|DIS|VFIAX
user_11217,1,CPIX|RMD
user_25144,1,CEL|NSAV
user_7124,1,KOSS|KSPI
user_18476,1,MCDRE
user_33162,1,ABBVC|SPYBI
user_20925,1,AVGOR
user_10513,3,CALA|LEA|LMND|SAVAB|SIWED
user_31808,1,FBTOT
user_24578,1,ODIVI
user_18907,1,ASX|TDOC
user_1131,1,USFD
user_12598,2,COST|ODFL|ORA
user_17055,2,IBB|PG|VVS
user_21137,1,LTNC|TWTRA
user_7323,1,DAG|RDFNS
user_22215,1,MTB|TTC
user_5151,2,LQD|TXNWH|VYMDI
user_10942,1,CSLLY|MSFTI
user_9226,1,FBFOC
user_11892,1,DEA|TROW
user_33916,1,MKLBO
user_9689,1,TLTSH
user_20336,2,NIO|PROSY
user_9273,4,MULN|NIOCL|SGAM|VFIAX|WMENE|ZOO
user_5030,1,XLNXR
user_10971,2,ANVS|ATHM|ZS
user_26985,1,NVDAG
user_22462,1,PSA|TSN
user_15849,1,AMATW|CVS
user_19692,1,ONON
user_21896,1,HLBZ|TRV
user_17298,4,ABBVW|BJ|FBHS|FTDR|VCAR|YEXT
user_19243,1,AFRMA
user_10247,1,METAN|VLTA
user_11506,21,ABBVB|AKRO|AMDIF|ASTSB|AZPN|BABYD|CAST|DISWO|EGLXI|FBROO|HAIN|KSS|LFUS|LKND|ME|MQ|NIOCL|PT|ROKU|SBUXH|SCS|SMICY|STAGE|STORM|SUMO|TISI|TOELY|TSLA|VINE|VIXFO|ZMDTF
user_10254,2,CARS|DG|QS|SBOX
user_1099,3,ARCH|BABEA|DISWO|DOV|FBH|MVRD
user_9424,2,AGL|BWV|F
user_5643,1,FBFIN|VALN
user_6342,2,BBWI|NIO|SCHDT
user_10260,2,KO|PSEC
user_10912,1,OSTK
user_5542,7,ABB|COINA|EFA|GENI|GEO|INTC|MSTRG|RSX|TSLAL|VV
user_9920,1,CHR
user_14561,1,FBLIZ|LOWSE
user_24784,1,AIV|MGA
user_24053,2,PYPL|XHBGR
user_10270,5,AAPLN|BKSY|CME|FIVEY|GMS|NOK|PHG|QCOMJ|SI
user_7508,1,TENB
user_8188,2,CXW|HCSG|SWIM
user_8843,1,BOC
user_27646,1,AMDIF|USDC
user_4369,2,BND|PAASH|PANWB
user_10400,1,SMCI|SPYMA
user_29567,1,AMDTH
user_29401,1,BBIOW|PROSY
user_3990,1,NETSO|TIP
user_9356,1,FDN|HAFC
user_8841,1,OLO|XPE
user_27991,1,LVS
user_11512,2,COM|INTC
user_9650,1,TNDM
user_17804,1,NCR
user_32494,1,CAAS|FOX
user_1862,5,DV|GRWG|JBGS|KEY|NEGGI|SFINT|VRA
user_29873,1,UBI|XLB
user_11798,1,BURL
user_24019,1,GOOGD
user_10236,9,BAK|BSX|CACC|DISCK|ENPH|META|MMMMI|PANWB|TGT|TWTRA|VIXLE
user_16147,1,SMSN|URA
user_24191,3,MX|QQQPU|SENS|XLRE|ZSEV
user_9483,1,MSFTE|PLYPL
user_9853,1,ABNBC|WAFD
user_26997,9,AUDI|BAON|DISHB|GNPX|GRAV|IRNT|LRC|PSTH|SPYOP|SYY|VISIO|WIRE|XPEV
user_18720,2,COSTW|KO|TELL
user_15041,1,PT
user_5582,1,AMZNB|VISM
user_32690,1,COP|MUDRO
user_29646,1,NN|XLNXR
user_26886,2,RBLXS|VCAR|ZS
user_17899,1,PINSU
user_7671,1,WYNNW
user_13298,1,HOG|SGML
user_29747,2,JNJTO|SXTC|TARO
user_30916,1,MSFTP|WRBYD
user_18426,1,BRCC
user_649,2,MMMRE|MSFT|VYGR
user_13445,3,CAD|GMEDI|JPMVA|URA|VOSO|WLL
user_25312,1,OTRA
user_15585,1,BAK|PYPLR
user_12698,1,NNDM
user_2326,1,AMDCE|PUBMH
user_30277,1,ABBVB|WMB
user_6996,1,COST|MFC
user_25020,2,ELON|NEXT|NLST
user_10238,2,RCAT|VSCO
user_18984,1,ALC
user_12871,1,LMNDT
user_12093,2,JNJTO|TM|TREX|WJEFF
user_28950,1,NUOTH
user_27095,1,NIOS
user_10283,1,LSCC|SNTI
user_12067,1,FAMI|PACB
user_10255,3,AR|DOV|TME
user_19812,2,APPL|CRNC|WDC
user_10765,7,AMZNU|FBTOT|GEFIS|LC|MSTRW|NVDAG|TSLAD|TSLH|WCLD|XOMWE
user_25089,3,DIS|PYR|VUZIE|XPEV
user_15850,1,FBFOC|LSCC
user_20654,1,BTCPA|DASH
user_904,1,PCG
user_24467,2,BX|DAC
user_15721,1,NNI
user_28502,2,CHR|GPS|INTC
user_15747,7,ANKR|ARWR|MAGT|NA|ODFL|ONON|OTLY|PINSB|RBLXS|ROKUE|TSAT|UPS|YEXT
user_2458,1,CVNA
user_21021,1,FUL|GWRE
user_1064,1,SOFIB
user_10256,2,NVDAD|PINSU|SBAC
user_29569,2,GOOG|UFPI
user_30009,1,RMO|SHY
user_13283,1,PYPLI
user_7053,1,LVMHS|SBUXW
user_1365,1,QUBT
user_6734,1,FOUR
user_29843,5,F|FSLRS|HA|METAN|MRNA|NIO|QQQPR
user_13999,1,SBUXB|TOELY
user_12251,2,AAWW|IBM|TSLA
user_2626,2,KXA|MTUM
user_25708,4,COUR|HONRE|KO|NFLXA|NOC
user_9687,1,BTCPA
user_5442,1,NOCPH
user_9458,1,RPRX
user_22581,1,JPMNO|TSLAY
user_9267,1,QCOMJ
user_12728,11,ABBV|ATKR|AVBTH|BN|BOC|COSTH|CYRN|JNK|LOWSE|MSFTC|MSFTG|NKEMO|PSH|SKY|TSCOB|TTDGO|UNA
user_20302,6,BAON|EQNR|GSK|HDC|MSFT|OLPX|OWUV|PIXY|T|TALI
user_27250,6,BLKIN|CFB|CME|FANG|FBETH|FSLRS|MDVL|PSA|ROL
user_22678,6,CRWDE|DDOG|DOCNA|GCT|METAF|RVNA|SHOPF|TWTRM
user_23223,9,ABTIN|ADGI|AMZNS|ANF|BESIY|COST|DOCNA|EDIT|KIBA|RYM|SOSHT|TTC
user_7819,6,BNSO|BRQS|BTCMI|DINO|ESTC|INTUO|KRX|PPLT|RGBP
user_9208,12,ADTN|AMX|AMZNW|APPLE|BIIB|COLD|DISGO|EMBRA|PBR|PDDWH|RYTM|SHY|SSNAP|TWTRB|VZRET|WNS|ZWATC
user_22741,11,ATHM|CELHB|DEGEN|DOGE|EQNR|GEFIS|GFS|HAL|KO|NILE|NN|OC|PNR|RYTEL|SFM|TIME|WBD
user_21954,7,AMCLO|BNGO|CEL|CVSI|DJCO|OTRA|PIN|SBUXW|SMAR|THMO|VVERI|ZSLET
user_31824,19,AAPLE|AAPLQ|AN|ARRY|BBIOW|BIIB|BSFC|BUZZ|CBSH|CHKPB|CROX|DAC|DVY|FBTOP|FC|HTZZ|KONE|KSSWO|MA|OD|PLTRA|PLTRH|PTRA|SPG|SWBI|TSMPE|VFIAX|VTNR|XRT
user_24181,8,BABYC|BFRI|EPD|GNTY|GWW|LWLGE|SITM|SPOTF|TGTNO|VYGR
user_6536,6,AXP|BNDX|BXP|CXDC|FBTHE|GRMN|TSLAP|W
user_30667,6,APPSN|CSU|DGRO|ELAN|FBK|ILUS|LIT|MNDT|NYCB|TNXP|TSLAO
user_23455,6,ABM|EQB|FBDAI|HRT|METAN|MKSI|PBT|PZN|XLP
user_24770,6,AMZNC|BRKSO|CRDO|DATS|GK|KEY|MRAM|MSFT|NKEBE
user_13950,6,AAPLD|AD|ATYCA|CCXI|DIA|GNL|LEG
user_33312,6,BBIH|CRXT|DY|FBINN|PRTS|SHIBD|STRN|TEVA|TGTSE|YETIF
user_3547,6,ATXI|BMYHI|CLR|ISPO|KOSS|LHX|MRNAB|NVMI|SPYSE|SWCH|VFI|VIXAT
user_16415,7,BAS|COST|DOOR|FEG|FRGE|GENFL|LITM|NWL|TDIVI|UPSTB|VCAR|VTV
user_32306,4,IPGP|NEVAD|PLBY|QCOMJ|TSLAY
user_33944,3,ADV|FHN|MUWHA|VTNR
user_17582,1,YELPW
user_26828,1,NIOIS
user_25009,2,DIS|NADA|RWTR
user_4881,1,IFF
user_7086,1,FBBY
user_17346,1,NVDAE
user_27282,1,CALLS|NFLXD
user_16472,2,BAWAT|UFI
user_9762,1,FEG
user_7831,1,BUZZ|STARS
user_5157,2,GRNQ|META|SPA
user_30347,2,AMOV|NAKD|SMAR
user_28236,4,AAPLS|BA|FBJUS|MRO|RDWR|XLNXR
user_18235,1,BITOI
user_7784,4,FBWOK|FCEL|PHMAF|TREE|UDIGI
user_20878,2,AXTA|UTK
user_27037,3,BKCC|CHF|ETHSH|ZSLET
user_1438,1,AMBAC|BKKT
user_5359,1,ATOM|VIX
user_14669,1,MGNIL|TRV
user_17848,2,FBGAM|HLBZ|TM
user_14969,1,DG
user_20652,2,BAESY|ELONQ|NA|XRPHT
user_9145,1,EFTR|THMO
user_8095,1,VSCO|WWATC
user_22487,1,KOTEC|STHE
user_20107,1,QBTS
user_28082,3,AMZNW|KODO|PHR|SOUL
user_596,1,CVXI|LCTHU
user_24244,1,ISPO|SQHTT
user_8071,1,NVDAB
user_17583,1,EMB
user_8359,2,AI|LTHMP|OZON
user_18779,3,HXL|PFG|STM
user_4987,2,GOOG|LEG
user_25528,1,JO
user_6201,1,ITW|OHI
user_12949,3,MAXR|NVO|URA
user_27175,1,TSLAG
user_22343,1,MDLZC
user_3760,1,EDMAT
user_32819,2,CARS|FHM|LITER|MIMO
user_25495,1,IVV|LMTRE
user_11095,1,EXP
user_31890,1,PHRRF|SYY
user_6131,1,POW|ZME
user_24724,2,AMD|FTCHW
user_11638,6,AMATW|AXTA|F|FOUR|JEPI|MEDP|MRNAH|SUSHI|TSRI|UVIA
user_24277,1,FAZE
user_18874,1,SKLZF
user_31356,1,ASC|RDFNW
user_27118,1,RGS|SASR
user_7384,12,AKAM|AMZN|CCMP|DECON|DKNGC|EQR|EVONO|HUBS|KRX|LMFA|NVAX|NXST|SCHX|SO|STZ|TSCOR|UWHAT|VOLT|VVV
user_26255,2,AMDTH|QQQSH|RGTI
user_16149,1,MS|USO
user_7381,2,FBNOT|NVDAE|SLABW
user_25394,1,CRWDT
user_14836,1,USDT
user_13248,3,GNL|GOOGH|MA|SITE
user_15933,6,ALK|BITF|FTS|GMETH|GOOGP|NDX|OPCH|PVH|TASK|UAA|VNOM
user_18712,2,AAPL|GOVX|ORLY
user_775,1,APP|WMTSQ
user_24551,1,FDN|PMFEB
user_9305,2,BX|BXHTT|GRAV
user_5964,1,AVCT|HEC
user_4258,1,NRG
user_25373,5,AMKR|EQR|FXF|MMMRE|TTDCL|TWTRB|WEAR
user_30808,2,AVT|CCIV|FHTX|METAE
user_24259,2,BGFV|GE|HCC
user_30460,2,AGR|BABYC|SPXU
user_9303,2,ACI|DRVN|HRMY|VRT
user_31352,5,AFRMD|AUB|BA|NFLXH|SMICY|SQAT|WB
user_26055,2,NOC|UCHIN
user_20871,4,CNTX|COST|DIS|MVRSA|XM
user_17362,2,AAPL|JPMAU|SSTRE|UPS
user_29615,3,APPSI|G|JOBY|K
user_13976,2,ENB|SQBEA|VB
user_19882,9,AURY|BABAT|CGCHT|CXDC|DELL|IEI|MCKBO|PRNT|QCOMA|RBLX|SAM|SESHO|SQSPO|WING
user_29936,1,BCYP
user_23647,2,CD|DD|DLR
user_32447,2,EAR|EQR|LIT
user_7282,5,AAVE|BZFD|CATSE|IIPR|KSPN|PCTC|TDOCI|UCTT
user_30164,3,HYG|IQ|NFLXD|OP|TSLA
user_21131,4,AMZN|CRNCB|HTTZ|TSLA|UNF
user_21792,2,ASAN|BK
user_30720,2,BETZ|FAMIF|IFNNF|LUXE
user_4679,2,ENPH|QQQFO|TSLE
user_33199,4,ALEC|AUDI|ITCST|TSM|VINE|WMENE
user_32047,4,AA|CDSG|FTAI|HRB|NETL|NVCR|PL
user_8863,2,FICO|MSFTP|PRCT
user_18056,2,BRK|PYCR
user_7527,2,AVTR|CEL|Z
user_24246,2,CGRN|NFLXB|TLA|V
user_25421,1,IBM|TGTDO
user_5585,2,AVBTH|P
user_30001,2,ADI|OKTA|SOS
user_17062,4,APPS|CORZ|ETSY|GOOG|YELPW
user_27833,2,GPC|SHCR
user_34051,2,BA|STX|TEL
user_8093,2,EXPR|LIND|NU|QQW
user_18904,4,DOBO|GRBK|IGEX|LOWMA|PTLO|RIVNS
user_29882,3,APOG|CRM|LVMH|MELI
user_11452,9,AMDHT|AMDQ|BRYYF|KEYS|MRKTH|NAKD|ROOT|RY|SEAC|SEAND|SMICY|SPYBI|TSMHT|ZSREV
user_15346,8,FTAI|MSIND|NVDA|RIDE|SPOTR|SPXU|SPYLO|V|VAND|XLFSP|XOMDO
user_2838,2,CFLT|EGLXI|TCS
user_19176,3,AMDVI|CRLBF|GMETH|MSCI|SNAP|SPYIF
user_2332,2,MNDYA|NETSE|ROKUH
user_24015,2,ATVI|UAMY|UBERT
user_9848,2,CMPS|RSX|VTSAX
user_30738,2,PRU|RERE|TTDGO
user_31775,2,MRAI|SEV|WWE
user_5474,1,VLTA
user_29943,1,TRUP|WMB
user_2079,1,CWH|MATLO
user_2122,1,CMCSA|RFFUL
user_34067,1,ASH
user_32019,2,UDR|ZS
user_16693,1,AOS
user_19516,7,CPNGC|FDS|FTESL|LEVI|NEE|ONNAR|QQQOV|VLNS
user_33799,3,AMZN|KNEBV|PCG|PRNT
user_33480,2,COINH|ENPH|LMNOP
user_7365,1,NLSN|XCUR
user_13650,1,GMAPR|ROKUU
user_1794,2,COST|SBNY
user_21846,1,AAPLU
user_12527,1,SRC
user_19518,94,AA|ADGI|ADP|ADYEN|AIR|AMC|AMCRE|AMTMA|AMZA|AMZNS|AOUT|ASTSB|BABAI|BABAU|BABEA|BAK|BILL|BILLV|BITOI|BLI|BLNKW|CGRN|CLVT|COINW|CRWDH|CXW|CYBR|DATS|DBGI|DBX|DEN|DFEN|DID|DISHB|DISNE|DISRO|DISTH|DJIA|DPRO|DXC|EB|EFA|ETN|ETSYC|FAF|FBGAM|FDN|FSM|GC|GENI|GOOD|GOOGP|GTLB|GVSI|HFG|HLT|HRZN|HSBC|ICE|IDEX|INTCF|KDNY|KRX|KSPN|LEA|LIHTT|LMTRE|LYFTC|MANU|MARA|MEDP|MERC|MIME|MMMAP|MMMWH|MRNAW|MRTN|MSI|MSTRH|MUDAV|NEGGI|NIOIS|NKENV|NTRS|NYT|OCUL|ONNAR|OPK|PATHD|PCG|PEPTE|PGPAS|PHR|PLUG|PTE|QRTEA|RAIN|RNG|ROKUE|SHIBD|SJR|SLB|SM|SNX|SPXWI|SQQQ|SSTLE|STAGC|STBA|STLD|STT|STZ|SWKS|TLO|TLTNE|TOMB|TOR|TROWW|TSLAP|TSLH|TYDE|UPSTI|UPSWE|VEU|VRTS|VRTXO|VYMDI|WING|WOLF|WRK|XLU|XPR|YM|ZC|ZMBEA|ZPAY
user_25348,1,FBGUI|SATL
user_19135,3,ITCI|QQQPU|SMCI|SUNW
user_20583,1,NNDM|OMC
user_7710,1,STORM|WIX
user_17023,1,VNTH|XPDI
user_8579,1,ATD
user_9620,6,DTSLA|ENPH|IBEX|PTONW|SPLK|SPYBU|SYNC
user_24437,1,NSAV
user_18040,9,BEKE|BOND|BYSI|EDIT|GAME|GENFL|LICY|QNT|STAGE|THC|THSET|VNTH|XHBGR
user_15250,1,MCDGA|ROG
user_9682,1,ABBVB
user_28864,2,IOBT|TSATM|UDR
user_32916,1,AFRMT|FRPHC
user_32556,2,AMDQ|MUTOD|PSEC
user_20441,1,BABAM
user_23991,2,KBNT|NIO
user_2400,3,CRM|PGPAS|SMICY|UBSMO
user_1197,4,CALM|LEN|NFLXT|PGPAS|WES
user_33807,1,TRTN|USAC
user_13692,4,AMZNS|FMCB|HULU|QRTEA|XPEV|ZIDAT
user_2954,6,COSTM|DGII|DISCO|DOLE|FBREC|FINV|H|ORETA|VZJUN
user_8082,2,HKD|IGEX|PWR
user_6648,1,POLA|SCHDD
user_15920,3,CPRT|IEP|RBLXE|RIO|VFI
user_2438,3,BTI|IJH|OWUV|SCVL|SPXLA
user_9658,1,NVDAA|RUNSH
user_32622,2,KOCRE|SVM|TRADI|XVG
user_29210,1,MMMRE
user_19126,2,PG|SHLS
user_33808,1,GMQ|VTRS
user_21932,1,SGFY
user_13652,1,DCRC|HTCR
user_16311,3,ABT|COST|MERC|SUMO
user_10515,2,MCDMI|NOC
user_20603,1,NFLXS
user_18649,2,BBI|CIEN
user_17025,4,CAG|NANO|SHOP|SYFDI|THETA|VEA
user_7369,1,BVXV
user_25325,2,ROIUC|SHIP|VXAPL
user_33795,3,APPLE|GMT|POW|QQQOV
user_20588,1,BMO|DGROC
user_424,9,BLNK|CLAR|DISEN|FSTX|IYT|KMI|LMT|MOB|MOWHA|MU|RELI|TRVN|URGN|WIRE
user_22098,1,UDIGI
user_15260,3,ALLY|BTCUS|FBFIN|FBTOT
user_15662,1,AAPS|FUN
user_29030,1,AAPLW
user_14921,3,HUBS|MSFTD|NOC|SPYNA|VO
user_7916,8,ABMD|AMDIF|BPOP|GOOG|INND|NEE|NOBL|PZN|SGMS|SPOTT|TM
user_5512,2,CLH|KONE|ZS
user_9587,1,TSAT
user_24817,1,FHTX|LOWSE
user_12042,1,GNRC|LCIDT
user_19161,1,MMMMI
user_3326,1,BAHUG|SIX
user_411,1,WEJO
user_7180,1,NIOPI
user_6097,1,SIDU
user_10835,1,ATY
user_22248,3,FFH|HT|JOBYH|VTWO
user_1665,2,NOCPH|TSLAB|VAND
user_6712,2,CDAY|HRMY
user_23721,3,MELIF|NFLX|SYY|TONR
user_16496,5,BRO|ETHIN|PLBY|SBUXT|SPXWI|TSLAS
user_15435,4,EVO|FICO|LMNDS|UL|URA|WBER
user_25689,1,FBTHE|PTONB
user_29075,2,SILVE|SINCH|SPXWI
user_2409,1,BILLI
user_6840,5,CROX|ENZC|FBINC|FBREB|GGG|P|VUZIE
user_10465,1,FANG|X
user_11454,1,FSLRB|KBR
user_33784,4,BYDDY|CPRT|FNKO|HUBS|KO|ONNAR
user_14906,1,CDAY
user_20537,1,FBI|SNV
user_5866,1,WERN|WKR
user_9449,9,AMDCI|BBWI|EAR|GST|JOBY|MSFTW|MVVYF|SHIP|SYYSO|VTWO|XOMDI
user_29061,4,AIV|AWR|AWS|ORETA|TRRXF|VZHTT
user_8053,1,CTRU|OPRX
user_4948,1,ARKKS|FUTU
user_384,1,WSO
user_31526,2,ELON|KOAUG|SSNAP
user_16635,1,IDT|PTLO
user_34199,1,HYLN|USD
user_33790,1,RGS
user_19849,3,CEIX|INTC|TSLA
user_8395,1,EXOD
user_28301,3,GMQ|HTOO|KO
user_29541,1,BRYYF
user_7814,2,IFNNY|OWUV
user_32513,1,FBWIL
user_19141,1,ELS|URGN
user_16850,3,COST|SPIRI|TSLA
user_9072,1,PINST
user_27195,3,BRUSH|LMFA|QCOMC|RPRXB
user_4147,4,AIZ|DISHU|FLET|KSPI|PYPLC|VINE
user_22205,2,FFIE|METIS|WILD
user_7342,1,FBTWI|LMFA
user_28272,1,MSFTT|ZMDTF
user_6875,1,PSX
user_22346,2,AMTD|APPSC|PLAY|SBNY
user_2614,8,AMZNO|COSTD|DDOGC|FBBUT|GOOGD|GOOGL|LTUM|MAA|NEGG|PSTG|STORD|TEL|UNP
user_34228,1,GST
user_29630,3,EVFM|FBETH|NXTD|STM
user_13185,3,BHE|BOO|COSTD|DFEN|SQ
user_31048,1,ASTRB|SNE
user_24009,4,HBAR|MTTR|ROKUA|STAGW|TRUP|WJEFF
user_14170,4,GOOG|META|USAC|XPEV
user_26415,2,DIS|NXH|RNR
user_16547,1,FOSL
user_3239,2,SONVY|TROWW
user_80,1,CRWDW
user_14872,4,BEAM|HRMY|JPMFE|MYNZ|PRE|TZOOT
user_12326,1,SPYIF|TWTRM
user_24553,1,BX
user_17789,1,COSTI
user_479,1,ABBVM
user_30348,1,GLNG|MSM
user_19326,1,VALEC
user_11767,1,ALPP|UVIA
user_107,4,ADDYY|ELONQ|IVV|NURO|SST
user_19015,1,DSIGR
user_28327,1,DOCS|NOBL
user_441,1,HSCS|PFE
user_6033,1,NIOS|VO
user_23606,2,NFLX|SU
user_13180,1,AOSL|USFD
user_31616,7,AVT|CE|DLNG|EB|FBWIL|GC|LKE|MRNAH|QQQSO|SBUXA|WAT
user_11806,3,CHEF|ESTC|SKX|TER
user_5455,1,ETHSE|LEVI
user_10129,1,DRNG
user_22928,2,NIO|QCOMH
user_881,1,AAPLR|ASOL
user_6872,4,IQ|PTLO|SCHB|XPEVB|ZI
user_23052,1,SSEMI|TXNCO
user_29807,1,CHPT
user_4148,1,HSDT
user_3496,3,AFI|GMREV|GOOG|SPXC
user_1764,2,APPSN|BABAI|BNGO|SQALI
user_18857,1,FBTHE|STILT
user_34217,1,MSFTD
user_3151,1,AKRO|EXPI
user_32870,1,SLGG
user_2567,2,DDOGC|SHUEY
user_3398,1,EGLXO|QRVO
user_4656,2,ENPH|UTHR
user_29142,1,SGAM
user_4636,5,AMTWH|BABEA|CCMP|CLF|OVR|POOL|STZ|TLTNE
user_12573,1,USAC
user_6870,2,FCAU|META
user_23082,1,HYG
user_27400,2,BX|MTVR
user_25731,1,VLTA
user_30561,2,DIS|GCT|INTCS
user_2116,2,CATFR|HRTZ|MSTRH
user_18975,1,ATZ|WPC
user_31299,2,AMCTH|ETHAL|NVDIA|XLRE
user_19401,1,IT|MFST
user_21530,5,CLF|DISCO|INND|INTCI|RES|THSET
user_30815,1,VERT
user_7989,1,JPMFE|TYDE
user_33127,1,NVDAM|RDBX
user_8996,1,AMOV|TKAT
user_24932,6,EPSIL|EXAS|FRBA|LITM|MCK|NIOBU
user_30321,1,NILE|STSS
user_16390,1,MOBQ
user_32428,1,AD|YGG
user_22982,1,ABBVR
user_10003,1,HAS
user_5336,1,FBWHA
user_17794,6,KOTUE|KRBN|NETIT|RDDT|SCL|TSLAJ|VNTH|WEBL|WHEN
user_7926,1,XOMDI
user_31854,2,BAWAT|MSFT|NNI
user_16644,2,GMVD|PTONY
user_24671,1,LIB
user_12715,1,IEA|VWHAT
user_8007,4,HOG|MO|NASDA|OLO|RUN|SHY|VLON
user_24859,2,MRKFR|NFLX|SWAV
user_6508,1,EVONO|EXPI
user_17469,2,BABAI|DLRWH|JKHY
user_9274,1,DOV
user_6789,10,ADGI|AMZNM|ASTR|CLFAN|CM|CPBCH|CTVA|G|IBEX|SPACE|SPYRE|VZ
user_25696,1,NIOPI
user_11807,1,FAMI|RYF
user_10108,2,ENPH|RENT|UPWK
user_15573,1,MRI
user_23497,1,CMGMC
user_12027,1,THC
user_20763,2,F|SIBY|SQAT
user_6297,1,VSAT
user_27000,9,APTY|BJDX|DOCUH|HTZ|KIM|LUMN|METX|OTECH|PERI|RDW|SST|STLD|SYFDI|TCEHY|XLF|YETIF
user_1506,1,GE|ZIMAY
user_14928,2,PYPLR|ULTA|ZSHTT
user_11981,1,AMDME
user_4770,1,DISQ
user_23781,5,AMZNG|CVXUT|FBBUL|GSL|MVRD|SVFD|TNP|WMENE
user_22959,1,AMZNP|IVV
user_32204,1,METIS|NOWTH
user_21356,10,AMDVI|AVTR|DLRMO|DOOR|FRBK|LTCHT|MMMMI|PRCT|PYPL|TTDCH|TTDCL|WPM|ZSANA
user_15806,3,CRM|OLN|SHOPD
user_21698,1,ACB
user_25001,1,UST
user_34235,1,R
user_17751,4,AAPLG|DOCNG|NEXT|PYPLR|SFIO|VVV
user_21368,1,POSHY
user_22991,2,AMD|SOXL
user_10392,1,DOCUF|RA
user_3174,1,ABBVC
user_13807,2,MSFT|PSFE
user_2564,1,CNK
user_20786,1,AAPLO
user_12601,1,BOA|NVDAR
user_14674,2,AMD|FCXWA
user_21053,1,PNR|SRG
user_29682,1,APAM|SOSHT
user_33,1,FBUSE
user_26497,2,FLOKI|NIO
user_32749,1,NVS
user_20043,2,JBLU|MSFT|PKG
user_23657,1,FVRRO|SE
user_4696,2,USDC|VIG
user_25674,1,UPWK|VIXAT
user_22963,1,AMZA
user_11335,1,VLTA
user_18529,1,ARMK|URA
user_196,1,PLTRC|RVPH
user_1725,2,CNM|FBMEA|XPEV
user_34284,1,ARCH
user_18641,1,ABM|FSM
user_9372,1,PD|SENS
user_34254,3,ATVIA|CTVA|DISCO|IWMKE|VOW
user_16698,2,SUSHI|XCUR
user_34130,1,MCDEU|URBN
user_31565,1,AWR|PRQ
user_2445,1,ORLY
user_8292,1,SGMA
user_1302,1,FOOD
user_22771,1,CYRN|SONY
user_13751,2,AA|CRM|DASH
user_3064,2,AFRMI|DHI|PENNW
user_2011,1,NU|OPEN
user_31259,1,BHE|CROX
user_7633,1,RIOT
user_1172,1,BLCT|SCVL
user_4534,1,LCTHU
user_31935,1,INMDF
user_7422,2,MAA|TSM
user_8166,1,BZFD|CISO
user_22089,3,DKNGZ|GDYN|HNTAM|SHUEY|URBN
user_28598,1,AUR
user_10369,1,ATVIB|SCS
user_26354,1,LINK|NTLA
user_27364,2,CAMT|CLF|TSLA
user_22195,2,BA|EMR|LIT
user_8710,1,DKNGD
user_19336,11,AWR|CSPON|INTCF|JPMAU|KONOV|LUNA|RAIL|RIVNS|SAFM|SBUXB|SG|TOELY|VRTS|YOU
user_20544,1,COF
user_12375,1,OPORT
user_5207,1,AMDBR
user_20882,1,AMZNI|IVV
user_1876,1,ASTR|PRE
user_5428,4,CNI|PARAS|PENNW|VORBH|XLU
user_5493,3,BX|ENPH|JBLUC|TSMC
user_7266,1,DISTH|FE
user_11793,3,BTCNE|ENPH|KMI|NIONI
user_23424,1,XPEL
user_3401,1,JNPR
user_30877,1,GVSI|RACE
user_18410,4,AYX|BAS|EGHT|INDI|QQQ
user_25845,1,CLOV
user_14768,1,DIA
user_23173,2,COST|HRL|TWITH
user_19717,1,ALK|STM
user_18247,12,BHE|BLOK|BTCI|FSLRS|JETS|MMAT|MNDYM|NINE|OR|PFE|POW|SLV|SNOWI|SXTC|VSAT|VXAPL|ZMBEA
user_3033,16,AAPLQ|AJG|ASANF|CLFD|COSTJ|CRIS|FBK|FXF|JWNBU|MANA|PWR|ROPE|SGMS|SLABW|SNDL|SPGI|TGTTE|TNDM|TNET|TNX|UNA|UNFI|ZINU
user_27487,1,LUNA
user_1361,1,CRMGO|VRAX
user_17275,3,DSIGR|PYPL|XLC
user_12202,3,ABBVU|BX|TSMPE|WYNNG
user_8775,1,MBUU
user_32911,1,CELHE
user_18786,5,ABNBB|ALLYT|EMR|GGPI|LEG|PUBMH|RIDE|SINCH
user_11588,7,CCWF|DAL|EXLS|FBTWI|FLOK|GPNBA|NFLX|TLTHT|VOLT|WILD
user_9968,2,GFSCH|META|TYX
user_20361,1,DJCO|HEI
user_16501,3,CTIC|DKNGC|MSFTS|TSLAU
user_31944,2,MMMRE|UPS
user_778,4,AVLR|CVET|GENFL|INND|LEV|UHAL
user_33934,4,CNBS|COTI|CSGP|NIOGR|SCL|SEMR
user_5993,2,ATUS|MSFT|ZMDTF
user_3978,2,GMR|RERE|THETA
user_8983,1,XBI
user_31425,12,ANDE|AZO|DOT|DUK|GDRX|KLAHT|MFC|MPSOL|ORLY|QFOR|ROKU|RRGB|SFIO|SPYBO|SUNW|WEN|WMTBE
user_30541,1,DRUG|LEG
user_1537,1,FND
user_14473,1,FBREC
user_19658,1,RSKD
user_17365,5,AMDCI|CWST|ETHCY|GGII|LCI|NVDAN|PYPL|RCL|UVXYT
user_5885,1,DNFLX|STILT
user_2026,6,AZNAN|BLNK|GMMOR|LIBER|RACEH|ROKUN|SPYCL|TNET|VNTH|VZ|XOMHT
user_315,1,FRZA
user_12280,1,NEGGI|PARA
user_5848,3,AMPG|GMESU|IDEX|MSFTW|TSMPE
user_21184,10,AMDNO|AOS|APVO|BX|CSX|ETHSH|FBGUI|FMC|HSCS|JNJHI|KEN|KLO|LMT|MANUH|MOWHA|NIOGO|NVDAE|ROKUN|YNDX
user_12624,1,TDOCH|UNG
user_33872,1,PYPLP
user_9820,2,BITF|HEC|JACK
user_28602,1,FIVN
user_29647,1,SWBK|VVIX
user_10093,14,ADP|AFI|AMDCI|BGFV|ECL|ENVB|FQ|GMAPR|HCDI|HNST|IQ|MOMAY|NVDAI|NVDIA|PGTEC|PINSB|SOLPL|STRR|VET|VRTS
user_22916,3,INMDF|LUCID|MOFEB|TEAM|UUP
user_18709,1,SBUXT
user_3935,2,CTT|TSM
user_3362,17,AMDLE|AMZNF|ATH|BK|BMRN|DISEN|DLO|DMYQ|DWACW|ENPHM|FMCB|GBX|HES|HRL|LECX|LSI|MOMAY|MXC|NETSE|PAASH|PSTH|SIVB|SJI|THCA|VINE|VTSAX|WNS|ZSWHA
user_23928,2,ELS|MSFTC|TSLA
user_11664,1,PINSB
user_10534,1,PRNT
user_9697,1,EXAS|TECK
user_11796,1,PENNW
user_33966,1,INTCR|SQALI
user_2794,34,AMCTH|AMDTH|AMZA|ASTS|BRKS|DJCO|DRNG|ENSC|FBPUS|FBULL|FTHUR|FTS|GO|HOODI|INFQ|JWN|KIM|KLIC|KOMCD|LCI|MARS|MCKBO|MDAYT|MOHOW|MSTRH|NFLXA|NIOIS|NIONI|NLSN|NNDM|OAS|OGI|PLAN|POET|PYPLB|RGEN|SBNY|SHIBD|SIVB|SO|SOFI|SYNC|TGT|TIGR|TXT|UKOIL|UNF|UNHIF|VWEWA|VZHE|XOP|ZINU|ZNGA
user_24903,4,ADDYY|DOCN|INTUO|JKHY|OVV|SBUXB
user_15517,4,AGRI|F|NIONI|SLAB|VERT
user_19057,1,SCHW
user_7993,1,HIPO|RIDE
user_4582,1,AYX
user_17004,1,SNOWI|TROWA
user_8930,1,ZTS
user_3019,1,NFLXD
user_8220,1,B
user_2800,13,ASML|BLNK|DENN|ESS|EWZ|FLWS|FRT|GFSCH|HYG|LUMN|MATIC|NIOST|PH|PUBM|ROL|SOLPL|SONO|VZHEA|WWE
user_32460,1,ANTM|VOW
user_32379,1,CTV
user_26665,5,FOCS|HIBB|INTCH|NOWTH|PGR|STAA|VRX|XFRI
user_33951,2,MMAT|PG|URNM
user_23001,3,BRG|QCOMW|TSCOR|VIXAT
user_1997,3,BBBY|MMMAP|MRVLP|PRVA|VLOSS
user_16345,1,GGPIH
user_3067,1,RS
user_23695,1,CVSI
user_20119,2,BLOK|DID|FVRR|QQQDI
user_2849,4,ARRK|DFEN|HLF|PKI|VIEW|WOLFA
user_28630,1,QQQM
user_16080,5,CWH|DIS|FBREB|FSM|PVH|TEVA|TSLAN|TSLAR
user_16083,6,CVNA|LMTWE|NFLX|RIO|RNGR|SEV|SQHTT|TH|VVERI
user_19720,1,ARKW|XLI
user_21423,1,BSMFA|SFINT
user_11250,5,ILST|ORLY|OTLY|PRE|UNI|VIR|XLY|ZBRA
user_18240,1,MDLZC|SO
user_31061,1,DEDEC|RHHBY
user_28249,1,AMDEA|RDS
user_7263,1,TKAT
user_8943,1,ABNBO|SAP
user_34317,2,PG|PPLT|WM
user_30591,1,HRI|TSLAE
user_12896,2,FXYHO|XIL
user_7163,1,MST
user_27324,1,BILLV|WMG
user_1246,1,AJG|PLAB
user_32023,3,CNM|FBLET|STSS|TMNA
user_2015,2,F|NTCT|RHS
user_15215,1,AXPGO
user_12615,4,IP|JAZZ|NFE|RYF|ZSHTT
user_2417,11,AABB|AMBAC|BRKA|CELHE|EMBRA|GETY|HDPRE|MDIA|MTTR|PAG|STOR|UBSMO|XRP
user_28111,2,LRC|RLX|XPEV
user_1830,5,AAPLD|ABR|BAT|BESIY|ITCI|RDSA|SQDAT|UAN|XLE
user_33482,1,FTHES
user_28054,2,ATOM|IEF|TTWO|XELA
user_15223,3,HNTAM|NFLXR|UDIGI|UHTTP
user_4060,6,ACCO|BLCT|BLK|CRWDW|FVRR|FXI|HOG|HPNN|VWHIC
user_8358,2,NFLX|PRU
user_2700,5,ATUS|BCMH|BTI|DGWHA|METAH|NEEAR|RRGB|SQSNA|TSM
user_9480,1,PL
user_34268,2,AMZNP|CDLR|FLUX
user_11457,1,FBK
user_1311,1,DFEN|HRL
user_31109,1,ANGO|JPMD
user_23911,1,ADTX
user_14188,1,ROKUD
user_3644,2,FAF|GOOG|QLYS
user_15764,1,AER|APPH
user_264,3,AMZN|DECON|EXPI|INTC
user_8554,1,CVNAT
user_17003,1,MRVI|TSEMH
user_25910,1,HLBZ
user_28815,1,SU
user_33292,1,FBBUL|UOG
user_3363,2,FTESL|SWCH|UPRO
user_30597,2,ASTSM|STBA
user_3284,2,DFI|OIH|REGND|TTDHO
user_33991,1,AGNC|INND
user_18614,1,QNT|ROSE
user_2790,8,AMZNB|CCLWA|DCBO|DOCU|EE|GK|GTLBB|NETSO|PEB|QUBT|RHHBY|RKLBS|SOPA|SPXTH|THSET
user_17334,1,FBZOO
user_5378,1,BKX
user_7723,2,BX|HOSKY
user_9851,1,KINGS
user_31362,1,MRTN
user_14078,1,GRVI|ZIONT
user_909,1,FTHES|RAYVR
user_13375,1,RGNX|ZIDEF
user_3266,2,BA|BRYYF|HDHEA
user_8587,1,GDYN|SRTS
user_23739,1,GILD|TSLAT
user_3010,2,KR|SOFIN|SPLK
user_32124,3,BABAM|BATS|LECX|THMO|UPSTM
user_10826,1,NFLXH|TPB
user_31846,1,CVM
user_10447,1,MQTHI|RAIL
user_34016,1,IWMBU
user_12811,1,GMEZO
user_12321,1,FBROO
user_14120,1,BYDDY|XMR
user_13902,2,AAPL|ABBVM
user_32822,1,SOFI
user_12124,1,LNTH
user_32453,1,MSIND
user_15126,2,FBUY|LSCC
user_3431,1,SPYSE|XL
user_29799,1,AXPGO
user_23883,2,F|JKHY|VO
user_30130,4,AMD|CIVX|CRWD|ELONQ|MNG|TMO|VIXAT
user_21592,1,FBMEA|KLIC
user_25287,1,CLBT
user_20698,2,ESTC|SCHA|SLAB
user_19545,1,IONQ
user_10216,1,FDN|GEWED
user_19730,1,ACI
user_8391,1,COLD|MARVI
user_31494,1,AMDVI
user_16218,2,CPBCH|NIO
user_16598,1,CELHM|FUTU
user_28220,1,ETHE|ZSAN
user_24719,1,PHIA
user_6719,1,LMNOP
user_17607,2,KYNC|MCK|PG
user_1780,2,MQTHI|XPEV
user_25481,1,HOG
user_22656,2,AMD|ITW
user_28383,5,CTT|ENPH|HEI|LEG|MNDYA|NK
user_28342,1,IMBI|LVMUY
user_13224,6,AZZ|BABAW|COSTM|DISCK|DRTS|LANC|MSFTA|TWTRI
user_10810,2,BUD|SMSN|VZ
user_30676,1,BVXV|CFG
user_33994,1,AMPS
user_910,1,CRK
user_14448,1,DORM|OHI
user_28692,7,ALV|CKPTR|DISFI|DV|FBLIZ|KEN|KO|NVDAS|SHPH|SOS|SUI|YOU
user_20061,1,DISCO|GAME
user_18137,1,WCN
user_15584,2,CB|CRM
user_8702,1,VDADX|ZPLUS
user_5171,2,AAPLH|AERC|RDBX
user_22329,1,COMP
user_9092,2,BYSI|HRB|PEPHT
user_23529,3,ACNDA|IEX|UUP|XPEV
user_3093,1,VZRET
user_33562,3,BEE|BVAXF|EVO|PT|SNOWE
user_26203,2,AMDTH|CATSE|PRPL
user_24515,2,GMQ|TSCOB|VRA
user_12403,1,ZCX
user_25935,1,KMX|OCGN
user_34033,1,AOUT
user_20997,1,PTONJ|TOL
user_25021,1,PZN
user_26049,2,EQR|QSR|TSLA
user_22549,2,NIO|OIL
user_14228,1,OP
user_1539,1,SCL
user_26877,1,LEG|X
user_11272,2,AMD|DELL|EPSIL
user_34324,1,GMPW
user_15830,2,GMEZO|SEA|XPEL
user_31621,2,CRM|MUSA|PMFEB
user_33838,1,NASA
user_19698,2,BX|CVSI
user_22546,1,SUNW
user_19617,1,WE
user_5142,1,ATZ|QNRX
user_30053,1,BGS|IDT
user_9667,1,GNS|SBSW
user_11257,1,MSTF
user_17480,1,SOL
user_27474,3,AAPL|BAC|F
user_27897,1,SIOTH
user_10741,1,AAPLE|UPSVI
user_8393,1,AMDNO|ZSHTT
user_12840,1,AAPLG|SCHB
user_24942,1,RIO|SHOO
user_29206,1,CBRE|DOOR
user_1433,1,CVNAT|DIAHT
user_26304,1,DFEN
user_11434,1,BYSI
user_30563,1,NILE|NVDIA
user_20094,2,COST|PDDI|QQQSO
user_2704,1,BBBYH|RGNX
user_5943,1,BYND
user_21181,2,FXF|GRNQ|LQD|SCHDT
user_2487,2,LW|TSM
user_1422,1,CPRT|FBROO
user_26560,1,SCHB
user_19704,2,BX|ZSLET
user_14775,5,AVBTH|CHK|ENLAY|FFH|LILM|LOWMA|MRNS|PPSI
user_17687,1,NU
user_29539,1,RGNX|SQM
user_30423,1,ANGO|ZSDAT
user_5304,1,JOBYH|MRI
user_15153,1,ABBVD|VIOT
user_31848,1,CKPTR
user_10539,1,GSL|VNOM
user_25213,2,INTL|NIO
user_32132,2,JNJDO|MSFTM|XPENG
user_22782,1,ADGI|CLFAN
user_32466,1,SPXC|SPYMA
user_25535,1,ENVB|LOWWH
user_1950,1,NNN
user_8536,1,SYTA
user_3656,1,CCWF|CVNA
user_17090,1,SYNA
user_11471,1,BUZZ|VRTS
user_12023,1,GRNQ
user_7339,1,FLWS|FRSH
user_16163,1,DD|FBINN
user_3058,4,CRWDG|LBRDA|LMNOP|MELI|SMAR
user_31391,2,MSFT|RDIB
user_6843,1,AAPLR|VRTI
user_12339,1,APPSH
user_24540,1,SG
user_31080,1,GENFL|XOMHE
user_26684,1,RES
user_28088,1,MATIC
user_13508,1,KNBE
user_10333,1,ATVI|AVAX
user_9207,1,FIVE
user_17494,1,EVFM|HUBS
user_21026,1,CELHT|FUN
user_17602,2,AAPL|VMC
user_28215,1,NIOIS|SUN
user_6788,3,CHKPB|CYN|META|STRON
user_14211,1,OMCL
user_20232,1,CWEB|ZG
user_19820,2,NFLX|PYCR
user_28340,1,JMIA
user_19803,1,GGG
user_25223,1,FBROO
user_28245,2,TECK|UMANY
user_33836,2,CEBOU|COST
user_20248,1,KRX
user_10642,1,BURL|EXPR
user_29131,3,ABNB|AFRM|FMCB|TSHAR|XLE
user_13129,1,DISCO|PPLT
user_5571,2,PYPL|RIO
user_23197,2,DOLE|KO|XPR
user_30996,1,SON|XL
user_13908,2,TSLA|TTD
user_32357,1,USB
user_9543,1,BIDU
user_32104,1,AAPLT|IYT
user_17944,1,MCDMI|TERHT
user_262,1,LKMEX
user_8311,1,TEVA
user_5492,1,MCDMI|NKEB
user_32243,1,EPSIL|SAITA
user_28005,1,FBSPE|JPM
user_10986,1,CHX|GOOGP
user_6121,2,BA|CARS|JOBYH
user_2383,1,NIKOL|NWBO
user_9897,1,SPY|TSLAQ
user_28423,2,DHI|FTMSA|META
user_6165,1,FLOKI|NLS
user_17233,1,AKAM|EA
user_33330,1,FDS|SHV
user_25437,1,HCCI|SHOLE
user_11830,1,TGL
user_25480,1,BRYYF
user_30290,1,BROS|NKLA
user_16751,1,AMDQ
user_11642,1,CPG|GOOGG
user_3157,1,IIVI|ZSLET
user_2699,1,DCRC|MMF
user_22029,1,AAPLI|DISFO
user_13011,1,EMB|ODFL
user_16461,1,FBHS
user_12296,4,BSFC|CLX|ENTG|MAGT|TDOCI|XLRE
user_10936,1,ADAP|ALC
user_9015,2,BTC|SQAI
user_8021,2,SQSPO|TSMC|ZSTIE
user_11648,1,AVAX
user_20628,2,AMDAD|KR|USO
user_32297,1,AMZNM|ANTM
user_3646,1,SHOO|WW
user_30023,2,PYPL|UMG|WKR
user_30419,1,EGLDQ|WTER
user_583,1,CARS|QQQHU
user_29309,1,QQQYO|USDC
user_22010,1,SOFI|UPWKT
user_9831,2,MDAYT|SOLO|XPEV
user_27479,1,UEVS
user_27700,1,FBBEA
user_310,1,CREE
user_28791,1,SO
user_1494,1,LIND
user_32217,1,DISFI|EGLD
user_19449,1,IMXI
user_27560,2,ENPH|LSI
user_30742,1,CCI|SPYIF
user_16938,1,MRVL
user_31150,2,QCOMA|SNOWI|YELPW
user_31088,2,AMCLO|PII|PSLV|UNI
user_26974,1,AEM
user_24895,1,SBUXI|SMICY
user_25553,7,AAPLJ|BRKB|EVCOI|KTTA|MCD|ODFL|OHICO|TDOC|TSMPE|TSRI
user_1300,2,DOGEZ|PER|SBFM
user_4012,2,ELONQ|NVTA|UPWKT
user_22804,2,AMCLO|HDPRE|SNY
user_14833,1,EVONO|SSEMI
user_4164,4,AMDI|APAM|BLI|ESSC|FAANG|FCFS|NVDAE
user_17889,8,AAA|ABCL|ATEN|ATY|AYRO|CORN|DTSLA|ETD|LGVN|LKMEX|MDLZ|NFLXO|ZMBEA
user_21160,1,POSH
user_4622,1,TNXP|ZSHED
user_8952,1,SE
user_18357,1,MCK|SMCI
user_17854,6,CK|DOOG|DVAX|FBP|INVE|NVDAA|PG|XLB
user_493,3,CDSG|CSU|DRI|LUCD|TGTSE|XOMWI
user_130,1,JNJ|ZM
user_28221,1,AMCFU|JNJPA
user_8526,2,MSFT|NVDAC|RMBS
user_3586,7,AFRM|AMZNA|CTIC|FIVN|KODK|METAF|MOD|SCHW|SIX|SPPI
user_7594,2,KO|MGM|WMTCO
user_8240,1,ZIDAT
user_9337,1,BABEA
user_13174,1,WRBYD
user_15182,1,BCTX|PCTY
user_33471,1,DRNG
user_24093,1,EGLDQ|STORG
user_22683,2,ATTO|DAR
user_30802,1,FUN|MVRS
user_8787,4,ASANF|COSTD|GRWG|GSAT|NFLX|WF|ZSLET
user_337,1,RIVNT
user_11857,1,SHOPF|TXN
user_22003,1,MANUH|TGTTE
user_1731,1,COSTM
user_4092,1,AGNC
user_28706,1,STT
user_28050,1,SEMR|SNOWC
user_3558,1,EDR|IBB
user_22515,1,QQQYO|SAFM
user_16604,3,FRZA|ICL|LUCD|MQ|PG
user_18769,1,LOOKS
user_11213,6,ANCTF|APPSN|BIG|CURI|METAH|NTAP|SENS|STBA|SWBI
user_2681,2,ARWR|GPS|VISL
user_3587,2,EVCOI|SQSNA|YNDX
user_6411,3,CWH|ELSE|NFLXR|TU
user_698,6,FISVB|HCM|HTTZ|MMMRE|RELI|SG|SGML|UFPI
user_32009,2,CATLO|NLS
user_10913,1,RIVNA|TU
user_15574,3,ELY|INO|KNX|PINST|TSCOB|USBSO
user_11986,1,TCHEY|UWHAT
user_24278,2,AVBTH|MGNII|ZS
user_9680,1,CHGGT
user_12669,1,ADSKG|BSC
user_20539,1,RGTI
user_30045,1,LCIF
user_18242,4,ATOM|NVVE|QQQAN|RDBX|SPLV|WFCBO
user_5454,1,JAMF
user_29753,1,ONB
user_12098,2,LCIDW|SYNC|TSM
user_19761,2,HOSKY|TSM
user_16914,13,AMCRE|CCIV|CPRT|EEM|HBAN|KED|MNG|MSFTA|MTP|NVDAI|OPRX|PLYPL|QYLD|RIVNC|ROG|SYFDI|TTE|VCAR|ZII
user_5879,5,DMYQ|FFH|LVMUY|MSFTD|NVDAG|RGNX|UNH|ZM
user_3358,2,GOOG|ROKUC
user_9775,1,AMCLE
user_30189,4,AMPL|FBNOT|MPC|NAKDI|PYPLB|SHIBD
user_3934,1,VOLT
user_23234,3,ATYCA|NEEAR|SNOA|TEAM|WEN
user_8415,1,LIDR|OP
user_13443,1,ATYNO|YFI
user_25451,1,FHTX
user_33180,5,COTI|CRWDS|DQ|FLGT|NUOTH|OMCL|SIGA|VLO|WMTBE
user_30369,1,JMIA
user_30703,1,AVEO|PINSU
user_3840,1,SAITA|SIDU
user_26369,2,ATYI|PLTRM|TREX
user_18832,1,CELZ|QSSOF
user_11957,3,DEDEC|ENPHM|IMX|SWPPX
user_3149,2,DUSCA|NOC
user_13667,5,AMPS|BMY|CEL|EFTR|GRBK|INTC|MMM|TFC
user_10671,2,HFC|TSLAC
user_33515,1,AGRI|NANO
user_9552,4,ADSK|ALTO|ENPHW|IWMKE|LFUS|PLAY|TAN
user_25003,2,MMMAN|ZBRA
user_3364,1,CRMI|INDI
user_26895,1,PENNN
user_13615,1,HUSA|RYOSH
user_17785,1,ROKUF|SINCH
user_26416,2,CARG|LFG|NIO
user_6412,8,AOSL|ATYNO|BLNKA|CPE|LCIDC|NIOPI|RUT|TSLA|TSMC|XLNX
user_29079,1,SIMO
user_20778,4,AHT|APPSA|BITOI|BSW|NVEI|SDC|VRTS
user_31895,2,ARK|LUCID|SSEMI
user_10696,1,IMBI|LULU
user_32720,1,KLO
user_22971,1,KLAHT
user_16044,1,GOOGN
user_9663,2,AVXL|GOOG
user_31585,1,SODER|TECK
user_26058,1,SWCH
user_12357,1,AMDSH|RDFNS
user_20423,15,ABNBS|AMPG|ANCTF|ENJY|ETHAB|GGR|GLJ|ICL|IEX|JUNGL|LBC|MNMD|MST|NFLXH|NIOAL|NUCON|QS|ROST|RWLK|STZ|TSLS|TSMAU|WFG
user_21807,2,ENBFO|ENPH
user_12855,1,MRNAB|RKLB
user_19255,8,BAENT|BF|DLO|FROG|FTCH|IMXI|NEP|PENN|PHG|SPCET|SPIRI|SPRT
user_34030,1,DGX|SBLK
user_6514,1,AMDDO|NIOAS
user_25402,1,RIVIA
user_17786,3,ARES|AVXL|FTAI|PDSB|XLRE
user_26142,1,HFWA|STEP
user_7062,1,ASC|NYT
user_3255,1,CTVAD|NIOSH
user_18103,1,FIS|ZBRA
user_9929,1,AA|JOBY
user_15876,1,BTCMI
user_14403,2,CLOV|MAXN
user_31954,2,ENPH|SST
user_17784,4,AGRI|BURL|EMN|SYK|TALI
user_48,8,CFVI|CRVS|ENTG|FCX|KSPN|ONCT|SASR|SEAND|TTDHO
user_26580,3,ANKR|BBLN|ROL|XI
user_18590,1,NTNX
user_9722,11,AXON|CASTI|CNS|FCEL|GME|JOBY|LBC|LYFT|MYOV|NKLAQ|NXPI|ONNAR|PALL|PRTY|RPRX|SCHDW|UEVS|VGID|WRLD
user_24638,1,ANTM|SNTI
user_13415,1,RACEH
user_15689,4,AAPLM|ETHIN|MSFTW|SONM|STOR
user_20001,1,PRM
user_11306,1,ABNBM|DWAC
user_3774,3,F|ONON|TSLA
user_16690,2,ENPH|RENT
user_3976,1,IMPP|XOMWI
user_12914,2,BLCT|MKLBL|PLAY|SPXTH
user_2390,1,ACWI|ROOT
user_14690,2,B|TENB
user_5792,4,DM|PYPLP|RA|SFINT|SYS
user_23498,1,CSPON|HLBZ
user_24426,2,PLTR|SUMO|UL
user_23986,3,ACBBO|ACHC|LOWWH|VERU
user_7191,1,ATOM
user_5782,5,ACMR|BRKB|CPI|DBX|EBA|NCR|RACE|SMFR
user_20005,1,MGNIL|QQQDI
user_2656,2,GDRX|KRBN|UA|WPM
user_2297,3,ARE|ARKG|DIS
user_5231,2,BAS|FTNT|MST|OIL
user_8865,2,ARKF|FRPT|HUTME|USFD
user_28459,1,STNE|TCS
user_29954,1,AMG|FVRR
user_3943,2,FROG|RFFUL
user_26194,2,COST|MSFTA|PBRSO
user_13983,1,TDOCA|VGID
user_4565,3,DXT|INTC|PAYC
user_15164,2,CHGG|MSOS|TSLA
user_12741,1,PEPRE
user_22650,1,MCDEU|UPRO
user_6037,1,NKEMO|SGML
user_23024,1,RAD
user_32192,2,ANC|LTCHT|SARK
user_28881,1,DATS
user_21877,1,ATY|JBLU
user_4360,4,BMBL|COSTQ|INM|LMTJU|SXTC|TD
user_11651,2,NFLX|PATH|PSH
user_22829,1,JJC|SIX
user_5101,1,GMEZO|TYDE
user_18743,2,BGFV|DRTS|HCDI|X
user_5720,1,NU
user_1871,1,EWT
user_19975,1,NEWR|UPSTI
user_17783,1,SHLS|UOG
user_11549,3,BABAC|GILD|MRAI|NEX|STAGW
user_25360,4,ABBVD|DXT|FCEL|LSI|NK|SVM
user_8698,6,AMPL|ARHS|BTCI|FVRRO|INAZ|MVIS|PRQ|SGMA|SYF
user_732,2,BF|IWO|MCRT|MSFTA
user_10150,1,COSTC
user_19399,1,CWT|TME
user_16561,1,ABM
user_31103,1,AXPHT|BYDI
user_5869,1,STAGC
user_937,2,COLD|PYPL
user_10999,2,FAZE|MRAI
user_32150,1,GHC|SON
user_18527,4,AUB|FRBA|MAN|UNI|VYNT|WNS
user_7045,4,ALLYT|LAZR|SAIA|TBLT|XAU
user_12489,1,ZSAN
user_8382,1,AAPD
user_5481,1,AMZNQ|EXC
user_29402,1,SCHW
user_17644,1,GDRX|LMNDT
user_9873,1,CVET|SPY
user_10294,2,HAFC|JOBYH|KO
user_8706,1,CYTK
user_6020,2,BA|NXTP|YM
user_18207,1,AMD
user_8557,1,FCXBE
user_29714,1,RGTI|STLD
user_30793,1,SQHTT
user_16782,1,EQNR
user_25465,1,IRNT
user_17816,1,EXPRE|KLEE
user_10638,8,BILL|CRSP|FBSIM|GE|GEBRF|HMC|JNJPA|QCOMH|QID|REV|SHARE|UPSTF|WEBR|XLI
user_3382,1,KOSS|PHMAF
user_4377,1,CBOE
user_12496,3,CNI|CWH|MKTX|QQQSO
user_18521,1,BF|SILVE
user_15181,5,CPE|GOOGG|LMNOP|UNFI|XLIGR|YOLO|ZTO
user_418,1,FBEVE|RKLBS
user_13187,1,CELHC|NFLXN
user_28201,4,ACCO|AMCTH|MNDY|ORPH|PUBM|RVIN|URGN
user_18680,1,BAK|VLON
user_19824,1,ENPH|ZMGAN
user_9160,1,SHW
user_19044,2,BYDI|THMO|ZPAY
user_32103,1,AAPLF|IWO
user_2566,1,BTCMI|ODIVI
user_25261,1,MRI
user_25118,1,JAZZ|LMFA
user_9805,2,BURL|CLPT|DID|IRM
user_4058,2,BBLN|UFO
user_31951,3,APPH|DIS|FAMIF|OLN
user_22328,1,AMZNH
user_2848,2,SCHX|TSM
user_663,1,REM|XOMNO
user_7595,1,NLSN
user_1290,1,VV
user_9993,1,OCUL
user_21679,1,VTRS
user_31598,1,ZS
user_19263,1,VV
user_14662,1,NDX
user_21400,1,WMT
user_10727,1,GMEGL|JAMF
user_9275,2,NCNO|SHIB
user_15441,3,NDAQ|NIO|UMG
user_5081,1,ALGO|NEEWH
user_11148,1,NEEAR|WBER
user_12447,1,OWHIC|PHMAF
user_18979,4,CGC|COINY|CXW|DAVE|GTC|POLA|WMTBE
user_23693,3,DISCB|FBNOT|ISPC
user_33814,1,EE|SHOP
user_8108,1,DAC|NRBO
user_23692,3,AMG|DMYQ|FRBK|SAIA|WRBYD
user_12597,1,BITO|TGTAP
user_3495,1,BLNKA
user_14487,2,AVT|SPOTF
user_23535,1,NTR|VSAT
user_10202,1,MOB|PEPRE
user_23566,1,BOFA|RR
user_8070,1,SDS
user_312,1,TXT
user_788,2,BFRI|CHHFI|NVDAA
user_10139,2,NFLX|REV
user_30140,1,BTCI|BUD
user_13381,2,BAESY|GOOS|NUPAT|ONCHA
user_23791,1,VLTA
user_30331,1,IEP
user_10722,1,APO
user_11252,1,SOX
user_14195,2,AMD|INDO
user_15955,3,ISRG|PLTRA|SAIC|SPYBU|UBS
user_24621,1,BOND|CPNGJ
user_1379,1,TRVN
user_29942,1,PANR
user_9082,1,FL
user_18798,2,OCGN|STLA|SWMA|XEL
user_34037,1,BITF|PGNET
user_29099,1,PAYS
user_5057,3,COM|MSFT|TZOO
user_3075,1,BYM|GDS
user_28785,1,FUTUE|UPWK
user_30401,3,AUST|DWACW|SEDG|SPXC|SWX|WORK
user_6751,1,NVDAC|XELA
user_28937,2,CPBCH|EPAM
user_14295,1,HOODI|NIOGR
user_23084,2,AMZN|COUP|XEL
user_5170,3,AER|BURL|PYPLD|PZN
user_15342,3,CHGG|DIS|FSLRS
user_30328,1,VTG
user_31376,1,PRE|SOX
user_1411,1,DNFLX
user_20190,3,BA|TMHC|TSLA|ZSTIE
user_11705,1,FBMEA|SI
user_20984,2,KDNY|META|PSA
user_5946,1,CEG
user_25170,1,JMIA
user_9427,1,METX
user_3409,1,MNG
user_13108,1,SNOA|UVV
user_15716,3,CROX|HLT|LMTUT|MRVL
user_14924,2,AAPLU|EURUS|MANU|RSKD
user_28625,1,EOG
user_30396,1,SO
user_18509,1,AMDHO|CELHT
user_30581,1,REXR
user_15446,1,GMEON
user_3487,1,CALA
user_20313,2,KMI|UBSMO|XPEV
user_4116,1,FOXA
user_17688,1,RDS
user_10004,1,SPYIF
user_33839,1,ADAPL|EGP
user_34311,1,CCJ
user_26487,1,DSIGR|OCUL
user_23793,2,DECON|SEDGD
user_28808,1,ENPHM|TMUS
user_3525,1,NCTY
user_16431,1,KOMCD
user_5893,3,COST|HFWA|HRL|VNOBL
user_23750,1,CRWDE
user_22500,1,TLT
user_17012,3,AAPL|DGEO|DIS|VNQ
user_29897,1,RGLS|SPYBI
user_20374,1,KONE
user_5510,1,ADA|CELHC
user_2625,1,CYN
user_24668,1,HTCR
user_28994,1,QNRX
user_23666,1,BXP|ZTS
user_3991,10,ACN|AMDPO|AMZNH|APPSN|CDSG|FBH|LIT|MCRT|NTR|PYPLD|ROKUE|TLSAQ|VRPX
user_31449,1,HCC
user_4981,1,CWEN
user_20035,1,GOOGN|VZHEA
user_28830,1,HOODT
user_29944,3,BTCBE|KO
user_11091,1,CALLS|KLEE
user_1248,1,BIDU|DISH
user_18397,3,AMLX|EC|MOTEC|NETI|ULET
user_14039,1,RGTI
user_14254,1,AMSWA|RHHBY
user_22359,1,ABBVM|BITO
user_26793,2,FB|NFLX
user_11679,1,COINP|WKR
user_11390,1,BATT
user_11564,1,STRN|VIOT
user_26690,1,MKTX
user_2315,2,AMDWE|MSFT
user_27804,1,CCS|EPAZ
user_28525,6,ADAPL|ADTX|HDCHI|INMD|JNJRE|KRTX|NEO|SHAK|TGTAP|UNP
user_26373,5,CFG|FUTUW|HCCI|ILV|MSOS|O|STAGE|TSM
user_20848,9,CALLS|DFI|GST|NSANY|QQQVI|SNA|SPOTE|TROWW|TSATM|TWNK|WOLFA
user_33563,2,COM|MSOS|WMTCO
user_32245,1,AAL|QCOM
user_7960,3,ANKR|COUR|HUTME|TSLA
user_104,1,DAX|ORGN
user_11976,7,ABB|BEWI|CRTD|ETWO|GGII|MOWHA|QQQSO|RGTI|STSS|TWTRI|WEBR|XRP
user_2939,2,COST|NFLX
user_7654,1,EURUS
user_33513,1,NOK|ZSWHA
user_16730,1,DLO
user_3415,1,DSP
user_4144,16,ABNBO|BACLI|BGFV|BTF|CASTI|CEG|CMCS|CPRI|DRIO|DRUG|DVY|FUTU|LEN|LIGMA|LUXE|MDBAL|METAH|MPSOL|OVR|PINSU|RMBS|SUN|TBT|UPSVI|VVV
user_590,2,MA|RYM
user_16464,1,EBA|EV
user_7008,1,CRMOR|ETD
user_3914,1,NFLXO
user_10405,4,AZERO|BRKA|DISHB|MSFT|RIBT|STX
user_12364,6,ABBVR|APPS|BTF|DGWHA|FLOK|RKLBS|RYOSH|SYNC
user_2579,2,LVMHS|PYPL
user_11847,1,NN|VFI
user_29187,1,SHUEY
user_4175,2,ALTO|PG
user_21761,1,ESTY
user_9219,2,EPRT|KNX|NXTD
user_27559,1,FSLR|GMETH
user_26871,1,XOP
user_26078,3,KLIC|KO|ZS
user_4420,1,NN
user_10367,1,ALV
user_18797,3,ACCO|AMZNV|MRAI|PG
user_8326,1,HMBL|ZOO
user_18663,5,FXI|GRNQ|HA|MELIM|MRNA|NCNO|SHOO|VTWO
user_6882,1,RDDT
user_2804,3,DOGE|NKEBE|ROKUG|TLO
user_31083,2,APPS|META
user_20397,1,JOBYH|PVH
user_10866,2,ARKW|AXPHT|COST
user_28095,3,AAPL|AMDCE|HBAR|TH
user_16368,1,VFOCU
user_14046,1,SBSW
user_26695,1,ARHS
user_4425,1,HPQ
user_33235,3,CODX|CRXT|MKLIN|NVR|SPCET
user_164,2,AMSWA|CRSR|GT
user_11833,1,ARWR|RIVNS
user_17808,2,ATCO|CACCB|UBERT
user_20056,1,ABBV|GNRC
user_3581,1,STIP
user_5940,2,BJ|NFLXB|QNRX
user_14478,18,AAPLG|ABBVR|AXON|DJIA|DOBO|DPSI|EGHT|ETHIN|HES|HPQ|HSBC|IDT|JNJDO|MAS|MATLO|MPWAL|NIONI|OCUL|OPK|PIXY|RKLB|SPOTR|SYNA|TSLAF|WAT|YETI|ZIL
user_4433,1,ADC
user_26008,4,AAPL|APPSH|EGLD|GMAPR|SOLO|TSLAD
user_19228,3,AMZN|SPXTH|XPEV
user_32716,1,SAVAB|USDP
user_1928,1,FBIN|SPOTW
user_23433,1,XOMDO
user_5421,2,NASDA|TSM
user_17288,2,AAON|ARGO|NEO|SQAT
user_24873,5,ARKK|BRKA|BTCSQ|FCEL|HRI|KDNY|PHM
user_11921,2,AMZN|GEVO|RDFNW
user_18400,1,BAK
user_8790,2,BRYYF|COST|TECK
user_22762,3,DELL|GRNQ|IWO|QCOMH|TWTRA|XVG
user_24560,3,ASML|SYS|VVV
user_24811,1,GM
user_16231,2,ABBVD|ENPHG
user_17171,2,TTE|VEEV|ZUO
user_17399,2,ENPH|LIFIN
user_18181,1,ARCH
user_31306,2,ABTIN|LULU|PENNN
user_18072,5,AVCT|BCMH|GFS|KO|MTC|OLO|PROG
user_23118,1,UMG
user_16283,1,ENBAN|NLSN
user_4056,2,AKAM|BX|ETHAD
user_2583,1,ETH
user_15615,5,AUPH|FAF|FIVE|KIM|OHICO|RBLXW|SEMER|XLB
user_17729,2,CDAY|JNK|XIL
user_28171,1,SVM|WMTSQ
user_20237,1,OD
user_4051,3,AMDFU|DISFR|SAIC|VZDEC
user_3686,1,COTI|DMTK
user_16241,7,AN|BAALL|DTSLA|GOOG|KBR|KODO|PBCT|PLBY|SAVE
user_11221,2,AOS|JMIA|PLTRC|SNOWE
user_16169,4,BX|FXY|GCT|ISIG|PER|VSUPE
user_30724,2,BRN|SCHD|WISHT
user_14916,1,FISVB|NFLXQ
user_16243,6,AMZNU|CLVT|DBX|DCFC|ELAN|GRAB|HALWE|HDWHA|KOMCD|PENNW|UVXYT
user_11344,1,WBA
user_4404,2,LVMUY|META|NAKDI
user_16229,5,CGCHT|GOVX|LHX|NYT|SEAND|TROWW|TSLAL
user_19687,1,LICY|XLV
user_15611,1,ZIDAT
user_13699,2,APH|CVANA|FBNOT|SOFIS
user_8779,1,DAR
user_28589,2,ALBT|F|SNOW
user_34191,1,FBHOP|SSTRE
user_12264,1,MAWAR
user_3330,5,CME|MPSOL|MRKFR|WFC|ZSLET
user_5864,1,AMDME|AMTD
user_19950,2,SLABW|WGO
user_24346,1,BNB|HON
user_10698,1,SAIL|ZMDTF
user_9595,1,DRIO
user_9499,2,BRG|BRKB|CPRI|FAZE
user_1424,2,NVDAE|XPEV
user_24682,3,ABEV|COINY|SHOPR
user_16102,1,TZOO
user_1606,1,TZOOT|ZDROP
user_30120,2,INTC|VTG
user_15337,2,AMD|COINY
user_21312,11,AMDCI|ANET|ANGH|ATI|COIN|DLR|ETHE|HPNN|MMF|OCLG|SPXU|SRC|VET|VISIO|ZSANA
user_16277,1,NKEFE|SCHDB
user_10114,2,AWRDI|AZZ|META
user_12533,1,FBINN
user_28224,2,EQIX|FAMI|TSLAD
user_7034,1,DAR
user_9729,1,CMCS|TOMB
user_12857,1,SGMA|TDOC
user_20695,2,PG|TSLAJ
user_16267,1,SON
user_4458,10,AVAX|EXOD|FDN|HUT|IDEX|NKE|PINSU|PLTRA|ROOT|RUSHA|TNET|TTDGO|ULET|VRA|XMR
user_7345,1,MMMMI|SPYBO
user_2880,1,PTLO
user_28131,10,AAPL|AMZNN|ARGO|BGFV|BSX|CAJ|FHTX|FSR|FTX|HMC|HYRE|MANUH|RIOTW|SKWS|WB
user_17717,2,AMCGR|ISRG|VINE
user_5501,1,GFS
user_33671,1,AAPLP|AI
user_9030,2,BBLN|BCMH|PYPL
user_34298,1,LVS|STEP
user_22847,1,DISCA|GSG
user_2936,1,RVSN
user_16920,3,ADI|DISCK|MSFTP|XPEV
user_16954,12,ALGO|APE|CCXI|CHK|DNACL|FSLYH|GDX|NFLXE|NIOIS|NNOXH|OTECH|SILVE|UFO|XLRE|XMR|XPENG|ZIL
user_1398,1,PANWB
user_12044,1,AGC|VIR
user_6856,1,ISRG
user_1020,1,ROOT|XLRE
user_20959,1,HDTOP|KNOP
user_30410,1,FAST
user_14994,14,CARG|CBOE|CCCX|CTAS|DDOGA|GNUS|HCC|HSBC|IEX|NETSE|NTR|OPCH|PAVM|PLTRH|REALM|ROKUU|SHW|VINE|WMTSQ|WNS
user_11351,2,COST|DLO
user_23560,5,AI|BVXV|CCLWA|IINN|NET|PURR|VUZI|XRT
user_11110,3,AOSL|DCP|MDT|NIU|USDC|VISL
user_19102,1,BOO|WELT
user_5730,2,RUN|TQQQ|ZS
user_30913,2,APD|UPSWE|VORBH
user_1133,1,ROOT|SJR
user_27428,5,CALLS|CIEN|NVDAE|ROKUS|TROWW|UXIN|WFCBO
user_31971,1,SOLO
user_14700,2,ADYEN|NFLX
user_27852,3,DIS|GSAT|SPXW
user_14447,1,LILM|THC
user_4105,6,HCA|HKD|MJ|NETCY|ORA|SQDAT|TESLA|TWTRA|VGROW|YM
user_14576,3,CRM|DEDEC|GOEV
user_25425,2,BTUSO|TSN
user_32087,1,CSTAR
user_6640,11,AAPLI|ABTIN|AMDDE|BJ|DKNGC|EPSIL|FBTWI|FOXA|ICL|JNK|RVLV|SPXW|THCA|TPR|TSCO|TSLS|UMANY|WM
user_7752,1,CENN
user_27905,2,PIII|VZDEC
user_11934,6,ABBVC|CHGG|CVXI|GDRX|PEP|PEPHT|TXT|ZPAY
user_26934,1,PERI
user_3355,1,AESE|LIHTT
user_10352,2,CCLWA|DUOL|DY|TBPH
user_16638,2,BX|JPMNO
user_26234,1,AAPU
user_25321,1,KOPN
user_33929,1,CHGGT
user_2261,2,AMKR|SEMR|TRV
user_31337,2,ADM|CECE|DOCUH|ORK
user_11296,1,GBTC
user_4527,5,BTQ|DIS|MX|NFLXW|PG|SCHX
user_5126,3,CPNGJ|DINO|KWEB|PYPL|SPYNA
user_5084,1,EGC|WEJO
user_9109,2,CARV|INO|TTE
user_34002,1,DORM|VTRS
user_19689,1,SPXC
user_27709,1,AVT|CCMP
user_18586,1,ALB|UNHC
user_33597,1,DDOGE|TROW
user_11435,1,DGRO|KR
user_22022,2,CHD|GOOGP|NAVI|ZNGA
user_25506,1,AMDEA|EWBC
user_1505,1,CSPK|DSP
user_3231,1,BULL
user_19964,1,GBTC
user_33650,1,NRTB
user_32069,1,DISFO|MMMOW
user_4808,1,DOCNS
user_8693,1,NVEI
user_23167,1,HOOD|NWN
user_22574,1,MCO|ZSEV
user_5111,1,AUTO
user_31815,2,FUVSO|GOOG
user_1762,1,SFT
user_26305,1,MEX|RIDE
user_32679,1,TSLAH
user_16086,1,FUTU|PII
user_25155,2,DELL|MSFT|ORCLA
user_33652,1,TLSAR|UBER
user_26353,1,NVVE|ZMBEA
user_9046,1,AZZ
user_33858,1,TSLAN
user_10439,1,PH|ZSTIE
user_21496,1,RCL
user_22356,1,CEG
user_15018,1,CPG|PSFE
user_4200,1,BKX|UFING
user_1999,1,IEA
user_2217,1,UPSTB
user_26907,1,TDG
user_12999,1,OXY
user_25711,2,CLFHT|DISFR|GOOG
user_8002,1,UPSTB|UPSTM
user_26070,1,CYBL
user_31590,1,AXPHT
user_9217,1,IWMKE|SAFE
user_21450,2,BA|IMRN|ORK
user_10620,1,PEPRE|RENN
user_2534,1,BAMSO
user_13610,1,DPSI
user_19378,1,RBLXB
user_25431,2,INTC|TMO
user_3317,1,IFF|SGFY
user_8783,2,BEN|MELI|TSM
user_8101,1,SQM|WEJO
user_23644,1,CRWDG|GOOGM
user_10667,1,PLAB
user_3801,1,XLF
user_23881,1,NNOX|SXTC
user_17831,1,LSCC
user_15746,3,BP|PACB|UXIN
user_26727,1,TSLAW
user_33261,3,META|SUSHI|TSLAI
user_31717,1,EVVTY|VEEV
user_19619,1,BAON
user_6463,1,COTY|RMO
user_2439,3,BABYD|CISO|G|INM|UDMY
user_7511,1,SCHDT
user_12289,2,CS|KO|NKEFE
user_19045,1,AMDCU|CRK
user_20534,1,VZRET
user_12625,6,AIRS|AMGN|CHF|DXT|ETHSE|FBTHE|NOWTH|SINCH|ULET|UPSTA
user_11302,1,BF
user_9780,1,GRWGF|TPR
user_12180,1,SDS|VALE
user_32235,1,COINA
user_32051,1,ASMLW
user_18030,2,CASTI|FINV|INTC
user_1736,1,STILT
user_5361,2,COST|VVIX
user_18477,1,FUBOI|RTY
user_7095,1,NA|PLTRC
user_24314,1,BL
user_21078,1,BTCBR|NBR
user_20088,2,FARA|PG|RDWR
user_675,2,HRZN|MGA|VTSAX
user_14873,3,HRI|PYPLS|SLV|WEAR
user_27397,1,FMX|SHARE
user_6929,1,ARRY|GWW
user_11941,1,CRUS
user_2158,1,ARVL|MAXN
user_24758,3,AMZNF|BEETS|BMY|KO
user_2978,2,ENTG|PI|TARO
user_4954,2,KNX|SHAK
user_15989,2,KOOWN|MANA|MOTEC
user_14936,1,NOVN
user_12457,4,ABBVB|ALLPE|AMDVE|DV|FTHES|TSLAR
user_25150,1,ADM|VV
user_15677,1,CCL
user_1577,1,MMMAP
user_31182,1,ENVX
user_24321,1,CRSR
user_26535,3,AMD|AXPHT|EGLDQ
user_33924,1,RNG|SNOWE
user_31508,1,XPEVH
user_7769,5,AEMD|ALGO|ALLYB|DCRC|NEGG|PTOND|RDBX|RWTR
user_945,1,CAH
user_12392,1,COO
user_26631,1,ODIVI|PSLV
user_25141,1,AMCTH
user_16995,1,MKC|ORK
user_30210,4,BOKF|DISDR|DOLE|SPXW|VLOSS
user_24989,1,FBGUI
user_8796,2,ADYEY|COST|QQQAN
user_14234,1,AMP
user_15649,2,FAMI|PIII|SGML
user_23703,2,AMZNI|LOW
user_17895,1,IGU|MMMAP
user_20332,2,BX|DGROT|VISIO
user_28786,1,TSLAH
user_31938,1,KC|LMNOP
user_32218,1,JNJDI
user_11001,1,PUBMH|TMNA
user_28091,1,CSCO
user_22651,1,SQM
user_6331,2,AUDI|DIS
user_17344,1,ABNBW|LKE
user_6919,1,AUPH
user_19784,1,GOOGS|MRNA
user_13577,1,ABNBO|LPTX
user_11569,2,MSTR|TSM
user_22123,1,BRCC
user_4248,1,ARRY
user_14145,4,BAOS|BBIG|PTOND|QNT|TNXP|UBSMO|UL
user_30358,1,BULL
user_1897,1,COST|LUV
user_31450,1,POW
user_29555,1,EW
user_13872,1,PBF
user_11702,1,NOVN|TSLAR
user_16951,8,AMDAP|BRO|CRM|DNUT|FDN|FIS|HDAPR|INTL|KSPN|MNDYM|PTRA|SPXLA|TEVA|UUP|WBD
user_8814,1,AMZNT|DEN
user_27122,1,FBCOM|MOB
user_29604,1,RCI|SHV
user_30398,1,BBBYH|CPER
user_16959,3,FAST|FBINC|FUL|KRBN
user_30029,2,BILI|VOSO|WERN
user_30349,1,RELI|SONY
user_4332,1,LGVN
user_18949,1,NVDAS|WH
user_865,1,GNRC|SPOTF
user_29633,1,GHC
user_12148,1,AMDCU|WWATC
user_16955,1,AMCFU
user_27411,8,DPRO|FBINS|IMCR|KXA|LANC|NASA|NUE|NXTP|OPORT|PENNF|RAIL|SPG
user_6380,1,BKH
user_1699,1,AMOV
user_34169,1,AG
user_3665,1,SCHM
user_31914,1,CHTR|CNICH
user_29489,1,BL|MUGRO
user_5480,1,CHD|CYN
user_15011,1,AMZNO|QNT
user_16960,3,BTBT|INTCI|SYK|UHAL|WOLFA
user_3920,3,FBYOU|GGG|MIME|RYTEL
user_9202,1,MSFTH|NFLX
user_31909,2,NOC|NSAV
user_18611,2,CRM|TELL
user_20031,1,BATT|IWMBU
user_27009,2,CVNAT|HBAN|SIBY|SLB
user_25742,1,EL|QQQSH
user_15650,1,SWK
user_23219,1,ALNY|SPT
user_24296,1,LIND
user_3327,1,MMMAN|UAA
user_33393,2,BESOF|DKNG
user_30124,1,ENPHW|MAXR
user_22565,2,EPS|META
user_7465,1,NFLXH
user_33087,1,MSTRH
user_7566,11,AIR|AVY|BLI|CLOV|CNTX|DECON|EFX|FLUXI|GOOGN|JBGS|L|NDAQ|NKEWA|NXH|SBAC|SFIX|STIP
user_7567,1,FBGAM|IMBI
user_7557,1,MTTR
user_27819,1,DRVN
user_33161,1,FCXWA|VOSO
user_6578,1,BABYC|MUNIK
user_12733,1,EAR
user_10882,1,HDTHE|STBA
user_21000,1,KFY|TTDGO
user_15900,2,MNDYM|ZS
user_24525,1,AMZNU
user_8209,3,CRM|NEAR|PSLV|RAYVR
user_33620,1,LITER|XOP
user_6071,1,INTCH
user_19084,1,MTCH|SBUXJ
user_29989,2,BASE|PYPL
user_22575,1,CVXBA|GOOGG
user_9737,1,STHE
user_2022,4,ASX|CARS|FSLR|GC|INAZ|VYM
user_9338,1,KMI
user_22246,1,CAMT|SRG
user_2502,1,FUTUW|IVA
user_33873,1,CCCX|XIL
user_23699,1,DENN|MVRD
user_20893,2,PETS|RERE
user_20252,1,SWPPX|TRVN
user_27878,5,AAON|ACBBO|FBINS|FTCH|NIKOL|TARO|XPEV
user_27083,1,ATKR|FLL
user_31524,1,FFIV|WOOF
user_26272,1,IRM
user_9493,1,BTCNE|PYPLC
user_21183,1,SPWR|WELL
user_33878,1,FBMEA|W
user_348,3,CRM|META|SOSHT|WMENE
user_23410,1,NNN
user_31894,2,BA|RIVNC
user_1968,1,SFIX|SNMP
user_6976,1,VW
user_24816,2,EUFN|FBULL|MILE|SYA
user_5535,1,VTG
user_17660,2,BABAB|NFLX|NSAV
user_5861,1,HTZ
user_364,2,AERC|GOGO|MREO
user_19069,2,AAPLR|META|VRX
user_31628,1,CHK|XPE
user_20333,2,DLR|SNAPX|VVS
user_29146,1,PYCR
user_6134,1,ZSHED
user_20366,1,ROKUE
user_5148,1,CPB|IWM
user_17377,1,AER
user_3705,2,EB|PG
user_14102,2,ARKK|TCON|XPEV
user_26694,1,LMTRE|SPYAL
user_24031,1,LNR|NFLX
user_33521,1,PANW
user_31239,1,AMAZN
user_7307,1,CAAS|PLTZ
user_33325,6,ARKO|BYDI|CELHM|LFUS|NOCIS|TQQQ|TZOOT|UVXYT|VIEW|ZSLET
user_15231,8,CSTM|ENPH|FOUR|GETY|HITI|INDI|MTN|OP|R
user_13399,1,BKH|CLVS
user_25794,2,AAPL|CHRW
user_28707,1,VVS
user_21777,1,HUYA|XRP
user_17265,2,AMDAP|INTC
user_30307,1,DIDI|OPORT
user_29538,3,FEG|INTC|WBER
user_23630,1,CELH
user_2236,3,CMG|DGRO|MVRS|PG
user_11620,1,LIBER|OWHIC
user_22540,2,ASLN|DIS
user_19244,1,BABAM|HFC
user_21008,1,EVH|JMIA
user_9130,1,SRC
user_12790,1,PMFEB
user_23918,3,BACBU|FBPUS|GNS|KOMCD|VIXAT
user_3514,2,MMMGE|MTEI|SOXL
user_27209,2,BABA|SPOTR|TOMB
user_1983,2,BAND|PBT
user_33462,1,EGRNF|SAIC
user_26289,1,SASR
user_25961,1,PL|VIX
user_31095,1,ISPO
user_8856,1,CRVS|NIOLE
user_28361,2,LKMEX|NFLX
user_11462,1,KC|SHOO
user_16437,1,CGCHT
user_26627,1,LEN|SODER
user_27930,1,CEL
user_6139,1,ULVR
user_8919,1,CPI|ZSCHA
user_599,1,AMDI|AZZ
user_653,1,CRMDE
user_22355,2,ALZN|RHCLO|TSM
user_19648,17,ALGM|BSMFA|CACC|CDLR|CNC|COMP|CSIQ|FLL|GRTX|IEF|JPM|MAR|MC|MERC|MKSI|NIKOL|OPRX|PANR|PGTEC|PSEC|PYCR|QQQHU|SHW|SWMA|VCOCA
user_22009,1,CNM|RGTI
user_22835,5,ADYEN|ALLYT|BEEB|DOX|HDPRE|LC
user_25200,1,AGG|SIOX
user_24915,1,OGI
user_33389,13,AVID|BMYHI|COSTC|EAR|GDXJ|GOOG|GTO|IBEX|INTU|IOBT|JEPI|LRCX|LVSTH|MSTF|RDFN|SWMA|TSLAR|VOOAD|WMS|ZS|ZSTIE
user_22121,10,ACBBO|ALL|APPSA|BK|BOND|DISTH|EQIX|ETHE|ORLY|PIII|PURR|SRTS|STRAV|VNQ
user_29904,5,BAND|BROS|DISDO|MRVLP|RKT|SHV|VTRS|WMT|XPEL
user_15817,1,BRQS|PYPLG
user_5671,9,BRG|BTCDI|ENPH|EPRT|HLBZ|PEB|RDDT|SSNAP|UNH|VTRS|XPEVB
user_24205,1,BTC|UMC
user_7128,12,ACB|ATER|BKKT|BYDDF|CAAS|ETH|FAST|LYXE|OWILL|QSGRE|SAITO|STRON|TWST|VCAR|VNOMW|WBD|XLFSP|XLI
user_15263,3,AUTL|BA|DMTK|DXYHT
user_1138,1,PAVM
user_228,8,COINA|DBGI|MOMO|ONEX|PRM|SEMER|SFIX|SPXLA|TSCOE|UPSTM|VZ|YFI|ZTO
user_21208,10,AAPLH|COF|EPSIL|FFH|JAMF|MSFTP|MTD|NFLX|PEB|PRE|SGHC|SHEL|SWAV|XIL
user_8564,1,FIS|PARA
user_8483,3,NINE|SFT|TWOU
user_31459,2,NIM|NKEC|PG
user_20018,1,NDQ|SHW
user_6229,5,AMDVI|DBX|FBLAM|INAZ|OPCH|SGMS|XOMBU
user_11081,1,LLYSH|R
user_8732,1,IREN|NEO
user_666,1,SASR
user_33856,3,BTCUS|GOOG|MSFT
user_7178,1,FINV|UNH
user_4421,2,AVPT|CRM
user_23531,1,FI|TSM
user_1384,1,EB
user_25525,2,AVPT|BX|CVSI
user_11776,2,BA|IAS|SHOO
user_8160,1,CPG
user_28259,2,ACO|SNPS|VVERI
user_2460,1,LBRDA|SHUEY
user_9276,1,AVGO
user_13249,1,NIU
user_10985,1,RYT|TWITH
user_20184,2,CZR|NIO|SMOG
user_15169,2,AKAM|GK|NVDAH|PYPLT
user_32885,1,EE
user_24481,2,CURI|ZS
user_5498,2,CPRIT|RELI|UMAYB
user_26714,2,DVA|MOBQ|NU
user_10653,1,AAPLG|PBIO
user_32611,1,CBOE|SBUXH
user_12216,10,ADI|BABAU|BRQS|BTBT|CASA|CAST|FLUXI|GOOG|HRT|LMNDD|MSFT|NFLXA|OZON|STZ|UPSTE|VGK|VOW
user_24337,1,BVXV
user_5944,6,AMDRE|CTIC|DKNGD|DKNGH|FBBUL|PAASH|RGTI|SHV|TMNA
user_9022,1,QQQDI|QQQHT
user_27970,1,QCOMW|VINE
user_24169,1,MCDCO
user_14080,1,APDN|MDB
user_17371,1,ZSTIE
user_30187,3,ASAN|CBIO|FTCH|TSAT|UCTT
user_21543,1,GMLI|USHE
user_286,2,IKEA|IRBT
user_26281,1,IFNNF|PIXY
user_8283,1,VEEVI
user_22250,1,FBZOO|SKYH
user_12214,1,PAYS
user_26079,1,DOOG|TCS
user_3217,1,MQ|VLOSS
user_21143,1,FBREM|MSOS
user_21554,2,AMZN|COSTI|ONNAR
user_15168,1,GMVD|RGNX
user_12221,6,CSPON|HNST|KOOWN|MDLZC|MSI|PEPHT|POW|VRX
user_2374,27,AGNC|ANCTF|APOG|ASH|AZERO|BGS|COINP|DATS|DKS|ENPHC|GSL|GWW|IIPRR|JPMNO|LMTUT|LUNAH|M|MMF|MSFTP|NDSN|NVDAV|PATH|PETZ|PTRA|QNRX|QQQPU|REM|RL|SFIO|SI|SVM|TMUS|TSCOE|TSLE|UBERT|UVXYT|VRPX|VSUPE|VYMDI|WOLF|WPC|ZC|ZSHTT
user_21327,1,NFLXQ
user_6217,1,PDSB
user_28114,2,AMD|AWRDI|CXDC
user_33230,1,AMDCU
user_29502,2,GOOG|PDDWH
user_26081,2,ILV|REM|SIWED
user_9143,3,DIS|TSM|VCOME
user_14558,1,SOPA
user_15737,1,EXC
user_9952,1,ENSV|VALEC
user_27627,1,EUFN|SUN
user_16271,2,COST|KEN|LBC
user_34222,2,MSFT|WRBYD
user_2780,2,TSCOB|VZ
user_13680,1,ASMLW|PTONP
user_2573,1,MILLI
user_8734,1,AAPLB
user_553,2,DY|EJH|KO
user_19528,1,TRTN|VCOME
user_4384,1,ROOT|TRTN
user_25700,1,OIL
user_22522,1,AMCTH
user_32193,1,IR|WTRH
user_3904,1,AAVE
user_24394,1,VINCI
user_4901,1,VALEC|VRPX
user_29800,1,ETSYC
user_32777,1,TXNCO
user_18651,2,PG|SQAI|TSLAV
user_27092,2,BMY|PG
user_17107,1,CATSE|SXTAN
user_18263,1,PL
user_33153,1,PLTRE|SCS
user_29679,1,FBPEO
user_19087,1,META|TSEM
user_1962,1,BND
user_23057,2,DWACW|WMENE|XPEV
user_3655,1,BAHUG|QCOMJ
user_23599,1,FBYOU|LOWWH
user_11524,1,HNST|ROKUO
user_27809,1,M
user_17425,1,HTZ
user_21703,1,SAITO
user_9855,1,GOVX|SSTLE
user_13678,2,ENPH|SYTA
user_1314,1,VMW
user_32472,1,DKNGC|VRAWH
user_10159,2,INTC|JAMF
user_24980,1,TOI|VO
user_2418,1,VLNS
user_7717,1,WPCWH|XELA
user_25414,2,NAKAC|NKENV|UXIN
user_28398,6,ACHL|ADTX|BPRM|CELHE|ERIC|TCEHY|UPSTD|WNW
user_17364,1,LOWMA|MCDGA
user_16538,1,STORM|USDJP
user_21257,1,CELHC|TIP
user_11015,1,BJDX
user_5811,1,SHOPH
user_454,1,REGN|XOMRE
user_4443,2,KO|NKLAQ|XOMWE
user_21876,1,AMDLO
user_31238,6,AMDRU|BANC|CFLT|CHNG|META|TNXP|XLP
user_2331,1,MVIS|OPORT
user_11801,1,CRMPR
user_13778,2,AAA|NIO|PLYPL
user_21138,1,HYZN
user_24674,1,SNOWE|TYX
user_30867,1,BKR|DBGI
user_28876,1,CROX|TTCF
user_22226,1,CENN
user_22100,1,BAK
user_29621,2,AMD|REV|ULONG
user_20821,2,BANA|LCIDC|ONB
user_10941,1,FBROO
user_32593,1,FOOD|RS
user_26875,1,IRTC
user_11052,2,HLI|HMBL|ZWATC
user_28427,3,DISCO|PTONJ|TSLS|UCYBE
user_29504,3,DXYHT|NFE|OKE|SPIRI|TGTAP
user_485,1,REALM|SNTI
user_31059,1,STHE
user_28307,2,HCC|LIHTT|NFLX
user_26514,1,ANGH|SNDX
user_25444,1,JD|TXNRA
user_32247,1,BAS|WEJO
user_9930,7,BABAM|CVX|DRIO|LIFIN|MTP|NDX|TSLAQ|URA|ZSDAT
user_6007,1,AMDNO
user_20751,1,DOCU|SOLHT
user_29572,1,ALIF|LAZR
user_5829,2,UNA|VFI
user_29170,1,CPBCH
user_33324,2,BAT|DIDI|VFI
user_4768,1,ASOFU|BSFC
user_12334,1,JPMHT
user_25533,2,PFEFR|RACEH|SCHB
user_27822,2,CSTM|HLF|NIOHA
user_27962,1,OMI
user_30840,2,AUTO|SEV|TLRY|USDC
user_3479,1,PURR
user_15654,1,IDEX|NNI
user_4932,1,PTONB
user_12648,2,AD|EFTR|IBEX
user_31119,2,ATTO|ROST|YOU
user_2839,3,BCMH|MGNIO|RCI
user_25939,1,AMDVE|OZON
user_29665,1,PAG
user_8908,1,IMCR
user_1626,2,AEHR|CPBCH|GWRE|MAIN
user_11222,1,APPL|SNE
user_667,2,NFLX|ONON
user_28868,2,AMC|COTYA|ENPHG|WEBRW
user_28654,1,ARES|DAL
user_12635,1,BLNK
user_12959,2,OVR|PYPL
user_15480,2,CBSH|NTAP
user_10090,2,F|NETSO
user_15387,1,SHY
user_13749,1,MFST
user_7700,1,ETHDI
user_16647,2,FBP|TSLA
user_12956,1,ASAN|DOCN
user_7514,2,MRVL|TSLA|ZCX
user_33860,1,SCHX
user_23091,1,ONCT|SNOWI
user_14176,1,GMEZO|QCOMR
user_30685,1,KNOP
user_27520,1,MTP
user_12675,1,NTRS
user_20071,2,BTQ|DUSD|LSPD|SM
user_12064,1,KRL|O
user_16526,2,ATH|IWM|VZ
user_30256,1,BKU|JUNGL
user_14306,3,ETSYT|OXYBO|SCHDB|UXINC
user_19273,1,NVDAI
user_19794,2,EXPI|KO|PLAB
user_23347,4,ASIX|GDX|LBC|OTECH|TTDGE|UPSTF|USDP
user_28885,1,ACI|VLO
user_24336,1,FBBEA|SMR
user_8954,1,PLUG
user_19733,1,ANF|POW
user_23616,1,CCL
user_6933,1,KOOWN
user_1817,1,TERHT|ZIMAY
user_16566,1,GALA
user_7488,1,ALK|NFLXC
user_13220,2,ALICE|EVH|PLTRE|PSA
user_1263,1,ZIONT
user_31191,1,ACNDA|ZBRA
user_8152,6,COSTJ|CSCO|GTBIF|MPC|MPWR|NFLX|SYY|ZS
user_24575,1,NDAQ
user_10218,1,GOLD
user_2714,2,ABBVF|FRHC|IBEX|LMNOP
user_31398,2,MSFTG|TNR|YELPW
user_6647,1,QQQHT
user_20607,2,ADSK|ARKO|NFLXY|USBSO
user_8624,3,BROS|CYBR|DEN|VFI|WM
user_33674,1,KDA
user_22849,15,ALZN|AMEH|BANC|CHGGT|CI|COUSD|CWST|DLR|FTNT|INTCH|KSPN|MMMOW|MOB|MSFTH|NETCY|NVTA|SQALI|STSS|VEEV|VORBH|ZII
user_16164,1,FSLRA|PII
user_24212,13,AVXL|AXNX|CINF|CRON|DKNG|DORM|GOCO|MCRT|NVDAC|NVDAH|OXY|OXYBO|PRTS|RDW|SHOLE|TSLAP|VOW|XIL|YEXT
user_23526,1,TRVN|XOMWE
user_22027,6,ARVL|CAR|DINO|GOOG|GOOGM|MVRSA|TSM
user_15656,3,AAPLU|BAESY|PYPL|XPR
user_28565,1,SCHB|TROWW
user_3913,1,BOFA|RDFNW
user_32102,1,TNXP|URBN
user_16384,1,NOVN
user_34081,1,MARK
user_2089,4,AMZNC|ANET|AZNAN|BILI|FFIE|IHI|RIVNC
user_7027,3,CMI|ENPH|FCEL|ONCHA
user_21707,9,ABBVC|AESE|ATD|CVS|CYN|ENR|FSLRH|META|NEEFO|ROIUC|THETA|UVIA|VTSAX|VWEDN|ZWATC
user_8004,2,AVBTH|TSM
user_75,1,FBHS
user_9468,18,ABBVC|ABR|AMT|ANF|CVANA|DISCO|ESCA|F|HXSCL|JJC|KTTA|NBR|NFG|PAG|PYPLN|SEDGD|SIOX|TSLAM|UPSTD|VFINT|VMW|VSUPE|WKR|XPEV|ZNGA|ZSLET
user_19418,1,KOSS|WPM
user_18757,1,DISWH|OTTR
user_9110,1,ZNGA
user_6042,7,AEO|AMSWA|CRWDE|DUSD|MOS|NFLXL|NOVN|RRGB|WISH|XLC|ZSDAT
user_33155,2,DIS|SPWR
user_20055,3,GRIM|TSATM|UVIA
user_18994,1,OSH
user_24144,2,MMMGE|NFLX|RBLXC
user_17934,3,BABYC|CPBCH|DGROC|DM|NYCB
user_27363,3,AMZNH|BWV|ENPH|FRBA
user_21259,1,MDLZ
user_17226,2,FROG|QQQNA|VZ
user_31255,2,AMZN|CDTX
user_29286,1,CSTAR
user_30353,1,ENR|VSAT
user_20204,1,INVE|OXY
user_6790,3,CLR|GDS|GEO|JJC|OTRA
user_26785,2,LBC|UPSVI|ZS
user_19163,1,COTY|NOVO
user_29681,1,INM
user_3210,1,DEGEN|INTCF
user_22684,1,NFLXQ
user_29988,1,AXON
user_19787,1,COINM
user_6791,2,AGC|O|ZS
user_32551,1,CCATE
user_13242,1,ONCT
user_5216,2,AER|BK|CRWDW|RSP
user_14474,5,AB|AMPH|LEV|MSFTE|UBER|URNM
user_33143,3,BUZZ|DISDO|NFLX|SPYYO
user_28461,1,AFI
user_4189,2,ACMR|AWRDI|FUN|ULONG
user_14895,2,AMZN|LC
user_2121,1,PYPLB|UFI
user_7719,1,CPNG|RENT
user_15924,1,FTM|NWL
user_11199,1,APRE
user_26810,2,IGU|WFCBO|XPEV
user_22896,1,EXR|KSSWO
user_11656,1,COO|ROKUA
user_11304,1,ANCTF|NSC
user_32001,1,ATCO|VMC
user_26034,1,HUBS
user_14598,1,ABNBC
user_28962,1,AN|BOA
user_7288,1,BASE|BAT
user_24736,3,ATY|CMPS|MAFAC|USDP
user_25839,3,AAPLE|AXSM|SNOWI|VZ
user_20224,5,AXNX|HULU|MO|PDSB|PRU|SAVAA|SPG|TTDMA
user_17847,4,ACHL|BMRN|FAMIF|GDRX|ORK|VCOME
user_23027,1,ON
user_10259,1,CXDC|EXP
user_496,1,JNPR|UDR
user_19764,9,AAPLE|AAVE|BABYD|BTCBR|FTS|MMC|NIKLA|SONM|SPYBI|SWCH|UNI|WELT
user_11555,1,ACWI
user_10375,1,CDLX|HUBS
user_5420,1,ASSA|CRMI
user_785,1,ADAPL|TGTAP
user_19634,2,COMP|MIGI
user_17917,1,EPRT|PFG
user_915,1,FLUX|SM
user_13004,3,DKNGH|ENPHM|TAP
user_22925,3,CLF|COSTI|QNTJU|SNOWC|ZI
user_4873,3,CIFR|FCXBE|NIOTH|SHOPF|TSMHT
user_26983,1,NETIT
user_14521,2,F|TWITH
user_7430,1,KMI|SCHDD
user_10267,1,CACC|QSR
user_425,1,TSLAL
user_21406,1,DLR|RELI
user_1193,1,HRI
user_14731,1,NDX|UPSWE
user_17988,2,SPCE|VZ
user_11444,1,NLS
user_20325,3,FBWOK|PSTH|TSEM|WGO
user_8550,2,AZNAN|F|FBGET
user_17484,1,PYPL
user_29098,2,AFL|DATS|DDOGA
user_15042,2,PCTY|SPYAL|XLM
user_20836,1,BYND
user_17933,3,AXU|METAS|SMFR|TSLA
user_13545,1,EGLD
user_9568,1,AKZOY|FBINC
user_31505,1,SPRT
user_10271,1,SE
user_11663,1,ATZ
user_20806,2,ETSY|OGI|PETS|STSS
user_25790,2,AMZN|NIOWA|VVS
user_21288,1,CPER
user_2850,1,STHE
user_24814,1,VRTI
user_20879,1,ABEV
user_31615,1,FR|PPC
user_10234,1,VCOME
user_25693,1,EQT
user_30104,2,AAPD|AMD
user_23981,7,AKZOY|ATH|EQUIX|HRZN|KSU|NNN|OKE|OPCH|QQQHT|YOU
user_33104,1,SONO
user_7283,1,AMDMY|BITF
user_26707,1,JPMAU
user_13851,2,KCAL|PG|TXG
user_31373,1,PKG
user_10266,1,CUBE|MNDP
user_29374,2,DOBO|MSFT|VLTA
user_23186,1,QRVO
user_32394,1,ASANF|HOODI
user_29694,1,AMRS
user_6017,1,CRNCB|TROW
user_2483,1,MANU
user_23777,1,EDMAT|TSMC
user_13092,1,ASOFU|UNHEX
user_28626,2,COST|LTC
user_19056,1,FAMIF
user_31442,1,NIOLE
user_18879,1,BSW|SON
user_5819,1,IWMBU|NAVI
user_1885,1,SCHDB
user_14269,1,SQM
user_32591,2,AAPLE|FBROO|KMI|LMNDS
user_2918,1,CNQ
user_10925,1,CDMO
user_14205,2,JWM|NKE
user_14204,2,AMZN|SHOPR
user_21081,1,LICY
user_11955,5,ADM|AVXL|GC|GETY|IIPRR|TECK|ZOO
user_14001,9,AAPL|ABNBS|AMDAD|CSGP|CTV|ENPHG|IIPRR|NIO|PHAS|SNAP|TSHAR|UPWKT
user_3691,8,ALT|ANF|CEIX|DOCUH|DOGEZ|FSTX|GNTY|KYNC|LICY|MNDP|NFE|SPYTE|WE
user_17198,5,AMDRE|DGWHA|ENSC|GMSOL|HXL|RNG
user_9547,5,ABNBA|CPNGJ|HTZZP|KOTEC|LNN|MCD
user_10831,11,AESE|BIIB|COMP|CYBR|FAMIF|FBETH|FRPT|GEWED|GLBE|HDWHA|KFY|KYNC|PEPRE|PPG|RIVNT|SHOP|SYK|VFIAX
user_18349,2,BTCWA|PGJ|QCOMC|SCHX
user_20499,1,NFLXP|RDW
user_15952,1,GE
user_27499,4,GPC|LSXMA|MOHOW|RGTI|USDP|VERU
user_25793,2,AMBAC|NIC|UPWKT|YFI
user_12710,2,RUN|SHUEY
user_29386,2,ENPH|IWMBU|RIVNS
user_31757,1,RDIB|TXNRA
user_24180,1,NEEFO
user_32108,8,AAPLQ|BAS|BUZZ|CACCB|NFLX|PRTY|PZZA|RCLWI|SCHG|SYFDI|TNET|UL|UPSTD|UPWKT
user_20780,1,HHC|SPLV
user_32890,1,ZG
user_24187,1,TASK
user_731,8,AMZNA|ATVIB|AVGOT|BITOI|BRG|CDLR|FAMIF|FLET|INM|INTC|INTL|IOBT|OCLG|SKY
user_27025,1,FTNTO|WIX
user_27164,1,WGO
user_30323,1,BIDU
user_8480,1,OR
user_6861,1,RBLXL|UPST
user_33497,2,CPER|MSTRH|TNX
user_14434,1,SUNW
user_12045,4,AI|DIS|HRB|SKLZ
user_25127,1,YY
user_1377,1,BOKF|EWZ
user_4853,2,FBBUL|PBCT|UPSTM
user_30019,2,IMPXH|PTONR|TOST
user_18369,1,GRAV|NOKBR
user_4880,4,ARLP|GRAV|ONDS|YUM
user_11239,1,SGH
user_33483,2,F|FND
user_24887,1,LICY|MMMBU
user_33886,1,IBB
user_20935,1,EB|TSRI
user_5407,1,LNTH
user_13269,1,ADSKG
user_766,4,AMZNT|AMZNV|APVO|NVDAD|SAFE|VGROW
user_20324,1,BITO
user_15457,1,MKLBL
user_18691,1,WBA|ZSSEM
user_30661,1,AMDCE|FIVEY
user_25771,1,CLVT|UFI
user_20774,3,AMDDE|FBLET|IHT|ZS
user_890,1,FBHOP|STEP
user_5592,1,VYMVA
user_20831,12,AAPLO|APP|AUTO|BATT|BRG|CUBE|GALA|IDEX|IQ|JBHT|JPMFE|PERI|PRVA|PRX|SMICY|SPXTH|TRV|TSLAI
user_29692,1,ACN
user_15091,1,PRX
user_21263,1,HPE|ZIM
user_3200,3,BOO|CLF|STILT
user_11630,1,CRWDS
user_31973,1,BTCNI
user_32624,4,ATTO|NUOTH|NXRP|SQHTT|VBUYS
user_12778,2,FBBIT|KONOV|PTONP|TTCF
user_29371,1,CVANA|DPLS
user_32060,1,BEWI
user_21389,2,FET|TSLA
user_9569,2,MSFT|ROKUS
user_30640,3,RDIB|TLNT|WMTCO
user_15479,1,FMCB|FSUGY
user_21885,2,ARRK|MKTX|PG
user_2330,1,CRSR
user_10839,2,ALLYT|SPOTT
user_25633,1,MAFAC|STEM
user_6832,1,SHOO|TSHAR
user_1592,1,ESSC
user_24340,1,INSG
user_19118,59,ABBVU|AMDRU|AMDSH|AMDWE|ARKKR|ARKQ|AVAX|AZO|BAND|BLI|BLOK|CALM|CASA|CHPT|CMG|CYRN|DE|DISGO|DPZ|DXC|EGLDQ|ELSE|ELY|ENBFO|EQB|EVO|EW|FBBIT|FBI|FBREC|FDX|FITB|FLOW|FR|FRZA|GMSOL|GOOS|GPC|HMBLI|INTCH|IREN|KFY|KMB|KNOP|KYNC|LVMH|MDLZC|MPWAL|MSFTH|MSM|MUNIK|MXL|NETCY|NFLX|NNN|NOVN|NXPI|PFE|PFF|PL|PTPI|QCOMT|RAIL|REGND|ROKUF|ROSE|SGAM|SPLV|SPOTD|SPYNE|STORB|TNX|TZOOT|UDIGI|UPST|USFD|VEU|VFC|VTNR|VXX|VYGR|WAVE|WES|WSM|XOMRE|XPE|ZIM
user_27135,1,APE
user_19145,8,ATGE|CAG|EAR|FTNTT|MRAM|NVEI|PATH|QQQHU|SKWS|STEP|TAN|TBPH
user_21240,2,ARKW|EBA|NEX
user_17283,2,AAPL|BITF|MRKFR
user_31778,2,MDBAL|NVIV|VTWO
user_34256,1,OCGN
user_25210,1,FXY|TSLAK
user_33794,2,DXY|SNOW|UNG
user_6385,1,BODY
user_33119,1,CFG|PBR
user_3376,2,CASTI|MET|MLI|ONNAR
user_32075,1,MNDT|VFINT
user_21519,1,CRMI|XOMBU
user_23761,1,BAENT
user_18167,1,FIS|PPG
user_31583,1,AVTR|IGEX
user_33234,1,CAH|OIL
user_20278,1,PLTZ
user_19133,9,BABAU|CGCHT|COUSD|DENN|ESTY|EXPI|FBSPE|FSUGY|LIT|PSX|SLB|TARO|TIMEA|VALEC|VET
user_30446,1,KYNC|MST
user_25096,1,CMCSA|FAMIF
user_15848,1,VV
user_21604,3,CSGP|ET|NBR|ORCLA
user_19495,4,ATH|AUR|AVEO|FBETH|QCOM|XLM
user_29577,1,PEPHT
user_26600,2,GTO|META
user_2960,5,AAPLA|AAPLO|BBIG|JPMVA|NLST|PWR|VZ
user_1253,1,NOCWE
user_28489,1,FDS|NFLXJ
user_10070,2,TTOO|YY
user_27965,82,AAP|AAPLF|AAPLK|AEP|ALLY|AMBAC|AMCLE|AMCLO|AMDWH|AMZNL|ANF|ANKR|APOG|AQN|ARLP|BARK|BBY|BEAM|BIIB|BTTX|CIFR|CKPTR|CKS|CLPT|COSTC|COSTI|CRUS|CVET|DFEN|DGX|DISCH|DJIFR|DQ|DVN|EDU|EIDO|EOG|EXR|FBBIT|FBEVE|FBREB|FBSIM|FBTHA|FICO|FLL|FMCB|FMX|FSR|FUTU|FXY|GILD|GMAPR|GOOG|GPC|HALWE|HOMB|IBM|INM|ISRG|ITW|JUNGL|LLYSH|MAR|MATLO|MNDP|MRTN|MSIND|NEM|NKEWA|NOVN|NRSN|NVEI|NYT|OCUL|OI|OTECH|OTIS|PARAH|PARAS|PCG|PDDI|PDSB|PEBO|PHIA|PLTRH|PSX|QCOMA|QNRX|RBLXS|ROKUW|ROP|RRR|RUN|RUX|SHW|SHWGR|SNY|SOFIN|SOPA|SOSHT|SPOTT|SPYTH|SQSNA|SQSPO|TAP|THSET|TIVC|TLRY|TMHC|TSLAP|TSLAR|TSLAW|TTDHO|UPSTD|USAP|VLE|VRAX|VTG|WPCWH|XLB|XLNXR|ZUO
user_1787,2,NIO|SPRT|VRM
user_5,2,AMZN|SIDU|TOST
user_20463,2,DXCM|MTVR|SNPS|TUR
user_24807,1,FSLRA|SOLHT
user_14308,2,CZR|META|RYTEL
user_445,1,CYTK|NVDAC
user_1813,1,HDWHA
user_19143,1,HRMY
user_33785,1,TXN
user_20646,1,GLNG|VLON
user_24865,3,BX|LNG|PPSI
user_33574,2,EPRT|OLO|ONCHA
user_27409,1,YNDX
user_26093,2,FTCHW|LCID
user_975,5,BUD|COSTS|DISFO|GTLBB|JACK|PGSOU|ROKUF|STAGE
user_9919,2,EMR|FANH|PPLT
user_32117,1,BEAMC
user_27129,2,SAND|SKY|TTDMA
user_6234,2,CCJ|PG
user_1419,2,FCEL|GOOG|NNI
user_2660,1,IFNNY
user_6776,2,IONS|PSEC|SON
user_31656,7,AMZNS|CHWYN|CURI|ENVB|EXPE|GCT|NXM|TSCOR|Y
user_28362,2,AFRM|MSFT
user_21222,1,ETHCY
user_6905,1,LOWMA
user_17434,1,UNFI
user_25391,1,AMDME|NUEDG
user_26517,1,AMZNI
user_5678,1,NUOTH
user_26052,1,BZ
user_9973,2,AAPL|FLR
user_11324,1,HYLN
user_33398,1,OCGN
user_23960,2,ASOFU|CRM
user_10538,1,NOK
user_26118,2,NIO|NLSN
user_33745,1,TRRXF
user_33000,1,AVLR|XPEVS
user_31622,1,FHN|IFNNF
user_15473,1,NOK|SNPS
user_3999,1,RYANH
user_13776,6,ABM|BTUSO|EBA|FRC|FUVSO|NWS|QQQNA
user_27309,1,VSAT
user_31025,1,TTE
user_12611,1,LMNDW|MMF
user_33998,1,SQAT
user_7117,3,MSTR|OCUL|SABR|SBAC|XPEV
user_13677,1,BWV
user_20158,3,AMD|DLNG|F|SOLHT
user_27088,1,EVO
user_13736,1,AHT
user_5719,1,CEL
user_13446,1,AAA
user_9306,1,AEO|MKTX
user_21637,15,AMDTH|ASTSM|BBWI|BJDX|CLBT|ENJ|GDS|HDCHI|HYRE|IMRN|IVA|MAIN|MKLBO|MUDRO|NEXT|NIOGR|PLTZ|ROKU|SBOX|STBA|SYY|TECK|URGN|VRTI|WMTSQ|ZTO
user_21344,1,GNL|LUMN
user_28792,2,AMDVI|RYF
user_4392,2,JNJB|ZRX
user_12899,1,NVDAT
user_10134,1,THC
user_9653,1,BABEA
user_22921,1,WRLD
user_17224,7,BFRI|CIEN|INVE|NVR|PPLT|PRNT|TSLA|TSLE|TSM
user_33584,1,PCTC
user_16424,2,BAT|EDR|SPYBU
user_31672,3,LAD|NFLXP|RGNX|TDOCA|XPEV
user_3026,4,AMD|CRM|DKS|GFAI|PETZ|SKY
user_21062,1,VYGVF
user_16676,1,TGTAP
user_13023,1,VIR
user_28311,1,ARKQ|HUSAL
user_11534,2,KOOWN|PYPL
user_19933,1,BYDI|CHRW
user_2339,2,AER|AMDVI|COSTM
user_6783,3,CALLS|GMED|MSFT
user_21043,1,PNR|TQQQ
user_16756,1,BATS|PALL
user_23452,1,MS|YM
user_6686,1,NEVAD
user_13211,4,FLOW|GOOGH|SVFD|TECK|UPWKW
user_32043,2,CRM|GES|MGNIL
user_33921,2,AMZN|AMZNL|JPM
user_18636,1,VVV
user_30103,4,CTVAD|CULP|MDLZ|MU|NIOHA|TSLL|ZSHTT
user_21809,2,COST|EDU|PLTRE
user_13135,1,FE|LICY
user_2696,2,RDSA|SQBEA|TRIT
user_12823,1,LOVEL|NIOHT
user_17969,1,LAZR|SMFR
user_16680,2,BA|ERIC|YOU
user_25892,1,UMANY
user_11926,1,ARRK
user_22720,1,ATAI
user_2294,1,BEAM|NETSE
user_17908,1,SPXW|UVV
user_18297,1,JNJHI|NFLXC
user_244,1,GENFL|USDJP
user_23003,1,AUTO|STRN
user_30963,1,FBDAI|SENS
user_8097,1,ANET|CVXBA
user_16056,1,SQHTT
user_12422,1,LEA|RIO
user_1799,1,LIFIN|SWPPX
user_30002,1,NIOS|PII
user_22740,1,MAA|MSFTR
user_18480,2,CRM|GOGL|POLA
user_4456,2,AG|AMZNR|JPMFE
user_12160,1,FOCS|TIGR
user_26855,1,ASMLH|CPIX
user_5936,1,GNRC
user_2189,2,AMZN|EXR|KBH
user_23320,1,ONNAR|SONM
user_34166,1,CPNGC|ETHHT
user_13235,1,NCLH
user_14032,2,AMD|TSLAI
user_16668,5,CSLLY|DXC|ENSC|IVC|KLAC|RACE|USFD
user_12992,2,AAPL|SPRT|UPSTM
user_16998,4,AAPL|ELAN|NVDAD|ROKUF|UPSTF|VZJUN
user_9523,1,LMNOP
user_23302,2,AMD|WBD
user_7704,2,KOMCD|NQ|SCL
user_31386,2,ALGM|BCMH|EXPE
user_13364,1,KOTUE|VIXFO
user_12499,1,JPMVA|TSLAR
user_33247,3,BABAM|IQ|LUNC|MSFTS
user_22421,1,QQQFO
user_17609,4,AMPH|BNDX|EFA|ELAN|SAM
user_11022,1,BRKNE
user_5475,2,ATVI|STAG|TSLAC
user_12662,2,BKLN|TOR
user_30468,4,GSG|LIT|MAN|QUBT|SAIC|TLSAR
user_4591,4,AFRMT|BLDR|EXEL|GMED|MOMAY|RVPH|SAVG
user_4721,3,BX|FTS|HUT|WDAY
user_23920,2,F|FBCHR
user_28832,1,MLI|WEBRW
user_27272,1,CPIX
user_26741,4,AAPL|AMD|RDFNS|SPG|TSM
user_19670,1,FB|SVFD
user_25475,1,AMPH|TSLAY
user_17948,1,EFX
user_7889,2,CHNG|PYPL
user_14504,1,ECL|GEFIS
user_11340,1,ACBBO|NASA
user_34231,1,NIOFR|SVFD
user_33365,1,DEN
user_18396,1,UEC
user_13618,1,DT|USHE
user_12260,1,FBWIL|SYN
user_12540,1,BBIO|ETHSE
user_17763,1,NOWTH
user_25286,1,MBWM
user_28410,1,BABYC|OFG
user_29026,1,KHC
user_17486,1,AMDSH|GILD
user_7453,1,WRLD
user_10823,5,AAPLE|CMI|CPBCH|GMEON|RBLXS|UVXY|ZBRA
user_15823,1,INTL|XON
user_21376,3,COM|KO|NIOBU|VZ
user_25848,2,ENPH|FDS
user_4837,1,DISRO|MKL
user_532,1,CPNGC|YELPW
user_17508,1,BRKBP|IRTC
user_31830,2,PSA|STSS|ZG
user_10192,1,PHR|TIMEA
user_32067,1,CRSR
user_19736,1,PANWB
user_9380,1,EBAY|MTD
user_762,2,PYPL|SAP
user_34025,2,OPEN|XPEV
user_32629,1,GMMOR
user_19583,1,SBSW
user_5071,18,ACHC|AMZN|BTUSO|CALLS|CG|CPG|DISCB|ENJ|FBI|GLW|HAFC|JBLUC|LRC|MAR|MIGI|NIO|NTNX|NVDIA|OSH|QFOR|SCHW|SMCI|SNA|TOI|UCYBE|XRP
user_24310,1,ATVIA|COSTD
user_21108,2,AXS|HALO|MIGI
user_18878,1,CCIV|HOODI
user_11930,1,FSUGY
user_10845,1,AMPH
user_19568,2,AMEH|ATGE|NFLX
user_6598,1,CRM|PBRSO
user_11083,1,MTUM|ONEM
user_1694,1,NOBL|VUZI
user_27888,2,ICL|LIDR|TELL|XPEVH
user_19611,1,DOCUF
user_6220,3,ABNBB|DXC|SSEMI
user_14229,3,BBI|BX|PYPL
user_2175,16,AOUT|BSC|CNBS|DBC|DCI|EXAS|FBTOT|HLI|HTOO|LYTS|MRAM|NFLXH|NFX|NOC|NTLA|RMBS|RUN|SAITO|SPGGR|SWAV|SYNA|TSLAU|UPSTM|VALN
user_22927,1,AMDI|GMETH
user_6113,1,LQD
user_14355,3,CDON|ETHE|RVLV|SBUXH
user_22000,2,NOC|POLA
user_19928,1,TWTRH
user_7965,2,AMZN|PYPLC|XLC
user_3078,2,GLW|PG
user_14855,2,COSTQ|VZ
user_5373,1,ONCT|WPC
user_16003,2,STEP|TSM
user_12557,2,BX|WM|XPEV
user_28377,2,ABBVM|BND|POLA
user_30224,2,ISRG|LICY
user_19577,1,AABB|GOOD
user_27502,2,CCS|DGWHA|NWN|OPK
user_22970,2,ASTRB|ASTSM|IMBI|SPXW
user_19656,1,LOWWH
user_11866,10,AN|BRQS|CFB|COM|DOBO|FIVEY|HRMY|JBLU|JPMVA|NA|PALL|SYY|TXNCO|VYNT|WING|XLIGR
user_33255,1,NKEC|PLDHT
user_23210,5,ES|LUCD|NFX|OTIS|SCHD|SQDAT
user_15863,1,IQ
user_18497,3,INTC|JPMD|PYPL
user_21230,1,SYTA|XELA
user_19743,2,BBBYH|CRM|TROW
user_10932,7,BF|ENPHW|ETHHT|HHC|JNJ|JPMVA|LIB
user_7401,1,NBIXW|UPWKT
user_17384,2,NCR|TSLA
user_28514,2,KERN|NOC
user_23938,2,BTCWA|LIFIN
user_19899,1,FLGT|IT
user_26682,1,AKRO
user_24920,4,ALLY|AMCLE|BILL|CKPTR|NTRS
user_15350,1,HOODM|UEC
user_23227,3,AXSM|COST|I|OTECH
user_18035,1,CIFR|DDOGE
user_26166,1,TSAT
user_22768,1,HOSKY|REXR
user_26659,1,PRU
user_13148,1,EXOD
user_28698,2,ALNY|CHRW
user_21719,4,ACON|IREN|RDBX|SPOTE|TSEM|TSLAP
user_29566,12,AAPLJ|AMZN|ANKR|ARKKS|CWEB|EUFN|GRWG|JD|NEGGI|PMFEB|QQQTR|RGTI|RIVN|RTXMO|SKIN|ULTA
user_6438,2,NURO|OMC|ZII
user_27343,7,ADTN|ADYEN|BETZ|FBIN|INTCS|NRBO|SVM|VRTX|VTG|XON
user_9561,1,SONM
user_15861,1,AGRI
user_32055,1,DPRO|QCOMC
user_4857,1,SAND
user_19665,1,AMZA|CARV
user_465,1,ARHS|SPYTE
user_396,7,COSTJ|FBREC|FRSX|MPSOL|NTAP|RUSHA|TD|UMANY
user_12541,3,NRSN|SENS|SFT|SFTBY
user_17029,1,DEA
user_26890,1,ONOV|TTDGE
user_6574,5,ARCH|ASAN|CAJ|DG|MMC|MO|SIDU|VEON|VO
user_2846,1,GPN|MUGRO
user_11516,1,DLNG
user_3461,2,GBTC|SU|TOI
user_27574,1,BANC
user_10071,2,CATSE|COIN|VRTI|XPENG
user_24141,1,NDAQ
user_7126,1,ETHSE|WFCDE
user_12695,3,DDD|TSLAC|USO|VINCI|XL
user_19989,2,HBAN|NOC
user_3344,2,GOOG|MPW|RDFN
user_4685,1,GMEZO|LRC
user_13225,2,CUBE|EXPI|FFIE|VMOHN
user_21854,1,MELIC|XPO
user_15563,1,AVT|FLET
user_4294,1,QQQBU
user_7636,1,CSLLY|DOCNA
user_3972,1,KNEBV
user_5400,1,FBGUI|TWTRS
user_28555,1,AAPL|AZPN
user_27643,1,SQALI|YNDX
user_22132,1,PLTR|ZINU
user_498,1,XPEVH
user_25418,1,AAPLT
user_33448,2,NFLX|ONEX|XFRI
user_19073,4,COUR|GETY|LGF|NCNO|QYLD|SATL
user_26399,1,INSG|TERHT
user_20801,1,OIL
user_3139,1,HTR|SPPI
user_29212,1,AGR
user_27098,1,CHTR|SMSN
user_22390,1,GMREV|ZSLET
user_16380,1,BTCNI|LRC
user_22273,3,GWW|MMMBU|NEX|SWBK|TRTN
user_28613,1,RERE|SCHG
user_9885,3,ABNBB|F|NDAQ|ULONG
user_14381,1,NANO
user_14436,1,PCG
user_20641,1,AMZNO|FBTHE
user_26440,1,FUTUE|UUUU
user_10895,1,AXS|ZION
user_23741,2,AVT|DOGEZ
user_33269,1,BYD|SCHX
user_26820,1,RNGR|UST
user_21393,1,AAPLJ|AVY
user_33780,1,AQN|ZSAN
user_17770,2,FDXGO|GETY|MAR|SEDGD
user_14719,1,MSFTH
user_15224,1,KOSS
user_24353,1,AAPLG|DCRC
user_33861,1,PYPLD|ROP
user_23534,1,MZN|SUSHI
user_399,1,AJG
user_22567,2,CAH|FXI|VZ
user_22859,1,NKERB|NUEDG
user_12282,1,ALL|MSFTA
user_24202,1,ZG
user_30592,2,GEGI|SPYBI
user_18801,3,BAESY|HEINY|MBUU|MMF|RAIN
user_5033,2,BSC|HYPRO|XOP
user_11625,1,LAZR|VB
user_15218,2,INTC|ROKUD
user_25896,1,HT|NKEI
user_19668,2,ENPH|FTCH|MRKTH
user_12368,2,CTV|TSM
user_13067,1,FANTO
user_12245,1,SHOLE
user_32569,1,CTRA|TEAM
user_10349,1,EGC
user_12449,1,ZIDEF
user_539,1,MAWAR|QCOMJ
user_29058,1,SCTY|SPYBI
user_18532,1,MNG
user_16944,5,BEEB|BLK|FXI|HTZ|INDI|ROPE|SYY|UPSWE|WMTCO
user_26755,1,IGU
user_26854,1,TRUP
user_19575,1,ALNY|AVGOF
user_17,1,ATGE|NN
user_32693,1,MAFAC
user_27915,2,ADSK|COST|WISHT
user_30038,1,MTD
user_19437,1,AMZNN
user_13852,1,DDOGA|SWAV
user_23242,1,ASH
user_5065,2,BX|LMNDD
user_652,1,LSPD
user_9465,1,TRIT
user_17476,1,EMR
user_15963,1,SASR
user_15546,2,AMZNA|TXN
user_32068,5,AFRM|APPLE|EVGO|LMFA|TOL|UNF|VVIX
user_19559,1,CCLES|KC
user_12604,1,ALZN
user_15674,5,ECL|GLJ|IZRL|NIOA|RUSHA|TIME|VZ|ZINU
user_26003,1,FUBOI|SFT
user_32021,1,MSIND|PDDI
user_13372,1,MRTN|NSC
user_17393,1,COTYA|TLA
user_23971,1,CENN|CLVT
user_17626,1,POSHY
user_29719,1,FSM
user_6143,2,KOTUE|MSFT
user_31169,9,AIR|AKZOY|EVONO|MCDEU|MGNII|NAVI|PDD|PNR|SPXC|TLSA
user_31409,1,SWBI
user_11962,1,ZSANA
user_28451,3,ATUS|BMRN|FBCHR|FBFIN|KOTUE
user_8421,1,AVXL|SLV
user_29802,1,NLFX|SKLZ
user_32528,1,MCDEU|UBSMO
user_7964,2,BA|RBLXW
user_3316,1,VMOHN
user_16715,2,IEI|MRNS|UAA|XLE
user_9118,1,NKERB
user_7908,1,SHOLE
user_24886,1,NIOWA
user_22247,2,AMCLO|BBI|TSLAS
user_30036,1,FISV|QCOMA
user_28268,3,AMZN|F|USAC
user_16719,1,ACCO
user_2000,1,GST
user_25280,2,DLNG|GDYN|TU
user_3566,1,HTCR|QNRX
user_20850,1,XLV
user_26439,1,AMSWA
user_8105,1,LESL
user_20876,1,ADBE
user_17300,1,SAVA
user_20352,1,RRGB
user_13315,1,CASY|FSTX
user_25331,1,RELI
user_2682,2,DRI|SOPA
user_22734,1,ANDE
user_27548,1,TH
user_8077,1,MNMD
user_28331,1,CAMT
user_14193,11,ABR|AFRMT|APD|BOA|BZUN|CSIQ|FUTUE|GOOGN|IINN|METAS|MFST|MUWHA|RGLS|UVXY
user_32301,1,BP|STAGE
user_25235,4,AAPLP|AMZNF|EGP|EXPR|METAS|SGHC|XPENG
user_33073,1,ABBVD
user_8406,1,NASA
user_24412,1,BBWI|DFEN
user_7029,1,CNC|VRPX
user_31112,1,HRT
user_34131,1,HITI|HOSKY
user_31544,1,CM
user_33182,1,TGTDO
user_4132,1,PINST
user_10307,1,WBA
user_32477,1,PLD
user_30216,2,CVNA|DIS|XLY
user_21469,1,DUSCA|FSLRH
user_2979,1,NIKLA|PTONP
user_24063,4,GT|IOBT|SBUXJ|SVFD|SYNA|TDIVI|WKHS
user_7816,1,FCFS|HCM
user_13230,1,HD|NTFX
user_19714,1,ADTX|PUBMH
user_22739,1,COINY
user_18744,1,NFLXJ
user_8313,2,INTC|VXRT
user_25785,2,CREE|KO|LMTRE
user_13299,2,ENR|RHS
user_9997,1,BABAC
user_19525,1,FOXA
user_25039,1,DGII|OLPXI
user_17998,1,CGRN|HEX
user_25662,1,R|WNS
user_17184,2,DIS|FBREC
user_20261,1,LOVEL
user_22320,1,RMO
user_23164,2,COSTQ|GALA|KIM
user_3013,2,BABAI|WM|XDC
user_7201,1,ARKF|XPEVS
user_32312,1,ILUS
user_14728,1,CCLWA|PTONY
user_15694,1,PIII|XMR
user_3074,2,UCHIN|ZDROP
user_23505,1,SAITA
user_2249,2,BGFV|INTC|ZMPAR
user_30964,1,CPG|LANC
user_30501,1,PTONB|TSLAQ
user_31264,1,GTC
user_32380,1,ADV
user_624,1,TSME
user_31515,1,AXS|MOS
user_645,1,MQTHI
user_620,1,SOLO|ZC
user_9843,2,AYRO|DOCNG|KLAHT
user_18952,1,ADTX|RVSN
user_19178,2,PCG|PFF|WSM|XOMBU
user_20207,1,FBREB
user_5119,1,POLC|XLNX
user_21165,1,DOCUH
user_3234,1,SKIN
user_30908,1,SITE
user_18031,1,FBGUI|SMICY
user_14322,3,F|HDC|TXG
user_33643,1,SNAPC
user_20117,1,ROP
user_28047,1,NKLA|UAL
user_19353,1,AOS|HCCI
user_26644,1,BAM|JPM
user_16709,1,BYM|TTDFI
user_32033,1,VOOTH
user_29896,1,HSY|MMMOW
user_4945,1,ETHDI
user_32628,1,ENR
user_22338,1,JKHY|TXNRA
user_24555,1,ALGO
user_27253,1,GE|NKE
user_22230,1,POSHY|ZSDAT
user_12853,1,IGEX|VTV
user_18566,1,BBLN|TNX
user_2170,1,GMREV
user_4355,2,CRM|METIS
user_20549,3,DUSCA|SWKS|XLC
user_8158,1,EW|KSPN
user_11703,1,TSLS
user_22473,1,LC|PACW
user_13904,1,ALBT|AMDDE
user_27301,1,AR|WNS
user_9988,1,TDIVI
user_2027,1,GRTX|NEEWH
user_25357,1,NIOPU|VRTX
user_17141,1,CPBCH
user_13735,2,BA|LCTHU
user_26635,1,PBF
user_20817,1,METAE|NRG
user_29853,1,DCRC
user_22021,3,BA|ETHDI|SQDAT
user_10383,2,EWZ|INTCR|OHI
user_4832,2,FBGAM|PYPL
user_33194,2,BRPM|SITM
user_7497,1,ADBE|ILMN
user_14074,6,AAVE|BAC|FMX|IEI|INFQ|QQQSO|QSGRE|ROKUO|ZG
user_28208,1,NRSN|TEVA
user_25509,3,ETSYT|ILPT|LANC|STZ|TRTN
user_3758,1,GMSOL
user_19936,2,F|NTRS
user_3649,5,ADYEN|AMDWH|ATXI|BABAC|BASE|KR|NKEMO|SNOWI|TPL
user_4754,4,GRTX|MMMWH|PERI|UBERT
user_5203,3,ABT|BTCMI|PDD|TSLA
user_2810,6,ABTIN|BBIO|FFIE|FRHC|MSFTC|PROG|PYR|TFC|UBSMO
user_550,2,BIDU|THSET
user_31018,1,FBHOP|STAGW
user_19623,1,AMZNS|BOFA
user_17028,4,ATKR|AYRO|FMCB|GNRC|IQ
user_1969,1,SPPI
user_8471,1,CARR
user_18354,1,XLF
user_4300,1,DPSI
user_9021,3,DIS|MSFT|SSNLF
user_25379,2,ROKUN|TSLA
user_9231,1,PRTS|SWBI
user_2247,1,IVC|TREE
user_33685,1,HRZN
user_22948,1,KINGS
user_25588,3,AGG|NIO|PYPL|ZSSEM
user_34249,9,ACON|APPH|ATKR|BBIGC|BETZ|EQB|FFIV|GWH|SPYLO|SPYTE|SQQQ|TFC|USHE|VGT|XOM
user_8530,5,CRM|LBRDA|LYTS|SAIC|SIDU|STRN
user_4700,8,APTY|BOA|DFS|FBSEQ|FC|FLUX|GMMOR|GSAT|HON|MDT|NDA|RVPH|VYMDI
user_3086,1,KCAL|UXINC
user_27615,3,AAPL|AMZN|AZNAN|PII
user_22624,2,NFLXI|NRG|TENB
user_33825,2,INTC|MQ
user_20564,1,LGVN
user_5135,1,BATT|DRIO
user_2749,1,DXCM|EGLXO
user_33397,1,NAVI
user_27622,1,NFG|RENT
user_33425,2,COUSD|KO|WCLD
user_16141,2,BEE|BOX|FBTUE|SBUXJ
user_20274,1,ITA|OCLG
user_32982,2,ENPH|ILMN|QSR
user_21573,1,NSAV|SYR
user_22937,1,ZMGAN
user_22880,1,WBA
user_7312,1,AMDME|KSU
user_28187,2,BYDDF|MAT|SG
user_26149,1,CWEN
user_1318,1,NIOHA|PTONB
user_5343,15,ALGN|BTI|COTY|CVET|DE|DISWA|EAR|FHM|FLOK|FNMA|FUTUE|GRVI|JNJPA|MULN|NAKAC|NRG|OPORT|PZN|RMED|SBSW|SPYCL|SWK|TEL|TSLAW|ZS
user_23952,2,CHX|DVA|TSLQ
user_16512,1,GMED
user_25042,1,HITI
user_9147,1,GDXJ|UDIGI
user_12767,1,DGWHA|VTRS
user_15796,1,PACW|SNA
user_10542,1,HT|LAD
user_28391,1,FXI|IWO
user_10062,1,ZIMAY
user_24225,1,ME|PLTRM
user_25044,1,CNTX
user_29384,1,DEO|HX
user_11178,1,VIX
user_3145,6,CRM|JBLU|KDNY|MODIV|NA|PIXY|QYLD
user_16602,6,ADP|BIDUE|BTBT|RVLV|SMCI|TWITH|XLI
user_3555,1,PSFE
user_27945,1,MAIN|QQQM
user_8201,1,NTES|OTRA
user_24052,1,DXCM|P
user_17719,3,NEXT|QCOMA|UDR|USFD
user_4713,1,IINN|MOFEB
user_11544,9,ACNDA|AMZA|APX|ASANF|ATH|AYX|CARS|FBZOO|IGU|OIL|PLAY|SYY|TNX|VXX
user_10958,1,DISCA|ENPHG
user_21836,3,DVA|ENPH|NFLX
user_33607,1,RSP
user_25607,2,APRN|BKR|RF|XI
user_2619,3,AXP|FMX|NFX|RYANH
user_3104,2,RHCLO|WDC
user_29718,4,AMZNH|BAOS|CBSH|DAL|FTNT|PTE
user_14865,1,QNTJU
user_25519,1,NOBL
user_33548,2,BABAU|FBIN|KOCRE|SHY
user_1712,1,IP|UHTTP
user_22988,1,SATL
user_2073,6,AAPLG|ARKO|BEETS|CBRE|CRXT|FFIE|GLJ|GTC|HHC|KRNT
user_6601,1,CPI|DDOG
user_3190,1,JPMD|NRBO
user_2721,1,METAH
user_14549,2,APPSH|NFLX
user_23054,1,BAMSO|BLND
user_20942,1,FSLYH|YETIF
user_33310,1,AMDEI|TTWO
user_24227,1,DCRC|STRN
user_10188,1,COMP|SNOWE
user_27256,1,BTCDI
user_30478,1,MA|SNE
user_2462,1,NEEFO
user_21166,1,DECON
user_28042,2,BA|ZDROP
user_31420,6,ALLYT|AVGOR|INDO|LANC|OAS|SNAPX|VGID|ZS
user_28321,1,RYH
user_28386,1,METAE|QQQSO
user_26737,1,NVDAD
user_10368,2,NVAX|ROKUE|TSM
user_5620,1,MYNZ|SDC
user_22666,1,DISDR
user_31110,4,ETHDI|HIPO|HONHI|NKLA|STAGE|WNW
user_8490,1,EFX|QCOMA
user_9312,7,DEMOD|FBFIN|HEC|KWEB|NFLXP|OIH|OSK|TESLA|VFC|WCN|WIRE
user_34315,3,CHKP|GDS|MSTF|NOC
user_8476,5,AAPL|ABNBH|AMD|DOCNS|VWEDN
user_4784,2,MIMO|NIO
user_23893,1,AGR
user_16417,6,A|ABBVB|IGEX|KISHU|META|TXNCO|VRTX|ZS
user_32573,1,FEG
user_8672,1,SIDU|SYFDI
user_32359,2,AMD|ATVIA
user_2056,10,ALBT|BANC|BTCSQ|CURI|CVS|DUK|EURUS|HIBB|LW|MMMOW|SMICY|SPIRI|SUMO|TIP
user_6739,1,DOT|MYNAN
user_24626,3,AXU|ENS|FRPT|IR|XPEV
user_20645,1,ONDS
user_19639,2,CASY|CNICH|GPC
user_11554,2,AAPLK|FITB|HOOD
user_34255,1,CEG
user_11010,19,AMZNC|BUZZ|CINF|CKPTR|CREE|CRWDW|CTT|DD|EPRT|EWBC|HSDT|IGU|IR|LCID|LTNC|OTECH|PINST|SAIC|SCHDT|SCHG|SNAP|VRPX|WST|Y
user_12716,1,BETZ|RBLXE
user_17525,2,ABBVT|MATLO|PSTH|SUNW
user_31502,2,COST|DDD|WYNNW
user_5348,1,DPRO
user_1310,1,FBLET
user_3162,1,TRMR|UPRO
user_30807,1,VALN
user_18650,1,NOW
user_5949,4,ASLN|BOA|IMPXH|MYOV|NIOGR|RKT
user_20453,1,GMVD
user_11732,1,LILM
user_3620,1,EC
user_2403,1,PFE
user_20701,2,DISCO|MPWR|WDC
user_5820,1,RDFNW
user_17826,1,AER|MVRSA
user_20258,1,CCXI|YETIT
user_13534,2,KLAHT|VIOT
user_12975,2,KO|ONCT
user_7085,2,BBIOW|MSFT
user_19181,1,CSU
user_33630,1,GAME|VEEVI
user_9407,1,SWBK
user_28048,1,KMX|XOM
user_8925,1,KWEB
user_15558,1,BRSH
user_19317,1,SMIC
user_24673,1,ATVIA|NTCT
user_30003,1,EGLXO
user_25864,1,ASH|OZON
user_33883,1,ATYI
user_21084,1,ROSE|WELT
user_27851,1,FARA|ZSDAT
user_16727,1,MTVR|PAGS
user_6859,1,RERE
user_19188,2,GMSOL|VGROW|XLNXR
user_15040,1,ALNY|APO
user_29021,3,DISPA|FBLET|NOC|ORK
user_32323,2,AAPL|NASA
user_2653,4,ADM|GOOS|IWMKE|KHS|PAGS|PRQ|UHTTP
user_22631,1,HDHEA|SIVB
user_3544,3,BRYYF|CROX|FERG|STORM|XOMHE
user_16553,3,COST|KTTA|TSM
user_34208,2,GOOG|MUTOD|NSRGY
user_24709,1,BATT|GOOGT
user_29775,1,OPRA
user_2890,2,LMTUT|OTRA|VWHIC
user_28793,1,APTY|MFC
user_21265,2,PG|SFIO
user_40,8,BSFC|CEG|CLFAN|DDOGA|DOCUH|DQ|MGM|MLI|RRC|SNOWI|TM|VREIT
user_2796,1,ETHSE
user_24710,2,AYX|CVANA|XLP
user_23442,1,HDWHA
user_23598,1,MAGT|SAVG
user_12515,2,FTMSA|QCOMJ|TSM
user_17978,1,G|LVMHS
user_15278,1,REALM
user_791,5,ARWR|CELHE|DUK|MELIC|PATH|REGND|SEAND|TSEM|TSLAY
user_10085,2,ALZN|BSFC|NNOXI
user_31138,1,NOVO|ZNGA
user_11712,2,AMDVI|MTP|XOMHT
user_8035,1,PGR
user_382,2,APPN|INTC
user_6863,1,AOUT|SE
user_33458,1,AMSWA|LEN
user_4515,3,ATHM|DGII|EPS|ESTY|O|STORM
user_7236,1,TSRI
user_22978,1,BAM|SOPA
user_20768,1,QFOR|RA
user_31733,1,EVOK
user_27099,4,CHL|CORN|FC|PROG|RBLXL|SOFIH
user_15102,1,KODK|NVCR
user_21382,1,PZZA
user_23593,2,BAALL|DBC|FVRR
user_30835,1,ARKO|BND
user_12352,29,AAPLU|AEMD|AMCRE|AMDME|AOS|AR|ATEN|BABAW|BLNK|BLNKA|BRSH|BYDDF|CAG|CALA|CBSTR|CEIX|CEL|DLNG|DPZEN|EJH|GOGL|ILST|LCTHU|LITER|MARA|MMC|MSM|MTTR|MUWHA|NEVAD|NIOLE|ODIVI|ONB|PALL|PTRA|RNDR|RYTEL|SHIP|SKIN|SKY|VSAT|XFRI|ZMDTF
user_32530,7,ALGO|APPSA|ARMK|BKCC|CPBCH|CXDC|EBAY|FUV|GMSOL|PDDI|VZDEC|ZUO
user_25660,1,ATVIA|WMTHO
user_17836,3,PRPL|RIVNC|SESHO|TDIVI
user_7743,1,CCLWA|UBSMO
user_8305,1,SVFD
user_23571,1,AMDHO|REALM
user_28870,1,MUNIK
user_25030,1,HYRE|MEDP
user_34091,1,HKD|KOTHE
user_13063,1,WMENE|XRP
user_34295,2,BOFA|MSFT
user_15159,1,LUNA|STEP
user_31975,2,ADI|ATZ|BON|KTB
user_5464,1,GOCO|NRSN
user_25507,13,BB|BTCBE|BZUN|CDMO|CLVT|DSP|EGLXI|FUTU|GOOGE|GRMN|HA|KHC|MKSI|MNMD|SNAP|VIAC|VMOHN|VO
user_11861,1,BEAMC|BENE
user_20744,1,UPSTM
user_23584,1,DFS|TSLAD
user_28357,1,ABBVR
user_24458,2,DJIFR|TRU|VOLT
user_26655,2,DJIFR|XPEV
user_32502,1,ATEYY|MAGT
user_25688,1,ABNBB|TTE
user_13576,1,NFLXE
user_22365,1,GMQ
user_3509,1,YOU
user_14992,1,ALEC|TSMC
user_33653,1,GM|NFLXH
user_10692,2,AMZN|TEL|WST
user_7161,1,DISFO|NILE
user_6235,4,AFRMI|BKR|CBRE|ETHAL|NA|QQQFO
user_15384,2,BA|LVSTH
user_18791,3,GMESU|PYPL|SQHOP|TTE
user_26679,1,DOOG|UAN
user_8012,1,WAVE|WFC
user_3372,3,BA|HOLE|SPXW|XHBGR
user_7348,2,NIO|SYY|WMTDI
user_5919,1,AMCRE|STIP
user_6210,2,BEE|DRIO|ZS
user_29034,2,GWW|NOC|ZWATC
user_18951,3,ARK|MSTRW|NEE|SCHDT|SMICY
user_5910,1,AURY|SPYPL
user_2551,4,BATT|CWH|DT|MGNI|MLI|PLTRT|SUNW
user_472,1,SPGGR
user_29953,1,ACCO
user_5916,1,VRSN
user_28974,1,GGPI
user_9766,1,GRTX|ZG
user_18625,1,HNTAM
user_9026,1,KTB|LVMUY
user_28846,1,MVRS
user_5254,11,BABAD|BKNGH|BRKBP|DOCNS|DRTS|MGNIL|MPSOL|RBLXL|RDW|SBUXA|SCHDD|SPGGR|VCOME|WORK
user_11413,1,VWED
user_30080,1,AMTMA|WFCBO
user_23686,1,PROG
user_33606,1,BG|GMSOL
user_14766,1,GMAPR
user_8157,1,PEPTE
user_18933,3,AZN|CWH|TCS
user_14117,1,DVA|SDC
user_9459,2,NFLX|POLC
user_18084,3,AMTD|VZ|XPEV
user_13271,1,AMDEI|FBMEA
user_16361,2,MSM|VZ
user_28029,1,GAME|SNOA
user_25011,1,FUTU
user_26636,1,CHF
user_30914,1,COSTC
user_32190,1,CRMPR|CVNAF
user_5436,1,NIOWE
user_105,2,LIDR|PINST|WMENE
user_28794,1,BRQS|IKEA
user_7388,1,GNL|TSHAR
user_17081,1,SXTAN
user_807,1,EWT
user_20104,1,UKOIL
user_9601,2,NVDA|SNAPX|TSAT
user_10907,1,DOCUF
user_15460,4,BEAMC|CSCO|LEV|NVDIA|RGBP|TSM
user_20422,1,SEMR
user_24985,1,GTSIF
user_7406,1,ETD
user_33815,1,AABB|FCFS
user_20478,1,ASX|QBTS
user_13937,1,COLD|VRM
user_8263,1,MMF
user_29126,1,AMAT|CORZ
user_11800,3,CECE|KO|KRVER|NOC
user_32655,14,ADC|ASOL|AZNAN|BABAW|BYDI|DENN|FBCHR|FBINS|HOLE|HUSAL|KONOV|MOMAY|NOCWE|RDFNS|RWTR|SPY|TWTRM|UBERT|XPR
user_980,2,FISV|HAFC
user_33841,1,ALV|LECX
user_31466,2,CEL|FBBEA|KO
user_9671,1,JWN
user_20244,1,MSFTN|SPYTH
user_7972,1,QQQPU
user_20864,1,KNBE|SWKS
user_30535,3,GMEON|MYOV|ROPE|TLNT|WMB
user_29625,1,PRTS|SWMA
user_20105,1,COSTW|LTHMP
user_23674,1,EDR|TSCOE
user_21343,2,COST|LVMHS
user_15665,1,ASANF|GK
user_18848,1,ISIG|LCI
user_9928,2,PENNF|VFIAX
user_28872,5,FIVEY|IT|JCI|JPMD|LILM|MYNZ|NKEMO|SOFIS
user_31850,1,TSMFI
user_25474,1,AMDQ
user_3083,3,AAL|ADM|NAVI
user_9492,1,XVG
user_23048,2,PYPL|TER
user_16351,3,BX|NOC|YEXT
user_18309,1,LVMHS|RBLXW
user_17881,1,BROS
user_7115,2,SMAR|TSM
user_18208,2,BA|QQQSH
user_1334,1,ABTWH|TXT
user_13980,3,MDAYT|SGFY|SNX|TGTAP
user_4403,1,DRUG
user_14900,1,BLNKA|CRO
user_7988,1,XPDI
user_13957,1,FSLRS
user_26822,1,GOOGN
user_3652,1,OVV
user_18155,2,EXAS|PRVA|TSN
user_32482,1,FLUXI|RNDR
user_28266,1,ES|WHR
user_22702,1,FTS
user_4529,10,AMDDE|AMEH|AMZNQ|BKSY|CXDC|DISGO|DRI|FANG|NUOTH|ONEX|QCOMR|TENB|TSM|VALEC|VTSAX|VYMVA
user_684,5,AMZN|F|GEFIS|SMIC|SVM
user_24837,4,CFG|FRBK|FXY|MUDAV|SSEMI|VXRT
user_2609,12,ARKG|CHRW|EXLS|GRBK|HYPRO|INFQ|MVRD|PII|SAIC|SKX|SXTAN|USDT|VMC
user_836,2,JBHT|MNDP
user_15765,2,MPWAL|VZ
user_11677,3,GWW|HII|MSFT
user_23429,3,AMDIF|SU|VFOCU|WFG
user_33888,2,PYPLL|SEV|XOMRE
user_14286,1,EGLD|HALWE
user_6444,4,AESE|DIS|HA|NRG
user_27696,1,CPBCH
user_9496,6,AVXL|CRM|DKNGC|FCFS|LOOKS|SNOWI|WBER
user_16209,1,CLFHT|MNST
user_3688,1,AMZNF
user_3780,3,BKLN|VZ|ZS
user_2472,2,AAP|VZ
user_14333,1,GNL
user_28016,2,BLKIN|MCKBO|ZMPAR
user_11325,2,FLOKI|LQD|NFLXH|SKX
user_2555,2,MSFTN|PG
user_15635,1,ILST|SWPPX
user_28819,1,DCFC|RGBP
user_51,1,HMC
user_31219,1,CMCS|LMND
user_30981,1,SNMP|SPXTH
user_30352,1,CL|EXEL
user_15058,4,ITA|NOCPH|QQQPU|STLD|TWTR|USDT
user_4797,2,CHNG|LRN|MARK|PHARM
user_34214,1,AKZOY|DGII
user_31152,1,MA|MREO
user_33576,1,NIOGR
user_31584,1,MCDOC
user_13455,2,CRM|SEBUY
user_34063,2,HPNN|META|RIBT
user_16062,1,SYNC|TTD
user_24121,2,KISHU|ONKIN|RCI|SHOPH
user_17580,1,AGG
user_1359,2,FE|SOX|TLSA
user_28922,3,CUBI|NFLX|NIONI
user_4686,1,PNR
user_15373,1,BRUSH|TLO
user_5821,1,PAHC
user_12985,1,FBGUI|TXNWH
user_32037,1,I
user_14281,5,BKR|MGM|MPWAL|PHMAF|PSFE|SRG|TALI|URGN
user_23383,4,AMDHA|BJDX|DENN|F|TWTRI|VBUYS
user_7956,1,APPN
user_12208,1,BTCBR
user_3749,1,AAPLA
user_29264,2,ABBVT|BTCUS|ILV
user_26647,1,PENNW|VOOAD
user_24249,2,F|FBWHA|FROG
user_5340,1,ACI|SUSHI
user_6301,1,DISCH
user_23404,4,AMDTH|CELHT|MANUH|SNX|STRAV|VGROW
user_13533,2,ABBVB|MDLZC
user_4870,1,AYRO|NVDAH
user_12881,1,TSN
user_8542,1,DKNG|NFX
user_1833,4,AVAX|CRNCB|FBIN|TQQQ|TRMR
user_13896,2,BP|NNN|VAND
user_13898,5,AZERO|BJ|JNJOC|OPK|SMLR|TSM
user_9076,2,NOVN|TSM
user_31534,1,BPH|WMENE
user_21061,1,CHEF|SOFIN
user_11118,5,ATEN|CSCO|ENPHM|FBWHA|FMCB|IGEX|NNOXI|OSK|SPX
user_33897,1,BVXV|SPYBU
user_30254,1,IBM|LNN
user_3243,1,SQSNA|VCOCA
user_11610,1,LCIDC
user_32725,2,DISPA|MAFAC|NFLX
user_7537,1,CK|RNG
user_27459,1,BOKF|ESS
user_13812,1,PAAS
user_451,2,BCYP|BPRM|INTC
user_11145,1,CPG|HTOO
user_25622,1,BIGC|FBSEQ
user_27263,1,XLC
user_19770,1,APD
user_20054,3,ASMIY|BX|ZS
user_20310,6,ALZN|BYDI|FBREC|JEPI|LUV|MNDT|SHARE|TLSAR
user_1674,1,FLWS|OZON
user_13666,1,C|HUSAL
user_8005,1,OMI
user_29420,1,DISCB
user_1510,3,LUV|LWLGE|SPYIF
user_3188,2,PYPL|QCOMC
user_908,2,MSFT|NIOWA
user_870,1,CELHC|NXTD
user_1887,1,SQM
user_34069,1,BTCHT
user_19111,3,MAT|MPSOL|MSTRH|PER|SPYIF|WMENE
user_30117,2,AVY|F
user_387,1,BABAW|FUN
user_18464,3,INFQ|RRC|UMG|USDJP|ZS
user_11710,1,DXY
user_13744,1,NRTB
user_10226,1,AMDCU
user_7073,6,COINP|DISWH|LINK|NFLX|NFLXP|POSHY|SAIL|SOFI|SWMA
user_17903,1,QSR
user_17405,2,DIDI|GLJ|HDCHI|SOLHT
user_7925,1,WKHS
user_10550,1,MRNAH|VUZIE
user_30617,1,CHE
user_13012,1,TXNWH
user_12233,2,INTC|IS|KOAUG
user_14565,1,BABA
user_19993,12,ATXI|BK|EMN|FRPT|FTS|GENFL|GLW|ICE|L|OSMO|PLDHT|PLTRT|QSR|RNR|RSSS|SHOP|TSP|VOW|XAU
user_9360,1,CLFD|MOGRO
user_17805,1,KOTHE
user_3852,1,MSTRW
user_19270,1,MOWHA
user_30474,1,BACMO
user_33126,1,ATY
user_32968,1,X
user_30383,2,NFLX|YETIT
user_26651,2,HOODM|LMNDS|MOV|WH
user_6149,1,BLND|NBR
user_32805,1,GE
user_18660,2,BABAI|DDOGE|IMRN|YETIT
user_11316,2,DATS|NIOGO|SJM
user_3797,5,BEAM|EXR|GD|MRNS|ORA|XPEV
user_32970,17,AEO|AFRMH|ALNY|AMCRE|BCEL|BESOF|CELZ|CL|COSTB|DE|EGLXO|ETHAD|FDX|GT|IWMBU|MKLBO|NDA|NEWR|PFF|POOL|TSLA|TSLH|YETIT
user_8102,1,MKTX
user_32976,1,VFI
user_33221,1,FBCHA
user_12612,1,AMLX
user_8806,4,AAL|ADSKG|ATVI|FUTU|HOOD|RBLXB
user_14191,1,ANC|DATS
user_10892,3,AAPLS|AMD|KYNC|MIGI
user_7520,2,F|VEA|Y
user_17713,2,ENPH|PANR|XRX
user_10488,2,MSTRW|OHI|ZS
user_34275,1,LOW|SPYTH
user_15398,2,BX|IWM
user_11489,28,ADSKG|ARKF|ARRK|BB|BXDAN|DOGEZ|DOV|EMB|EMBRA|EVONO|FBETH|FDX|FRSX|FSK|GM|GPC|ICNM|ISIG|ISPO|JNJPA|MKLBL|NFLXO|NOKBR|PACW|PYPLG|RBLXL|RDIB|SAMFR|SIGA|SYF|TCON|TELL|THCA|TTD|USDP|VWEDN|WMS|ZEN
user_4564,1,VCOCA
user_34066,2,NU|XPEV
user_20257,14,AAPLI|ADI|AMZNA|CHR|CVE|DISDR|ENSC|FLET|FRBA|GNL|MRNAB|RKLBS|ROG|SOFIH|SOLO|TERHT|TSMAU|VSUPE|VWED|VXX|VZREI|XAU|XCUR
user_15592,1,AAPLN
user_6619,2,BA|PXD
user_27476,8,AMAZN|AMDCU|CPRI|HEINY|HUM|HXSCL|LCIDT|METAS|NCLH|PTE|RENT|TDOC|UNHHO|XPENG
user_25022,2,MTCH|PG
user_4674,2,AMAT|AMZN
user_32036,2,ACI|META|TU
user_4127,1,EXEL
user_32996,1,DISNE|FE
user_28839,1,APPSC|GOCO
user_1978,1,GNENF|IVC
user_18327,7,ALLK|BITO|CVS|DISFI|DSP|EGHT|FBSPE|HCA|JBLUC|KO|LANC|QCOMC|WYNNW
user_32974,1,ABNB|AMC
user_32991,2,BX|CLX|TNET
user_11742,1,SFIO
user_5312,1,MTD|OTLY
user_2807,2,AUTO|LUCD|MSFT
user_28632,1,DISHB|MDT
user_13171,3,HRB|RNGR|SQALI|TTDHO
user_25974,1,TLSAQ
user_15319,12,AFRM|AMCNI|AMT|BRQS|BXHTT|CHEF|CYTK|DISCH|DLNG|HCSG|IVZ|KIND|NDA|NDX|SYFDI|TSLAU|UPSTC
user_18304,2,NOC|UPRO
user_18513,1,ROSE|WEAT
user_24286,14,AFRMD|BABYT|COSTI|CRMOR|CWT|DNA|EA|FBZUC|GMLI|GWW|HII|KHC|LRCXF|MCDCO|NTNX|QQQAN|SEBUY|SFIO|SPWR|TXT|UAMY|VFOCU
user_30790,3,FSTX|HYRE|PG|TISI
user_992,1,AMCR|LOWWH
user_34068,1,IMXI
user_20194,1,HTR
user_18356,1,NXTD
user_22563,6,AABB|AMN|FBBEA|HDTOP|ICNM|POW|VV|ZC
user_3827,1,FIGS|LVMHS
user_25918,2,CLVT|HXSCL|SYS
user_28277,2,ADGI|META|MRNS
user_10681,2,FTDR|MCDRE|RVPH|SHOP
user_17414,2,BAWAT|CVX|TSM
user_32992,5,ANC|CCCX|FARA|META|ROKUF|SWBK|UDR|VWHAT
user_14570,42,ACBBO|ACCO|ASOL|AUR|BABAB|BE|BKNGH|BKSY|BTUSO|BYDDF|CDLR|CKS|CL|COIN|CRVS|DBC|EVFM|EWZ|FIVN|GEF|GMETH|GOOGG|INTC|IOT|JD|LIGMA|METX|MMAT|MMMOW|MSFTN|NKE|NOK|NSAV|OCLG|ONTO|OWHIC|PLAY|PRX|PYR|QCOMA|RGNX|RIO|RNR|RTXMO|SARK|SBAC|SGMA|SUNW|TBLT|TOL|TRU|TSLAV|TTDGE|UA|UAMY|ULVR|VCAR|VGID|VGROW|VMOHN|VRT|VUZIE|WBA|YOLO
user_2254,1,ABNBO|VXXJU
user_17061,20,AAPS|AMDWE|AMT|ARKO|BBBY|BP|CCATE|CHEF|CMGMC|COINS|CPBCH|DSIGR|FB|HIBB|INTCR|KOTEC|LMNDW|MDBWA|MOGRO|MRNAB|MRNS|NXP|RDS|TEVA|TSLAU|TTDHO|UFPI|VGT
user_29553,1,CMCSA
user_32998,1,DASH|VET
user_7021,1,AAVE
user_17529,1,PLTRE
user_4603,2,FHTX|ROL
user_1338,7,ASX|BMY|CSPON|EXPI|GBTC|GENI|KRTX|OZON|UST
user_30160,4,BG|DIS|DKNGC|GEVO|NKEC|PENNW|ZSWHA
user_21177,1,FBK|MX
user_14908,3,AAPLP|CDAY|CRDO|JNJB|PRQ
user_30313,2,KODK|USAP|VZ
user_5419,1,ZII|ZIMAY
user_22388,1,PM
user_1523,1,FWONK
user_12247,1,LSK|NIM
user_193,1,BRKNE|JNJTO
user_4139,9,ASTSB|BAK|CVANA|FBBIT|GLW|HOG|IBM|JNJDI|KLEE|LITM|ORGN|ROKUN|SUMO
user_18279,2,AAPLS|KO
user_31305,1,TLSAQ|UNHHO
user_22944,1,FND|LGF
user_16270,1,BX
user_32142,1,MRNS|PAG
user_16579,1,SHOLE
user_7026,1,BMY|SPYPL
user_8342,1,MSFTS
user_10140,4,CDAY|GOOGG|HEX|MANUH|RUN|SCO
user_13504,1,EOG|TSMAU
user_23392,1,SEAC
user_9259,1,TGTTE
user_7632,2,AMZN|CXDC|UNA
user_13782,1,SIGA|STM
user_7122,1,QCOMJ
user_16273,1,BKNG|XOM
user_15857,1,VRTI
user_30485,1,THMO
user_5736,1,MATIC
user_30799,1,CTV|UUP
user_14271,1,BBIO|KNEBV
user_20832,1,AMZNC
user_10714,1,JPMAU|PLTZ
user_508,1,TWTR
user_3257,5,AAPL|NIO|PYPL|TPH|ZS
user_25706,1,AAVE
user_29289,4,ABEV|BEAM|BKE|BRPM|COST|KMX
user_29663,1,MMC
user_26510,1,SPXTH
user_11014,3,CEIX|SMSN|SPOTE|TSLH
user_33280,1,ANTM|TLA
user_19256,2,HRL|WAT
user_9379,1,FBWHA|UDR
user_24661,2,KO|MSFTM
user_21317,2,ACN|DEO|FXY|SHIP
user_31214,1,VIG
user_29168,1,ARHS
user_20329,1,X
user_1828,2,COST|LOWMA|NNOX
user_24594,1,RIVIA
user_16456,1,CELHE
user_25234,2,ABBVM|NIO|TMUS
user_7313,1,LOWSE|WISH
user_17188,1,ABNBC|JPMFE
user_28234,1,NEAR|UPSTC
user_26577,3,AVTR|GOOG|HDAPR|WEBRW|ZSEV
user_17049,2,PATHD|WEBL
user_20344,1,NU|TIGR
user_5639,1,COINW
user_27119,1,WPM
user_5630,1,PDDAN|UVXY
user_22572,1,DE
user_3661,1,SOFIS
user_2242,1,CPG|DAG
user_10223,1,HDWHA
user_32845,1,NDQ
user_26638,2,ENPH|SGAM
user_25221,2,DIS
user_27413,2,COST|SGH
user_17909,1,AVGO|XOMRE
user_9013,1,BOFA
user_27651,2,LMTWE|SGMA|TGT|TSLAS
user_4842,5,BKCC|BKE|BX|COO|PWR|SAMFR|WPC|WRLD
user_22760,2,AMZNB|CVNAS|PZN
user_14124,2,CLFD|MAGT|SJM
user_11553,2,PYPL|STOR
user_6927,1,QQQDI
user_24218,2,DXT|FBBUL|TSLAG
user_9377,1,CTSH|OR
user_7316,1,DASH|GRWG
user_8618,1,PI
user_21893,2,F|JAZZ
user_25132,1,DISH|JNJHI
user_2233,1,DTST
user_22698,2,AMDWE|BNGO|NINE
user_26826,1,MCRT|NIOBO
user_28388,3,CXDC|EMR|KNOP|VEA|VNOBL
user_11485,2,CTV|HOODI
user_15127,1,ACI|CI
user_55,2,DM|SYYSO|TSM
user_26816,1,RICK
user_28646,1,CREE|DXY
user_4871,2,ALLYT|ASMIY|RR
user_14534,9,ARKG|CALLS|CSLLY|CTAS|EGLD|EWT|GRMN|LAZR|MCO|MGNIH|NNDM|OSTK|UPSTB|VV
user_4723,9,AMDCI|CHWYN|DISWO|FBINS|FDN|KHC|OD|ODFL|QID|RFFUL|ROKUC|USWS|VIXLE|VLE
user_25808,1,PYPLN
user_30851,1,ETH|GMETH
user_25333,1,INCY
user_16699,1,CSIQ
user_18752,1,CNICH|GEVO
user_24977,2,GOOG|OR|SIBY
user_17247,1,BEN|VIX
user_7298,6,ABMD|AVGOT|DAVE|HDC|HIBB|IEA|LVS|RVPH|TYX|TZOOT
user_33181,1,SWIR
user_16962,2,GDX|LEV|NKEC|TWTRB
user_33747,1,MRNA|TSME
user_18328,2,CRLBF|EXPRE|PURR|TSLAV
user_26004,1,NKENV
user_8492,2,KIM|RIVIA|SYS|XOP
user_15593,1,ETH|TXN
user_18546,1,BB|GOOGL
user_4068,2,INTC|MMMRE
user_28212,1,CS
user_28083,1,BBIGC|CDNS
user_26742,2,DUSCA|NOC|STEM
user_26944,3,COST|FSUGY|GMMOR|NEM|VNOBL
user_9883,1,TUPHT
user_32954,1,GNRC|H
user_16988,1,TCS|TXTM
user_163,2,AIT|AVGO|PT
user_25979,1,EGRNF|TKAT
user_15878,1,OHICO
user_21189,2,GOEV|MPSOL|PG
user_17158,1,HRB|WMT
user_24754,1,ULONG
user_16948,3,ADBE|KO|NFX
user_29641,1,MCO|SFINT
user_1497,2,MSFT|UL|XPENG
user_24023,1,SOPA
user_3812,1,ATXI|FBREM
user_27410,1,IZRL|ZRX
user_11135,2,NOC|SMAR
user_15413,1,MRTN|NVDAG
user_4231,3,BCYP|CREE|GENI|LMT|QCOMA
user_9059,1,MVVYF|NWBO
user_22908,1,AVGOF
user_11332,1,VXX
user_10648,2,FBZOO|NIO
user_11565,3,BX|MSOS|PYPL
user_26292,2,MOTEC|NOC
user_21461,1,SEAND|VZDEC
user_9586,2,AVT|BN|PARA
user_24755,1,MNDYM|TXT
user_2046,1,HEINY|VEEVI
user_31924,1,GENFL
user_26294,1,BAYC
user_25512,1,ADSKG
user_26804,1,SMR|TSLAL
user_25411,1,NKEMO|NVR
user_20963,1,HDHEA
user_28683,1,QCOMA|VERU
user_3253,1,BGS|BILI
user_19814,1,PTONW
user_7571,4,AAPL|DFEN|FANTO|FBDOU|GANG|KNX|XON
user_25511,1,IGU|NETI
user_32097,2,BA|PER|WBAST
user_16451,1,FXY
user_27521,1,JPEX|NKEFE
user_3235,1,LVS
user_14506,1,DOOG|TSATM
user_12829,1,FIVEY
user_31893,1,ARKK|LILM
user_33411,1,FBCHA|FSLR
user_32082,1,AMDLO|BOKF
user_11446,2,AUR|BRKSO|PYPL
user_6810,2,BAWAT|FBTWI|MCDEU|ZSANA
user_1443,1,ORGN
user_33223,1,MNST
user_11333,1,JPMNO
user_16583,1,BILLI|SQ
user_33387,1,AMPG|DIAHT
user_1402,1,AXNX|UPWK
user_20497,1,PBR
user_11384,1,BGFV|JWM
user_11228,1,FLOW|NWBO
user_6311,1,CEL|GBX
user_15476,1,PARAH
user_31227,1,ASANF|WMT
user_26930,2,COST|ENB
user_32073,1,TYX
user_27460,1,FE|JACK
user_15112,2,BND|PG
user_12520,1,GMEGL|VZREI
user_26605,1,ATER|BF
user_26097,1,PYPLB
user_28326,3,BABAU|BARK|MO|NVDIA|ROKUW
user_25410,1,CAH
user_14314,1,DEA|SHOPR
user_18944,2,AXP|TSM
user_13592,1,METX
user_21048,1,KRTX|MOTEC
user_18965,1,PLYPL
user_20919,1,EFA|INFQ
user_23415,1,ANGH|TGTNO
user_1808,1,AMDHT|NYCB
user_32076,2,AMZN|GREEN|SBAC
user_28318,1,UPSTE
user_24756,1,EXEL
user_12126,1,RIOTW|SPYIF
user_14363,1,MARS
user_14869,1,AXPGO|PHR
user_31930,2,JAZZ|SNX|TX
user_34070,1,CXO|PTONJ
user_18490,1,EQT
user_24757,1,SENS
user_28204,1,CPBCH|CSCO
user_25718,1,LINK|NVDAI
user_18621,1,VYGVF
user_14797,1,EBA|SLI
user_24564,2,DGROC|NINE|VZ
user_31444,1,GAME
user_33589,1,AWR|CARG
user_6100,1,NAKDI
user_27458,1,IDXX
user_2504,1,NIOTH|SPOTF
user_14398,1,BESIY|ONON
user_28761,1,ZIL
user_26663,1,CCATE|PENNW
user_34064,2,MATIC|NOC|OR
user_28731,3,AMZNV|BZ|IBEX|OTTR
user_3374,1,NCNO
user_32660,1,APPSH|SOLPL
user_9866,1,IRBT|MMM
user_6877,1,JPM|ZIMAY
user_1405,1,KCAL
user_20262,1,K|PYCR
user_18606,1,FBBY|FBWIL
user_10479,1,FLUXI|SNAPT
user_10592,1,EEM
user_4364,1,PINSU
user_29011,1,OWHIC
user_8851,2,COTI|FIVN|SNOW|ZMBEA
user_7309,1,TMNA|XLF
user_27190,2,F|PRQ
user_30926,3,CXDC|DISFO|GOOG
user_20953,1,BENE|NFLXJ
user_2835,1,ROP
user_6529,1,AFRM
user_12377,1,LCI
user_22042,1,EDR|HDWHA
user_21704,1,GE|PXD
user_3007,2,ELAN|F
user_23905,1,APPSA
user_15381,1,ERIC
user_20291,1,DGX
user_3227,1,GENI|NEEFO
user_26870,1,COUR|GOOGM
user_10661,1,DISWH
user_15061,1,BEE|MOB
user_19558,2,PII|SUNW|TRT
user_22148,1,DISNE|NXTD
user_5140,6,ABBVM|BA|EEM|JNPR|LSXMA|MAWAR|PINST|SPLV
user_22699,1,GRMN|SLABW
user_6959,2,AAPL|CCWF|SIRI
user_6972,1,DRUG|MPWAL
user_6731,1,CVNAT
user_379,1,BEKE
user_6944,1,BABAT|ZSLET
user_31558,4,GDYN|IEA|LNN|PLTZ|SPYCL
user_31855,6,AMEH|BTF|DISDO|GOVX|PH|PTONB|SBUXH|TITN
user_28288,2,INTC|PRM
user_32959,1,ATHM
user_24696,2,COST|GMREV|SU
user_28612,1,BKSY|GMESU
user_5077,4,ASTRB|COST|FHM|GDDY|NILE|SNOWE
user_24848,2,NIOA|NVDAB|UPSTD
user_12312,1,VLNS
user_22883,1,SOFIN
user_24824,1,ADSK
user_16749,2,JWM|NFLX|UNHC
user_29364,1,VINE|YFI
user_6943,1,SHW
user_25576,1,RYM
user_32826,2,AMZNT|ENPH
user_33353,1,CAMT|TTC
user_16505,3,AABB|BEAM|CRM|WES
user_20600,1,SPYLO
user_2154,1,CPB
user_3088,1,CPRT|LYTS
user_6986,9,AAPLR|AMZNN|ATLAS|BK|FBYOU|LEV|MCO|MSFTW|MSGE|NIU|RENT|RHS|STAGC|TSMPE|ZIONT
user_29255,1,AIT
user_19241,2,BPOP|BRN|DVY
user_24645,1,BURL
user_16157,3,AAPD|AAPLD|FBGAM|NXTP|SBFM
user_12175,2,CALA|KXA|NFLX
user_11603,2,BA|WBD
user_20666,1,NETIT|RMED
user_13122,1,ATH
user_25468,1,HTZ|UVXYT
user_22889,1,RUN|VTVT
user_4793,2,BMRN|RYM|SSTRE
user_24733,1,WOLFA
user_7531,2,ATYNO|BL|PFEFR
user_10886,4,AAPL|BAESY|FBBUL|MUTOD|PTON
user_6255,1,AMZNO|BNS
user_4852,3,CROX|DRI|MBWM|NADA|VAND
user_7995,1,EVH
user_13571,3,COSTB|CSVTI|OP|SOFI|TIVC
user_25681,2,BVXV|QQQTH
user_10293,1,COSTQ|OXYBO
user_16306,2,DIS|VOLT
user_18890,1,HAIN|MRVS
user_4692,1,PRX|ZWATC
user_14484,1,GALA
user_27240,3,BXHTT|CNM|TDOCI|VISM
user_32519,1,DCI
user_10713,3,AMZN|NASDA|SOFIN|UNHC
user_9643,1,AKLIH|BABAC
user_28901,2,FLGT|LOWSE|RIO
user_32905,1,ASANF|SCHDT
user_30899,1,PGNY|SOSHT
user_23955,1,GT|VLE
user_27778,1,DOCNS
user_21578,1,EMR|PG
user_12909,1,GO
user_8125,1,BZ|KEN
user_28733,2,GPNBA|KSPN|SCO|UTK
user_4505,1,BTBT|SUI
user_27624,2,PACW|TSLA
user_26278,2,MATLO|NIO|RYTM
user_28594,1,ARKO
user_8163,1,SKLZF|XLNXR
user_27960,1,SCHB|UCHIN
user_2337,1,TRU
user_1896,1,AMDVI|BRKB
user_24409,1,ROKUO|TONR
user_18861,1,TAP
user_6936,1,BTCSQ|PUBMH
user_33105,1,CTAS
user_33855,3,EBON|EGP|KO|ROKUA
user_15779,2,MTD|USDP
user_7371,1,INTCF|SHIBD
user_20378,1,BSFC
user_23204,3,BRKA|DVN|JKS|VZ
user_14810,1,RVNA
user_12218,3,ADP|GD|RNG|SNOA
user_25279,1,SUN|XLNX
user_27304,1,GDXJ
user_3550,1,ATLAS|NEVAD
user_5036,1,OLED|SOFIS
user_1357,7,ATKR|CPG|CSTAR|FERG|GMAPR|HYMC|LCIDW|MRNA|NOCPH|PXD|RKT
user_27151,1,ENPHC|SPYBO
user_23341,1,AGR|BUZZ
user_17560,1,IDT|LCIDS
user_29811,1,BANC|GOVX
user_26591,1,JWA
user_23432,2,DISWO|QQQHT
user_4833,1,AAPLF|TSLAL
user_17822,3,ELON|GOOG|IMT|TTWO
user_3892,1,COSTE
user_2898,1,ACB|EL
user_33300,1,LKND|SJW
user_25048,1,COF|CPE
user_2407,2,PSNY|URGN
user_824,1,NOC|STAGW
user_24546,1,ENJY|SCHDT
user_4396,2,PG|RBAC|SYFDI
user_22817,3,AMZND|DOGO|NOC
user_383,1,IVC
user_8849,1,FBTOT|QQQ
user_22818,1,ZIM
user_22645,1,PRTY|TSLAF
user_7724,1,COINA
user_23620,2,PTE|TSM|UPSTB
user_26235,1,WIX
user_27513,1,ENBFO|ETSYT
user_9609,1,AMDBR|IWMKE
user_9763,2,FBINS|M|NIOIS
user_21072,1,ADAP|NETCY
user_939,1,OWHIC
user_1200,1,MVIS
user_29893,1,EBAY|VIXFO
user_24177,1,AA
user_29438,3,DGROC|KIBA|PGTEC|TROW|UPSTE
user_25978,1,AMPS
user_13221,1,APTY
user_28283,1,STAGW
user_20315,1,CCJ|CELHE
user_6928,1,DEO
user_21011,1,FXY
user_11305,1,QQQHT
user_28397,4,CRSR|DIS|F|ROKUG|UPS
user_5017,2,AMT|MAXR|TSLA
user_8078,2,CAG|ES
user_4944,2,GOOGE|MSTRG|NIOHA|OIL
user_14432,1,ANKR|L
user_16559,1,SSTLE
user_610,1,SYK
user_27879,2,NOC|ONOV|QQQ
user_5089,1,EC|GMEGL
user_28394,2,APAM|QFIN|WEAT
user_2533,1,ACHC|CLPT
user_28889,1,INTCH|IQ
user_4892,2,AEM|BX|IMBI
user_4855,1,GILD|SQHOP
user_18345,1,L
user_20318,1,NXH
user_29770,1,CREE
user_26024,1,ASMLH
user_11212,1,NKE
user_22501,2,DIS|GMBL
user_31619,1,VXXJU
user_1653,1,VMOHN
user_18885,1,VISIO|WMG
user_28101,1,TSHAR
user_24075,1,HTZZ|IEX
user_12318,1,MDAYT
user_18143,1,ARCH
user_22140,1,BESOF
user_8434,1,DISEN
user_25460,1,DEMOD
user_12760,1,INTCV|WBAST
user_20201,12,AARK|DISGO|DOCNG|EPRT|HDWHA|KOPN|METAT|MNG|OCGN|OLO|POSH|POWI|SPCET|SPWR|UST|VRT|XLF
user_20538,1,ASTSB
user_28783,2,AMZN|AMZNN
user_20900,1,INDO|SGH
user_26592,1,TR
user_16028,1,BEEB|PDDI
user_11142,1,ADYEY|DLTR
user_19971,1,AFRMD
user_2845,1,AXNX
user_23576,1,CECE|KTTA
user_20712,1,APPSH|SPYNA
user_5584,1,P|VTR
user_13481,1,AMAZN|TGTAP
user_7098,1,COINA
user_33742,2,CRM|LVMHS|PLTRI
user_2659,3,AMD|GNUS|ILUS|TOI
user_21419,1,IGEX|UOS
user_28401,1,MUDAV
user_24916,2,CRM|GLBE
user_1173,2,KO|MAXN
user_17528,1,BTCWA
user_11373,1,AFI|CRO
user_314,1,AGR|MVRD
user_4625,3,CCCX|KO|LOWSE|TSLA
user_2593,1,Z
user_16592,1,ENSV|OTRA
user_24011,1,ENPHM|VFIAX
user_2453,1,TXNWH|VSCO
user_26249,2,AMCR|BMBL
user_28395,17,ABBVM|ADDYY|AMC|BOA|CCATE|CHGGT|COINH|CP|CRO|ERIC|FBTHI|GEWED|GVSI|JKHY|JKS|MRIN|MRKFR|NEGG|QQQHT|SOPA|TNET|TU|TX|VTR|WOLF|WSM|ZRX
user_7561,1,LANC
user_13670,8,AMSWA|DECON|DEN|DISCO|FBFIN|GFS|KODK|SHUEY|SPLV
user_29808,1,AUB|GSL
user_28806,4,DIS|HLF|PSX|TREE|TSLAW
user_22478,1,BL
user_1744,1,FXF|PARAS
user_18224,1,GTO
user_8563,1,VZ
user_25299,1,FSLYH
user_30500,2,EJH|NEXT
user_14632,2,HUT|NIKLA
user_20517,1,ARVL
user_29527,1,BEAM
user_17943,1,ASTR|LYXE
user_29891,1,RF
user_22348,1,ADSKG
user_32238,1,NOBL|SPOTE
user_29220,1,LIND|PTONB
user_11974,1,BEWI|SQB
user_14246,1,RIDE
user_20657,1,BCMH|NIOHA
user_20676,1,AZN|TSLAR
user_5870,20,AAPLJ|ATKR|BF|BPRM|BTCPA|CFLT|CRMI|DT|ECL|FAZE|FBINS|FBROO|FFND|HFG|HTTZ|IBM|IVV|KBH|KSU|METAT|NEGG|NEO|PDD|POWI|RPRX|SWIM|ULVR
user_20012,2,LYFT|NOC
user_17213,1,HTTZ|NRG
user_33493,1,ENDP|FISV
user_30781,1,CFVI|DFS
user_33473,2,CDLR|META|SJR
user_21187,1,HALWE|TTDHO
user_31476,1,LUV
user_17551,1,FXY|LTC
user_30754,6,ABR|AMZN|KKR|LVMHS|NIOHT|OLPX|OSMO|RMO|VISHA
user_27203,1,DISCB|JUNGL
user_16047,7,ALBT|BRKA|DNA|DPZ|FRSH|INAZ|MUWHA|NIOAL|SCHL|UAVS|VVS|YUM
user_33735,2,CALA|DISNE|VZREI
user_32135,1,SSNLF|ZSHTT
user_11799,1,INM|PKG
user_23867,1,RBAC|STORM
user_13723,1,ABNBB|XOM
user_16407,1,SMAR
user_25985,2,CCI|F
user_25138,1,WMENE
user_13603,10,BCYP|ETHAL|FRT|FTNTO|GMMOR|IVZ|KOOWN|KR|METAF|MOFEB|SCHV|SPOT|TARO|TSEMH|UBI|VCAR|ZIDEF
user_32154,1,BAC
user_14218,1,GENI
user_5610,1,ARKG|WE
user_7257,2,BX|EXP
user_33772,1,PENNN|RDSA
user_13860,1,ADM|PRU
user_29271,2,PYPLH|TCEHY
user_10287,1,COVID
user_6443,3,ANET|CWT|GOOG|UNHEX
user_30081,3,CVE|IMBI|SHV|TPL
user_31566,1,RCLWI|TWTRR
user_25762,1,ENTG|OVR
user_22362,1,GES|SGAM
user_846,1,EURUS|WILD
user_16373,1,BRK
user_29310,1,BACLI
user_10784,1,APLD
user_2988,1,GDS|VIG
user_4065,1,NNOXI
user_4672,1,AMZNC
user_24230,1,TTDEV|ZSAN
user_4654,2,BF|BILLV|KOOTH
user_26359,1,AOUT|FBINC
user_22456,2,BAYC|LMT|MSFT
user_28888,5,ABBVW|AMEH|BRG|CRWDG|GEGI|NBIXW|OPRX|PMFEB
user_17490,2,CWEN|DHR|XOM
user_2349,2,BA|BODY
user_29907,1,FUBOI|PBF
user_33767,1,GETY|TSMC
user_2901,1,SPYBI
user_4076,1,NEEFO
user_25344,1,VNOM
user_28142,1,Y
user_13377,1,INSG
user_14726,5,LUV|NIOWE|ORPH|VYMVA|WCN|ZIM
user_3519,7,BAHAV|FROG|HCP|HUT|LBRDA|MAR|MDLZ|SBUXI|UNFI|VEU
user_9262,2,LEA|SHOP
user_1889,1,SOFIS|VIEW
user_12555,2,BA|UVXY|WGOTH
user_2235,3,APAM|EDMAT|FND|HSY|MSTR|ZPLUS
user_8823,1,EOG
user_31047,5,AAPS|ABNBB|AMZNO|AYX|FBEVE|FBK|METIS
user_3815,2,AAPLL|FAANG|NVCT
user_16450,2,ACMR|ADBE|FXF
user_27368,2,F|LI
user_2432,1,INTCV
user_31196,2,ABBV|JBHT|KISHU
user_1353,1,BILLV|FSLRB
user_26130,1,THTX
user_30937,1,REM
user_5835,1,ADP|QNT
user_707,1,BABA|SOFI
user_31845,1,AAPLW
user_19382,3,AFRMT|IPGP|LGVN|TOR
user_7393,2,AAPLM|PGPAS|ZS
user_19398,1,DEDEC|ROKUN
user_15494,1,CNI
user_4748,5,CPB|GOOG|NSRGY|ORA|SNV|UHOPE|WEBR
user_4747,1,SPYLO
user_102,8,ADV|ASC|AWK|DGROT|FBULL|FRBA|SEAND|SHOO|TPR|VCOCA|WAL|XEL
user_20467,3,AAPL|ANCTF|FRT|LFIN
user_5118,2,ATUS|BABAE|BKCC
user_825,1,FCAU|METAH
user_22067,1,WW
user_22294,1,GRUB
user_34080,1,BTCSQ
user_17392,1,AMCRI|MAS
user_22271,1,LEV
user_22689,3,BAND|GMR|MERC
user_2251,6,DJI|EXPE|FIS|KODI|MAIN|PZZA|SPGGR|XLE
user_15146,3,BLBX|GLNG|MVRSA|NOC
user_6477,2,BILL|OI|STIP|WBAST
user_16887,1,BABAD|MU
user_31970,6,EPSIL|FOSL|HOLD|MSFTN|NIOWE|NVDA|TYX|UPSTM
user_32707,1,GPS|SABR
user_25489,1,TIGR
user_31193,13,AAVE|BKSY|CGRN|CMPS|COLD|COSTE|DJCO|EDMAT|ENSC|FXAIX|ILUS|NETA|ROKUG|SKWS|SWBI|TSM|URA|VGID|WOLFA
user_9906,2,BAHUG|JACK|NIO
user_15986,1,NKERB|WISHW
user_29173,2,GOOG|POWW
user_4394,2,ETHSE|WIX|XL|YCBD
user_31807,2,BESOF|JKHY|SNOWC
user_31031,4,BABA|KTB|NET|NXH|RYF|URGN|UUUU
user_29395,1,GMBL|TWTRH
user_33364,1,GMEZO
user_12873,1,EPD|RMBS
user_18314,2,BA|DSIGR
user_211,4,CMRX|NVDIA|PINS|QCOMH
user_32601,3,AGC|DSP|GANG|ISPC|YETIT
user_23933,1,VWED
user_2809,4,DT|F|GLD|STORM|VGK
user_9445,2,ELONQ|LUVMA|SCHDT
user_4174,3,BIDU|CNICH|FCFS|UFPI
user_29837,1,UMG
user_26542,2,ENZC|FBPAS|HRT
user_6581,1,XI
user_22156,2,GC|GME|SWAV
user_28918,2,ABNBA|META|MUSA
user_3454,2,CEEK|KINGS|MELIM
user_22657,1,CISO
user_2831,1,EMB|WPCWH
user_20827,1,SJM
user_11797,1,TSLAL
user_12390,3,ADBE|AMD|OTLY
user_1385,1,VV
user_21827,1,PHR
user_31964,2,AGL|ONKIN|TSLL
user_11170,7,ARKKS|GDS|MODIV|NETL|PEPTE|SPXW|VORBH|WOLFA|XNO|ZMPAR
user_34179,2,JPMFE|NFLXR|PYPLR|STORG
user_20064,1,BABYT
user_30929,7,AGR|APO|BF|BYDDF|COUSD|DOX|FBFOC|LIN|MILE|MZN
user_19410,1,BYSI|FBPUS
user_3710,1,SHOPF
user_14427,1,IS
user_24190,4,CNICH|NBIXW|NNN|SHARE|VOSO|VTI|VZREI
user_15554,1,UNHC
user_13091,3,EC|META|MGNI|NOC
user_29404,1,SRTS
user_19091,1,ATVIA|STARS
user_22861,1,DOCU|MCDOC
user_2638,1,ALIF
user_30809,1,TAP
user_26764,1,COSTI|SUN
user_31617,2,META|WMTSQ
user_5164,1,CTV
user_22419,2,AMPL|CCXI|WES
user_20306,1,ADC|WB
user_9830,1,MVIS
user_13821,2,THEY|ZS
user_31488,3,GOOGL|HDTOP|HES|HFC|LFIN
user_13217,1,DCFC|NBIX
user_8239,1,ARRK|CRNC
user_14878,1,DLNG
user_10242,4,ALL|PFE|THEY|TVISA|UHTTP|VUZIE
user_32148,8,BCMH|BRKNE|CM|CRTD|DRTS|GMEDI|GSG|INTL|PHM|QSGRE|TSCOE|TXNWH|VEEVI
user_6273,4,BITOI|COSTI|EBA|IPGP|NXTD|SKLZ
user_32195,1,MKL|ROP
user_18138,2,ALB|NCNO|SHARE|WIRE
user_3014,1,ETD
user_26991,2,AMD|FINV|PEPHT
user_7167,2,AMD|CAH
user_8894,1,CRTX|DCP
user_9388,1,BTCNI|HD
user_10263,1,ACHC
user_10426,1,PTONP
user_22945,2,ATVIP|JOBYH|TM
user_14394,2,ASX|VXAPL
user_27825,1,ESCA
user_10500,1,CCXI|RMED
user_29301,1,MAN
user_6204,1,DISCB|VORBH
user_30857,1,AESE
user_10082,1,COINS|CSLLY
user_14236,4,ABM|DWAC|FLOW|LVSTH|MSFT|SPXTH
user_10245,2,LFIN|PINST|SONM
user_3170,1,UPS
user_31839,1,TSLAD
user_2434,1,PARAS|TRIT
user_6935,2,BKR|ENPH
user_28336,2,COST|MMF|TMHC
user_14141,1,ATHM|RHS
user_10230,1,UXIN
user_16161,3,DRIO|LYFT|MANU
user_12492,2,EGRNF|NXRP|SCHW
user_29110,2,DAVE|NXST|SNDL
user_21953,2,GMSOL|PZZA
user_17984,1,PAYC
user_17443,22,A|ABR|BACMO|BESOF|BON|BTCI|CALLS|CCWF|COINA|ENPHG|GMEON|GRTX|GRWG|KBH|MEX|NCNO|NVDAN|PAGS|PATHD|PHR|PLUG|PROSY|SHIP|SOS|SOSHT|SSTRE|TSM|TTDGE|USAP|USFD|VLON|VTWO
user_7966,2,BCMH|ICL
user_6244,1,UBERT|WOLFA
user_10228,1,RDW
user_16922,2,IRNT|WKR|ZINU
user_1190,1,NVDIA
user_3668,1,DOLE
user_23026,1,FBGET|FSLRS
user_23910,4,ATTO|BKE|INTC|MCDGA|SHIP|TTDMA
user_6951,1,THC|TTD
user_6920,4,ABBVR|ADM|BCEL|INTUO|UNHEX
user_3926,2,CELHT|KFY|MSFT
user_7795,2,SNAPS|SONY|VLE|VVS
user_29588,1,MIGI
user_33830,1,CORZ
user_11911,2,JJC|OHICO|SPYYO
user_31700,7,ABNBO|ACB|AMR|IHT|OTRA|RBLXS|SGFY|W
user_24514,1,RNDR|TSLAI
user_14382,1,DOCNC|LCX
user_14400,1,PYPLL|UPSTI
user_23752,1,WISHT
user_12577,1,BSMFA
user_10269,5,BN|CNI|DLR|FBREB|HOOD|OPORT|SMR|WWE
user_31383,1,HSDT
user_15271,2,BX|OR
user_10240,1,ATOM|PKI
user_7538,5,ADYEN|CDNS|CK|DISWO|ELAN|FBHOP|LCIDT|PHG|XLK
user_10658,1,BLCT|TSCOR
user_10618,3,BTCWA|DJCO|QCOMC|RIBT
user_7181,1,DSIGR
user_6605,3,APO|CAT|SFOR|UNF
user_8269,1,INCY|MMM
user_9315,1,LEVI
user_1930,2,GOEV|NIOLE|OCUL
user_914,1,SPOTE
user_20259,2,FBSPE|OWHIC|PROG|TSEMH
user_1337,2,NFLXL|U
user_10715,3,FBBUL|MRNAW|WING
user_25135,6,ABNBM|BRKSO|DPZ|ENPH|MDLZC|MNDYA|TSM|VFI|YUMC
user_15268,2,AGR|RWLK|SMLR
user_27237,2,ABNBC|AMR|VLO
user_6606,2,APDN|DHI|FBTWI
user_5871,2,ACON|DIA|FFND
user_22653,3,ARKQ|BRKS|EGLDQ|EXPE|GOOGD|SCHG
user_12942,1,LC
user_5398,1,BPOP|MMMOW
user_32344,2,SMCI|VFOCU|WAT
user_24459,1,KMB|TPR
user_1237,1,NXRP
user_14609,1,COP
user_27672,1,SASR|WFC
user_21054,1,CARG
user_19484,3,ATTOT|BABAI|FYBR|IBB|NETI
user_6145,5,AAPL|BITO|INTC|PATK|TSATM|UPSTC
user_13691,1,ETHE|GNTY
user_17623,1,EPS|NKLAQ
user_18075,2,ZS|ZUO
user_21481,3,DIS|IMMX|MMM|SPXLA
user_17900,2,HIPO|SPYOP|TPR
user_26893,8,BABYT|BITO|BRK|CWST|CYN|FBDOU|FTHUR|IRTC|MTP|NU|RGNX|SNMP|SOFIH
user_33724,2,EVOK|GRUB|ZUO
user_14005,2,CHGGT|INTC|SWAV
user_27797,2,CNI|MBUU|OTIS
user_15130,1,NEEFO|UAL
user_7957,1,JPM|WEBRW
user_8400,3,CCMP|GSAT|GTLBW|LYTS|OMI
user_4957,1,FBJUS
user_18043,1,BATS|BEWI
user_31764,1,BIG|CMCS
user_33252,1,MANU
user_5990,1,MMMGE
user_12799,3,ATOM|CBSH|NIC|RUX|USHE
user_10198,1,NNOXI
user_11947,1,ASML|OKE
user_5018,2,CCIV|EGHT|ENSC|SGMA
user_24891,2,AMCTH|APPN|ARWR|VREIT
user_12794,5,AER|AMR|OKTA|SBUX|SIMO|VEEV|XPEV
user_25567,3,NAVI|NETCL|OSMO|SESHO|SJM
user_26406,14,AMDCU|ARVL|BACBU|EVVTY|FTCHW|GOOG|GRIM|INTL|NAVI|OAS|ROG|SCHDW|SMFR|SOUL|TLRY|TSLAO|WAVE|YETI|ZSSEM
user_22364,4,ALV|CRWDW|FBTOT|MKLIN|VXXJU
user_10970,4,AGG|AMDCE|BOKF|EGLDQ|GBTC
user_28124,2,OWHIC|PHM
user_31278,2,LC|UNHIF
user_7351,3,AWRDI|BKSY|RKT|TMUS
user_8920,1,AMDSE
user_25180,1,ENPHW|URGN
user_7199,10,AI|APPS|AVT|BKH|CARA|CHWYN|CP|FL|MNGHT|QRTEA|RBLXH|TEAM|TRU|UNHDO
user_28117,2,BAYC|QQQPU
user_5955,1,OIL
user_10141,1,ESCA
user_14065,1,ACBBO|SAND
user_10403,4,AGG|RGEN|TNDM|TSLAJ|VBUYS|WEAR
user_404,1,SYA
user_19768,1,CASA|SPOTD
user_8343,8,BLOCK|CELH|CMPS|FBCHR|ITW|MTCH|SLI|TROWA|TSLAD|UPWK
user_24658,4,ENBFO|FUVSO|GOOGH|TSM|VNOBL
user_15328,14,AGC|AKAM|ALLYB|ATD|AZN|CHD|CTRU|EJH|FBLIZ|FOSL|GWH|IRM|KINGS|LWLGE|MC|NLSN|OKTA|POSH|POSHY|QQQDI|RMO|SPYMA|TTE|WDC
user_3881,1,CNM|VIXFO
user_24871,2,NKE|SMCI|TBLT
user_22494,1,BIGC|BTC
user_31860,1,PZZA
user_15331,1,ABNBC|TPL
user_17253,1,BLK|VGT
user_5344,1,SBUXJ
user_14767,1,ESTC
user_14012,1,FTS|INO
user_24108,2,BA|VLNS
user_27335,1,DRVN|PSEC
user_1495,1,CLFHT
user_31403,1,SCHM
user_28784,3,AMZNB|BBBY|F|NETCY|VO
user_32602,1,BITO|SUSHI
user_21355,2,BACLI|FNMA|ZIDAT
user_9309,1,GOOGP
user_32070,1,MTB|NEVAD
user_1025,1,AMZN
user_14491,1,AAPLQ|CVXI
user_10499,1,SBUXW
user_26202,1,BRUSH
user_9141,1,ARKK|OD
user_15314,2,INND|QQQHU
user_28192,1,BRCC|SYY
user_8360,1,ARKW|CAAS
user_14686,1,AMDRU
user_21033,2,TGT|TSLA
user_15333,2,TSM|VW
user_9991,3,GGR|JEPI|PLTRE
user_30660,1,BTCHT|TGTDO
user_24479,1,SOXL
user_33498,2,ATKR|MTEI|OTLY
user_31750,1,KONOV
user_22410,3,ABCB|SAIC|XOMWE|ZION|ZS
user_3292,4,BAX|DAC|MET|MVIS|NOC|SPA|XDC
user_28014,2,CBRE|CF|LMND|NEO
user_8846,5,AMD|DBC|ETN|HOOD|KEN
user_3721,4,AAPLT|DIS|NOC|PATHD
user_30011,2,GOOG|PLD
user_22694,2,MATIC|ZDROP
user_671,3,AMDST|DIS|SCHX|SITE
user_7109,3,IWMKE|KO|SRC
user_1220,2,CSTM|EQUIX
user_32737,2,BJ|BTCDI|CSLLY
user_23513,1,IDXX|WNS
user_31977,2,DRUG|TEVA
user_9155,2,EQB|GVSI
user_29041,4,HQY|LEA|MDT|MSFT|NIOHT|QRTEA
user_6423,2,IYT|LVMUY|WEAT
user_16840,2,DBGI|DIA|SNX
user_29769,3,HONHI|META|SOS|TH|TSLAP
user_5270,2,ALZN|OSMO|TBK
user_3491,2,AEM|ONDS
user_3944,2,OXYBO|SPOTT
user_33499,15,AAPLC|AEHR|AMATW|AMCLO|AMDSE|EPRT|ETHDI|FBWHA|GSG|HMBLI|IEI|METAS|MIME|PTONJ|PZZA|QQQPU|SATL|TGL|TNXP|VMOHN|WERN
user_8338,1,NETCY
user_32719,1,ABBVF|GDRX
user_34043,3,AMEH|BX|META
user_18009,1,UPWKW
user_34171,1,CTAS|SHOPR
user_10026,3,AXNX|GOOG|STRN|ZS
user_14827,2,CFLT|HTTZ|UPSTF
user_31653,1,CRON
user_2005,2,BCEL|HIBB|SKWS
user_3606,2,FFIV|SNDX|TSLAW
user_10568,1,FBHS|SNAP
user_11314,2,ANDE|MTTR|NLS|TSAT
user_23776,5,CRM|NFLXE|ONNAR|RBLXA|SYN|XLB
user_27086,1,IMMX|MRNA
user_10825,1,CPB
user_8195,4,APAM|NNDM|PTONR|TD|TSLA|TWTRS
user_24320,1,DKNGC|DKNGD
user_12987,2,EMR|MSFT|PERI
user_14519,3,COST|QQQTR|ROKUN
user_15660,2,INTC|MELIF|NIU
user_17850,3,BSW|FBPAS|IBM|IWMBU|PATH
user_885,1,ISIG
user_10027,1,FANTO|NIOLE
user_26064,1,RUN|XBI
user_11661,1,ABT
user_29071,1,DPSI
user_20739,1,HPQ|UPSVI
user_1224,2,AAPL|AAPLH|EVGO
user_3530,1,LQD|PRE
user_4766,2,AAPLF|BMBL|RUNSH|WW
user_3269,1,CISO|TDIVI
user_27971,2,AMDEA|FBYOU|SU
user_7603,2,ILAG|XPEV
user_16874,1,MCRT
user_16651,3,BX|EE|PRVA
user_25997,1,EOG
user_17733,1,HCA|ONCHA
user_13804,2,NYCB|PRTS|STLD
user_24422,1,LVSTH|SPYBI
user_7813,1,INFQ|NUE
user_2802,1,AAPLF
user_11260,1,HONRE|NKEI
user_17309,2,INTC|LCID
user_32597,1,CUBE|USB
user_10894,2,AWRDI|MTN|TRIN
user_31695,1,FCAU|SPYBO
user_18923,1,PBF|ZSEV
user_19260,1,VXN
user_28685,1,ATGE|MKLBO
user_28884,5,LVSTH|RUX|SLABW|TROW|TWNK
user_15070,1,RENN
user_24711,1,FL|PURR
user_3029,2,EXEL|FBBY|GCT
user_18086,1,FTHUR
user_29716,2,ATEN|DEO|HAFC
user_23295,1,FBINN|VFI
user_28172,1,RUSHA|UNP
user_28450,2,FANH|GMSOL|MKC
user_20068,1,KMX
user_7924,2,BZ|GOOG
user_19236,1,FCFS|LUXE
user_5810,1,NIOPU|UEVS
user_19918,1,DISEN
user_5594,1,CHD
user_24565,1,CWEB|PENNN
user_31522,2,FOUR|PG|SAIC
user_33396,1,BKLN|FBPAS
user_32891,1,SHV
user_32062,1,TSATM
user_132,1,GAME
user_12192,1,RSP|TTDCH
user_2853,3,AAPL|CPNG|LECX|TDOCA
user_1157,1,AAPLT|PBF
user_12620,2,AMDNO|SSNLF|WLL
user_8788,10,ABBVU|AD|ALBT|BITOI|GOOGT|IGU|KO|MFC|MKC|NFLXP|OGI|RGTI|SYFDI|UVV
user_11868,3,AB|ETSY|RIVNA|SARK|TSLA
user_11114,1,MATIC|SBUXB
user_979,2,QQQAN|TSM|TXNWH
user_1127,3,DPSI|LPTX|MELIC|QCOMR|RYANH
user_24506,1,NIOWE
user_12842,1,LYV
user_8880,3,IBKR|MATIC|META|RICK
user_9251,1,MRVS|SBNY
user_26672,2,AMD|ITCST|KERN
user_20389,2,BX|LIBER|TUPHT
user_9292,1,AMAZN|FBWIL
user_20755,2,BAALL|MNDT|NXPI|PRX
user_28813,2,EPAZ|XPEV
user_13293,1,ABT|ZEN
user_20887,1,GD|RYTEL
user_18245,1,MMC|TM
user_15,1,RGEN
user_7931,1,MRVI
user_17531,1,ABBVD
user_17497,1,ASTSM|TECK
user_26585,1,NVDAS
user_27999,2,CUBE|SPXWI|TSLAI
user_18282,1,BNSO|NETIT
user_198,1,INAZ
user_28821,1,BRYYF
user_5403,2,COST|EVONO
user_18725,2,AAPL|QCOMA
user_10147,3,JD|MAFAC|TTDSO|XLB
user_1325,2,BTUSO|DE|VZ
user_9335,1,NKLA
user_2176,1,QBTS|REV
user_24231,1,ROPE
user_28160,1,SPYNA
user_25389,1,AMDFU|MCDEU
user_14200,1,LVMHS
user_1689,1,AWK|SMG
user_9441,1,UEVS
user_31592,1,ISPC|TMO
user_986,2,MUNIK|PM|ZS
user_4694,2,EPAM|ZS
user_8066,2,COST|RDFN|ZSCHA
user_25010,2,PYPL|UBS
user_2419,1,BAI|MOS
user_935,1,ETWO
user_29165,1,BKR
user_13676,1,MSI
user_8887,1,HBAR|TWTRT
user_15132,1,IONQ|STORB
user_11727,1,PSA|TSLQ
user_8752,1,FDS
user_18655,1,NEVAD|VISM
user_21404,1,LUV
user_11907,1,KSU|MOBQ
user_12434,1,BILLV|NOVA
user_9627,1,AFRMT
user_31208,2,GOOG|ISRG
user_22980,2,GNPX|KO|MPSOL
user_12481,1,ABEV
user_17155,1,STM
user_18441,1,EQUIX|PLYPL
user_20386,1,NIU
user_11879,3,NADA|NOC|SNA|TWTRR
user_26677,1,DCRC|TOELY
user_14645,1,PFE
user_12395,4,CHHFI|COSTH|GMR|PSA|REGND|RIVNT
user_33208,2,PLD|TSCOE|ZS
user_22789,1,AMDCU|EPSIL
user_12895,3,BRQS|FBK|NOC|SQBEA
user_23354,2,BRQS|NDAQ|NFLX
user_21515,1,BNGO|KEN
user_32854,1,PANR|PLTRE
user_28587,1,EQR|ISPO
user_8650,1,FATE|FE
user_20526,1,NVCT|SHIP
user_2459,1,CASY|SQHOP
user_13345,2,KTTA|VZ
user_16732,1,ONDS
user_839,2,AMDIF|BRUSH|JNJDI|OTTR
user_15729,1,GLXY
user_11244,1,SYK
user_223,1,CHEF|HUBS
user_15235,5,BON|DY|FBWOK|GOOGD|QSGRE|ZIMPL
user_32028,1,NFE
user_17020,2,FSLRA|XPEV
user_2136,4,FBHS|FLL|LEN|M|PRTS|RWLK|SAIL|USBSO
user_29980,2,CXW|ETSY
user_7553,1,CSPON|KOOWN
user_30865,1,GGPI
user_12838,3,AQN|FANH|MEX|MOGRO|XVG
user_12171,1,SOLPL|TLSAQ
user_30108,1,OR|WFC
user_1177,2,BA|WMTCO
user_26410,1,KBR
user_20998,1,NKTX
user_26188,1,FBLIZ|PCTC
user_25238,1,SPYPL
user_16853,1,KTTA|WAFD
user_4212,1,DAC
user_32350,3,FRZA|GME|INTCS|KRTX
user_34294,1,AAPLA
user_32738,1,CACC
user_27056,1,KMX|TZOO
user_24384,2,MOHOW|PGY
user_22383,2,ATOM|CELHE|ES|TREE
user_20690,1,DISHU
user_32322,2,NKEI|RDFNW|VZ
user_20592,1,ARLP|AVEO
user_24103,1,SWKS
user_26083,2,MAGT|TWTRH|ZS
user_33619,1,SBUXA
user_31357,2,AMD|KRTX|SFOR
user_31318,1,BANC|SST
user_25844,1,KRX
user_8965,1,FRBA
user_42,2,FR|PEPRE|ZS
user_9914,1,QQQNA
user_18956,3,BBIH|BIDU|PFG|PYPL
user_8603,2,CRM|MVRSA
user_17817,5,BARK|BHE|DRI|IEP|NFLX|PRTS|RUN|TDOCI|TMNA
user_8302,2,ABBVR|PCAR|VFIAX
user_19366,1,HUBS|WMS
user_13358,1,BOC|SIWED
user_34313,1,ADGI
user_10879,1,ADAPL|EXLS
user_28666,1,BTCDI|DLR
user_6857,1,QCOMJ|QSGRE
user_9103,1,TBLT
user_21395,1,ALZN|OHICO
user_18409,1,BMRN|SCVL
user_277,1,ATVIP|EXEL
user_15578,2,AUB|MATLO
user_21351,1,JWM
user_19940,1,LYTS|ROIUC
user_12332,1,NNOXH|QCOMR
user_17887,1,BVXV|ENB
user_30819,1,SVM
user_22477,1,MNDYA
user_20126,1,DT|TSEM
user_8230,1,BSMFA|SCTY
user_25443,1,VISL
user_5263,1,BNSO
user_8559,1,DPZEN
user_31387,2,SAITA|VERU
user_16301,1,CS|JCI
user_32435,1,CVXI
user_18664,2,AXON|GDYN|LTCHT|ZTS
user_32400,1,AAPS|XRPHT
user_13907,1,TITN|UPSTO
user_22102,1,PPC
user_28167,2,OXY|TSM
user_2617,1,MNDY
user_29535,1,CTT|HDCHI
user_19203,1,SG|XOMWI
user_17437,1,LI|PANWB
user_23469,1,FTHUR|YETIT
user_17698,1,SQB
user_29352,1,AMZNS|JO
user_11208,2,AMCLE|DIS|MOB
user_14603,1,BRKA
user_33460,1,CEG|TIP
user_29833,1,ENS|NAVI
user_8748,2,BX|WSC
user_20432,1,AN
user_32212,1,CTRA|RL
user_11684,1,ALV
user_8875,1,WMTSQ
user_27346,1,HDWHA
user_25486,1,KTB|NAKD
user_17601,2,HSCS|NLST|TSM
user_19416,1,PKI
user_11540,1,ONEX
user_11476,1,NETSO|VLOSS
user_5528,1,COSTE
user_15188,2,DIS|VTR
user_20129,1,ROKUD|TSAT
user_33683,1,IWMKE
user_20007,1,FBH|XRT
user_2777,1,ROKUC
user_8159,3,FTESL|MPC|PDFS|USAC|XLV
user_1690,2,COST|EIDO
user_10466,1,DKNGD|SNV
user_32747,2,CB|CSTM|LOWWH
user_14653,1,CEBOU
user_49,1,MTVR
user_12890,1,GSK
user_20491,1,KMX
user_17803,7,AUDI|BTF|DISDR|FAF|NVR|NXPI|PRVA|RNGR|VMEO|ZG
user_22705,1,ARKKR
user_20468,1,AN
user_16208,1,ASLN|RVNA
user_20494,1,GC|IRMAD
user_18648,1,RBLXL|TTDFI
user_4034,1,SONY
user_13258,1,CWEN|MRK
user_24406,1,FISVB|MEDP
user_27326,1,BABYT|SCHW
user_3321,4,EGLX|KWEB|LESL|ORA|RRC|SNX|TGL
user_20471,2,CF|QYLD|SPACE
user_7712,2,GPN|NEEWH|PPG
user_2586,1,DUOL|UNHC
user_23004,3,ATVIB|POET|SLI|SNPS|TISI
user_17487,1,APPH
user_29847,1,SCTY|Y
user_21739,1,RBLXW
user_3619,6,AVGOT|BAWAT|ENLAY|GMQ|NVCR|ODIVI|PENNW|SHOO|SYYSO
user_30142,3,LGVN|METAN|OC|PAYC
user_8778,1,OD|RHHBY
user_17775,1,HULU
user_5437,2,AAPLA|AMZN|WNW
user_7297,1,FBCHR
user_2722,5,BRSH|CME|GRUB|NVDAV|PDDI|PSA|RS|TME
user_29230,1,VALN|YELP
user_20724,6,COST|DELL|EGLX|RENN|SHIP|SHY|TAN|UST|WFCDE
user_11158,2,ENPH|LTUM
user_10746,3,APPN|GOOG|IWM|MSFTM|NBIX
user_22613,1,PANR|VB
user_8625,2,ALBT|CTV|HDPRE|WEBR
user_34264,1,BIGC|LMTJU
user_11245,2,BANC|DAG|FBTHI
user_29269,3,AA|BBIH|CPI|FBHOP|TSLQ|ZWATC
user_7331,1,JPM
user_19997,1,REXR|SNX
user_7333,1,EXR|RENN
user_7334,1,NVCR
user_8080,1,MAIN
user_23466,1,BK|DCBO
user_11556,2,MOV|NXGN|PUBMA|STAGE
user_8090,1,SQM
user_7332,1,TELL
user_4155,1,GDYN
user_31535,2,AMZN|MGM
user_9616,1,NFLXR
user_2519,2,PYPL|SNV
user_12633,1,FBPAS
user_22578,1,DMYQ|VET
user_2667,4,HON|MOHOW|RHCLO|SVFD|UCTT
user_20525,2,GLD|INTUO|TSM
user_1719,2,GSL|MOMAY
user_29827,2,MAIN|META
user_18085,1,MDIA
user_15178,1,NNDM
user_16877,1,AI
user_20049,1,GOOG
user_13569,3,BABAE|JNJDI|SNAPS
user_9037,7,ASH|COUR|NIOPU|SPYBO|TRV|TTE|UHAL|VFC|YETIF
user_8619,1,DISFR|SPYOP
user_6655,5,ARKW|DHI|HD|RWTR|SP|VET|VFC|ZC
user_12017,7,ALT|BRQS|DE|FXF|IMBI|NAKDI|PUBMH|RGNX|STBA|SVM|THCA|VTRS
user_7631,1,AMATW|NFLXP
user_2644,1,AMCLE
user_3197,3,CAT|EVBG|HBAR|SWAV|TSAT
user_24588,3,BA|DISIF|ONB|TTOO
user_8858,1,FRPT
user_11717,1,AVCT|SSNLF
user_20993,1,SAVG
user_21261,1,FBNOT
user_32800,2,CORZ|SHAK|SPOT
user_28392,1,ADV|DOCU
user_19104,3,AMOV|AUTL|QCOM
user_9453,2,ATVIB|CATFR|MAWAR|TLRY
user_3651,1,LYFTC|SPYPL
user_11646,2,APPLE|GOOS|PVH
user_26112,1,CDMO
user_1488,1,NFG
user_30886,2,MC|MNST
user_17715,2,ACLS|ZS
user_34042,1,PETZ
user_15429,1,YOU
user_5047,2,CVANA|SPOTE
user_44,3,BA|IIPR|KO|NFLXY
user_23868,2,BA|UOWN
user_9025,1,WYNNG
user_896,2,BUZZ|ENPH|MULN
user_8036,1,ONCT
user_8321,1,HUTME|MVRSA
user_14409,1,ABBV|TUR
user_25445,1,PUBMH
user_6025,1,EBAY
user_10805,2,BASE|NFLX
user_10991,1,LMNDT|SNY
user_17632,2,AMT|ATKR|BRSH
user_522,4,AMD|CCMP|CINF|LC|NUE|USAP
user_14553,1,ORLY
user_2072,1,ACI|YCBD
user_17746,1,ALLG
user_20014,1,BILLV
user_27724,1,CBOE
user_7749,15,AOS|AVT|BBIOW|FDS|HOLE|JKHY|KRALL|MTCH|NFLXA|NKEC|PHR|PM|RDWR|RRGB|SCHDD|SNV|STRAV|STX|TSLAI|VRAR
user_16374,1,BB|VRPX
user_9777,1,DLRWH
user_15787,3,CRDO|IMCC|KRVER|NNOX|SPXC
user_22405,1,ABNBW|MSFTM
user_17648,2,ARCH|PLTR
user_14683,2,GES|GMREV
user_14148,1,CLAR|IMXI
user_18508,1,BEAMC|DISCA
user_9510,1,BNSO|FTCH
user_26321,1,UHAL
user_5804,1,BATS|PYPLP
user_20038,2,NOC|PEPTE
user_14790,1,MRNS
user_4615,1,STRAV
user_14548,1,CRON
user_15911,5,FBIN|LAD|MERC|NIOLE|WBAST|WGO|YUMC
user_3128,2,HHC|PLTR
user_10545,1,DPLS
user_29888,2,JBLU|MRI|NFX|OVR
user_33974,1,ALLYT|FAZE
user_27387,1,GEO|VWEDN
user_25807,2,EXR|KNOP|NIOGR
user_20685,1,CMA|SQSPO
user_27408,2,FARA|HONRE|NFLX
user_8317,2,OIL|XOMNO
user_26199,1,SKY
user_12616,2,CWT|PG
user_752,1,EL|GLXY
user_23126,1,GOOGS
user_5913,1,NVIV
user_15754,7,AAPLQ|ADGI|CVXUT|HDCHI|MAXN|METAT|NURO|OCGN|SITE|XPE
user_22416,1,ZMBEA
user_6491,1,SNPS
user_20696,7,AAPLI|ABBVT|AMDI|BUZZ|EGP|LYTS|NXPI|SCTY|THC|VWEWA|WAFD
user_33699,1,NYCB
user_12371,1,BRKS|CGCHT
user_30956,1,FSLYH
user_121,11,CSGP|DISFI|EGC|EPD|FTHUR|GMEHT|HCDI|LTCHT|MANA|MRKTH|NETCL|PACB|REALM|RIO|TPH|TTDGE|UCHIN|USHE|XLV|XPEL
user_19291,1,KXA|NVCR
user_17148,2,AMT|HOOD|SMAR
user_33107,1,FBBIT|PCTC
user_16555,1,SKX|WAFD
user_23457,1,DUSD|UAMY
user_2678,1,GOLD
user_900,1,GOCO|TMO
user_23258,1,MTVR|SNPS
user_32191,1,RELI
user_18118,1,RBAC
user_27300,1,HTTZ|IMCC
user_28026,2,AAPL|ATEN
user_2070,1,HMBL
user_23020,7,BAHAV|BGS|DISDR|KEN|NASA|NAVI|RDW|SGAM|SUMO|TWTRM|WTER
user_1219,1,TTD
user_6556,1,GDS|RVLV
user_28418,1,AMKR
user_15458,1,PACW
user_27494,2,INSG|NEWR
user_13466,1,BAENT|FBBUT
user_22764,1,ENSV
user_9802,1,NADA
user_1059,2,BLNKA|GOOG
user_13933,1,AAWW
user_22372,1,AMDLE|FBBUT
user_17954,3,LOW|LOWMA|NOVO|XLNXR
user_5704,3,CPIX|KKR|PG
user_30220,1,TRV|VSUPE
user_25710,2,BAENT|CACCB|PNC
user_19836,1,CELHB
user_7905,1,WAFD
user_28431,1,ARKQ|PPSI
user_22990,2,BBBYH|ZTO
user_21326,3,F|METX|SHUEY
user_25781,1,BABYC|CHGGT
user_21760,1,LMTRE|WSM
user_2986,1,RICK|U
user_33341,1,CCIV|ZMPAR
user_13758,1,HCM|SPXU
user_8645,1,CBSTR|TTDMA
user_9058,2,AMZN|ATXG
user_30982,1,RMO|TXNRA
user_8816,11,ATVI|AUTO|BRQS|CKS|GOOGS|GT|HRMY|ICE|JNJRE|KRTX|MAWAR|MCDRE|METAF|OLED|SCHD|SNDL
user_25591,1,NUE
user_16359,1,DGROT|DNFLX
user_25628,1,ETN|NETI
user_13986,1,FICO
user_13223,1,KSPI
user_20856,1,HCCI|XHBGR
user_21974,1,DPLS
user_25813,13,AIR|ARHS|ASMIY|EPD|FBBY|JBHT|LIND|MOGRO|MOV|ROKUW|SPG|STAGR|TNR|TSMFI|UHAL|UPSTA|VRT|WRBYD|ZTO
user_24562,1,HDC|JBLU
user_18572,1,MUGRO
user_21224,2,MMMRE|TSLA
user_20414,1,GOOS|LUV
user_17449,3,ATVIB|AURA|BESIY|DRTS|META
user_23265,2,BX|GFAI
user_13626,1,GLXY
user_25828,1,AYRO|DLNG
user_19049,2,AMD|RR
user_8473,1,AMDWH|ESS
user_33184,1,AGYS
user_1963,2,OLED|XPEV
user_16154,1,EQUIX|WBD
user_4001,1,ALLPE|DOX
user_18767,3,CHK|EFA|NOC
user_3388,1,GTBIF
user_8872,1,WTRH
user_22866,1,ALIF|COINM
user_9487,1,FBREC|PGSOU
user_12473,1,AFRMI|FAANG
user_5219,1,FSUGY|PXD
user_25195,1,DISCK|URBN
user_18985,1,NFG
user_20304,1,TMUS
user_21912,1,ORETA|TOMB
user_2399,3,BX|MSFT|SNY
user_15256,1,ROKUF
user_8626,2,DG|NUE|RVNA|UBI
user_27297,1,NDSN
user_25865,1,AZN
user_11719,1,XOMDO
user_15474,1,CALA|MKLBO
user_460,1,OAS|VFINT
user_5833,1,SLGG
user_13766,2,CF|PG|WYNN
user_28679,1,WW
user_2601,1,ASOFU|EUFN
user_18078,1,AZZ
user_33026,1,JPMFE|UNHHO
user_28694,8,AMDDO|ANCTF|BABYD|CPI|DAR|DFENT|FBLIZ|METAF|MKLBL|NIOA
user_34281,1,OPK|XOM
user_7460,2,HLT|ICL|PRQ|XNO
user_28780,2,CDAY|CTRA
user_4980,7,ADDYY|AMZNS|BTI|COVID|CRMGO|DISFR|FRC|MDVL|MSTR|NVS|VRTX|ZBRA
user_11877,9,AAP|ADP|AR|BX|CATFR|CCLES|HRZN|KODK|OR|VSATO|Z
user_29858,1,NFLXP
user_13673,3,CSOUR|DLRMO|QSGRE|SPXLA|SYK
user_14336,1,BEE|CRWDE
user_13881,2,CRM|MSFTO
user_11084,3,AMC|CD|F|FSLRH|STX
user_581,1,KIBA|LC
user_27600,1,GMS
user_5046,2,AMD|VV|WSC
user_10179,3,AMD|BITF|NDX
user_3798,1,GES
user_5043,2,MKLIN|SOFIB|WGOTH
user_14180,1,SPACE
user_21454,1,PBF|VZHTT
user_4502,1,PSH
user_5711,2,KO|PYPLI
user_13397,5,KO|KTTA|MSFT|REGND|TSM|WEBRW
user_27334,2,ARKF|BAALL|PTRA
user_32414,1,ORCL
user_27926,10,ABBVB|AXPHT|BTCHT|BZFD|CRON|DDOGA|EXAS|FBULL|LMNDD|MCDOC|NLFX|NOW|PYPLG|SCL|UFPI|VNOM|XOMWI
user_24949,3,EXEL|JNK|META|NXP|TPL
user_7773,1,AVPT|FBTUE
user_17313,1,KOOTH|NCLH
user_14362,1,RY|VWEWA
user_4466,1,DGWHA
user_6603,1,FOUR|PAAS
user_18723,1,ABNBA|HTR
user_14232,1,JPY|RKLB
user_18542,1,BABAC
user_3778,1,COINS|RUN
user_5130,1,DISQ|IWO
user_7292,2,DIS|DLRWH|WBER
user_19863,1,BOFA|BXHTT
user_4464,1,POLA
user_17592,1,STORM
user_4616,1,GEBRF|HLF
user_1766,1,BYDDF
user_7106,1,CAT|NASA
user_22802,1,LYB
user_4673,1,LTCHT
user_10737,1,AZNAN|SPWR
user_17202,1,LIDR|XHBGR
user_23201,4,ARCCA|CRUS|IAC|LUVMA|PFF
user_26792,1,CCI|WMTBE
user_9672,2,GRBK|MTCH|RIO|XLV
user_30098,2,AMZN|THC
user_9438,1,SOFI|ZRX
user_28353,1,BVXV
user_31661,1,XFRI
user_4822,1,CWEB|VIXFO
user_31480,1,GPNBA
user_16620,3,BLNKA|FCXBE|HTR|QNTJU|XPEVS
user_29857,2,AAPL|TIVC
user_22357,1,CB|CCWF
user_19637,1,UPWK
user_23698,1,EFTR
user_6462,1,SHOPD
user_18470,14,ABNBO|BRO|C|CLPT|COINM|ET|FBPEO|FCEL|KLO|LCI|MULN|NTLA|PFE|PLD|REGND|RYANH|TIGR|TPR|UNHDO|VNOMW|WMTHO|WPM|WST
user_6158,1,PHARM
user_12692,2,INTC|MAXN|OLO
user_20904,2,BA|OWILL|XPEV
user_6453,1,CHE
user_6441,2,PGY|VZ
user_10529,1,CHTR
user_7919,1,RIOT
user_24034,1,AMZNP|WPC
user_21621,2,AMD|PERI
user_8573,2,MOBQ|PG|PGJ
user_6421,1,ANTM
user_6416,1,BABAD|RA
user_25094,1,PYPLI
user_24007,1,ATXI|LUV
user_29211,4,FTHUR|NURO|PINSU|SNAP|VGT|XL
user_27069,11,AAA|ATUS|BBLN|BKSY|DOCS|FBMEA|GSG|HOLES|MMMMI|SBSW|SPYTE|STM|TSME|TWTRA|XOMDO|XPEV
user_2485,1,PINSB|WAVE
user_23989,2,COST|FBHOP|FRSH
user_32000,1,OMCL
user_27912,1,CWT
user_14747,1,CSGP
user_23978,1,KED
user_5435,2,ENS|LUCD
user_25925,1,HUM
user_23972,1,GT
user_6340,1,VTNR
user_22669,6,CCWF|CTAS|IOBT|NIOPU|NIU|PEB|SLABW|TSLS
user_13820,2,BX|CXO|SMG
user_13484,2,FOX|NIO|QQQHT
user_33305,1,RYOSH|SAITA
user_18459,5,CHL|GOOGE|INTCM|MGNI|PER|TWLO|VTRS|YELPW
user_2574,1,IDEX|LMTJU
user_23906,1,ABBVM|STARS
user_30876,3,PUBM|SCHX|SU|XPEV
user_20973,2,IMMX|PLAB
user_15884,6,AMD|AMDPO|AMDVE|ATKR|ATVI|BBLN|CSPR|MMMAP|TCON
user_6478,1,FL|VZJUN
user_24044,1,BL|XRP
user_6469,1,RYTM
user_22562,4,BAENT|DVA|INMD|NOL|THC|VIXLE
user_28696,1,CLOV
user_28556,11,AMPL|ASLN|CRK|DAL|FBINS|FTCH|HCP|MSFT|PIK|RBLXC|SHV|SPCE|SVFD|USAP|UUP|WGO|ZCX
user_8560,2,BBAI|FDN|KRALL
user_31134,1,ENS|SPXU
user_6451,3,AIV|GOOG|VZHEA|XPEV
user_24025,1,CYRN|VRA
user_28991,3,AEMD|CP|FOXA|HITI|SKIN
user_4690,2,CLX|NIO|TMO
user_30175,1,SPXW
user_24005,1,PTON|WCLD
user_6388,1,SJW|WMENE
user_6377,1,SBNY|W
user_6376,1,ETHAB|HD
user_23963,1,IOBT
user_29012,2,CLH|EVBG|GGII
user_6355,1,BON|KRL
user_6353,1,CL|USB
user_33486,2,ATER|HUSA|PYPL
user_6320,1,GLW|JOBYH
user_6307,1,ACCO
user_6308,1,GE|QRVO
user_32281,1,FSLRS|ZMPAR
user_12049,3,AIR|BAON|FLOW|MDBWA|VEON
user_9796,5,ABTWH|BABUL|HRZN|METAT|SQSNA|TIVC|TSLA
user_23907,1,FTHUR|SYNC
user_33452,1,UPSTD
user_13953,2,KONOV|NOC|VWHAT
user_6282,1,CIVX|LRCX
user_6280,1,FBK|KMB
user_6279,2,CRNCB|DIS
user_20535,1,LNTH|SMG
user_23889,1,ABCB|NFLXL
user_18444,1,DISCA|MRVI
user_23865,1,NNDM|UPWK
user_25424,2,CM|ONEX|QQQTH
user_1187,1,ADSKG
user_23824,1,BEETS|COST
user_29023,2,NOC|TOST
user_27742,1,DOCUF
user_6077,1,AMRS|LIGMA
user_6065,1,QQQAN|UNA
user_23762,1,PYPLD
user_5985,2,APH|META
user_23708,1,AOUT
user_22824,1,SAND|TNR
user_22252,1,SP
user_15888,1,CELH
user_798,1,ATVIA|SYNA
user_29645,1,SPYNE
user_15980,1,FBGET|TIP
user_11945,1,NAKDI
user_29149,7,EC|EMN|FBUSE|FRSX|FTCHW|KED|KFY|NKEFE|PG|XPEV
user_26887,8,AVY|EPSIL|FL|HXL|LAD|MERC|MSFTP|NNOXH|POWW|UNA
user_3664,1,WBAST
user_13831,2,BABAD|NEEWH
user_28226,1,FBPEO|PNR
user_16309,2,GLXY|INTCI|TXNWH
user_18806,1,LECX|TDG
user_22799,2,TRIN|TSM|VRAWH
user_5019,1,CYBR|SYY
user_33392,1,IBM
user_28040,1,MSFTT|PHARM
user_1932,1,PLYPL
user_11773,1,GNS|SGMS
user_14988,1,ACNDA|WING
user_29203,1,CLFAN|XLK
user_16290,9,BABAU|CYTK|DIAHT|FBLIZ|GBX|GREEN|KODI|MMMBU|NU|TGL
user_22825,1,AA|BUZZ
user_18617,3,AVGOF|FSLY|MUWHA|WWATC
user_21394,2,AMZN|CSTAR|LUCID
user_31311,1,BLI|PYPLI
user_27041,1,VZHE
user_11480,3,GPS|HUBS|PYPL
user_33996,2,ENPH|VIAC
user_17169,6,CRVS|CRWDE|DOW|FCEL|GTLBB|IMXI|ROKUW|TSMFI|UFPI|VEU
user_16289,2,ACN|FBTWI|NFLXA
user_28656,2,BLI|CAMT|NFLX
user_15614,5,AMZNO|AMZNR|BA|CTRU|GOGL|ILST|UPWKT|WYNNG|XOMNO
user_22408,1,BMRN|PBF
user_28769,1,CLAR|SYNC
user_10049,1,BATS
user_28755,2,AMD|DASH|TR
user_20969,1,BTQ|NFLXP
user_29191,1,PIXY
user_21493,8,AMZN|AWR|BLI|CLPT|DPSI|FRBA|FRZA|KCAL|KSSWO|OVV|VTNR
user_6727,1,OTIS
user_12010,2,CL|LINK|PTE
user_7438,1,KDA|TCHEY
user_4265,2,AMZNW|TSME
user_10619,1,CVM|FCFS
user_1812,2,AXNX|INTC
user_25367,1,QQQVI
user_12641,3,ANTM|GANG|TIMEA|ULVR
user_32763,2,FEG|PENN|VOOAD
user_27265,2,BILLV|FATE|VV
user_9317,1,RDW|SBFM
user_10010,1,MPWR|RES
user_28044,3,BA|ESTY|ETD|INTC
user_11313,4,AXNX|CLF|LAD|MCDGA|METAS|ZC
user_32899,2,AZPN|NBIX|NVO|RGNX
user_22856,2,COUR|FBLAS|SPYBI
user_11042,8,AVTR|BOUV|EBON|HLBZ|JBGS|NIOBO|NVCT|PTPI|QFOR|SBFM|SVM|VICI|ZIONT
user_22840,4,IWM|PDSB|SQDAT|TXNCO|VRTS
user_13559,2,METAT|NTAP|TSLA
user_8944,1,NLY|QCOMJ
user_31372,1,LCI|MNDYM
user_3781,7,CCMP|HDTHE|MRVI|RDW|ROKUE|SJI|UPSTB|VMOHN|XELA
user_20536,1,HOG
user_10373,1,FBHTT|LOW
user_3808,1,KC
user_27430,1,NUCON
user_7796,1,EQB
user_33320,1,KHC
user_16666,2,AXU|FWONK
user_3787,1,PRU|SPXLA
user_3328,1,LTUM
user_32588,2,DIS|ELON
user_29039,1,GWH|PBF
user_31546,1,AAPLF|SCHA
user_10490,1,ADTX
user_19612,1,AMZNT
user_16875,1,RFFUL
user_29984,2,COSTS|F
user_26370,2,FCFS|GDS|TNDM
user_25320,2,ACO|PYPL|VIX
user_26639,1,AFRM|QQQNA
user_25005,1,EE
user_19551,4,DEO|DIS|SYS|VIG|ZSHED
user_19060,1,AMZN
user_2107,3,BEE|BRSH|CRMDE|SBFM|TSEMH
user_3273,1,NETSO|SAITO
user_29809,3,BESOF|CNI|TSLAT
user_10013,1,CMCS
user_3662,1,FTESL
user_6108,1,COLD|SQAT
user_28858,1,ADSKG
user_32816,1,ITCST
user_10952,3,INTC|ORETA|VMEO|VRAX
user_9877,1,LMTJU
user_30266,1,GTBIF
user_27803,1,AAPL|CGRN
user_32721,1,HRTZ|ON
user_25572,1,SSTRE
user_31908,1,MCD
user_28609,1,BODY|CPRIT
user_31939,1,ANGH|TSLAT
user_2071,1,SOPA
user_12825,1,RPRXB
user_17448,1,BRCC
user_9608,2,DISEN|NOC
user_8623,4,BA|BF|IGSB|PFG|RENT|TSLAY
user_5028,1,LLY|MU
user_1990,2,NVCR|TROWW|UCTT
user_31911,2,FTAI|NUTX|USDC|VSATO
user_5406,1,HONHI|IVR
user_23271,1,FCFS|VZDEC
user_27816,2,FNMA|GM|NOCIS|ULET
user_24715,2,AAPLN|SFIX
user_22503,1,ACMR|PIN
user_23343,1,DXCM|EXOD
user_19392,4,AMTWH|AMZNV|GSK|NOCWE|XLF
user_17339,1,PPG
user_16977,2,TDOCH|UST|VYM|Y
user_10425,1,BTF|TSLAF
user_30901,2,CWH|DLR|NTNX
user_26897,6,DISHU|FOX|IREN|JO|TTD|USB|VIG
user_9048,1,CNI|QQQAN
user_30279,1,CVS|PLAY
user_31312,1,OLO
user_34250,20,ABBVW|ACWI|AEMD|AVID|BVAXF|DELL|DIAHT|FAZE|FIVE|FROG|MRI|NLY|NOKBR|NOL|ONON|PDDI|PYPLA|RSSS|SBFM|SGHC|SNAPC|SOFIS|SXTAN|THC|TLA|UOS|UPSVI|UPWKT|VGT|XLNX|XLRE
user_22757,1,VOLT
user_23980,1,PDDWH|SHAK
user_22381,1,TUPHT
user_19214,1,TWNK
user_27042,1,CHHFI
user_20077,1,CLR
user_8886,2,BZFD|NIO
user_15374,1,THEY
user_30502,1,FSLRS|NVAX
user_3068,1,NNOX
user_5044,1,HAFC|NEXT
user_26943,1,PTON
user_1156,1,BPOP|U
user_17818,1,AIRS|DBC
user_26876,1,CRWDT
user_19061,2,AMZNO|UPSTH
user_29822,2,MSFT|NKLAQ
user_26044,1,CYTK
user_33264,1,COM|INVE
user_28998,1,CMPS|MU
user_31936,1,DY
user_13000,1,AMD|AMZNV
user_33376,1,NETCL|VZ
user_10684,1,TPB|XLNXR
user_12661,1,DISEN
user_31932,1,BACLI|FATE
user_25342,3,BKLN|CASY|DINO|IHT
user_20411,1,DKNG
user_23704,1,HRTZ
user_22397,2,DXT|IOT|NFLX
user_27296,2,LFUS|PYPLP|SFINT
user_268,1,AMZNG
user_9368,1,BEE
user_6785,2,DRV|HAFC|OLPX|P
user_32856,2,AEM|BL|TSLA
user_6170,2,KO|VEON
user_20179,1,FBETH
user_20371,1,SWIM
user_28760,3,AR|QQQHU|SBUXI|XLI
user_2153,1,PIK|RKLBS
user_8280,2,COST|ZIMAY
user_6094,1,ATVIP|VNOBL
user_20189,1,CVET
user_20877,1,IMBI|SOFIN
user_21898,1,BRKA
user_19718,1,GEGI|SPOTF
user_11353,1,FBNOT
user_23737,2,JMIA|MOGRO|NVIV
user_1853,1,COINY
user_18154,1,PYR
user_2982,1,AMDHO|WAVE
user_32637,3,BX|MNG|PURR|TWTRR
user_5256,8,CHK|DID|FBTHI|FCXBE|GMAPR|ILUS|INMD|OLN|PRVA|SAFE
user_6975,5,HCA|ISIG|LUNC|QNTJU|SPOTT|TLO|XLF
user_27904,1,KOTUE
user_21378,2,COST|USO
user_17336,1,PARA|PLTRC
user_28139,2,AAPLB|NVDAI|PEP
user_31545,1,NRSN
user_1616,2,AAPL|GMLI
user_11155,2,ATYCA|BVXV|ZS
user_31010,1,GPN|JUNGL
user_19110,1,RCLWI|VLO
user_29103,5,AMPL|ANCTF|FTNTO|GTC|KO|TTDSO
user_21159,1,BOA
user_4020,1,BILL
user_551,2,CFVI|META|MMMAP
user_16733,1,GOCO
user_32314,1,COSTI
user_3737,1,FOCS
user_15622,1,AR|VVS
user_26228,1,SCTY
user_29829,1,SON
user_23610,1,NURO|SIX
user_26147,2,AVT|BX|MSFTE
user_530,1,ET|TNP
user_453,1,FOOD
user_18805,1,SHARE|WB
user_27680,1,AMCFU|FTDR
user_5269,1,DECON|UPSWE
user_11197,1,INTCR|VLNS
user_19554,1,FUVSO|ZMDTF
user_14129,1,PBF
user_19974,1,HMC
user_20294,1,AMDHA|VNOM
user_12215,2,GMED|GS|LMTJU
user_15818,2,NVDAI|USNA
user_8228,1,LYV|T
user_31068,2,AFRM|EVO|META
user_22973,3,AMPL|NVS|PERI|TESLA
user_10837,68,ABEV|AMDBU|AMRS|AMZNC|APO|APPN|AUR|BAMSO|BANC|BARK|BAT|BODY|BOUV|BRKSO|BTCDI|CFLT|CIVX|CPNGJ|DEO|DISDR|DISEN|DOGEZ|DRVN|ET|FBDAI|FBHOP|FMX|FVRRO|GEGI|GMETH|GOOG|GRWGF|GWRE|GWW|HMBL|HYLN|IMRN|ISPC|ISRG|JPMFE|KBH|KODI|KRTX|KWEB|LEN|LKE|MAS|MATLO|MKLIN|MNDYM|MSI|NFLXS|NOKBR|NOVO|NVDAA|NVR|OHI|ORK|PALL|PH|PHAS|PIK|PLTR|QQQNA|QQQSO|RBLXS|RIVN|ROKUW|ROOT|RPRX|SAVAA|SAVAB|SEDGD|SHIP|SHOPF|SJT|SONM|SP|SPLV|TALI|TDIVI|TGTTE|TTDCH|UPSTB|UPSTE|VFIAX|VUZIE|VWED|WBAST|WFCDE|WTER|XLIGR|ZINU|ZSHTT
user_33167,1,KNEBV
user_23414,2,ARGO|BBI|CAJ|VV
user_31243,1,AAVE|BEEB
user_27566,1,NXRP
user_17458,1,BABUL|FSV
user_14458,2,LUVMA|ON
user_32035,1,DID|NEEAR
user_22469,1,PLAY
user_2199,3,ADGI|NLS|PYPL
user_7486,1,MX
user_8284,1,AMZNV|MILLI
user_16768,1,CWEN
user_12313,2,KMX|LTUM|RVNA|VTSAX
user_23205,2,BABAE|DIS|PYPLC
user_29767,3,MSFTH|QWT|SHOPF
user_17493,1,MCRT
user_29268,1,KEYS|VZ
user_21711,6,AAP|AMDME|AMEH|ASTSM|AWR|GVSI|ONCHA|QQQM|STEP|TIMEA
user_25859,1,BILLI|SPGI
user_7774,1,XOP
user_31353,1,DISCB
user_21661,1,CVNAS|TAN
user_24239,1,INO|MMAT
user_26962,1,GD
user_2897,2,AMCLO|LILM|NEEFO
user_17614,1,HUBS
user_6454,1,SWBK
user_18735,2,CRM|NNDM|SKX
user_4969,1,LNTH|YCBD
user_30467,2,CF|DISQ|SNOWC
user_15158,1,TTDEV
user_33632,1,NXPI
user_17968,1,ACON|BL
user_4738,1,TWOU
user_9020,1,VAND
user_8861,3,HTTZ|LSK|MSFTP|ONCHA|YM
user_15032,1,MTTR
user_8565,1,SMICY
user_24503,1,AKRO|SDS
user_33833,1,NCR|QFOR
user_31125,1,MARA
user_16002,2,CRM|HOODI
user_31594,2,ACMR|DLRWH|RRC
user_22354,4,DSIGR|FTNTO|MILE|STEP
user_16050,4,ADSK|BSMFA|DOLE|NKEWA|QQQYO|ZSCHA
user_27540,1,MKTX
user_17440,1,CBSTR|SMOG
user_1460,1,FANG
user_6199,3,BABA|CNK|FFH|MSFTN|SHOPS
user_28803,1,COP|DRV
user_6472,1,COTYA|FBINS
user_7022,1,HMBLI
user_578,1,PGJ|PL
user_8900,1,INND|SQDAT
user_32403,1,AMPL
user_27217,1,SBSW
user_30755,1,CLBT
user_1075,1,I|NIOAS
user_4018,2,LQD|XPEV
user_3334,2,AXU|BASE|OHICO
user_19048,1,TLTSH
user_16040,1,NBR
user_20413,1,TGTSE
user_14125,1,ATH|INDO
user_30859,1,MOS
user_28578,2,BA|BAT
user_27017,7,CB|DIS|GTLBW|HDWHA|INND|KODO|MIGI|XPEL|YUMC
user_6314,1,MTP
user_18126,2,PYPL|TFC|ZMDTF
user_31462,1,AFRMT|NXGN
user_16054,1,ENZC|HOLES
user_28880,2,ACCO|BA|ZSSEM
user_28469,2,FDX|KLAHT|MSFT
user_27923,1,AAPLJ|CLAR
user_23338,2,AFRMT|IBM|XPEV
user_3553,1,STRAV
user_22776,1,OHICO|TSLS
user_26244,1,SAVE
user_20311,1,DPRO
user_2523,1,SON
user_20842,1,HAL|HIPO
user_29741,2,KLO|SAFM
user_16039,2,AMDST|KLAHT|VXRT
user_28928,1,INTCH
user_8547,1,VOLT
user_20215,3,ARKKR|BILI|CCWF|SQALI|VXX
user_29643,1,LEVI|LHX
user_16128,1,EE|MNST
user_4490,4,ABNBC|ADAPL|AMDEA|CHGG|ETHHT|NIOAL
user_26916,2,AMD|IWM|RACEH
user_26931,4,BESOF|MRI|PAAS|PHG|SG|SPIRI
user_28869,1,PSLV
user_18413,1,GOOS
user_3187,3,AAPLM|AVLR|PDDI|XPEV
user_4234,1,QYLD
user_7246,2,BARK|STAGW|YY
user_25218,1,QCOMH
user_2648,1,KMX
user_19290,1,LIND
user_16332,2,AAON|AEP|COST
user_17013,1,STEM|VWAGY
user_11488,2,DTSLA|SONVY|TRV
user_16624,1,SHOPF|TSLH
user_21694,1,MSTRH
user_13945,1,LVMUY|ROKU
user_6896,1,JASMY|MDBWA
user_32066,1,BKU|GWH
user_3949,1,AAPLO|NSAV
user_1707,2,BFRI|GTLBW|META
user_29174,1,RBLXW
user_25269,1,CVNAF|SWAV
user_24029,2,CARV|GOOG|IIVI
user_3917,1,TESLA
user_20702,15,ABBVD|ATER|AUST|BLNKA|BLOCK|BRKNE|CHPT|CRO|DRUG|FAANG|FAMI|ILPT|LEG|M|MOD|NIKLA|NVDAE|OMCL|SHIP|SYA|TSN|XPE|ZSANA
user_34312,1,BZFD
user_12893,1,DY|XOMHE
user_15935,1,FRHC
user_2195,1,BON
user_12288,2,CELHB|MMMRE|TSM
user_34017,1,CDLX|XLRE
user_6051,2,DIS|ROKUN
user_33831,1,NVCR
user_13581,2,DELL|NAKDI|NIOWE|PRNT
user_13510,1,RNGR
user_20761,1,MRI
user_15001,2,NOC|SAFE|SYR
user_13310,7,AMSWA|CCI|CMRX|DOOG|GEGI|MPW|OCUL|PSH|SBUXI|UTHR|ZS
user_1656,2,LCIDW|STRAV
user_27007,1,CRWDW
user_22922,3,ADSK|FBINN|FSM|IGSB|TAN
user_27711,1,ARKK
user_21484,1,HUSA|MMMRE
user_5569,2,GOOG|SPLV
user_19230,1,MDIA
user_19750,1,AAPLW|ROKUN
user_4000,1,BOFA|MREO
user_12242,2,GS|PG
user_28413,1,DPZ
user_19902,1,CTVAD|NVCR
user_3193,2,DIS|EXR
user_26842,3,ARLP|BRUSH|NIOFR|ORCL
user_12488,1,PSA
user_14189,1,PHM|USNA
user_2166,1,CLVS|DISCK
user_21176,1,PKKFF|SCHG
user_13346,1,MDT
user_28729,5,ATGE|FSM|HHC|HOG|NAVI|SQB|SXTAN|VIAC|VORBH
user_33492,2,JEPI|XPEV|YCBD
user_10380,1,DTSLA
user_10628,5,ASTSB|BABAT|HES|MMMOW|NETCY|POWR|PXD
user_8719,1,VRAX|X
user_2441,2,AAPLB|LFIN|LIGMA
user_14379,1,EBON|WST
user_14751,1,T
user_8938,1,DOOR|NIOWH
user_9753,3,CLVS|DEA|FBLAS|SIOX|TSCOE|WMT
user_9363,3,LFUS|TSM|XPEV
user_20604,1,SMIC|WAVE
user_19287,2,FBCOM|XPEV
user_18302,2,CINF|DD|SPYAL
user_11256,5,AVY|BATS|FNMA|GMEGL|PYPL|RICK|RVLV|SCTY
user_14820,1,FHM|ZMDTF
user_13721,1,AMDDO|VTG
user_5365,1,AEP|FFND
user_13057,3,AMDBR|ANGH|BKKT|INMDF
user_18962,1,SNAPF
user_8780,1,NCLH|SRC
user_24606,3,MUWHA|MVRD|UPRO
user_12944,1,ADI|XELA
user_24572,1,AAPLG
user_30463,1,MO
user_14133,2,ADBE|ROKUF|RYTM|UEVS
user_34195,1,NVDAR|TXNWH
user_29937,2,ANVS|DISFO|TLO
user_29977,1,FNGU|UMANY
user_19944,2,COST|LTSLA|TLSAR
user_19631,1,ORPH|UFO
user_12583,1,UAA
user_9597,2,AAPDS|KO|MOGRO
user_8249,1,RGLS|UBS
user_15943,1,NEX
user_11017,1,GEFIS|VZHTT
user_10558,2,GEBRF|RBLXH|ROKUW
user_7491,16,ACON|ALIF|ASOFU|BTCBE|CL|CNQ|CRM|DX|FBAT|FXI|GDS|GMAPR|HQY|IRM|MANUH|NDA|ONDS|PUBM|QQQVI|RGS|SQB|TDOC|TDOCA|UPS
user_308,2,HSDT|PG|UFING
user_2540,1,MSFTO|TQQQ
user_21810,2,META|TDOC
user_18412,4,BIG|BX|EGLDQ|FBREB|IAS|MSFTW
user_20597,1,DGII|MMMGE
user_17545,1,HCM|SNOWC
user_3211,2,BOO|BTBT|LUNA|TSRI
user_12295,1,DOGO|NETCY
user_14194,1,DISFR
user_19847,2,EPRT|SPLV
user_4750,4,FOSL|NVDAT|RBLXA|SPYNA|STLA
user_33369,1,TPL
user_33871,1,JNJOC
user_3375,2,BCEL|EPAM|IOBT|NLSN
user_1425,2,PSNL|PSTG|UFO
user_16870,1,KSS|WING
user_4741,2,RYE|SPYNE|XOP
user_27291,2,FBPAS|PLD|SQHOP
user_18948,1,VYMDI
user_34122,1,MCDOC
user_22400,1,VWHAT
user_3297,7,ACLS|BLOCK|FUV|NETCL|NVR|PENN|PSTG|TALI|VYGR
user_23012,3,FOSL|PG|SILVE|TGTSE
user_26069,1,DVN
user_14525,1,CVXBA|LYFTC
user_12283,3,CELHT|DTSLA|UST|Z
user_20473,1,FTS|KODO
user_10299,1,JWNBU
user_2584,2,BAHUG|BANA|ZS
user_4816,1,BLND|OSH
user_20574,2,INTC|NVIV|TTDCL
user_24714,1,CMG|PEBO
user_27372,1,BOC|PHAS
user_26812,7,ANSS|DGWHA|EJH|FBDAI|GEBRF|GMEDI|LCIDW|MRK|SEDGD|VCOCA|XLM
user_4744,1,BKSY|RIOT
user_19253,1,HALO
user_5040,1,PANW|VEA
user_9751,1,CECE|GRAV
user_27427,1,NFLXE|S
user_28700,1,BMYHI|BTTX
user_17852,4,AMCFU|MSFT|PG|USHE|VOLT|VZHEA
user_4170,1,MMM
user_22955,1,MANA|PT
user_31140,1,LW
user_32094,6,AAPLA|ASOL|BBWI|EQNR|ETHAL|GENI|PSNY|SYS|ZINU
user_5286,2,LSPD|OKE|SLB|UMC
user_27,3,CEI|KO|STORF|VCAR
user_6499,3,ADSKG|FBREB|INTC|LBRDA
user_20733,1,DGRO|MDVL
user_34023,1,DQ
user_10509,3,DIS|JPM|NIO
user_18811,1,BMYHI|JBLUC
user_28575,1,AXPHT|COINM
user_8319,1,DKNGD
user_24597,1,NXTP|PRCT
user_31079,1,ROSE
user_7250,2,DNA|DORM
user_17048,2,COINS|INTC
user_8282,1,MELIM|RAYVR
user_25967,1,AMDME|WISHW
user_33113,2,AMZN|CHKPB|DAC
user_29875,2,BIDUE|TSM|UPSTC
user_7272,1,VISL
user_24012,1,AN
user_13158,2,AAPL|CPNGJ|NLY
user_10336,1,KINGS
user_4633,6,AUPH|GANG|GOOG|GWRE|LFIN|MSFTC|NFLX|XBI
user_19952,1,CLBT|UNHHO
user_17795,1,GME|TGTDO
user_26343,1,ABM|AXS
user_4883,14,ABBV|BABAW|BAMSO|EPIK|FBCHA|GEFIS|GLD|GMEZO|HUTME|HYZN|IBEX|IHI|NBIXW|NKEB|PHR|PLTRE|SPXLA|VYMDI|WFC
user_22902,2,RYANH|ZS
user_4532,1,WM
user_32523,3,BNS|NIKOL|XRT
user_24130,1,CGCO|LFUS
user_4190,1,HDTHE|SIOTH
user_28313,3,GMETH|GRMN|IEI|LYB|SCHD|SHOPR
user_12006,2,DATS|PINS|SAIC
user_24869,3,BAON|CSTAR|STEM
user_10820,1,LNN
user_10601,1,MAS
user_21350,2,KO|MKL|MSFTR
user_18178,2,ADGI|OVR|PEP|SE
user_4572,3,CIVX|CSTAR|MRAM|MRNA|PHMAF|ROOT
user_28,2,AMDWH|MODIV|TSLA
user_7828,2,AMDCE|ATVI|GREEN
user_21017,3,EVO|STUDY|VFOCU|VIXLE
user_17990,3,CHD|EXOD|RIOTW|TNXP|X
user_8202,1,MGNIO|ROPE
user_10951,6,FTNT|GMR|GOOGP|HRL|HYG|PDDI|XM
user_23489,1,VRTX
user_26937,2,CASY|OKE|SAVAB
user_1586,7,BAT|BGS|BODYN|DDOGA|ETHHT|IIPRR|NFLXR|NFLXS|RRGB|SAVAB
user_13781,2,ERIC|IWMBU|VERU
user_15570,2,CAAS|INTC|UPSTH
user_16418,5,BAC|COIN|NIOPU|SAMFR|SNAPF|SNX
user_28006,1,TOR|XFRI
user_27100,4,DISQ|MRKFR|NANO|NFE|SCHDW|SCTY|VISM
user_14183,1,AD|VNTH
user_9912,1,ACWI
user_9304,2,AXPHT|F
user_5023,1,P|TLSAQ
user_25624,1,RENT
user_32957,2,CAR|RBLXB|TELL
user_8046,1,DVAX
user_15921,4,AKLIH|AMDAD|DQ|RERE|SEBUY
user_3059,1,CAR|CPG
user_32582,1,ONCHA|SHEL
user_20312,1,ITW|SMH
user_23418,1,INTCM|POOL
user_12697,2,AMDIF|KO|WYNNW
user_26155,1,LVMH|RTXMO
user_9638,1,RGNX
user_29153,1,AZO|BRO
user_6036,1,MRNAH|NUCON
user_4304,10,AMPL|AMZNG|BOUV|GNS|LMFA|LUV|MSFTP|NVAX|PNC|SGHC|SPYLO|STLA|TPL|UCTT|ZCX|ZII
user_23724,2,MUWHA|PYPLP|STORF|VXX
user_7506,2,BA|C|NRG
user_21771,1,CPBCH|HONRE
user_11436,1,BABAM|MDT
user_29711,1,ACI|ALIF
user_15244,1,EVGO
user_25716,2,LMND|SCHDW|SPG
user_30831,3,ATYNO|F|VZ
user_27721,2,BEETS|TSLA
user_24090,1,QS|RCL
user_17456,3,GDDY|HIBB|MCRT|META
user_10279,1,BAYC
user_31676,1,RFFUL
user_26259,1,RDS|UVV
user_15151,1,NLY|TSATM
user_26987,1,NCR
user_19869,1,ABNBC|ACON
user_33654,1,CSCO
user_3660,2,GMR|TSEM|WDAY
user_22239,1,TNET
user_15122,8,ABT|BBIH|DIA|FET|FROG|GEVO|HPQ|NOKBR|QID|RVNA|ZINU
user_13912,1,ATER
user_24313,1,CPE
user_5881,2,AAPL|HAIN
user_12152,2,NOVA|PSNY|ZMGAN
user_7389,1,SMR
user_20484,1,FMX|OKE
user_13737,2,BA|LTHM|MPWAL
user_6256,1,CIVX
user_21774,1,AZERO|COINH
user_6144,1,EW
user_14710,1,VZ
user_28304,1,TELL
user_12385,1,ATTO|LCIDC
user_28165,1,JBLUC
user_25819,2,FHN|HAL|PLTRE|TSLAA
user_26425,1,FVRR|ROKUO
user_3032,1,ARKKS
user_4054,2,COST|NKLA|OVR
user_9475,2,HMC|NVDAR|PSNY|VALE
user_6341,3,AMDNO|FSM|TISI|TTDFI
user_20790,1,ADGI|JNJHI
user_15442,1,EVCOI|ROKUU
user_501,2,IT|NET|TYDE
user_17266,2,F|PUBMH|XPENG
user_22007,7,AXON|BILLV|CIEN|EOG|FE|FQ|GMMOR|HTHT|IHI|JASMY|LNG|SVFD
user_19915,1,QCOMH|RPRX
user_30405,1,WEBR
user_21913,2,NVDIA|SIOTH|SOLO|VOSO
user_16398,1,VMEO|WEAT
user_15894,6,ABNBW|FBHS|GOOGD|LIGMA|NIOWE|SFIX|SIBY|VZ|XOMHT
user_7145,2,DKS|NOC
user_655,1,BTCI
user_24184,1,USHE
user_24097,2,INTC|UVIA
user_11725,1,FSLRB|LBC
user_17168,1,IFNNF
user_29007,1,LAZR
user_28897,1,SEDG
user_31393,3,AAPLD|SKIN|XPEV
user_5090,2,AURA|DB|DNUT
user_17737,2,DELL|MJ|XPEV
user_11829,1,XI
user_18776,1,DISTH|TEVA
user_23163,2,ENPH|FAF|NTAP
user_804,1,IZRL|WEBRW
user_22625,2,MKLIN|RBLXB|VYNT
user_28657,2,COINS|OTRA|SPXW
user_26293,3,CSCO|GOOG|JBLUC|PLTR
user_28722,1,COSTQ|XIL
user_13968,2,LIBER|SPACE|VFC
user_4436,2,HALWE|MUTOD
user_7764,3,BEAMC|F|JPMNO|WRK
user_16759,7,AMSWA|AZNAN|FFIE|FOX|KMI|NSANY|OMC|RES|SFTBY|UPWKW|VIG|XFRI
user_12655,1,AXSM|FDXGO
user_24157,2,FBTUE|LEA
user_8372,1,HSDT|TXNCO
user_10107,1,FXYHO|NLY
user_26351,1,PBRSO|XOMWE
user_21832,1,WBER
user_24083,1,ITCST|MRKFR
user_8592,3,ADP|FB|PSA|TSM
user_8430,2,INTC|VXN
user_12197,4,ASH|DOV|MAA|RBLXW|RDDT
user_13683,1,TSLAU
user_23836,2,BAP|HAIN|SHLS
user_28568,1,HLBZ
user_606,1,MVRD|WGO
user_17041,2,HDAPR|PRPL|XLV
user_4224,1,SWPPX
user_30339,2,BPH|JBLUC|LECX|NIC
user_11427,1,PKI
user_22592,2,FNKO|GOOG|IVA
user_1895,1,JNJHI
user_6372,2,CVXUT|XPEV
user_29148,1,NKE
user_15781,1,PIXY
user_2069,1,GLBE|IGU
user_29244,1,AXPHT
user_28746,9,AMDRU|AVCT|CALLS|DEGEN|DISRO|FAZE|FNKO|HDAPR|KRALL|MCDOC|MSFTM|QQQOV|TM
user_29831,5,EGC|ENPH|MC|MVRSA|RDFN|SHOPF|WING
user_13634,1,CRIS|WMB
user_4191,1,THETA|VCOME
user_14935,5,ABBVW|CLFAN|KAVL|PYPL|TSLAO|TYX|UEVS
user_20559,5,AAWW|PRM|SU|SXTAN|WHR|WMTHO
user_33910,1,EE|LGF
user_8218,1,IP
user_23811,2,DOW|MRVS|ZS
user_17325,3,BX|DKS|NVDAG|STNE
user_22256,1,CVNA|HDTHE
user_28032,1,DISGO
user_23014,1,ENLAY|PYPLN
user_16797,1,AEM|LMTJU
user_9430,4,ACHC|BIL|FNGU|PINSB|RBLXC|SPOTW|WMENE
user_5386,3,AMTWH|BRKBP|CMCSA|DPZEN|SOFIH
user_26385,3,ARKKS|ONOV|SPYNE|THCA
user_23701,4,COTI|PYPLD|SIX|VB|VLON
user_21950,5,META|MSFT|PTPI|RVIN|SBUX|STORB|UTHR
user_21474,3,BURL|FRPHC|LOWWH|NFLX
user_22442,3,DE|DISH|LITER|PUBM|TSLAJ
user_20464,3,LNG|NXTD|SKLZ|VIAC
user_27556,3,CVET|DECON|DGROT|LMNOP
user_29639,3,NQ|PDDWH|PRX
user_23264,4,AGC|EPS|INTC|NVDAG|TGTDO
user_3122,4,AMDRE|CIFR|CSU|DEDEC|INTC|JNJOC
user_17858,2,BKX|FBREB|PLAY
user_19207,3,EPS|IVR|PLAN|RACEH
user_3498,3,LIHTT|NICE|SATL|TREE|VTR|ZII
user_17595,4,AMZNV|ASOL|BA|FRPT|NIOST|QCOM
user_9470,3,ADTN|CCS|MTC|ROKUA|XI
user_27850,3,FBPEO|MCDRE|NRG|PROSY
user_32838,3,BITO|BTTX|FBLET|MOTEC|SPYOP
user_25719,1,FLL|GDX
user_9235,1,DISCO|VMOHN
user_33438,2,AMD|BSX|NIOST
user_32286,1,PACB
user_16310,1,CCS|YETIT
user_1831,3,BX|CAH|SMH
user_11194,1,ARE|EGLDQ
user_11087,1,QCOMR
user_28740,1,ESSC|VISL
user_10305,1,BAMSO|QYLD
user_7518,1,BRQS|RUN
user_30113,1,JWM|MSM
user_10446,1,IGEX
user_26179,1,LIBER|NEE
user_3320,5,CISO|HBAN|MRTN|NKEFE|SATL|SPWR|TLSAR
user_18652,1,NIOFR
user_32182,1,AAPS
user_8087,6,HNTAM|HXSCL|IEI|LILM|MUGRO|SCHL|TLT|VCOME
user_29016,7,AAP|BOO|ELON|KLIC|NIO|NKENV|NVDAT|PSNL|PTOND|SKLZ
user_29994,3,BKNG|GRIM|LEVI
user_34141,4,AFRMD|LI|PETZ|PPLT|QCOM
user_4623,1,HAFC|PLAY
user_1878,1,WKR
user_28416,1,BKH|KWEB
user_10345,2,BODY|CRWDG|LHX
user_14806,3,BCTX|PGR|TAN|TNP
user_14626,2,BX|EXPI
user_11404,2,AMR|BAESY|FSLRA|VIR
user_26063,1,HDPRE|MNDYA
user_30252,3,DRIO|EWZ|UNFI|USDT|VXRT
user_32144,2,GE|UPS
user_20818,1,C|CDNS
user_24476,2,RWLK|VRSN
user_29999,2,AMDHO|DRIO
user_16997,1,BETZ|DATS
user_31385,1,FBCHR|SQALI
user_11184,2,F|MMMGE
user_6523,1,CULP|IEA
user_21520,1,SNAP
user_8703,1,CCS|UNHHO
user_30320,1,AMCNI|TIA
user_32139,1,HUSA|NLFX
user_19830,1,NVVE
user_20147,1,AMDHA|FLR
user_33634,2,TXNCO|YETI
user_4938,1,FEG
user_32365,1,MC
user_31092,2,FBINC|VRT
user_25343,15,ASTSM|ATD|BABAC|BACLI|CNC|DOOG|DRIO|EAR|ETHHT|EVCOI|GEF|IWMMO|LOVEL|NOVA|OPRA|PRTY|PYPLI|RYH|SATL|SHW|SMH|VYNT
user_5968,2,GM|GNL|RKLBS
user_5141,1,PDDI|Z
user_14672,2,AA|AAPL
user_23829,1,CEI|SLAB
user_13760,1,JNJDO
user_26798,4,FBHS|FISV|QID|ROKUW|UMANY|ZPAY
user_14804,1,NAKD|SNPS
user_30792,1,BYDDF|TTOO
user_14376,1,RY|WNS
user_30255,1,HCCI
user_16331,2,PYPL|SOL
user_26146,1,IBEX
user_11410,1,BVAXF
user_22983,4,GDXJ|GS|MDBWA|MOWHA|NIOFR|PGR
user_32633,1,AMD|WFG
user_16333,1,HUSAL|ODFL
user_18795,1,GMPW|VZREI
user_1129,1,LTHMC|STLD
user_4046,7,ALIF|AMEH|BEKE|BIL|ELON|EPD|LICY|LMNDS|LQD|NIOA|PPLT|WILD
user_30248,3,CI|COINH|DINO|MKL|RERE|VIOT
user_14783,2,AMZN|EXLS
user_10127,2,ENPH|MAIN
user_11764,2,ADAP|BVXV
user_33270,2,BKU|MRVI|PLTRM
user_9685,2,BLND|MAFAC|MRNAH
user_18495,1,MRNAB
user_15380,2,FUL|LSPD
user_13974,1,VRSN
user_26964,1,ABNBM|NTLA
user_7435,2,ALEC|BAT|ONEX|PSNL
user_26791,1,TSLAL
user_6041,2,ENPH|NUEDG
user_12524,2,OPCH|PG|TWTRT
user_14007,1,AMDVI|PFE
user_1647,1,MDB
user_12172,1,BROS|FC
user_29347,1,HDAPR
user_15330,4,GLXY|GNENF|NEM|OFG|PLAY|SCHB
user_32987,2,FBEVE|FCFS|M
user_14765,1,ETHE
user_20496,3,AAPL|AMZNW|GNRC|HFG
user_12190,1,BATT|SHCR
user_30655,2,ENPH|UL
user_14805,1,MKLIN|SCHDW
user_9008,1,SKLZ|SPRT
user_21521,1,AMDMY|ASOL
user_20404,2,EDIT|NWBO|SIMO|SNE
user_19002,1,ATHM|TDOCA
user_19249,1,NEGGI
user_8385,10,AUDI|CHD|CPNGC|FWONK|ITA|JNJOC|MGM|NNOXH|PBT|PSA|QCOMJ|SWPPX|TSLAG|VXN|ZSDAT
user_7543,1,IHT|WIX
user_29488,1,CECE|LOVEL
user_11503,3,CRNC|KO|MX|STAGW|TOMB
user_9542,2,AZPN|DDOGE|UPWKW
user_32486,1,TGTNO|XPEVB
user_23411,1,CACCB|SLAB
user_15853,2,BX|JPMAU
user_15733,2,AAPL|FBNOT|XIL
user_17131,1,SKLZ|VIOT
user_20403,1,EBA|STT
user_28727,1,BPRM|TSLAU
user_9536,1,SMH|UOG
user_28563,1,FRHC|VIAC
user_24018,1,CTV
user_29636,1,ENPHW|MSI
user_18006,1,ABNBB
user_24688,2,CELH|DISCO|ZS
user_20351,2,RSX|SBUXT|UNHDO|WRLD
user_31718,1,HFC|RA
user_21102,3,ASMLW|COSTD|PYPL|THTX
user_29949,2,AEHR|AMAT|TSLA
user_21857,1,BYM|SINCH
user_894,1,QLYS|SHAK
user_10790,1,WLL|WRK
user_25293,1,WMENE
user_12273,2,AFRMT|FBWIL|USDT
user_16527,1,AMDBR
user_11058,2,BYDDF|KO
user_17230,13,AAPLP|ABBVF|ABEV|AMATW|ASOFU|BCMH|BOO|CMCS|CPG|FBLIZ|FTESL|NICE|QQQPU|SNOW|SQ|STT|TSLAO|USHE|YUMC
user_11376,1,SNAPC
user_5637,1,XLK
user_632,1,BRCC
user_29580,1,FAMI|GETY
user_17190,2,RAIL|RWTR
user_31991,6,ATH|ENVX|GRUB|NIOCL|SGH|STZ|TCON|TTDSO|WPC
user_351,1,SBAC|TENB
user_21462,1,CORZ
user_7477,1,FBDOU|NVDAC
user_18377,1,DUSCA
user_15586,1,XM
user_22065,1,HONHI|SCVL
user_20377,1,HEINY|SONM
user_26528,2,BESOF|NBIX|VO
user_8548,1,BRO
user_22495,1,VZ
user_20838,1,ALLPE|TIVC
user_5624,1,DSP|MKLIN
user_24775,1,DCI
user_15401,1,NSAV|UPSTI
user_19191,5,BMRN|BRCC|CNQ|MUWHA|ORPH|REV|TSLAT|XLFSP
user_33281,2,AMZN|FTNTO
user_5144,1,GEGI|SOXL
user_27505,3,AMZN|GOOG|PCG
user_15125,2,LOGI|META|UHAL
user_3858,1,EOG
user_32898,1,BTUSO|WMENE
user_18600,1,ALTO|MRVL
user_27909,2,BP|KO
user_29394,4,ABBVB|BP|GOOG|HAS|VRTI
user_27287,1,MNDP|MOMO
user_5651,2,AERC|IONQ|PEP
user_21794,2,F|FINV
user_33007,1,NDAQ|XCUR
user_9066,3,NFLX|NU|XFRI
user_22475,2,BETZ|EVVTY|MSFTR
user_11998,2,KRL|PTONB|VRAX
user_33303,1,PYPLI
user_14387,1,ARCH|METX
user_14349,1,AMCR|XOMDO
user_30041,2,FIS|JPMHT|ROKUG
user_15511,1,OIH|RL
user_24803,1,UFO
user_7634,1,DKNG|FHTX
user_11243,1,APVO|FBTOP
user_3735,2,CKS|HCC|ROKUW
user_17103,2,UTHR|VZ
user_24669,1,MANUH|UA
user_3906,1,HMC
user_18865,1,PRPL
user_31160,1,PLNHF|STEP
user_12243,1,VET
user_4326,2,COST|EXR|SPXC
user_8210,1,PUBM|UOG
user_27870,1,FFH|Y
user_9137,1,RCI
user_17610,4,AKLIH|BX|DELL|SON|TSM
user_31612,1,TNET|XON
user_27707,1,FTNT|TPB
user_10475,1,VFI
user_22906,1,AUST
user_19190,33,AGC|ANDE|APE|ASTR|ATYHO|BBWI|BCYP|BTCMI|CD|CMC|CTSH|DOT|EGP|ENPHM|ETH|ETSYC|EVOK|FBSIM|FNF|GMEHT|GOOG|GOVX|GVSI|HALO|HYRE|IMRN|LMTWE|MCHP|MELI|MKTX|MMMRE|NETL|NLST|PH|PIII|REGN|RMBS|RVSN|SBNY|SBUX|SFOR|SKIN|SPYBO|SRTS|TEL|U|VIAC|WEBL|XON|YELPW|ZCX
user_24084,1,ANDE
user_28038,1,LUNC|ZOO
user_8999,2,LW|MSFT|VIG
user_12929,1,BHE|IRNT
user_12149,1,RGTI|ZWATC
user_21049,2,DGWHA|MNDYM
user_33646,2,AWK|CPBCH
user_19512,1,LITM
user_796,1,BIL
user_3834,2,DD|PYPL
user_22403,1,CNS|GGG
user_26971,1,DPSI|POWR
user_3905,4,AMN|BIDUE|GRBK|RL|SEAND|SPX|SPYAL
user_16861,1,FBWOK|STORG
user_27244,1,ITCST|SHIP
user_31178,1,CCCX
user_19519,1,ALGN
user_11519,2,EXPI|VCAR
user_18544,3,CGCO|CYRN|MATLO|UNH
user_17994,1,AVGOR|WKHS
user_18073,1,TDOCA
user_30470,1,UOWN
user_24069,1,BBBY|MKLIN
user_14263,1,CELHM
user_30900,4,CCIV|CHHFI|GPNBA|NOVN|SCHDT|SRC
user_33817,3,AGNC|AMZNO|CRMPR
user_33810,3,ACO|AMKR|MMF|PLUG|ZS
user_8252,2,AB|AMOV|CRTX
user_23697,2,ICE|VWEWA
user_26637,4,CRMI|NQ|PYPL|RACEH|ZG
user_18214,1,OVR|ZTS
user_18220,9,ASSA|CELHE|FUBO|LRN|LWLGE|MOHOW|MPW|SOXL|SPWR|TSLAF|UST|WMTSQ
user_29197,1,IMPP|IMX
user_29866,1,YGG
user_10605,5,ALK|AUST|DAX|EEM|NOCIS|RUN|UPSTB|WMT
user_18417,1,TSLAY
user_18211,1,LYV|MU
user_8830,4,AMDLE|AMDNO|DOW|MSFTD|SIMO|SITE
user_12798,1,COSTB|IBEX
user_26607,1,SPA|ZEN
user_33793,4,ABNBC|FLUXI|GANG|SPYOP|UNFI
user_19788,3,BX|EDIT|EFTR|FOSL
user_9263,1,MVRSA
user_26511,1,MANUH|MUNIK
user_24976,4,FTMSA|MEDP|MSCI|OP|SILVE|TBLT
user_336,4,AFRMD|CSCOI|SBFM|SYA|VB|ZSREV
user_26582,1,FBLIZ|TWTRS
user_33477,2,AGR|DOCNC|SBFM|THEY
user_28244,2,CTSH|NIO|PRTY
user_18510,3,IEA|MAXN|ONCT|STAGE|VISHA
user_13222,2,BLOK|LRN|METAH|NDQ
user_18123,1,EXR|ZTO
user_21319,1,RMO
user_19130,3,CSTM|EDIT|HRT|SAFM|TWTRA|UEC
user_1165,2,DIS|WMTDI
user_7007,1,GTLBW
user_11728,1,OXY|RBLXH
user_4378,2,PAYC|PRM|UPSTC
user_13281,1,XVG
user_33835,1,CFG|XPE
user_15810,1,FBSPE|MELIM
user_29730,1,NASA|PLTR
user_15064,1,VZJUN
user_20109,1,AFI
user_9023,2,CB|FARA|USDT
user_28804,1,SPLK
user_17728,2,AMZN|FBFOC
user_33044,1,GOOGN
user_34247,1,DFENT|TWTRI
user_14248,4,AAPL|AMCLO|ELY|PYPL
user_14712,1,TWTRM
user_33420,2,FBCHA|MSFT|TSLS
user_11027,1,AMCTH
user_10285,2,PINSU|SGML
user_3072,3,ABNBS|CIVX|MNMD|SHOPS|USHE
user_7583,1,STEM|WBD
user_2879,1,AMZNW
user_31686,3,AIR|BX|DIS|JMIA|TMUS
user_25664,1,PROSY|STAGR
user_8438,1,DOLE|WAFD
user_6800,1,AMDDE
user_33367,1,OLPXI
user_29052,8,BA|CHWYN|DISPA|FTHUR|JNPR|NIO|OPRX|OWILL|PGPAS|PLAY|TWST
user_11994,1,ANET|DOGE
user_27541,3,CVNAF|SOC|VIXFO
user_14509,1,CGRN|IAC
user_29659,3,AMD|ARKO|COST
user_14027,1,CDNS
user_30174,1,KRX|ROST
user_10857,2,OTECH|PSLV|TSM
user_31130,2,EVH|PFEFR|TNET|TROW
user_17178,1,ANVS|FWONK
user_23313,1,MMMAP|NKEB
user_29788,3,CRM|ENPH|WAFD
user_19941,2,KO|QQQDI
user_31555,1,AAPU|TSN
user_21708,1,INDI|RYF
user_17982,2,QQQPR|QQQVI|XPEV
user_28243,1,ROKUE
user_16646,1,GO
user_7722,2,DHI|FFND|MTCH|SESHO
user_33318,1,AMZNF|ITCST
user_20918,3,AURA|CRNCB|LINK|NVR|TUR
user_15180,1,ETWO
user_25291,2,AMGN|CTVA|RNGR
user_114,2,BOXD|COST|SITM
user_16330,2,ALPP|DNACL|MSFT
user_9579,2,ABTWH|FTNTT|INTC
user_16650,1,LNTH
user_28498,1,NIOHT|NXM
user_14546,1,VFOCU
user_15092,4,BA|DOV|NFLX|RVIN|SYF
user_26339,1,FRSH
user_34221,1,CNICH|MPWR
user_32710,1,RPRXB
user_6687,1,ABBVC|MRNAB
user_12968,4,BPRM|COSTI|DISPA|TSM|UHAL|ZIONT
user_183,1,DKS
user_31711,2,BACMO|TPB|VWEWA
user_6900,1,MGM
user_8175,2,CRM|PDDAN
user_3237,1,RUSHA
user_3412,3,CPIX|NXTD|PALL|TGTNO|ZSWHA
user_3313,1,PHMAF|RMBS
user_27590,1,UST
user_12257,1,AMCR
user_28460,2,GTO|KRX|PATK|SSEMI
user_21316,1,TBK
user_4661,2,F|SRC
user_23602,1,ONCHA|TEAM
user_31557,1,DKNGC|QQQYO
user_12436,1,CAMT
user_16670,1,GSAT
user_11021,1,BBAI|SKYH
user_27356,1,BRN|MRNAH
user_3429,1,IEF|MELIC
user_12565,3,COINY|INTC|PINSU|XPEV
user_17127,1,DKS|PANW
user_11321,1,GRWG|KOPN
user_32678,1,CEIX
user_21756,3,META|NIOGR|XPEV
user_26283,1,GILD
user_16660,1,MRO|SATL
user_26109,1,NKLAQ|RBAC
user_15841,1,JWA|VNOM
user_31591,1,MATLO
user_3517,2,AZERO|IVV
user_32081,1,FBHOP|QNRX
user_20482,1,AAVE|GEF
user_16095,1,JBGS|MKLBO
user_24779,1,MQTHI|NNOXH
user_8267,2,FBREM|NA|RACEH|SNAP
user_30575,1,ADYEN|PFF
user_4912,5,AMDFU|APPLE|COSTI|DBC|FBTHE|MSFT|SWCH|WELL
user_19450,1,BEETS|SITM
user_32896,1,ABTIN|GNUS
user_213,1,BACBU|GMSOL
user_6000,3,ETHE|SCHD|SCL
user_27403,1,VTV
user_19079,6,BN|BX|DOLE|GWH|OPK|PWR|RGS|RRGB
user_24271,1,CDLR|TSME
user_31667,1,GOEV
user_13505,2,KOTEC|PTOND
user_16665,1,PBIO
user_15756,5,BBIH|DOV|FSV|HQY|KRVER|MVRSA|SUMO
user_3366,1,NK|TECK
user_30327,1,VZHE
user_16843,1,DTST|FUTUW
user_27139,2,CLBT|CSPON|ENPH
user_8533,1,LGF
user_6427,1,LEVI|TTE
user_17123,1,CRMI|OPK
user_27786,1,EGLX
user_31692,1,SPYLO
user_7866,1,SPYCL|TSLAB
user_21500,1,SIRI
user_6403,1,INM
user_19935,2,BA|HEC
user_8156,2,AAPLS|BABAC|DRNG
user_8663,1,DOGO
user_17271,2,FNGU|IKEA
user_26818,1,ETHAD|PEPHT
user_16913,1,STAGE
user_911,1,AGC|EL
user_33090,1,IQ|VVERI
user_28610,1,BUZZ|GFS
user_17156,1,GBTC
user_31662,5,BXDAN|CACCB|CRIS|FC|GLD|VGK|WCN
user_25685,2,GOOG|QRVO
user_22662,3,CMPS|DISCH|ENLAY|MMMOW|NXP|RES
user_14081,2,MTCH|QQQDI
user_19556,6,BBWI|ETSYT|IDXX|RS|SHIB|TDY|TENB|TROWW
user_31715,1,ABBVT|ACHC
user_5433,1,FLOKI|SHCR
user_88,1,DISNE
user_14732,1,AJG|HIPO
user_34015,1,ARHS
user_15506,1,NVDAI
user_25599,1,GGPIH|SDC
user_29262,3,BX|FBREM|KO
user_21080,1,CVS|VTI
user_999,1,DOCUH|ZG
user_26375,1,COST
user_28562,1,POOL
user_8660,1,ALT|NETSE
user_3370,2,DPZ|NOC|RDW
user_1805,1,DVY|VV
user_18937,1,SMFR
user_18203,1,UMANY
user_18706,1,LILM|RIVN
user_25082,1,GD
user_10546,1,FCEL
user_9094,1,CEEK|NOWTH
user_13892,1,MEDP
user_16904,1,ATI
user_14532,1,ENPHG|NIOIS
user_6572,2,AMDIF|AMDSH
user_23880,2,BAON|GTLBB|MYNZ|WSC
user_12398,1,ARHS
user_5538,2,EVCOI|META
user_4463,1,AXSM|MPC
user_29464,1,WBA
user_33506,1,CLVS|VWHAT
user_26041,2,AXP|GMMOR|UOS
user_25618,2,TSAT|VZ
user_19274,2,PYPL|TKAT
user_28145,1,IZRL|TIVC
user_29443,1,FBYOU
user_14299,1,CCLES|ETHAD
user_763,1,OP|USHE
user_2628,1,HTHT|ROKUU
user_33920,1,IPGP|KOSS
user_28118,1,ARKF|BTCBE
user_13277,1,GST
user_11400,2,AMATW|DIS
user_1150,2,AMDCE|BA|NVDAV
user_4910,1,TSMC
user_14309,4,ATVIP|BAHAV|NETI|SNOWC|UTHR
user_26165,1,BEN
user_22681,4,ACB|AMOV|CNI|JMIA|METX|VDADX|VRX
user_21467,1,IWMMO
user_18440,1,FISV|UPSTA
user_20787,2,ABTWH|AMZN|BLBX
user_22269,1,MNST
user_25055,1,DISNE
user_4608,2,NXTP|OWILL
user_17031,1,FTCH
user_18249,1,ILPT
user_4751,1,NETL|WM
user_32140,2,DIS|GDRX|SPYBI
user_26102,1,VRTXO
user_20265,1,M|ONKIN
user_28024,1,GDYN|PGNET
user_10560,1,CHRW
user_33015,1,AMZNI|NN
user_28797,1,KISHU
user_5364,1,OLED
user_9584,2,CLOV|F|RIVN
user_30846,1,ELSE|INTU
user_568,1,UPSTC
user_17901,1,CELHB|HITI
user_17668,1,ARKW|LCI
user_33074,1,JNJB
user_14110,13,ADV|ALLPE|AUB|COVID|CPBCH|FBLIK|GE|HTHT|IPGP|MDIA|NIO|RHS|SQAT|SWK|SWX|WM|XLV
user_28956,1,FBFIN
user_22061,1,JOBY|MMMAP
user_13546,1,MXC
user_8479,1,EGLD|NIONI
user_21940,2,NKEC|PWR|Y
user_4711,1,ES|MUWHA
user_13388,1,TAN
user_29365,1,AURY
user_19009,1,AMDHA|GRBK
user_21899,1,SAM
user_27157,1,AMDDE|JKS
user_25998,1,AVGOR
user_20236,1,FSLRH|TWNK
user_19597,1,PINS
user_20664,1,CTIC
user_6053,1,PAYC
user_18483,2,ONEM|RNR|UFO
user_3354,3,NFLXL|NKEWA|STAGW|WHR
user_25825,3,F|FTM|LCX|TSATM
user_22628,2,ARWR|ZRX
user_28457,1,DPZ|RBLXE
user_14801,2,RGLS|VYGR
user_32412,1,FRPHC|HRL
user_15905,1,DCI|FC
user_6979,3,AVT|MOS|MRKFR|PLTR|RNR
user_9261,2,GMEDI|NFLXD|VIX
user_16714,1,AVT|GNRC
user_8191,1,MSFTC|SSTRE
user_14165,3,CFVI|ENPH|PATK|Y
user_22600,1,TSLAY|VRX
user_12170,1,RENN
user_19180,9,BTCHT|ESTC|EXLS|HRMY|KXA|LUMN|ME|MUGRO|RYTEL|SPXWI|TGTSE|UAMY|USFD
user_16486,1,TDOCA
user_27609,1,GMVD|TMUS
user_3484,1,AMD
user_11223,1,BRN
user_21361,1,AERC|NVEI
user_19840,2,CUBI|STX|USO
user_18067,5,AMDWE|COTY|DHR|GMED|INND|NCNO|PENN|SQALI|VIX|ZSANA
user_14038,1,FANG|UFPI
user_3359,1,SSTLE|TSMC
user_22194,3,AXU|CRM|DIS|WMTHO
user_19659,1,ROIUC|TSLAS
user_25801,7,AEM|BKCC|DDOGC|HQY|LYB|MTUM|SBUXA|UPWK|WM|XOMHT
user_5310,1,CNM|HOLE
user_12901,1,BATS|ZTO
user_19590,8,AMZN|ASMLW|BRPM|DISRO|KHC|RGEN|ROKUE|RYTEL|SHCR|TBT
user_12193,1,AMDCI|RKLBS
user_23926,8,CSCOI|DISDR|FBTOT|FSLRS|HDAPR|HLT|KIBA|PHIA|SATL|SMG|SPYYO
user_22206,6,ATYCA|GEBRF|NKEB|ONON|PII|PTONY|SHOPH|SPELL
user_15492,2,F|LMTRE
user_19669,1,ONOV|RYH
user_21151,2,DKNGH|ZSANA
user_24882,1,BGFV|MTB
user_18876,3,BTBT|FTCH|TWTRA
user_19585,1,SEV
user_15237,6,ADA|ALLY|AMCRE|AMDSE|BABYD|BAS|EURUS|GOVX|TIA
user_15114,1,UPSTF
user_33294,1,EVONO|RBLX
user_18362,1,AZERO|GIS
user_23869,6,ADBE|AFRMI|CPI|CS|NIO|SMLR|SNOWC
user_19572,2,GTC|HDTOP|SKLZF
user_22126,1,PGJ
user_1285,1,NNN
user_30374,1,FISV|IMCR
user_33961,1,MNG|RUX
user_19587,1,MKLBO|VRX
user_19054,1,AMDMY
user_5982,5,EXP|INTCV|MVIS|RVLV|SPELL|TGT|VIX
user_32492,1,FTS|RFFUL
user_27388,1,AXP
user_3079,1,AMDVE|SINCH
user_16783,1,SKY|XLF
user_31985,1,NLY
user_11665,2,DOCNS|STBA|TSLA
user_695,2,AMZN|PTOND
user_9916,2,SIMO|UPSTB|WEAR|ZSLET
user_28522,4,AMZNH|BA|BLKIN|BX|TZOOT
user_28075,2,ARHS|ATI|MSFTT
user_32666,1,OWHIC|SWBI
user_7812,1,FTNTO
user_18113,1,CIVX
user_33731,1,CSU|DCFC
user_2076,2,F|NKERB
user_30245,1,NIOAL
user_28286,1,CS|NQ
user_7727,1,SOUL|XOMWE
user_27384,3,APOG|INDI|KO|MSFT
user_20847,2,GOOG|SEMR|TSM
user_33220,1,TRUP
user_19865,2,GDXJ|PYPL|TENB
user_21786,2,DXC|GWH|PRFT|SUMO
user_28257,2,BTBT|CSU|PFE
user_31863,2,ACCO|KO
user_28775,1,ROKUS|SHOPF
user_20895,3,AAL|AMT|DAC|HAL|LTSLA
user_24147,1,NVDAT|RLX
user_8545,2,CELHH|CSCOA|TSM
user_11882,1,MMF|SJT
user_754,11,ANSS|CATSE|CHGG|CSVTI|DLR|ETSYT|FR|GOOGD|NLY|NVDAH|ONDS|REV|RTX|SPYIF|UBERT
user_20719,1,BTCBR
user_23809,1,PSA|STAG
user_1584,1,FVRR
user_26619,2,FTAI|NFLX
user_31770,1,BTTX|SYA
user_11836,1,ENLAY|JJC
user_26344,2,ASIX|ATGE|BYND
user_18592,1,ABR|LSPD
user_13263,1,TH
user_23825,1,TSLAS
user_19472,1,DHR|SWCH
user_26407,2,FBHER|NANO|PENNN|ZMGAN
user_14413,1,AQN
user_2204,1,QSR
user_27659,1,PHR
user_5998,1,HLT|LMND
user_21403,2,CRM|PCTY|TGTTE
user_1013,6,AMD|ATKR|BULL|FNMA|NXST|QSR|SPOT|WPCWH|YEXT
user_24110,1,NBIXW|SQB
user_18344,1,LUNA
user_18507,1,EQT
user_22201,2,FTX|RCAT|ZS
user_22133,1,RFFUL|ROG
user_3017,1,DISFR|VYMVA
user_11501,1,IBM
user_20400,1,FSR
user_34107,3,ARCH|FBPEO|MSFT|TSMPE
user_4448,1,AAPLF
user_23321,2,AEP|ARMK|NFLXP
user_6292,1,AMDRE|VUZIE
user_6540,1,BAHUG|OWUV
user_28099,1,ZINU
user_10422,1,TTCF|WTER
user_10793,1,BKE
user_29198,1,VGROW
user_19482,1,LIN
user_23463,1,BASE
user_13386,1,SG|UPSTF
user_3736,2,CSOUR|NFLX
user_2953,1,XLI
user_24004,2,LWLGE|XPEV
user_16458,1,FANG|PATK
user_20328,1,ANSS|SAFM
user_15862,1,VWHAT
user_33709,1,VISIO
user_28241,3,AEMD|FBINC|QCOM|RACE|SPYSE|WF
user_12139,2,ETHDI|RAIN
user_33432,1,GDRX|TLTHT
user_21095,1,APPLE|GRVI
user_2934,1,PH|SFTBY
user_7396,1,ROKUN
user_21600,2,FSUGY|GOOG|INTCF
user_1989,1,AEHR|INTCR
user_19217,1,CCXI
user_31266,2,DDOGC|GOOG|ONDS
user_3910,1,QQQHU
user_27258,2,GOOG|METAF|XLV
user_25666,1,STAA
user_33986,1,ENJ|MP
user_22770,2,COST|PPLT
user_19682,1,BACBU|FBBUL
user_7850,1,ETHIN
user_20557,1,AMC|TIMEA
user_7218,1,KOTHE
user_10039,1,HSBC
user_5067,1,ITCST
user_3979,1,BAWAT|BBIH
user_26124,1,CWH
user_22040,4,ESCA|KOOTH|LNTH|QRVO
user_33748,2,BYDI|CELHH|RY|SQQQ
user_1992,1,SPXLA
user_8124,1,GEGI|SPG
user_13142,1,TDOCH|TOST
user_8691,1,AMPL
user_466,2,AMZNA|ARMK
user_554,1,FNGU
user_9339,1,AMDWH
user_30765,2,PYPL|SBUXB|TSATM
user_28841,1,NEAR|TNX
user_6473,1,HOLD
user_1548,1,DISCB|KODK
user_21798,1,XPEVH
user_1795,2,NEO|TESLA|XPEV
user_1019,1,DCBO
user_19994,1,RMED
user_21411,1,PYCR
user_21551,1,TXTM|UWHAT
user_10688,1,HTR
user_13454,1,APAM
user_21194,1,WORK
user_3573,1,CRWDW|ORK
user_18580,1,CCJ
user_1802,1,DGX|ERIC
user_18833,2,FXF|MSFT|TSLAL
user_29391,1,NIONI
user_30739,1,MNMD|TGTAP
user_7779,1,IWMKE|KRL
user_21219,4,ACMR|BRKBP|CNK|RY|SPYPL|ZIMAY
user_7942,1,FSLRH
user_6381,1,ROL
user_13175,1,OCUL
user_1223,1,BEN|MRO
user_30073,2,ASTS|DXC|NFLX
user_11495,1,CHKPB
user_25194,1,PSX|STEP
user_17154,2,F|IEP|SNE
user_27446,2,AAPL|JPY|RBLXC
user_32085,2,HX|RTXMO|YNDX
user_24468,1,CLBT|EGP
user_28764,2,AAPLP|NIOBO|SJI
user_5244,1,EQR|FRT
user_33900,1,APPLE
user_27371,1,TRIT
user_11101,1,CRM|ETSYC
user_26726,1,DDD|ZMGAN
user_24317,1,ZMGAN|ZS
user_16868,1,BYSI|OCGN
user_10395,1,GSG
user_1816,1,PAYC|ROKUO
user_5199,3,GOOG|NRG|TSLA
user_5627,1,LUCID|RLX
user_29931,2,INTC|PRCT
user_19724,1,CMGMC
user_27186,1,PYPLL|TTDSO
user_27739,1,DNUT
user_31074,1,MSFTN|RYF
user_6953,1,SOUL
user_8014,2,AUTL|RIOT|ROPE
user_22537,2,BATT|HEC|ZEN
user_26814,1,ENPHM|FBWOK
user_16444,1,NWBO|TECK
user_28086,1,NKTX
user_25434,1,UPSTI
user_21170,1,NFLXT
user_3343,1,BYND|PSNY
user_3819,1,OXYBO|ZSANA
user_2724,1,IVV|ULET
user_997,2,F|FIS|VSUPE
user_31842,2,AXSM|FLIKE|FNF|HRI
user_23515,1,AAPLA|IP
user_1575,1,BGFV
user_10501,1,GMEGL
user_27197,1,MMMOW|XPE
user_3800,1,FSLYH
user_23289,1,CCI|MSFTE
user_32605,1,HTZZ
user_13733,1,VZHE
user_17658,1,BKNGH|ZPLUS
user_6822,2,HUT|MYNZ
user_16489,1,OPRX|SPYYO
user_9161,2,BLKIN|BTCUS|GOOG
user_152,1,AMG|VTVT
user_10397,1,AMDBU|URBN
user_32330,1,SHIBD
user_26530,1,AMG
user_26819,1,AMZNT|NFLXO
user_29772,1,APP|VRPX
user_30774,1,BITF|NETA
user_23291,1,AMZNW
user_26688,2,AMZNP|IBKR|NETA
user_17112,1,AMDMY|GWW
user_1525,2,BANC|DIS|VRAWH
user_17548,1,PLTRM
user_750,1,CYN|JUNGL
user_13146,1,CTRU|WIRE
user_26025,1,BSW
user_7428,1,HII|LNTH
user_7450,1,NNN|TITN
user_16200,1,FTAI|RDW
user_1095,2,AAPL|RNR
user_25499,1,CCJ|PENNF
user_31514,1,AMDCI|UAN
user_32824,1,LCTHU|SCHB
user_12263,1,SEDGD
user_28159,1,TSLAJ
user_5051,1,APPLE|DKNGC
user_10104,2,CTIC|PG|VTSAX
user_21206,1,RERE|TLTNE
user_21103,1,BTCMI|CDSG
user_28190,1,MJ|NIOPI
user_24799,1,AMDFU|TSLA
user_30746,1,BIG|HAFC
user_34206,1,ASSA
user_32141,1,TME
user_33226,2,AMKR|CACC|GOOG
user_33617,1,NKLAQ|SPOTT
user_24507,1,EXPE|ITCST
user_15873,1,TFC
user_14892,1,AXSM|GLNG
user_29297,2,DEN|FC
user_8601,1,ROKUW
user_16217,1,COSTS|ENJ
user_25061,1,ASMIY
user_2329,1,FBGET
user_626,1,FOSL|MMMAN
user_27377,1,HD|WEJO
user_11909,1,CHEF
user_27260,1,WAT
user_29759,1,INTCI|TSLAW
user_10680,1,AOS|EPD
user_16725,3,KO|TSLA|ZS
user_12002,1,BJ|WAFD
user_30153,2,AMZN|GFSCH
user_25687,1,CLVT
user_25422,4,AFRM|CSPK|FTHUR|UMANY|ZS
user_25243,1,BTCNE|OP
user_9279,2,BGS|PRFT|TSLA
user_33245,1,FBGAM|UBERT
user_20672,1,CME
user_20800,1,MOD
user_272,1,SCHDB
user_18063,1,EGLDQ|PYPLC
user_20122,1,OPORT|QQQDI
user_27125,1,RA
user_31186,1,TTDGO
user_23651,1,TMO
user_15393,1,PACW
user_13450,1,AMZNV
user_29529,1,INTU
user_26242,1,STAGE
user_18439,1,DIA
user_34200,1,NXPI|SGML
user_7326,1,LI
user_4107,1,DEGEN
user_29754,1,NIOBU
user_18187,1,CARV
user_13025,1,COMP|CTAS
user_31659,2,DFI|PYPL
user_4574,1,AAPLJ|NWN
user_18406,2,AMDHT|ODFL|SBNY
user_20794,1,ADYEY|KCAL
user_16845,2,RERE|XPR
user_6187,1,MRIN
user_18,1,NTRS
user_2768,5,ADSKG|ATH|CRWDH|DOV|FET|MEX|XPR
user_3256,2,AXIES|FBUSE|PSNL
user_21822,1,HNST
user_27942,1,EGLXO|LFIN
user_299,1,BEKE
user_21627,1,INTCI|USBSO
user_14809,1,SPYNE
user_1974,1,TSLAA
user_34090,1,GMMOR|HLI
user_27509,2,ABNBO|CS|PXD
user_24526,1,FLIKE
user_26625,1,KR
user_12189,1,DINO|MSFTW
user_31539,2,FFH|VZ|XRP
user_19552,3,AMEH|CELHH|ENPH|SAVAA
user_11802,1,VXN
user_27405,1,MOV
user_12426,1,ETSYT|UNP
user_1326,3,AGC|AYRO|PAGS|STM
user_7718,1,FANG
user_21959,2,AAPL|RL|WOLFA
user_30735,6,ALBT|APE|BATT|BILLV|EFTR|FUV|GNENF
user_3361,1,NXM|SMOG
user_30941,1,IMXI
user_589,2,AMZN|CHGGT|METIS
user_17372,1,PARAH
user_30533,2,GGPI|ITA|NKEB
user_29963,2,BAX|CIEN|ROKUG|TNXP
user_31098,1,EGRNF|FBGET
user_14300,4,GEFIS|JPY|LTHMC|NKEWA|PYPL|SSTRE
user_15434,1,YUMC
user_4152,2,NIO|R|WBAST
user_33216,2,AD|CELHC|LCX
user_19903,1,GRAB|UOG
user_23294,1,BYND
user_8893,2,GOOG|OSK
user_27753,1,ADV|FBTHE
user_7751,1,ETHDI
user_14864,1,EGLXI
user_5931,1,ESTY|SUSHI
user_2164,2,HCSG|JJC
user_3001,2,DHI|LSK|POSH
user_31382,2,ALBT|BACMO|RUN
user_658,1,NFLXB|PINSB
user_7878,5,AAPLK|ATYNO|GDYN|PANW|RBLXS|SCHG|VLE
user_2731,2,KNBE|NKEBE|RYTEL
user_24416,1,NDQ|SNTI
user_17194,2,GFSCH|PUBM
user_23158,2,DEDEC|RKLBS|SINCH
user_9836,1,BLNK
user_23180,1,ALLY
user_27498,1,NOCIS
user_1429,1,DATS|META
user_16864,1,GSG
user_7213,1,CEI
user_781,4,CPRT|DISDO|KLAC|SGHC|SHOPR
user_19063,1,CRNCB|SPYMA
user_18361,3,DISDR|KO|TSATM|TSN
user_11204,1,PENNW
user_15601,1,AMLX|ETHCY
user_4547,3,NIO|OHICO|SPXC
user_4586,2,DISCO|SRC|STORM
user_2763,3,BAALL|GOCO|IOBT|IRTC|TEL
user_21997,1,MMMGE
user_1558,2,BEAMC|KO|ROG
user_12682,3,F|LUV|NTRS|WRBYD
user_1113,1,BA
user_11706,1,GNS
user_21523,1,DCRC
user_25972,2,AVEO|ELY|HEX
user_30763,1,DLO
user_1123,1,EQIX
user_28688,1,IVC|PARAS
user_7970,5,CCI|CRTD|FBPAS|FI|KDA|MOD|RYF|SWKS|TLSAQ
user_31602,4,AMD|FUTU|MSFT|VZ
user_844,1,CTRA
user_30949,1,WRK|XNO
user_28513,1,ONON
user_29078,1,ALNY
user_20239,2,ENPH|ETH
user_883,2,AMD|SPXU|USFD
user_25016,3,BTCBR|PINST|RVIN|SPGI|ZIMPL
user_961,1,ALB
user_657,1,PGNET
user_20916,1,UWHAT
user_10487,10,BGS|CMPS|FBHS|FSLR|GOOGE|MMMAP|MOV|ONTO|PCAR|PDDAN|PTPI|RTY|RYT|TLNT|VSCO|XRT
user_27773,1,DCP|NEO
user_5138,2,CRWDT|HUBS|TSLAE
user_23757,2,AMZNR|QCOMA|XI
user_2581,1,GEGI|WSM
user_449,1,NIOTH
user_24300,2,ACON|BOUV|INTC
user_31136,1,PLAN|TNXP
user_16438,1,DEN
user_33054,1,SBNY|USWS
user_4838,1,ALB
user_16357,2,BTCNE|TSLAG
user_10495,1,EVGO
user_9462,1,NEEAR
user_32510,1,NFLXB
user_7096,5,BRPM|CVXI|LIHTT|OLED|PG|TER|TTDGE
user_30241,5,BAENT|MCDCO|ROKUG|RR|SAFE|TTDGO|VOO
user_3633,1,FRSX
user_25809,1,JBGS|SOL
user_8524,3,BA|CELH|DFS|JD|KHS
user_22629,2,LUNAH|SONO|SYFDI
user_3329,2,UNHEX|VISL
user_20691,3,LOWMA|PBT|TTDSO|WYNNG
user_7425,1,FAMIF
user_9349,1,EXEL|TCON
user_24256,1,VB|VRX
user_12455,1,CORZ|CTRU
user_34189,2,BX|QQQ|SPYBO
user_23340,1,GPC
user_13021,1,MELI
user_2368,1,TELL
user_13253,1,CACC|PHMAF
user_11580,1,BIGC|QSGRE
user_27961,1,UAMY
user_22676,3,INAZ|PCTY|PM|QNTJU|STBA
user_24810,1,ARI
user_9084,1,IRM
user_25534,1,ENVX|ONOV
user_22474,7,AMDRE|BYSI|CHGG|FBBUT|FBHER|KKR|PYPL|SPOTE|TGL|TWTRR
user_21969,2,DIA|WNS
user_2521,1,PTRA|ROKUD
user_5291,1,OPRA
user_9289,1,DOGE|VZDEC
user_10118,1,PT
user_14947,1,NA
user_18350,1,GRWGF|SCHA
user_2274,1,NLS|WEJO
user_31365,1,CPIX|P
user_21385,2,GOOG|PBRSO|THSET
user_18963,1,CFLT|NIKLA
user_31435,1,FTNTO|HCM
user_27480,2,SGHC|TSM
user_30863,1,SPYMA
user_16734,2,AAPL|BZUN
user_8037,1,CWEB
user_20385,1,JPY|LMTRE
user_25540,1,DJI|TD
user_10142,1,AB|TRTN
user_15599,1,DOMO|PER
user_20599,1,PLTR
user_17465,2,BX|NBR
user_8114,3,OSTK|RHCLO|SBUXW|WPM
user_23408,1,IFF
user_1017,1,NVDAS|RES
user_11908,1,NVDAA|TOMB
user_12608,1,RAD
user_6455,1,ETHAD
user_12978,1,AAPLN
user_18403,1,CPRT|ENBAN
user_24243,1,IONQ|MCDCO
user_30264,2,CDLX|ENPH|ZWATC
user_19318,1,SMAR
user_3837,1,GMQ|SIMO
user_6761,4,AZZ|CSCOI|DCFC|META|RMO
user_12755,1,CLPT
user_6241,1,NEO|NKLAQ
user_12471,1,CRNCB|GNS
user_8647,1,OWUV
user_18099,1,SDS
user_1082,1,PKKFF
user_20587,1,CEEK|MANA
user_19070,1,EWBC|RDFNW
user_30666,1,ISPO|POET
user_1441,1,DUOL|FBTUE
user_20481,1,AAVE|ZNGA
user_12461,1,MCKBO|PT
user_978,2,UBI|XPEV
user_18674,1,GLJ
user_27899,1,MMC|VWED
user_34027,1,DCP|PYPLC
user_16038,1,NIOLE
user_8616,1,WEJO
user_20802,1,AMDSE|STRN
user_31091,1,RTX
user_30992,1,AAPLU
user_11924,1,EL
user_1166,1,SQHTT
user_32146,1,LHX|TXN
user_1295,1,AAPD
user_21029,2,GOOG|SOPA|SPOT
user_9754,1,SAVG
user_8444,1,LHX|XOMRE
user_10052,1,IT|PSNY
user_16425,3,EFA|ENPH|F|PVH
user_11169,1,PGY
user_14555,1,TWTR|VTNR
user_26712,1,CK
user_15856,2,XLF|ZS
user_1643,1,INTCT|SYFDI
user_18336,1,VB
user_14785,1,CELHE|GCT
user_8674,2,KOOTH|NIOGR|NOC
user_20840,1,AUTO
user_26801,1,TFC
user_11368,2,AZERO|BKE|HITI
user_18960,1,HTCR|TBK
user_21666,1,AKAM|FSLRB
user_21779,2,AMD|SODER
user_34092,1,FBROO|XLU
user_8099,1,AMZNM|VRT
user_31187,1,KOOWN
user_8027,3,NFLX|NIO|PURR
user_30513,2,KMI|NIO
user_16684,1,CE
user_12990,3,BF|BJDX|GRAB|SEA|STAGE
user_11494,1,DRIO
user_31587,2,BEEB|LIN|TEL
user_28473,3,GTSIF|HRB|KBR|MRNS
user_1709,1,WKR
user_30980,16,ABNB|APAM|BAESY|BEE|CB|CCMP|COSTW|FRZA|FUTUW|GMQ|GNRC|HYLN|LIB|MOWHA|MTB|RDFN|SBUXH|SEA|TEAM|TSLAJ|TTDGO|VLOSS|WRLD|ZMFAC|ZSHED
user_13305,2,JWA|KO|XDC
user_20166,1,EGC
user_13056,1,NWBO
user_28910,1,FBLIZ|GOOGE
user_28073,2,CNQ|IMT|KNBE
user_12554,1,VTI
user_22292,1,KFY
user_6762,1,BEE|CATLO
user_11214,1,KMB
user_5238,1,RHHBY
user_14957,1,NVDAH
user_10503,1,CGCHT|DGRO
user_3125,1,CUBE|USHE
user_20444,1,UFING
user_8960,1,IHI
user_14614,2,DISDO|HDHEA|PLAY
user_26624,2,ECL|LTHM|NOC
user_21451,6,ALLY|EVGO|FHM|MRNAH|NIC|ONDS|SBUXW|SIOTH
user_32921,2,DISEN|HA|TTWO
user_14483,2,RDBX|XPEVS
user_30623,2,FBBEA|NFLXI|TSM
user_3181,1,EJH|NEE
user_19708,1,BODY
user_6390,11,ABT|ARKK|ARRY|CHEF|EQR|GLBE|IWMKE|LTCHT|MET|SAVE|SE|SHIP|TRRXF|ULET
user_12902,1,FBBEA
user_8140,2,ICE|LUVFR|VRPX
user_19988,1,VIR
user_8136,1,MKTX
user_27765,4,BX|DRVN|FROG|GME|PLTRA|SNOA|TEAM
user_26167,4,GOEV|MDLZC|MUSA|STSS|TSMFI|TVISA|UMG
user_1397,1,NRBO
user_5797,8,AMZNW|CRMPR|CRVS|DHI|KONE|LNTH|RIDE|SCHDT|SHWGR|SLABW|STZ|TQQQ|UBERT
user_11298,2,KSPN|MKLBO
user_14061,1,FBBUT
user_5733,4,BBBY|BURL|VTI|WIX
user_11533,1,RNDR
user_13409,1,SKLZF
user_12472,2,AMDSH|BYDDF|ENPH
user_11586,1,AMDNO|DOCS
user_22597,3,GOOG|MSFTH|NRG
user_31990,3,AAPL|AVAX|INTC|KTTA
user_18244,1,BBLN|CMPS
user_6710,2,CRMI|HEI|INDI
user_16753,2,AAPL|GDXJ|ORK
user_27402,1,ARKKS|TSLQ
user_24163,1,DMYQ|FCXBE
user_30150,1,WOLF
user_19976,1,COP
user_6351,1,YM
user_1444,1,SPT|XLP
user_2173,1,RDBX|TSEMH
user_18045,1,FRPT
user_34032,1,AAPU|BTCNI
user_8969,4,COSTH|FLUXI|SPY|SYY|TENB
user_25906,1,GRIM|SEMR
user_23713,3,AMD|DFI|NIO|UAL
user_18319,2,ABM|CINF|STORD
user_23221,2,AAPLT|AMD|FNGU
user_33062,2,NIO|OHICO
user_41,1,FBIN
user_30933,1,SOFI
user_20264,1,FBREB|FVRR
user_33905,1,ZMBEA
user_23286,1,NRG
user_22228,1,BESOF|MGNII
user_1477,1,ZSHED
user_18875,1,LOWSE|PARAH
user_23919,1,BAYC|DRVN
user_13395,1,GDYN
user_2589,1,CLX
user_1415,1,VCAR
user_25991,2,BABAE|CCATE|META
user_1143,1,NOCWE
user_18775,1,FRBA
user_985,1,MVRSA|PGJ
user_13040,3,AMD|CMI|COST|FBLAS
user_17503,1,NAKAC|UPSTO
user_6447,1,NFX|UNHIF
user_17787,4,CCWF|CSGP|LWLGE|SCTY|TRT
user_28674,1,NIOS|SMOG
user_33049,1,RAYVR
user_5849,1,WYNN
user_31907,1,AMAZN|IOT
user_15566,1,NVDAD|RAIL
user_11613,2,BUD|RDWR|TNDM
user_5741,3,ILUS|KC|PYR|TITN|XOMHT
user_5738,1,RIVN|SFTBY
user_20277,1,MFST
user_2184,7,BA|BLND|CRWD|ESSC|FE|IRNT|PTON|WH
user_8646,1,IRNT
user_5922,5,BAHAV|EURUS|F|MSGE|MTD|RIVIA|RUSHA|XLF
user_10536,1,ATAI
user_6837,1,RIOTW|WMB
user_3201,1,TITN
user_6430,1,VLO
user_22956,1,SEBUY|SODER
user_1529,1,HOLD|MA
user_28133,1,EGC
user_5031,1,EXC
user_12476,1,DPRO|QBTS
user_8507,1,WOOF
user_29282,1,WNW
user_9482,1,SSNAP
user_4821,1,BKR|NUEDG
user_26645,2,INTC|STAG|ZG
user_8537,1,COSTJ|TMUS
user_11198,1,DISQ
user_23161,1,SOX|TLSA
user_13453,1,IEF
user_20163,1,TYX|WORK
user_14056,2,CF|KO
user_25585,3,AER|DKNG|IS|NIO|RGS
user_28837,3,JPEX|KO|PPSI|XPEV
user_5852,1,DSP
user_12316,1,TRTN
user_1275,2,GOOG|SAITA
user_33379,1,BABAU|LLL
user_8975,2,GOOG|UOS
user_2219,1,LOVEL|UPWKT
user_15902,1,EVGO
user_9248,3,BA|KO|UMC
user_859,2,CS|KO
user_25594,1,MSFTC
user_29111,1,ATVIP|LMNDD
user_10933,5,EQNR|MCDMI|NK|ORLY|SEMR|THCA|YETI
user_5308,2,DPLS|GOOG|TWTRT
user_33927,2,PH|POSH|ZS
user_5890,3,BLK|PEP|SNOA|SPPI|USBSO
user_21223,1,APLD
user_17060,3,AFRMH|LCX|NIOHT|PBT|SBLK
user_14787,1,INTCM|UNHHO
user_24146,1,SBUXJ
user_21410,2,AMD|CALLS|DVY
user_15311,2,FDN|WCLD
user_27690,1,CUBE|WNW
user_9199,2,ABBVM|SPXTH|TSLAY
user_11128,3,ABCB|AMDLO|MDBAL|NOCIS|TNXP
user_2843,2,CCLES|DISWH|FUTU|SBLK
user_29308,1,DTSLA|NET
user_24974,2,CMGMC|CRMOR|FUL|TRADI
user_16822,2,CSLLY|RELI
user_11377,1,GEGI
user_32364,5,BIGC|FATE|MGNIO|NIO|RS|SNOA|VRM|ZS
user_27975,1,GM|MDIA
user_5903,2,AMKR|ENPHW
user_24245,1,CLFHT|FCAU
user_29617,1,BAM|OMC
user_9676,2,COST|HON
user_30714,2,AAPLU|GOOG
user_4331,1,AFI|WMTHO
user_8655,2,CRM|UPSTB|VUZI
user_33322,1,RBLX
user_23714,2,TSLA|UAN
user_31023,3,BTC|CASTI|KO|TSM
user_20337,1,KMX
user_9735,1,ALLK
user_27271,1,NIOAS
user_29686,1,THSET
user_18296,4,ATEYY|FBLIK|ICL|MUSA|NFLXI|SOFIH|WKR
user_24846,1,INND
user_25356,1,LVSTH|SAIA
user_33228,1,BRK|EVGO
user_31543,1,MC|WMTHO
user_8766,2,ABB|AGRI|XOMWE
user_27697,1,TSN
user_1698,4,APP|KLIC|NETL|TGL|XBI|ZS
user_31090,1,CVSI
user_16296,2,DIS|EFA|KRSOL
user_27232,1,FUL|LMND
user_23974,1,UUP
user_9888,1,AZN|DCP
user_25493,1,CURI|PATH
user_23137,1,AUTL
user_24735,3,NKEC|PYPL|SJM|SOFIH|STIP
user_13935,1,CCWF|GILD
user_19011,1,NLST
user_26507,1,BKNG|FLWS
user_34104,1,FBHS|TRTN
user_7507,3,ACMR|BXHTT|HOLES|LGVN|PBRSO|TEVA
user_11318,3,AAPL|INTC|SNMP|ZMFAC
user_7341,1,HBAR
user_483,1,NVAX
user_33089,2,AMZN|ETWO
user_20731,3,APPN|DUOL|ENPH|NUTX|SNDX
user_17520,1,DM|FXI
user_4992,4,CSCOI|FBREM|FSLYH|NEP|TWST|WMTDI
user_24440,1,BTCDI|HTHT
user_6991,1,AMDHT|VGID
user_6048,1,INTC
user_23193,1,MAN
user_190,1,NNN|TRTN
user_31256,5,AIR|CAH|EPD|NFLX|NKEWA|NKLAQ|TTC
user_19822,1,VMEO
user_17273,3,BLOCK|CXO|DRVN|VSATO
user_28430,1,OWILL|SCHDW
user_5823,1,LTHM|STNG
user_10411,1,NKEBE
user_7475,1,LVS
user_30883,2,AARK|AMZN|TTDMA
user_23563,1,IFF|SNDL
user_15725,1,ABNBO|TRU
user_18593,2,BYSI|KO|URNM
user_27131,1,AN|LHX
user_3460,1,AAPLR
user_25101,2,DOX|VZ
user_22671,1,AAWW|UDIGI
user_10693,1,AAPDS|LCIDC
user_2318,1,NVCR|UL
user_12607,8,AMDBR|BETZ|CSVTI|DFEN|FCX|GOEV|MKTX|MST|NLS|RA|VCOCA|WF|YOU
user_11286,2,CHEF|CRM
user_25723,1,MOGRO
user_33434,1,BABAB|TIVC
user_20909,1,DLO|OIL
user_17390,2,CMCS|PTONJ|ROOT
user_10824,1,KEYS
user_19833,3,DIA|IONQ|PYPL|UOG
user_23934,2,BAM|BX|ROKUA
user_11578,1,NVDAS
user_11092,3,LQD|SHARE|TSM|ZC
user_9308,1,SONY
user_18083,1,ONB
user_23682,1,PGR|TSLAC
user_5892,1,BAM|GREEN
user_8770,1,FBTHE|NUCON
user_28960,2,LMNDD|UPSTH
user_18822,1,SE
user_9421,1,MANA|PSNY
user_347,1,PANR
user_2033,1,INAZ
user_6316,1,FBK
user_33219,2,CLH|NOC|TSLE
user_13560,1,FCXWA|ROKUE
user_8062,1,B
user_25258,1,ROKUE
user_15645,1,ACO|MSFTW
user_19986,1,AAWW
user_13373,1,ITA|PBT
user_14657,1,BRK
user_30169,1,PAGS
user_7637,1,NKE|SHUEY
user_26028,2,AMTMA|DIS
user_12367,1,ERIC
user_8518,1,HOSKY
user_17032,1,KODI|SVFD
user_367,2,MSFT|PTRA|VEA
user_22664,1,AMCGR|HSBC
user_18298,1,AZN|LMNOP
user_11723,4,CHNG|DOLE|NFLXD|NK|OKE
user_962,1,DOCUF
user_16531,2,F|SPYOP
user_10993,2,CELHM|SPYBU
user_33459,1,MUNIK|VEA
user_18632,2,KMB|PG
user_29254,1,BIDUE|STARS
user_26766,1,SBUXI
user_17017,1,FIVE
user_24064,1,METAT
user_24079,1,ADAPL|KOMCD
user_27631,2,BUD|DOV|KRALL
user_24449,1,META
user_23562,1,AMPH
user_13574,3,AMPH|NWL|PYPL|TDOCI|ZSHTT
user_11085,7,AJG|CORN|CVANA|HCCI|JKHY|NXRP|PBRSO|SINCH|TH|TROWA|WES
user_26074,1,ABNB|BGS
user_4781,3,LTHM|PEPRE|SAITO|XPEV
user_24909,1,IMXI
user_26947,2,INTC|PYPLI|YCBD
user_23856,3,BMYHI|DAX|EW|MX|UHAL
user_7800,3,ENPH|MRNAH|SLB|TSLA
user_230,1,BOKF|JPMVA
user_8769,1,AAPLS
user_22828,2,MSOS|TSLA
user_31195,1,NNOX|SYR
user_29128,1,DEA
user_18609,2,DIS|NETCY
user_14097,3,KXA|ONON|TDG|VZ
user_21498,1,MOTEC
user_32429,1,DXC|NOW
user_156,1,UMAYB
user_5907,10,AWK|AZO|CEEK|CRMGO|DIS|FSLRH|GMBL|MSFTP|PALL|POOL|TSLA|V|VISIO|ZSDAT
user_9700,1,AFI|ENPHM
user_23688,1,SOFIS
user_14905,4,AFRMB|AOSL|NRTB|PLTRH|VVV
user_9784,2,ADI|NDX
user_7742,1,MRKFR|PEPRE
user_7902,2,BAMSO|ETHAB|MKL
user_5337,1,RVPH
user_31725,3,DFENT|FLWS|NVDAN|USHE
user_11347,1,ALIF|VTRS
user_29225,2,CNS|FITB|SOFI
user_17175,1,MGNIL
user_29870,1,AMTMA|KDA
user_9437,2,AMZN|BOC
user_33527,1,RUSHA
user_12134,2,FB|ICNM
user_2431,1,DPZEN|UWHAT
user_6571,3,BTBT|DIS|TSLA
user_214,2,BABYD|COSTD|LTHMP
user_13523,2,KRALL|SIWED|WDC
user_13084,4,AMAZN|RENT|SPOTE|TTDGE|VLOSS|VOW|ZSANA
user_26077,2,ABB|CHX|LRCX
user_33567,1,DQ|WCLD
user_16996,1,MKLBL|RYANH
user_21157,1,FE|FSLY
user_11463,1,IIVI|SHOPR
user_8227,1,MTN|SPA
user_26501,1,EWZ
user_27972,1,HDC|QRVO
user_10464,1,CPRT
user_8128,1,SUN
user_11439,1,EE|LEVI
user_15929,2,PYPL|SAIC
user_8651,1,ABBV|IDT
user_27562,4,AMZN|DTSLA|KOOWN|NAKD|PLTRI|RS
user_7400,1,GNL|SPYCL
user_16183,1,PSEC
user_714,1,DINO|SQALI
user_7675,2,DISTH|RVPH
user_13930,2,CPG|ENPH
user_1307,1,MRAM|WMB
user_6352,1,MRNAH
user_24014,1,DOMO|HONHI
user_9526,1,EQB
user_22287,1,APDN
user_12399,1,BAS|COP
user_4908,2,CE|OTRK
user_23123,2,COSTH|NKEWA|TWTRR
user_15910,1,MGNI
user_19077,2,AMDHO|EQT|SQSNA|VCOCA
user_27969,1,CLF|FBBUL
user_21713,1,PRU
user_31033,3,ABBV|BEEB|DGROC|GENFL|HT
user_6544,1,QQQSH
user_9838,1,VTI
user_10457,1,ABM|COSTM
user_31974,1,AIR|PHM
user_10910,2,AMDME|DIA|SLV|SPT
user_28338,1,ARKK|FBFIN
user_1072,2,CM|LLY|TROW
user_21055,1,GTLB|SBUXJ
user_12469,1,RL|SHOPD
user_10445,1,CALM|JPMVA
user_1732,1,CVANA
user_32105,1,RSX
user_241,1,RRC
user_32262,18,ADGI|ADTX|AMDVI|BMO|BVXV|CMI|COHU|CRMOR|DISWA|EPS|JPEX|JPMNO|KC|KDA|LAZR|LULU|LVMHS|NSC|OLPXI|PAYS|QRVO|RBAC|SKY|SNDL|TERHT|THCA|TSLAN
user_14201,1,DKNG|PII
user_23730,1,FLWS|SDC
user_28366,1,HYMC|SPGI
user_4414,1,LTHMP
user_24122,2,GDYN|IQ|VERT|XFRI
user_34135,2,IOBT|METAE|UAA
user_18640,1,DISTH
user_11057,1,LSPD
user_6589,1,ANVS
user_32298,1,TSMHT
user_25328,4,AAPLF|CARR|DGII|ENBAN|FBLIK|ROP|VNOMW|XIL
user_30233,2,ETWO|KLAC|NOC
user_5092,1,CSIQ|ONCT
user_13635,1,STX|TSLH
user_1130,1,CINF
user_6845,1,BAENT|ETHIN
user_30608,1,BNB|HEI
user_3918,1,BYDI
user_16891,1,AZZ|PGJ
user_1567,1,RIOT
user_31132,1,ENSC|GFS
user_30579,1,BWV|KDA
user_4735,1,AMDRU|COVID
user_4675,2,ROSE|ZS
user_31720,1,ONCT
user_21390,1,NVDA|UNHIF
user_28718,1,ABCL|MAFAC
user_27376,2,AMZN|ELSE|VXX
user_1257,1,AAPLJ
user_20924,1,HCCI|LBRDA
user_22108,1,HOMB|SONO
user_14566,2,ATER|DIS|ETHE
user_25792,1,BKE|FANG
user_18241,3,NOC|PTONP|TSM
user_31008,2,AMZN|SGMS|SWMA
user_21941,2,DAR|HAIN|NVO|RBLXA
user_33385,1,BAALL
user_17992,2,TSLA|WM|XVG
user_16681,1,AVTR|MAS
user_19027,1,PKKFF|PMFEB
user_3136,1,SRC
user_8205,1,NIKLA
user_10630,1,BBBYH|WEAT
user_29154,1,CELHT|GTC
user_27234,8,CELHT|CLPT|CPBCH|ENPHC|HOLE|KDP|MMMOW|NVMI|PG|SBFM|UAN|UBERT|UHAL|USDJP
user_5500,3,ABNBS|LGVN|NXTD
user_32389,25,ABNBC|AEHR|BN|BTC|BYM|CFG|CRWDG|DOGE|DOOR|FANG|FBETH|FCAU|GMESU|GPN|GSAT|HDTOP|HMBLI|IWO|LCIDT|LYB|LYFTC|MCDOC|MTD|NASA|NIOTH|NVDIA|PUBM|RELI|SOFIN|TCOM|TROW|TSHAR|TSLAO|TTC|TUPHT|UNG|UPWK
user_32100,1,DLNG|SATL
user_18676,2,MSFT|VTWO
user_10832,1,ARVL
user_815,1,TM|WCLD
user_31869,3,ABBV|KLIC|NWL|SNAPT
user_24796,2,BA|STRR
user_14776,1,MOB|PINS
user_10864,2,KO|KONOV|NFLXA
user_17361,1,AKAM|CHWY
user_14101,1,DXYHT|SPOTR
user_4322,1,MSFT|SPYTH
user_30440,1,AN
user_33737,1,ALBT
user_2639,2,ENBFO|ILV|WEBRW
user_6701,3,BILLV|CCJ|COTYA|NVDAD|SBOX|UONE
user_21445,1,AGNC
user_12238,2,AMDAP|WES
user_17027,1,ETHAL
user_26050,1,PGR
user_25084,3,AAPL|AHT|CPER|PG
user_17059,2,FXI|UA
user_18150,2,TPL|TZOO
user_34202,2,ETWO|MJ|ROKUW
user_34079,1,SKWS
user_2711,9,AMTWH|AMZNI|CEIX|CVANA|DBC|FBREM|FSK|FTNT|HKD|MGM|NIM|PIN|PLTRH|TLSAQ|TSCOB
user_4379,1,TM
user_32540,1,HUT
user_19330,20,ABEV|ABTIN|AIR|BABAE|BAENT|BCTX|CCS|CLH|COINW|COP|COSTQ|DDOGA|DISCO|DOCUH|FEG|GLD|GRMN|IINN|INMDF|LLL|METAS|MMMHI|NQ|OXYBO|SAVA|SO|SPOTR|WAFD|WELL|YEXT
user_24312,1,MKLIN|OHICO
user_15247,2,BX|MAN
user_1431,3,AFRMT|RUX|VINE
user_18931,1,ABCB
user_19442,1,CRM|RPRXB
user_20330,1,ASTSM|CECE
user_32886,2,KLIC|OKTA|RKT|SMCI
user_18670,1,CENN
user_26539,1,ETHAB
user_5076,2,MSFT|MTCH
user_30553,1,EXEL
user_28223,2,MNDP|SPXU
user_25740,2,ALBT|DQ|HUTME
user_5218,1,UBERT
user_27117,1,WEAT
user_5644,1,PYPLA
user_14769,1,TSLAK
user_10920,1,UBSMO
user_22322,2,GTSIF|PATHD
user_17221,1,DINO|MMMHI
user_17772,1,COSTA|FRBK
user_18608,1,SQSPO
user_29460,1,ALIF|BLND
user_31232,1,CEBOU|CRTX
user_15087,1,IDXX|UAVS
user_28954,1,AFL|BULL
user_24662,1,DWACW
user_3931,1,ETHE|MSTRH
user_29952,2,PG|TTDGE
user_3987,1,DDOG|FISVB
user_14066,1,NTFX
user_10659,1,COMB|CRMOR
user_21120,4,AMZNP|ASAN|DHI|DISCO|ENPH|PRVA
user_13201,2,CNI|F
user_11185,1,HFC|IMRN
user_4226,1,NWBO
user_1633,2,BABA|TSLA|URNM
user_16463,1,FBLIK|SSNAP
user_26268,1,DHR|TXTM
user_31341,2,GOOG|TPB
user_24363,1,CATSE|SUN
user_24637,2,AMZN|NFLXH|QFIN
user_7519,4,AVGOF|CAAS|CELHM|INTCR|NVDAM|RBLX|TSN
user_8669,1,MNGHT
user_7864,1,SWMA|TYDE
user_6332,1,AVGO|RKT
user_27810,1,SOFIN
user_11273,1,QQQM|TGTNO
user_6102,1,MSFTD|TWOU
user_29961,1,DOCUH|MTCH
user_12387,1,PM|SNAP
user_17403,1,METX
user_6853,1,MUDRO|VAND
user_22484,1,FRSH
user_13542,1,PAVM|PUBMH
user_8892,1,EVFM
user_16325,1,HYMC|LINK
user_14711,5,BASE|CKPTR|CXO|IJH|LIND|SASR|SNAPS|TWTRI
user_10348,1,HUSAL|TTDSO
user_3814,2,ABBVD|PYPL
user_33938,1,AFRMD|MLI
user_26687,1,MSOS
user_2622,1,GILD|QRTEA
user_15371,2,AAL|GOOG|HAS
user_9833,1,CLOV|YEXT
user_30692,1,SYYSO
user_16710,1,APPS
user_8350,1,IIVI
user_4806,2,NFLX|SPOTT
user_31406,1,CMI|HUBS
user_14138,1,KYNC|TWTRM
user_26740,1,MNDP|VRM
user_25704,1,DEA
user_14144,1,CHK
user_18852,1,GOEV|WYNNG
user_8661,9,ARCH|ARKG|COF|CTT|DISIF|DRI|LLY|MRNAB|NTAP|NVDA|PINSB|SIMO|VFI
user_17460,1,AGYS|ARKQ
user_12453,1,ANF|GOOG
user_33308,2,KO|PHARM
user_11854,6,AAPLU|BTTX|CK|NET|STUDY|TBK|TRIN|ZSTIE
user_28122,1,SWAV
user_30898,2,GRIM|NTRS|SNAPS
user_8067,2,CASA|SCHX|VYMVA|XRP
user_30173,1,KOTHE
user_27639,1,AEMD
user_12894,1,ABBVB|CIEN
user_5213,1,ASIX|STORM
user_34095,2,COST|HRTZ|SPYLO
user_2278,2,NFLX|OTRA
user_28978,1,ABNBM|LIBER
user_25651,1,AMDBU|BLDR
user_1344,1,MAGT|UFPI
user_25566,1,CECE
user_15055,1,UPS
user_13779,1,CAH|FYBR
user_10044,1,ROKUA|TTWO
user_13823,1,HMBLI
user_26087,2,GMQ|PG
user_4120,1,BBIGC|MAGT
user_18250,1,TSLAQ
user_1792,1,FHM|JOBYH
user_29288,4,ADYEN|BSX|CPBCH|ELY|UOS
user_823,2,HRL|IWM|KOCRE|UBI
user_5374,1,BK
user_32376,1,ABTIN|TXNCO
user_27780,2,DDOGA|PYPLA|V
user_14460,1,SMIC|SPWR
user_17599,1,DLO
user_16892,1,FBPUS|SMICY
user_8039,1,FBSEQ|OLN
user_16893,1,FNF|QQQ
user_21918,1,VLE
user_31280,1,METAN|NEGG
user_9961,1,LCID
user_21659,2,APOG|STLD|VZ
user_16643,1,SAVAA
user_15486,1,FIGS|TSLAP
user_21584,1,OZON
user_19946,1,AABB|CGCHT
user_22576,2,GE|KO|TRMR
user_8403,1,BMYHI
user_3225,1,AVLR|CRIS
user_627,1,BMRN|HTZZP
user_20737,2,AMDHO|NAKAC
user_11424,2,AAPL|ME|SHAK
user_12569,1,SPYCL|TOMB
user_413,1,BNDX|CRMI
user_19094,3,EDMAT|F|MSFT|TWTRA
user_6215,1,AMDBR|XAU
user_24484,2,INMDF|INTC
user_11722,2,EFA|GFSCH|INTC
user_25029,1,AAWW|ILMN
user_31296,2,GHC|NUOTH|SOX
user_3718,2,FLOKI|FYBR|WFCDE
user_13602,1,BFRI|FBULL
user_1607,1,CHNG|UVXYT
user_14500,1,BKR|WES
user_9504,2,BX|PATH
user_2193,1,CASTI
user_11366,1,CXO|GLD
user_8523,2,AMDI|GETY|HTOO
user_9393,1,MSCI|WBER
user_29248,2,AMAZN|BX
user_32920,1,FXYHO
user_9185,1,CECE|PLUG
user_33971,2,RBLX|RGLS|TSLA
user_29068,2,ASOL|BBIOW|CRMHE
user_536,2,CNBS|NVDIA|VISM
user_10548,2,ACB|FCXBE|SEDGD
user_21283,1,AJG
user_7360,2,BX|COTYA|CVXI
user_9134,2,MSGE|PG|SWX
user_26277,1,ASMIY|FBSIM
user_32127,1,KOTEC|RES
user_31666,1,ILUS|POWW
user_17394,2,INTC|SIX
user_11265,1,CPNGC
user_8435,1,CHEF
user_14378,2,CNQ|GOOS|WGOTH
user_14021,1,BLND|QRVO
user_30147,1,PGPAS
user_16906,2,AAPLL|AMZN|STAGR
user_16963,2,ADAPL|C|IEP
user_27710,1,MXL
user_27902,1,CHE|MELIM
user_30534,1,NVEI|OTLY
user_31875,2,FR|NVDAM|WNS
user_24947,1,LIDR|UFPI
user_15683,5,CPB|GMPW|INMDF|JPM|PEBO|SGMA|SUI|UBER
user_7697,7,AAPL|AFRM|ALLYB|CALM|CLFAN|DISNE|HSCS|JD|POWW|RMBS|TMNA
user_10212,1,FBREC|FBROO
user_17769,1,FL
user_10224,1,SUNW
user_3938,2,AZPN|INTCR
user_31787,1,CPBCH|MMMAP
user_8040,1,BKNG|NFLX
user_23319,2,CRM|NUE|PROSY
user_13163,2,GANG|NIO|NOCPH
user_2159,2,CAAS|KLAC|OCGN
user_28282,4,AMDCU|BLDR|BSC|OLED|TTDCL
user_13573,2,ENPH|SWK|VTRS
user_16834,1,IHT
user_13531,2,SMSN|ZS
user_297,1,ACON
user_10077,1,STRAV
user_26836,1,SQALI
user_16747,3,INTCS|LIGMA|POSH|SIVB
user_711,2,CRM|GK|KLAC
user_866,1,COINM|SPYPL
user_22425,1,MSM|SNPS
user_25657,1,GEWED|QQQPU
user_16980,6,ARCCA|BAX|ELS|FTNT|P|PLYPL|SPPI
user_24439,2,AAPL|NIOAS|PINSU
user_14628,2,PYPL|TROWA
user_11812,1,UPWKT
user_31052,1,AAPLO|FR
user_25779,1,ADBE
user_22331,1,BAS|KTB
user_10627,1,PRFT|SAND
user_31405,1,CWEB|FBULL
user_26448,2,ATTOT|SAIC|VUG
user_23316,1,VUZIE
user_28584,2,AMBAC|QCOMT|TSHAR
user_27322,1,CPB
user_28940,2,IMCR|KO
user_33078,1,HAFC
user_830,1,MSFTE|VXRT
user_14654,4,A|EMR|PENN|RENN|SKIN|TLA
user_28479,1,JPMVA|PHAS
user_32219,1,OVR
user_8043,1,ISPC
user_1566,2,AMDME|AMOV|SPWR|TSMAU
user_7736,2,ENPH|MRNS
user_20797,1,SHWGR
user_25562,1,FBMEA|LVMUY
user_30990,1,ABNBO
user_8637,1,LYXE
user_27526,1,LMTJU
user_20735,2,ENPH|WEJO
user_1472,2,B|MTTR|VZ
user_31410,1,MNG
user_7888,1,TRT
user_24442,1,CRWDW
user_9452,2,DWACW|MYOV|SPYIF
user_21243,1,MILLI
user_31934,5,AA|AB|ABBVM|ANTM|BLBX|FBUY|GLJ|SGML|TGTDO
user_3360,1,OI
user_24293,1,ESTC|MMF
user_31925,2,EDR|METAT|TTDMA|VIOT
user_6129,3,ISIG|NOC|PYPL
user_9411,1,USFD
user_16221,1,IJH|SSTLE
user_15555,1,HYG
user_15726,1,ARLP|FTMSA
user_13993,1,HNTAM|TITN
user_2050,1,GTLB|ONEX
user_7766,2,CRM|NXM
user_9787,1,MAT|MP
user_31012,1,AMDWE|JMIA
user_3548,1,LVMHS|NVDAI
user_18576,1,SCS
user_30244,1,TQQQ
user_14815,3,CFG|CRM|IGEX|TSM
user_26969,1,QQQAN|SAFM
user_1496,1,HFC|LCIDC
user_3490,1,DXYHT
user_19232,1,FTAI|TENB
user_24910,1,BBIO|HTZ
user_14781,1,PSFE
user_8032,2,SQM|VSATO
user_11246,2,MOHOW|NIOGO
user_30253,1,AMBAC|ATYI
user_7176,1,TRVN|UDR
user_24280,1,LVMUY|POWI
user_1761,1,USAP
user_28140,1,VWEDN
user_12259,1,URGN
user_2214,1,BRCC|NIOGO
user_23152,1,FIS|KNEBV
user_8991,3,AFRMD|AMZNI|FSLRB|MSTRH|VZ
user_1389,1,DCI|DLO
user_15712,1,ABNBB|AMZNP
user_10045,1,PMFEB
user_24116,1,SHAK
user_25543,1,BGFV|O
user_4367,1,GDXJ|VRPX
user_30786,1,KO
user_19308,1,BKX|LUVFR
user_8332,20,AFI|AVGOF|AZZ|COSTB|CTIC|DCBO|FRPT|GC|HTHT|HXSCL|ILAG|JKS|KOTEC|METIS|MMAT|MO|NKEBE|PRVA|RIVNS|SOC|SOL|SOUN|SPELL|TIMEA|UPS|VREIT|WWATC
user_15197,2,CEBOU|PLTRI
user_21741,1,BBRY|STEM
user_18405,1,BTCI|TSLQ
user_13682,1,DKNG|NOBL
user_2321,1,TLNT
user_17170,1,VNOM
user_11175,1,WISHW
user_8916,1,BABAT|RMO
user_17963,1,PWR|VTG
user_29765,1,QNTJU
user_31897,1,NCR
user_33700,1,GBTC|GSL
user_32099,1,TELL
user_27686,1,KIM
user_28324,1,SFOR
user_8553,1,UDIGI
user_15782,1,AMG|MILE
user_9481,1,SSTRE|UDIGI
user_14318,1,QQQAN
user_6772,1,BLK
user_8258,1,GGG|HSY
user_13973,2,BABYC|DIS|MOTEC
user_840,2,ENPH|IBM
user_25705,2,F|KFY|LYXE
user_27555,1,BMRN|FB
user_33217,2,DIS|TALI|VIEW
user_25500,1,ALGN|AVID
user_3782,2,CRM|KLEE|MTN
user_7141,3,ATYNO|AXNX|DBGI|PEBO|YOU
user_1894,1,PDD|RWTR
user_24268,1,NWL|VGT
user_16153,1,NIOA
user_25352,1,MXC
user_22714,1,BA
user_1814,1,CAMP
user_1730,3,AMD|ANY|PG|SWKS
user_10608,1,ACHC|USDT
user_18751,1,SNTI
user_18800,3,GMEHT|INO|PHARM|TSM
user_19090,2,CRM|VISIO
user_25820,2,CVXBA|RMBS|XOP
user_24806,3,AAPL|GOOG|LUNC|UAL
user_22939,1,AMX|SNAPT
user_8076,2,BKCC|IWMBU|USHE
user_19816,1,TSRI
user_24940,1,AVGOR|TBK
user_24182,1,GOOGE|VUZIE
user_28547,1,AMDBR|TRMR
user_22539,1,HIPO|SAFM
user_30736,1,MAIN
user_11784,1,MILE
user_22212,1,IVR
user_21528,1,PTE
user_33121,1,SSNLF|WWE
user_1167,2,APH|DIS|SBNY
user_7830,1,OZON
user_21443,1,EMB|NLSN
user_11315,1,BABYT|TSLE
user_23850,1,BOKF|PGNET
user_2834,1,NEEFO|SEAND
user_7344,1,BRN|SOSHT
user_1033,1,HOSKY
user_26536,1,TCEHY|YGG
user_25126,1,DENN
user_25224,2,NEAR|TSM|WPCWH
user_4310,2,BKH|FOX|GLW
user_470,1,HQY
user_8161,1,ALIF|SBNY
user_33884,1,EFTR|ONTO
user_22541,1,CP|IBKR
user_17884,2,IDT|MKL|SGMS
user_10377,1,APE
user_6211,1,MCDEU|OD
user_24448,1,UCYBE
user_30075,2,LNTH|NOC
user_12600,1,ALICE|CALM
user_30397,2,FBHER|HAL|INTCF|NKEMO
user_7585,1,DOCU
user_2180,1,MZN
user_32539,1,AXU|SNAPX
user_25052,1,OFG|SPT
user_20835,1,ETHCY
user_31113,1,GEBRF|OP
user_27506,3,ANC|DRI|SOFIH|WIRE
user_24379,1,IEX
user_23107,1,ASOL|DVN
user_24267,1,SHY
user_3992,1,AVY|DLNG
user_29367,1,BULL|VISHA
user_29531,1,CVXBA
user_21468,1,BAI|OTRK
user_11337,1,DPRO|RHCLO
user_11584,1,NASDA|NCR
user_15860,1,PAASH
user_24387,2,CMC|COST|OTLY
user_11098,1,GTBIF
user_8008,1,TLTHT
user_32292,1,XOM
user_3349,1,LRC
user_18653,1,I
user_33594,1,RYANH|ZMPAR
user_22888,1,GTLBW
user_30868,1,ATTOT
user_11063,3,AHT|EC|LSXMA|REXR|SCHG|SWCH
user_7842,2,INTC|MDLZ
user_33455,1,HDC|PATH
user_5473,1,BMO|CATFR
user_94,3,AMDAD|PSLV|PYPL|SNOWC|SPXTH
user_26622,1,SWBI
user_26933,2,BABAT|NDQ|NURO
user_14441,1,ARKKS|SAND
user_34071,2,AMZNW|XPEVS
user_4509,1,CVS
user_34010,2,GOOGN|SOFIS|XPEV
user_2255,2,CRM|JUNGL
user_22974,5,CHHFI|LECX|LGF|LUNAH|RCLWI|SCS|SFIO|TSLAT
user_1815,1,FLUX|WCN
user_15267,1,RICK
user_12833,1,INND
user_22808,2,ARVL|CAMT|QQQSH
user_6743,1,ISIG
user_4843,1,GMREV|KRL
user_3925,2,DISNE|NIOIS|WSM
user_6758,1,DGROT|QQQOV
user_24215,1,PH|QS
user_11551,1,SIWED
user_17539,1,QNT|TIVC
user_15491,1,CPB
user_5945,2,KO|NVDAT
user_29358,1,USAP
user_19929,2,AMDRE|SNMP
user_12366,1,GPS|NIM
user_33852,6,ANSS|BYD|CD|CF|FBZUC|JNK|LYB|PER
user_25119,1,AMDRU|SDS
user_29082,1,RIVNA
user_33853,2,CRM|ETHAL
user_6057,1,CCLES
user_33936,1,SPOT
user_3268,2,ASTS|MSFT
user_32900,5,AMDLE|AMZNG|ATH|CELHM|EWZ|LC|RYTEL|TLTHT
user_4253,1,RBLXB|VRPX
user_31769,1,TSLAA|USB
user_3020,1,NXST
user_2465,2,BAWAT|PG
user_6543,1,CGRN|MO
user_27341,1,BRYYF|VZHEA
user_18246,1,BAHAV|CDAY
user_10473,2,POLC|SIMO|WAFD
user_28402,1,METAH
user_21947,1,GOOGN|ONDS
user_24473,2,NSAV|TD
user_1960,1,AUDI
user_24548,1,TEVA
user_19034,1,XPEVH
user_21193,1,HEINY
user_27759,1,AMAT|WBAST
user_21073,1,ARKW|ORPH
user_27995,1,MILLI
user_3385,1,ALLY|NFG
user_7279,1,FLGT|FVRR
user_25760,1,CARS
user_24080,3,BOO|CRON|PTONJ
user_22213,1,TTDFI
user_26366,1,CSIQ|WISHT
user_11024,3,AYLA|BNB|FTESL|HAL|JNPR
user_29013,1,BOUV|PRX
user_4733,2,BX|HCDI|QID
user_24911,1,CBOE
user_33926,2,BA|BIL|STRN
user_2674,1,CELH
user_17166,13,ATH|AZPN|CHKP|CVNA|EDMAT|FBNOT|INTCV|KO|LAD|OXYBO|SPXC|SWKS|THSET|TSLAD|TSM|UBSMO|UVXY|XRP
user_6284,1,HD|MRVS
user_27607,3,DOBO|DTSLA|NIOGO|TSM
user_11542,1,DHR
user_27577,1,SPG|UNFI
user_1684,1,BTCBE
user_28396,7,AMZN|DD|GWW|HALO|HALWE|OIL|PTE|SQALI|ULONG|XOM
user_23212,1,CAJ|KRTX
user_19793,1,EDMAT|NWS
user_21276,1,PENNN
user_33291,1,BEN
user_19295,2,ARMK|GVSI|SAIC
user_29074,1,SPYPL|TDG
user_11686,2,AAPL|ENPHG
user_6668,1,COP
user_29554,1,FBTHE|FHTX
user_4898,1,NAVI|NDX
user_3648,1,DFEN|TNET
user_24676,1,ARKW
user_14456,1,SYNC
user_12847,1,MAA
user_32554,4,AEO|BA|BKR|EVGO|INAZ|NDA
user_1312,1,MUNIK|PRPL
user_19683,2,BNSO|ETHAB|KRSOL
user_7817,2,ENPHM|F|TITN
user_23096,1,AMDHT|TONR
user_11267,1,XDC
user_20356,2,BOA|IHI|TOL
user_7912,1,TDY|WLL
user_14964,1,TIGR|XELA
user_24986,1,CHTR|FBLAS
user_11543,1,FAMI|GMEGL
user_24066,1,TZOOT
user_30647,1,MRNS|VLO
user_23941,2,ARES|BX|TSCOE
user_16059,2,MSFTM|XPEV
user_32026,1,XLNXR
user_28724,2,F|FBK
user_22912,2,ARKK|IWM|SPLK
user_25177,1,AXPHT|TEAM
user_7987,2,BKNGH|CASY|WWE
user_11033,1,ABMD|DOCN
user_32101,1,HEI|USO
user_18847,1,ALICE|CLBT
user_31677,1,XPEL
user_12523,1,NIOLE|SNAPT
user_28567,2,BRUSH|BX|UVIA
user_31126,1,BTCNI
user_11240,1,CPI
user_27621,1,NOKBR|XRP
user_16048,1,STORG|TISI
user_30464,1,CRDO|CRWDG
user_10704,1,RYE
user_18978,1,LCIDW|TWTRH
user_28781,1,AAPD
user_2970,1,ABNB|MNG
user_28463,1,EFX
user_23229,1,MNDY
user_1225,1,AVLR|BANC
user_26017,1,CLX
user_22318,8,APPH|ATVIA|GNS|IRM|MDAYT|NKEI|NNOXH|NYCB|PYPL|VMOHN|WPM|ZTO
user_26158,1,AKLIH|FBTHE
user_246,2,INTC|JACK|LTNC
user_28059,1,NVCT
user_13260,1,MGA|NFLXB
user_790,1,SIVB|YUM
user_14261,1,VINCI
user_22695,1,OTIS|ROKUS
user_23049,2,ILUS|WRBYD|XPEV
user_16052,1,PSLV|YGG
user_16051,1,BAI|LOVEL
user_27625,1,NIOGO|PLYPL
user_14416,1,NKLAQ|RPRXB
user_31144,1,O
user_28203,1,PLTRE|TITN
user_21948,1,NXPI
user_18486,1,TD
user_11961,1,HRL
user_17555,1,CRMOR|OPEN
user_34305,1,EXPE|TWTRA
user_6263,1,EGC|XRX
user_11591,1,FCAU|IGSB
user_16679,1,BTCNE
user_15089,1,IQ|X
user_17179,1,CLR
user_7132,2,CBIO|DATS|FRPHC|GMLI
user_13747,1,FSR|NETSO
user_17466,2,BA|FARA|NFX
user_8237,1,DAR|HITI
user_4525,1,NOCWE
user_7737,2,ENPH|HLBZ|TREE
user_3426,1,ATGE
user_30144,2,BLOCK|TSLA
user_27952,1,ATGE|FBINS
user_23055,2,CPIX|KLAC|NFLX
user_25922,1,MGA|MKLBO
user_15238,1,WSO
user_25823,1,ALEC
user_32688,2,ALLY|TSM
user_12821,2,BFRI|F
user_24587,1,JCI|OHICO
user_23444,1,XPEV
user_25957,1,GMBL|SBUXB
user_4494,1,MKL|RICK
user_19537,1,APVO|HCCI
user_16774,2,AIRS|DOCNG|VZDEC
user_26103,1,LVMHS
user_8265,1,CPRIT
user_12862,2,KO|PINS|THSET
user_22899,1,DLR|NIC
user_12667,1,APPN
user_17976,2,META|NNI
user_12076,1,BX
user_11449,1,INSG
user_12689,2,META|THMO
user_33611,3,FFIE|NOC|PG|WIX
user_30599,1,COINH|MSFTH
user_8527,2,NOBL|POWW|WMTDI
user_4467,1,KONOV|STAGW
user_23154,1,ABBVR|SWAV
user_16772,1,AFRMB
user_28254,2,FDN|POOL
user_11179,1,CHWY|CRMI
user_18836,1,LIGMA
user_28699,1,GAME|ORPH
user_32988,1,PRTS|RES
user_14777,1,PBR|TDIVI
user_1610,2,FTS|PYPLP|RAIN
user_3719,1,FXY
user_19540,1,AMX
user_3853,1,HNST
user_22496,1,CMC|FBMEA
user_11839,1,NVDAB
user_12673,1,APPSV|AWR
user_32418,1,RAYVR
user_3740,1,JMIA|ONTO
user_27214,1,NNOXI|ZBRA
user_1677,2,KSU|XPEV
user_123,2,GOOGN|LTHM|YUMC
user_16379,1,FBSPE|NKENV
user_13613,1,STLD
user_15568,1,NKENV
user_3469,1,HDTOP|IT
user_33381,2,AMDPO|BSMFA|TSLA
user_85,3,DOLE|LRCX|MSI|SHOPD|STBA|WFC
user_685,1,RENN|XLV
user_29461,1,RBAC
user_29779,1,FOOD
user_22710,1,MTTR|NIOS
user_7840,3,COUR|FBETH|HBAN|MUWHA|POW|STBA
user_15172,1,UNP
user_18681,6,ALT|CARA|CBSTR|COSTW|GILD|MANU|MET|MTC|ONEX
user_15852,4,DAL|MCDOC|MSFTE|NLY|PARAH|PSEC
user_23358,1,BTCMI
user_27536,2,AAPL|MAGT
user_19779,1,ASML|TCEHY
user_1440,2,NVDAV|PTON|WGO
user_9500,1,CFG|FBCHA
user_10691,1,PLUG
user_27248,1,OSK
user_28015,1,SEV
user_5533,1,SYS
user_25954,1,VRA
user_26594,2,F|MNDYA
user_18108,2,ENPH|QSR
user_21349,5,AMBAC|GOOGS|HULU|JBLU|RWLK|SMG|UST
user_25216,1,FRGE
user_17643,2,GSL|WING
user_21991,1,MDLZ
user_28068,2,BTCUS|GME|TSM
user_25517,1,WMENE
user_4951,2,SONO|XPEV
user_29835,1,ANGH|FTM
user_19071,1,CARV|HAS
user_26282,2,GOOG|STRON|TSLAG
user_8506,1,FFND|SCO
user_14417,1,COUSD
user_29516,1,KR
user_19625,1,IIPRR
user_10378,1,GMQ|PENNW
user_805,2,BSW|NOC|UAL
user_26460,2,HUT|META
user_33993,2,FOX|TLT|TSM
user_14137,1,ENJ
user_29376,1,KIM|SYY
user_9115,1,AD
user_11593,1,AMDFU|ENS
user_20263,2,PYPLS|ZS
user_6132,1,GANG
user_21595,1,AMTD
user_776,1,DNACL|KOTEC
user_7659,1,NRG
user_34263,1,FBGAM|LLL
user_12748,1,FBETH|NNOX
user_24424,2,EQR|TTDMA|ZS
user_11576,1,FBLIK|GMETH
user_18437,2,AMZND|ASIX|KO
user_33430,1,SNOW|UNP
user_4665,7,AAPLQ|COSTJ|DEGEN|DLRMO|GNL|LOGI|NFLXY|RGEN|TLTSH|UAMY|UOS
user_1708,1,GRWGF
user_26744,1,IEF
user_19283,1,BBLN
user_16704,1,RAIL|VIXAT
user_29614,1,FNF
user_13742,2,JPY|LEN|NIOFR
user_12249,4,ARRY|MANA|PTON|TELL
user_26941,1,RWLK
user_15241,6,CDTX|DBGI|ETH|GRMN|HALWE|HON|MEDP|OAS|RY|WTER|YUM
user_23438,1,FBINN|XLE
user_10747,4,BEKE|COMB|GEVO|NEEFO|SPOTW|SPYIF|TWTRH
user_25087,1,ALEC|CHEF
user_12029,1,MARS
user_4086,1,ROKUU
user_195,1,TBK
user_27154,2,COM|RIVNT|TNR
user_10009,3,BAP|CHF|FLR|GSK|HTOO
user_3008,1,AMZNF|MPC
user_22586,4,ABNBM|AZERO|CELHH|FBTOP|MQTHI|NOW|VRAR
user_7380,1,VCAR
user_29720,3,AMD|DISH|LVMUY|MDAYT
user_5579,2,AMCLE|JNJ|MMMRE|VALN
user_28508,1,DXYHT
user_8022,2,HMBL|PINST|ZNGA
user_9467,3,BABA|BTTX|NAKDI|ROKUA|THC|XOMHE
user_212,1,AXPHT
user_7248,1,CHGGT
user_24897,2,ABCB|BA
user_29658,1,DLRMO|LYB
user_18849,2,IONS|PYPL|SNY
user_14463,2,ACBBO|AMZN
user_33701,5,EEM|GOOGE|MSFTA|NIOPI|QQW|QWT|TDOCA
user_17297,2,NKEFE|NOC
user_29127,1,UPSTE
user_24654,2,AYRO|NIO
user_3312,3,ADYEY|CRM|ISIG
user_4621,2,AAPL|KBR
user_8058,4,AXSM|BTUSO|ETSYT|LSK|MARS|PYPL
user_1354,2,CRMPR|FTAI|MSI
user_31608,2,BA|VEON|ZI
user_83,1,SI
user_4473,1,RIVNT
user_7028,4,AMRS|BTCWA|GENI|HAS|TSLAC|VWEWA
user_26455,1,DMYQ
user_3578,3,RVPH|SI|TSM|ZS
user_14305,1,VXN
user_10190,1,AAPLK
user_24991,1,AB
user_2183,4,CIEN|CVE|DXT|HOSKY|IVR|NRG
user_29020,2,CSCO|HBAN
user_4935,1,EGLD
user_1508,2,F|HYPRO|LUNAH
user_13132,2,NIOHT|ZSHED
user_32913,1,UUP|WKR
user_30986,1,CTRU
user_13794,2,DEO|SPXW|ZION
user_21413,2,FBBUT|LVSTH|VZ
user_5205,1,FBMEA|MRO
user_31978,1,UDR
user_16688,1,VFI
user_3871,1,MKLIN|UNHHO
user_26116,1,OSTK|TDOCI
user_6588,3,COMP|DISWA|FBCHR|IREN|NBIX
user_19337,4,AXON|CWT|FINV|NWN|NXM|OLO
user_17690,3,AMZNP|MA|TSM|WFC
user_27918,1,PGSOU|PINS
user_17436,4,AAPU|ARMK|PSFE|QQQHT|USFD|USNA
user_5450,6,AIZ|AMDDE|DKNGH|EPD|FINV|FL|KAVL|OLPX|PI|SHOPS
user_3390,5,CASTI|CCCX|MDBAL|NOC|PTE|SKLZ|XAU
user_14573,1,NOK|TOST
user_7273,1,USFD|VRM
user_11775,2,AMD|CHR|SHUEY
user_28252,2,ABM|BWV|QQQDI
user_15667,4,BAESY|KOMCD|STOR|TGTNO|TRT|VMEO
user_4571,1,PGPAS|SPYLO
user_22981,2,EL|FTESL|KONOV|TLRY
user_15865,1,RKLBS|SFT
user_18082,2,FSLR|HFC|INTC|PDSB
user_448,1,BTCBR|SYS
user_24782,1,AMDCE
user_30638,2,ADA|MDBWA|TSN
user_30950,1,IEI
user_32818,1,ENPHC
user_4760,1,NFLX|SWKS
user_4540,2,AAPL|EXPI|NOV
user_5732,3,AKRO|FNF|HXL|LIGMA|PG
user_30465,3,BAALL|INTC|NEAR
user_29383,1,EUFN|FRGE
user_11040,4,BBIH|DOBO|OMC|THETA|TRIN|YUM
user_4393,7,AAL|ABTWH|DOCNG|F|FEG|FIVEY|GOLD|INND|NETA|PLTRE|QYLD|RBLXL
user_22845,3,CPI|NIO|PTRA
user_32273,1,NVDAG
user_14415,1,MNDYA|TSLAR
user_22468,1,BBIH
user_24392,1,EPAM
user_17556,1,BBIH|MPWAL
user_21720,2,ABEV|BRN
user_12980,1,DCRC|GOOGD
user_3295,2,COMP|SHIB|VZ
user_22236,1,INTU
user_3912,1,SXTC|WRBYD
user_25802,1,CAST|SASR
user_29059,1,PRVA
user_20717,3,AFRMA|BAYC|DJCO|NKEMO
user_4111,1,AAP|FBK
user_24252,1,MO
user_14918,1,UAVS|XM
user_4563,1,ASLN|BAX
user_16582,1,GHC|VYGVF
user_12976,1,BMRN
user_21660,1,WMTCO
user_3956,1,MKL|WYNN
user_18273,1,DLO|SHOPH
user_9056,1,ALGN|HT
user_6495,1,BNS|LIHTT
user_82,2,F|RWTR
user_25365,1,INDO|VIXFO
user_27023,2,AMZN|AMZNT|XLIGR
user_4941,1,AAPLQ
user_33529,1,LTNC|MULN
user_19891,1,AMZNH|GGII
user_18091,1,AMZNT|XLIGR
user_11342,1,PYPLR
user_6496,1,ACB
user_33658,1,AEHR|SHW
user_15145,12,BEWI|BMBL|LLYSH|PHG|PHMAF|QCOMJ|SAVE|TIA|TMO|UPSVI|USDJP|UST|UVXYT|VAND|XPR|ZWATC
user_19831,2,MRK|NFLX|PYPLS
user_9446,1,INTCV|XLF
user_27652,1,HDPRE|SPXW
user_24759,2,ACN|NIO|PDFS
user_34253,1,PYPLA|QQW
user_10385,1,KOTHE|KSU
user_27110,4,CSIQ|JPMNO|KLIC|PHMAF|UAL
user_22030,1,SOC|TSATM
user_25467,6,AAA|AAPLB|AMBAC|DISTH|HUSAL|NUTX|TONR|TZOOT|VTI|WF|YETI
user_15990,1,CSIQ
user_14682,2,AMRS|BESOF|SIBY
user_22727,1,DOOR
user_23773,1,ATZ
user_10248,3,FBMEA|RACE|SYY|TISI
user_30346,2,DDD|MPSOL
user_32574,3,AIG|ALLPE|AOUT|BRSH|FBBEA
user_9135,1,DM|VFI
user_24520,1,AXNX|QCOMR
user_13919,2,BX|ESCA
user_18928,1,BYM|XI
user_33103,1,MAA
user_16631,1,FLWS|PXD
user_23417,1,FBBY|UNFI
user_2110,2,ARES|DNA|IAS|PGY
user_10272,2,ALBT|FRBA|NIKLA
user_30236,1,AMZNW|ENTG
user_26587,1,AMZNG|LTCHT
user_5032,1,AMDDE
user_9376,1,ALGM
user_5409,2,AAPLN|AUST|TENB
user_10237,3,BX|COINW|FI|HES
user_24605,1,COINP|VW
user_22660,1,HOODM|IONQ
user_10774,1,BRN
user_19789,2,FBCOM|SMSN|SYK
user_4500,1,AR|ATI
user_32232,3,ADV|DEN|LECX|LUVFR|SNY
user_7708,1,VBUYS
user_679,1,MNDY
user_25889,1,AMDTH|TMDX
user_10511,2,CCIV|GOOGL|RUNSH|V
user_32010,1,DHR|P
user_24672,1,PMFEB
user_31706,1,JAMF|YETIF
user_18322,2,CYBR|HTCR|OPEN|STHE
user_17419,1,RBLXS
user_3435,1,ELONQ
user_17101,1,OVR
user_7693,2,CRM|PLBY
user_13768,1,DISFR
user_333,12,AAPLD|AMDCU|APRE|ARKO|ATZ|CB|CHF|CRTD|EGRNF|HAL|HBAR|KBR|MGNI|MPWR|MX|PHG|SBUXA|SPLK|VNET|XPENG|ZDROP
user_9011,2,RRGB|VET
user_10169,2,MKC|SOFIN|VTV
user_5277,1,MGNII|PH
user_22772,4,BYD|GDXJ|MOFEB|SESHO|VVERI|XLRE
user_10123,1,STAG
user_10297,2,CI|GOOG
user_29412,1,ENSC|UBERT
user_12060,1,HTZ
user_17661,1,BZ|TREX
user_31640,1,PNC
user_29409,1,ABR|FRT
user_33257,2,THCA|VZ|WYNNW
user_15360,1,MC|WPM
user_16923,1,STLA
user_23554,1,GLXY|S
user_29501,1,ARLP|WMTCO
user_9488,1,BITF|NKTX
user_2446,1,ELSE|FBROO
user_5425,1,ATYCA|OMI
user_30944,1,AMDCU|HCM
user_16484,1,ABBVU|WEBR
user_7907,1,FBTOP
user_14585,1,FBCHA
user_19206,4,AIR|ARVL|ISPO|PBF|PETS|SNOA
user_6350,1,CMGMC
user_26982,3,FBBUL|KOSS|MARK|XL
user_786,1,DGWHA
user_16935,1,JNJPA
user_15344,1,FSM
user_744,1,EPIK|NTNX
user_32979,1,USDP|VRPX
user_20571,1,MATIC
user_14270,1,FBFOC
user_14643,1,BPOP
user_10257,1,FICO|WMT
user_34165,2,DIS|NNOX
user_1757,1,DATS|NAVI
user_8834,1,METAS|PHG
user_27467,1,RHCLO|RTX
user_34303,1,STORM
user_18781,1,EW|OCGN
user_3545,1,IFNNY
user_10135,1,LOWSE|SNOWI
user_1776,7,AAPLS|BFRI|COTYA|FIVN|JKS|MEDP|NVEI|PANR|VRTI|YY|ZSCHA
user_23832,2,DRV|GDRX|JPM|TZOOT
user_4297,3,AEMD|DID|OLPXI|SCS|SPYLO|XOMNO
user_28107,1,AMZNU|PRX
user_8107,1,AESE|DJCO
user_5640,3,ICNM|VOSO|VZ
user_33045,1,BROS|ZMFAC
user_6503,2,BJ|KO
user_12639,10,ABBVW|AMPS|BAHUG|BEN|DKNGZ|EIDO|EQUIX|FTDR|IVV|LNTH|MMMMI|NIO|SKLZ|TMDX|WEBL|XAU
user_31316,1,TLSAQ
user_15428,1,GLD
user_20579,1,IS|WFCBO
user_24058,1,CRWDW
user_21041,2,AMDNO|ASTRB|ETN|KCAL
user_17332,1,ADSK|HCA
user_7928,9,ASMLW|ATXG|BAT|CHHFI|COTY|CRMOR|FBFOC|FCFS|MFC|MRVI|STBA|SWPPX|UNHDO
user_31396,1,EVGO|FSTX
user_8013,2,AAPLK|BX|VLON
user_12001,1,AVXL
user_20026,1,ETSYC|OC
user_28258,3,GENI|MSFT|NKEMO|PYPL
user_27935,2,DCRC|FAZE|JPMAU|SCHW
user_13350,1,AARK
user_21648,1,SCL|VWEDN
user_2231,3,PG|TSLAP|XPEV|ZMBEA
user_32878,2,BX|CODX|RUNSH
user_14092,1,DISFO|PER
user_24290,3,AAPL|GOOGN|ORETA|RCI
user_24812,2,AMDDE|CHEF|SPXLA|UAVS
user_31082,1,GHC
user_5935,1,DKNGZ|HOMB
user_6054,3,AMCRE|KO|NFLX|RYT
user_7349,4,AAPLC|BP|BRN|FBJUS|MRO|VZDEC
user_16856,4,AMZN|DOCUH|GES|HLBZ|USFD|XPEVH
user_7235,1,INTCM|ROKUU
user_19498,2,AAPS|ALBT|VZ
user_21745,1,EIDO|RLX
user_18258,1,AZPN
user_11771,2,AMAT|JBLUC|WES
user_17837,1,KCAL
user_31542,1,AAPLG|BAM
user_893,1,GILD|STNE
user_28618,1,FANTO|SBAC
user_15971,2,AMZNU|GAME|ISIG|VTI
user_19168,3,ALL|FBZOO|LUMN|NIC|SAVG
user_25488,4,APH|ETD|NVDIA|SPYAL|SQAT|STAG
user_18442,1,D|HFG
user_15051,4,CAMT|DRIO|LIGMA|NFLXA|TSLAK|VEON
user_13058,1,SOFIB
user_26085,2,GOGL|PG|RAIL
user_24068,4,BCYP|SPPI|TLTHT|TSLA|YNDX
user_13647,1,GILD
user_31056,5,BA|CNSWF|COTYA|RGBP|SABR|XLK
user_16205,2,DIS|ENS
user_11904,3,AMZN|IIVI|ISPC|LIN
user_32467,2,CAR|NOC
user_25368,1,FBPAS|NVAX
user_5281,1,CSTM|TARO
user_2205,3,DB|DDD|MTDR|WB
user_23117,3,AEP|CCIV|NEX|NVDAR|XHBGR
user_21458,23,AABB|ADGI|AIV|AMDHT|ARI|AVID|BILI|BXDAN|CAST|CVNAS|DISFR|EGP|FBI|FRSH|HSY|HTCR|JPMAU|KTTA|MSFTW|NEEAR|NVDAC|OGI|PDDAN|PRTS|SJM|SMICY|SPYNA|SUI|TLSAR|UNHEX|VOSO|VWEDN|WOLF|YELPW|ZBRA|ZNGA
user_31345,3,HUBS|OKTA|SUN|UNI
user_28663,2,FBTHA|OTIS|ZPAY
user_11768,3,AMPL|CRWDW|FBFOC|GOGL|JBLU|NASDA
user_7686,6,AMDLO|BKCC|FFIE|FLUX|FTS|HIPO|NBIXW|NFG|STORB|TGTTE|TTDCL
user_18999,6,CBIO|ENDP|ENR|KIND|NVCR|PEPHT|SIGA|UBER|WNS
user_17236,3,HES|LUVFR|NNI|VZ
user_1636,2,GHC|MPW|PCTY
user_30766,5,AXSM|GMEON|HMC|MEX|NN|ORCL|QSSOF|SON
user_26564,2,ADTN|TGT|USHE
user_27979,1,AMDHO
user_26901,2,CARR|PINSU|UPSTF|VTVT
user_33715,3,HMC|METAT|RGNX|YEXT
user_31218,1,TDOCH
user_32675,1,SLB
user_13777,1,AAPLU|AZN
user_9221,1,SCHG
user_24773,1,BRG|JETS
user_14077,6,AAPLO|AAPLU|AEO|BOC|CCS|CENN|CHRW|GOOGH|PERI|SOLO
user_11334,2,CRMPR|FRZA|QNT|SABR
user_2080,1,IRM
user_3830,1,ILMN
user_7529,4,AMCGR|BABAE|INFY|SHARE|SHIBD
user_20923,2,AMT|AZZ|TBPH|TSLAQ
user_32553,2,AXU|FAST|XPEV
user_4776,1,SPY
user_27581,1,BTCBE|NOCIS
user_13538,3,AWR|BAWAT|COINP|DOOR
user_26360,1,SAP|SNOWI
user_19268,1,OSH
user_23098,1,FOSL|LEVI
user_9589,2,GOOG|NFLXW
user_4927,1,JASMY|MDLZC
user_9123,1,ANVS
user_25250,1,KSS|PTPI
user_29224,1,FTMSA|GDS
user_11750,1,ASANF
user_15332,1,HLF|SHWGR
user_13609,9,CDNS|CM|CRM|DISEN|DISHB|DPSI|EXPE|HDWHA|NVVE|OSH|SILVE|XLM
user_30657,6,CRSR|DOCNS|ENPH|MARK|NADA|RBLXA|SEBUY|TMUS|XLM
user_28367,1,G
user_25950,2,EFA|IHI|PYPLH|SHOLE
user_32121,2,BRKNE|MSFT
user_25818,2,BCMH|COSTM|PKKFF|TSLL
user_18284,1,AMDSH
user_23247,1,RSP
user_8829,1,GDDY|LEN
user_33837,1,NKEFE
user_5465,2,APRE|RGTI
user_4085,1,CHR|FLIKE
user_22697,1,COSTB|TWTRT
user_12046,1,ALTO
user_20229,1,MCK|SUSHI
user_8450,2,TR|TSM|USNA
user_6073,1,AMZNO|PYPLR
user_15970,2,AXNX|MSFT|SFTBY
user_14502,1,DM|IS
user_2054,1,APPH
user_25518,1,DOMO
user_18059,2,KHC|KSPN|TSM
user_24033,2,ASLN|GOOG|IRMAD
user_11570,2,BA|TTDCL
user_7684,1,EXPR
user_10163,1,LRCX|TTDEV
user_11168,1,FBULL
user_32509,1,FSM
user_15335,1,DD|MPWAL
user_31537,1,CATFR|PIXY
user_15831,2,BX|COTYA
user_31627,1,WDC
user_27828,1,ACWI|ATVI
user_20826,2,AFRMI|EDIT|KO
user_11309,2,GMEON|NEWR|PEPTE|THEY
user_17864,1,HUSA|INTL
user_23092,2,APH|META|WFCBO
user_30664,1,BXHTT|WEAT
user_3725,1,AA|NETCL
user_33470,2,KOCRE|VZ
user_16294,1,IMRN
user_2577,1,DRTS|HRT
user_19641,1,BKNG
user_24892,1,CLVT|ZSREV
user_3477,1,VICI
user_27623,1,BLBX|VXAPL
user_30653,7,AMKR|DISFR|FOXA|HSY|IZRL|LFIN|MVRS|PDSB|SJT|SMFR|UEC|VYM
user_28859,1,CACC|STLA
user_10164,1,PTPI
user_30649,2,NIOTH|NXTD
user_16886,1,NXH
user_30399,1,ILPT
user_3568,1,ASIX|SHIBD
user_26413,1,CRWDH|UPSWE
user_2547,2,AMDBR|KRTX|NXH
user_9040,1,PYPLC
user_14104,3,APO|IGU|META|RSP
user_17270,1,WTRH|XRX
user_17068,7,CRXT|FCX|MOMO|MPW|NETSE|NINE|SNOW|WEBRW
user_22827,3,CECE|SNTI|TRUP|ZSAN
user_15515,1,HDWHA
user_2290,5,ABBVC|CSCOI|FXYHO|NIOBU|ONB|QQQYO|TWTRS|XPEVS
user_4370,1,DISGO|FBFOC
user_25529,1,KHC
user_6152,1,ACHC|LMT
user_5485,1,TSLAH
user_4876,2,META|UNP
user_6811,1,COINS
user_2226,1,COM
user_11012,2,BEETS|BSMFA|HNST|PLTRI
user_3130,1,SPOTW|WAL
user_10711,3,INM|ROKU|SEDGD|WKR|ZS
user_23039,2,CRMGO|FTM|KSS|QNT
user_21460,1,NTR
user_2266,2,HTZZP|PTONP
user_24702,1,KODI
user_388,2,AMPH|BX
user_16313,3,FXF|NIO|WEBR
user_26303,1,FBIN|INCY
user_20550,1,LULU|TOELY
user_30602,1,MRKTH
user_9409,1,USAC
user_6464,1,AMZNC|KRNT
user_6101,2,DPZEN|IEP|IMCC
user_18202,2,BTTX|LOWSE
user_224,5,INTCF|MRI|MTD|SPCE|STM|ULTA|UNHHO|UNP
user_20372,1,PRPL|TXG
user_9293,5,APD|KSPN|LIDR|META|MMMOW|TWTRM|XLRE|ZTS
user_28374,1,GMED|ZSDAT
user_12146,1,FBTHE|GTC
user_15253,1,DXT|OKTA
user_11369,1,CPRIT|RVLV
user_19747,1,AMDFU
user_25027,1,ZION
user_2306,1,AUPH|MUNIK
user_19022,1,DVY
user_27877,1,FSK|NFE
user_17736,1,HUTME|MARS
user_8273,1,AHT|TSLAQ
user_13526,1,LUXE
user_26100,1,PTONR|WISHT
user_19055,1,DPZ
user_22452,1,TMDX
user_17806,4,AMG|BMBL|CNVA|QQQOV|QQQTR|RVSN|WRBYD
user_17653,1,CLFAN|RBLXC
user_9307,2,NIO|RBLXB
user_18127,1,STAGR
user_19578,1,KTB|NKLAQ
user_23281,1,BRUSH|SJW
user_22490,1,YUM
user_25193,1,VREIT
user_29410,1,NIOAL
user_31235,1,FEG|SOUL
user_6079,1,FLL|SCL
user_1346,1,ETWO|FOOD
user_29602,3,BPH|F|MOFEB
user_11502,1,BAC|CLH
user_19186,2,CRM|SCHDD
user_18598,1,CTV
user_11964,1,EPSIL
user_30040,1,OTLY
user_30813,3,CGC|EGRNF|PDDAN|ZS
user_2650,1,EXLS|SQQQ
user_21046,1,BPH|DIS
user_12744,1,PVH|ZSLET
user_3570,1,CFVI|ESSC
user_2373,1,FBH|METX
user_17324,2,CVNAF|NFLXY|ZSWHA
user_26880,1,LNR|REGN
user_33667,2,BABAC|CIFR|RYTM|XOMDI
user_19128,1,MCDGA
user_20578,1,MDB
user_3728,1,SHAK
user_6238,1,CHF|HDCHI
user_11872,1,CME|UOWN
user_29385,2,APPLE|MNDP|PYPLA|TSLAL
user_18947,1,TIMEA
user_1910,1,FRZA
user_10083,2,AMD|CVSI
user_15470,1,PYPLH
user_27385,1,ENJY
user_33804,1,NFLX
user_34183,1,RTXMO
user_585,1,LMFA|NCLH
user_24206,1,ADYEY|NSAV
user_20217,2,AMZN|GNS|WSM
user_20866,1,MAIN|VTI
user_27200,1,AMZNF|PLTRI
user_22053,1,AMDHO
user_21198,1,ANGO|ROOT
user_29743,1,BKNG|HTCR
user_9211,1,LRC
user_19513,1,BND
user_21911,1,WEAT
user_16601,1,JJC
user_14325,1,ABT|GTLBB
user_13709,1,AMZA
user_20589,2,GANG|ODFL|RIVN
user_12421,1,ZSANA
user_27355,1,POWR
user_32343,1,DASH|QCOMW
user_16326,2,CDSG|LYFT|SITM
user_6483,11,ADGI|DCI|DGRO|DM|FANH|FBDOU|FCAU|IDEX|MFST|MGNII|NNOXI|NWBO|SHELL|TGTSE|VNOM|WCLD
user_32265,2,AAPL|MJ
user_27406,1,CSPK|OZON
user_28802,1,DOCNC|VVERI
user_7586,1,NVCR
user_10000,1,FI
user_20609,1,BITF|MX
user_19122,2,BRKS|EBA|TWST
user_33787,1,LOOKS
user_31902,2,HDTHE|NYT|VZ
user_21747,2,AMD|LRCXF|TMDX
user_19894,1,COUR|SE
user_19721,1,FANG
user_27787,3,ABEV|ADTX|GT|MTP|UPWKW
user_13241,3,LBRDA|NEX|PANWB|TWTRR|ZMFAC
user_6401,1,BILL|DOCS
user_4108,1,FBMEA
user_9371,1,ATYNO|FTNTO
user_521,2,CRM|FBDAI|GOOGS
user_15606,1,IWO|USDC
user_22299,2,AMZN|CFG|PSEC
user_5415,1,CVSI|GMEHT
user_20362,1,PBCT|ZIM
user_31355,1,GST|UVXY
user_23845,2,PYPL|SCL
user_27073,1,CWT|GS
user_9125,1,JACK|SHOO
user_33788,1,HOODT|VUG
user_19347,3,BRCC|HEINY|KO|MUDRO
user_1773,2,GSG|HRTZ|PCAR|TTDCH
user_8299,1,BVXV
user_25065,1,MOFEB|UMAYB
user_16474,1,NWS
user_25853,1,PRE|SP
user_17243,7,AMDRE|AMDRU|AVTR|BABAI|CBOE|CDAY|EMB|HOLES|ISPC|MSTRW|NKEI|SNAPS|SNOW|WMG
user_20254,1,HPNN
user_33592,12,AESE|AMDRE|BB|BMBL|CCXI|CTSH|EWZ|IVC|LCI|LHX|PYPL|RCLWI|SJR|TOL|UOG|ZBRA
user_29233,1,DRV|VTVT
user_2695,1,BACMO|FHTX
user_29721,5,AYLA|BIG|EGP|EVONO|NFLX|SHOPH|TOELY
user_31696,2,CRWDG|META
user_13847,1,BP|FBETH
user_19777,1,DISCK
user_17269,1,IVA|NDSN
user_8426,1,NTAP|PYPLR
user_27456,2,AMDFU|AMPS|ENLAY
user_23459,2,COST|ESS
user_30892,1,TXT
user_14298,2,NFLXL|VZ
user_30268,1,INSG
user_21252,1,SPYBU
user_25270,2,AMZN|IMCR|YY
user_28501,2,DD|GGG
user_2393,2,IONQ|TSLA
user_20137,1,MAWAR
user_10320,2,CVXUT|NFLX
user_28387,1,EFTR
user_7587,1,TSLAU|TSLE
user_32454,1,BCYP|ONKIN
user_1703,4,AMD|HOSKY|MAIN|PG|SWPPX
user_748,3,GMESU|KHS|QFOR|XOMDO|XPEL
user_11940,1,VIXAT
user_23959,4,BX|NK|OPORT|UEC
user_25720,1,XOMDI
user_6324,2,XPEV|ZWATC
user_16013,1,FHN|SRC
user_29622,1,MCDOC|ROOT
user_5504,2,SHEL|TLT|W
user_25366,1,TSMHT
user_1392,1,TSMFI
user_9209,6,BG|BNB|CYBR|IQ|IRNT|SBUXB|SDS
user_16652,2,PYPL|RENN
user_4439,1,YNDX
user_20380,1,BX|NSANY
user_12166,1,BKCC|KLEE
user_16641,1,PRE|ZCX
user_20503,1,PEPHT|PYPLR
user_9348,1,NIOWH
user_26597,1,AVBTH|ETHHT
user_19224,1,BBIH|GRNQ
user_33196,2,DIS|GMVD|PD
user_12443,1,MELI
user_5708,1,EVFM|INTCT
user_31020,5,DISQ|FNMA|LMFA|MJ|NFLXL|NOK|ONOV
user_5221,2,AMRS|COST
user_28319,2,CK|QQQSO|SOS
user_22979,1,NVO
user_32529,1,RRGB|TIME
user_25679,4,KLO|MOHOW|NIO|RDWR|ZII
user_33419,1,ANET|CPNG
user_28867,2,FAMI|MSFT|SWK
user_221,5,CTVAD|FSLYH|GOCO|GOVX|ILST|KBR|UCHIN|UXINC
user_24175,1,ASTSM|AVID
user_17431,1,DPZ
user_29392,1,KSPI|SPG
user_25732,1,IRNT|OAS
user_5984,1,IR
user_26646,1,PDDI|RRGB
user_20052,1,CGCHT|WMENE
user_2858,1,NIOWH
user_29141,1,KIBA
user_22992,4,BILLI|CEI|COSTI|FARA|JPEX|KDA|SOUL
user_4714,1,TBLT
user_16410,2,ASTRB|IDXX|XPEV
user_28896,1,ARK
user_23814,2,BLK|CRM
user_7555,1,CELHM
user_2945,2,F|SMAR
user_14533,4,ISPO|NVDAG|SPOTE|ULTA|WRBYD
user_33472,2,ALLYB|AMDEA|X
user_11225,1,PYPLB
user_26115,1,RAIN
user_9016,1,PHUN|XRT
user_25810,6,APOG|AXNX|CEBOU|LMTJU|NUCON|PIN|VRSN
user_12602,2,ATY|XPEV
user_12653,1,LCIDT|PURR
user_17291,1,NFLXL
user_236,3,ASH|BA|JACK|NFLXD|WBA
user_32390,2,FUTUW|FVRRO|OP
user_28009,2,PANW|SJR|SNOW
user_14745,1,ONCHA|SIOTH
user_5261,1,AMPS
user_27896,1,MOHOW
user_15296,1,CSPR|KIBA
user_17652,1,ILMN|SPYOP
user_14896,1,EFA|LRC
user_30380,1,IWMBU|MAWAR
user_26780,1,BLK|USD
user_7089,1,UPSVI
user_33373,1,HYG|NOCWE
user_19956,5,BLOK|BOFA|FOUR|NIO|NVDAM|SE|SNAPC
user_5857,1,WIRE
user_3367,2,ARKK|BX|VLNS
user_32179,47,AAON|AIG|AMDBU|ASC|ASMLH|BAON|BKLN|BKNG|BNSO|BYND|C|CACC|CCWF|CDLR|COINS|COSTA|DECON|DEO|ENSC|FBPEO|FNKO|FRHC|GDX|HALWE|HLBZ|HRI|HSBC|ILV|ISPO|JPMNO|KOMCD|LCIF|LLYSH|LTNC|LYFTC|MELIC|METIS|MGM|MSI|MTP|NDAQ|NIOA|NUPAT|NXM|PCG|PGPAS|PSTH|RAIN|RDSA|RNGR|SOFIS|SOSHT|SPYBI|SQ|SQDAT|SUI|TRU|TSLAA|TSLAF|TSLAV|TSM|TTCF|UCYBE|UDMY|VEEV|VISL|VLON|VRTX|VXN|VXRT|WTRH|YUMC|ZS|ZSCHA|ZSHTT
user_21495,8,ABBVF|ADSKG|DXYHT|FTAI|GMBL|GWH|HITI|ITA|LEG|LVMH|NVDAG|RBLXL|VZHE
user_26506,1,LTC
user_1555,2,RPRX|VRM
user_2651,1,AMOV|TBK
user_2152,6,AAPLU|BA|BABUL|COST|FBGUI|GGPIH|ISPO|KOSS|KRVER
user_33024,2,TSATM|TSHAR|XPEV
user_23643,1,ETHSH
user_9881,1,DOCU
user_27695,3,CPRI|HON|NETL|RA|VTI
user_26438,1,NIONI
user_19082,2,ALLYT|FSUGY|NXRP|SAIA
user_16063,2,HEI|NFLXH|SNAP|ZIDEF
user_16545,1,BACLI
user_8126,1,HCC
user_32041,2,FL|MPWR|UBS
user_27681,1,COSTM
user_8904,1,CVANA
user_11186,3,CHGGT|IIVI|RKT|SWAV
user_25028,1,BILI|KBH
user_2618,1,DSIGR|RGLS
user_18959,1,FBTWI
user_2976,1,AIG|BTBT
user_8461,1,AMZNI
user_23175,1,BON|SNA
user_27149,1,AVEO|SOC
user_29892,3,BABYT|FCAU|FE|GLNG|RTX
user_3727,2,BAHAV|JKHY|SPOT|TTDSO
user_25559,1,ASIX
user_1754,1,RVLV|TSLAW
user_12521,2,FLOW|HYLN|KO
user_17137,3,BEAMC|CVSI|SSNLF|YUM
user_2081,3,GNPX|NFLX|PYPL|UOG
user_16750,2,AEO|IMCR
user_14807,1,LCIDC
user_12483,1,FSV
user_24930,1,LAD|UVIA
user_27481,2,BAHUG|NFLX
user_871,1,DISGO
user_6107,1,BABEA
user_24155,2,ATYHO|CELZ|CISO|SPHB
user_29105,1,PTONP
user_13076,1,ISPC|SNAPS
user_742,1,TONR|TWTRA
user_22936,4,FRBA|FSUGY|JNJ|SHCR|TSATM|WOOF
user_26389,1,APO
user_9238,1,CBSH|GHC
user_30590,22,ATVIP|BKLN|CNSWF|ELS|FTNT|GFSCH|LKMEX|LOGI|MP|MSTRW|NIOPI|ORPH|PGTEC|POWR|RCLWI|SBUXI|SEV|SMCI|SNMP|SPYOP|STRN|TONR|VTI|VZHTT|WAL|WTRH|XPEL|ZIONT
user_9236,1,GGII
user_9169,1,MMMAN|TCHEY
user_16452,1,SMG|V
user_9073,1,SBUXW|TVISA
user_15874,1,BRUSH
user_9107,1,ACCO|EXPE
user_9079,1,BEN|DBX
user_25526,1,CBIO|FTNTT
user_31257,1,KOCRE|TGTSE
user_8924,1,ALLY
user_20920,1,URGN
user_25956,1,TTDFI
user_10588,2,PG|PNC
user_8915,1,ASMLW|LC
user_25908,1,MNG
user_25880,1,TXG|VFINT
user_6830,1,ECL|NFLXL
user_25881,2,DAX|GST|TSLA
user_8731,1,DLRWH
user_8873,1,EWT
user_29508,1,GALA
user_33728,1,PGPAS|ROP
user_8727,1,RYH
user_26421,1,SBOX|TWTRS
user_9539,1,MRI|ZPLUS
user_9525,2,AMD|PYPLG
user_25105,2,CARS|CRM
user_23879,7,ABCB|ARLP|AVGOT|BXDAN|FBPEO|FOOD|JETS|LILM|MSFTM|NVO|PAASH|TPB|TROWA
user_27736,1,CACCB|SHOLE
user_5700,1,RNR
user_14497,1,BYSI
user_25632,1,KMX|VNTH
user_3717,1,EBON
user_26891,2,SAIA|TSM|XPEVS
user_7367,1,SCL
user_15255,2,DRI|NXTD|PLTRI
user_10146,1,FOUR|MDT
user_12817,1,DISGO|FBDOU
user_15895,2,MS|SDS
user_5461,1,BZ|RYTM
user_9795,2,PL|SCHB|ZS
user_29304,1,GOVX
user_1861,1,PANWB
user_11290,3,AMZN|GSAT|PI|SUNW
user_30842,2,BTCMI|PGTEC
user_25856,2,MSFTM|OCLG|TSLAE|UBI
user_22384,1,AMZNL|MIGI
user_27055,1,AMDST|USDT
user_26424,1,DEN|FVRRO
user_31865,2,AMZA|CHKPB|KO
user_12835,1,BJ
user_15259,1,EXLS|XOMRE
user_32287,1,CROX
user_28713,1,HLF|TSLAF
user_820,1,FBGUI
user_21381,2,FFIE|NFLX|PG
user_8682,1,FISV
user_7790,1,PHRRF
user_28206,1,UCTT
user_18825,1,VEEV
user_28932,1,FBPUS|MRAM
user_21886,2,BA|VO
user_29009,1,BARK
user_6202,1,ENVB
user_33035,1,AMSWA|SPXW
user_31551,1,RENN
user_25948,1,FUBO|WISHL
user_20498,1,NLS
user_20528,1,CRMOR
user_28092,1,DEMOD|GMEZO
user_3729,2,AMDHA|GOOG|PCG
user_17464,2,BMO|BRKB|PKG
user_907,1,EMBRA
user_1936,1,YNDX
user_17925,1,FERG|LUVFR
user_31153,3,PG|RBLXS|ZS
user_13875,1,DUOL|ISIG
user_16213,1,BMO
user_17237,1,ZCX
user_2295,1,AMZNU|AURA
user_5724,2,APPSN|CELHC|HEINY|PRVA
user_5158,1,NNOX|PAGS
user_6166,1,ZSHTT
user_2556,1,NIOIS
user_14067,1,AVLR|BACLI
user_9431,3,ORPH|QS|XOMDO
user_29056,2,DFI|MSFT
user_33363,2,BX|WYNNG
user_12100,1,DISFI
user_23912,7,AMDST|AMZNU|DXC|FAMIF|FL|NIOFR|PYPLB|SAIL|STORG|UPSTB|WTRH|XFRI
user_23943,1,ABBVB|CLFAN
user_18570,1,JKHY|SPRT
user_15594,1,LSPD|TIMEA
user_352,1,MVRD|OVV
user_19394,1,CXDC|SRG
user_10721,1,LUVFR
user_8580,2,BKCC|SNX|ULVR
user_13477,1,LINK|RNG
user_21323,2,BX|SCHDW
user_13101,2,AAPL|TSLE
user_14443,1,FUTU
user_434,3,BA|HAFC|NFLXB|SCHA
user_24505,1,ZSTIE
user_9014,1,BVAXF
user_7420,3,FBPAS|LMTWE|TWTRI|XPEV
user_17650,2,CCMP|XPEV
user_687,1,INTCT
user_27723,2,FBPUS|HTZZP|NVDAN
user_20223,1,JNJHI|VSCO
user_33519,2,CRM|RTY|STRAV
user_25803,2,BTCNE|PG|PYPL
user_24750,5,AMEH|BNS|BTCBE|CNTX|HOMB|RNR|SYF
user_14408,1,B
user_10915,1,INAZ|WRBYD
user_29101,1,ON|SNAPS
user_2377,1,TLSAR|XRPHT
user_2146,4,AFRM|BODY|CMCS|FTCHW|IMX|RL|SUNW|WSC
user_11259,1,FBTHI
user_31260,1,SWAV
user_19397,1,AMDWE|I
user_17952,1,CLFD|NFLXC
user_32115,1,AMDIF
user_8606,1,EGLXO
user_16308,2,AMDIF|MUWHA|XPEVB
user_23371,1,TSLAY
user_28745,1,WBD
user_1700,2,HUT|NOC|T
user_26414,1,TSLAS
user_6723,1,AAPLO|LYXE
user_21605,1,ADA
user_25225,1,LTC|MXL
user_19251,1,FRSH
user_23226,1,SOUL|VFOCU
user_32536,1,EJH
user_15664,2,AAPL|DJIFR|UPWKW
user_9043,1,BOX
user_13848,1,COUR|PKG
user_34102,2,CLR|MQTHI|STORM
user_8469,1,SHOPD
user_8654,1,BRKSO|VNOBL
user_17755,1,GMR|LITER
user_24541,1,KRX|MMAT
user_719,1,FBTOP|VYMDI
user_17613,1,UPSTO
user_13039,1,IMT
user_6926,1,MPWAL
user_19628,1,PEBO
user_13808,1,FI|HRMY
user_32778,1,BEAM|DLRMO
user_12883,1,CELHC
user_11972,1,EWBC
user_17197,2,GOOG|ROKUD
user_27071,2,DISRO|META|ORA
user_22139,1,QCOMJ
user_24419,1,NWBO
user_29626,1,AMDCI
user_450,1,COMP
user_33686,2,AMZNA|COST
user_14115,1,FLGT
user_25240,1,TXTM
user_11275,1,CG
user_6323,2,DDOGE|JNPR|TSM
user_8388,1,SODER
user_11391,1,APPSA|ORLY
user_33402,1,RUN|THEY
user_21946,1,AMDWH|FLOW
user_8485,2,NDA|NFLX|SAFM
user_7573,1,EC|KO
user_8212,1,FRBA|TMO
user_27389,1,IMPP
user_5236,1,IGSB|THC
user_21766,1,AXS
user_17665,2,AMZN|KDP|TREE
user_3647,1,FMBI
user_33779,1,WISHT
user_23074,1,JNJOC
user_5843,1,MNDY|SNOWI
user_28640,1,DISDR|FBZOO
user_29140,1,ENB
user_14562,1,AMGN
user_23375,2,ATYCA|MTTR
user_718,1,VCOCA
user_21735,1,RYF
user_2685,1,A
user_31761,1,AKLIH|SHV
user_13407,1,IWM
user_30443,2,MELIF|ROKUA|XPEV
user_25523,1,AER
user_14334,1,WING|WISHL
user_3676,1,CUBI
user_19324,1,EXAS|WEJO
user_33570,1,BZUN
user_16139,1,AMTMA
user_8605,1,ORGN
user_26686,1,ATOM|TTD
user_14212,1,CTT
user_3371,2,AMD|INTU
user_11064,1,TTDGE|XLFSP
user_21172,1,ES|LYFT
user_5986,1,AMCRE|IDT
user_7040,1,RHS
user_7754,1,MARA
user_17654,1,SPY
user_12365,1,MOTEC|NFLXO
user_10743,1,DOCNC
user_26641,1,MARVI|NRTB
user_30503,2,CCI|HITI|TSLA
user_9352,2,KO|MOTEC
user_23238,1,FBP
user_30794,1,ALEC|RMD
user_23071,2,PLTRT|SEV|VNOMW
user_1008,1,MGA|RBLXS
user_14874,1,CRDO|TME
user_2350,2,HEX|PYPL|WDC
user_26391,1,MTN
user_3144,1,CRDO|TRV
user_4371,1,AJG|SLABW
user_13870,2,NIO|PAGS|ZINU
user_28520,1,PRTY|ZIDAT
user_11364,2,SCHA|ZS
user_3694,1,BKNG|TLNT
user_6059,1,TSLAP
user_33111,1,HSCS|LCID
user_18940,1,LYB
user_27584,2,F|ILV
user_27072,2,COST|COTY|REXR
user_17574,1,FRPHC
user_12564,5,AMZN|KOOWN|MQ|ORGN|SBUXW|SGAM|TMNA
user_23256,15,AMCNI|APO|ATOM|AZN|C|CMCSA|CXW|DISHB|DXY|EB|HNST|HTHT|IEX|LCIDW|LIHTT|SCHG|SNDL|TWOU|VALEC|YETI
user_4687,1,EGRNF
user_17391,2,NILE|XPEV
user_24393,1,GOOD
user_21620,1,COINP|MSM
user_22746,1,ABBVU
user_7434,1,RBLXA
user_3275,1,SBUXB|TZOOT
user_14043,1,PYPLN
user_26310,1,SMIC|TR
user_26529,2,PG|STIP
user_7707,1,GBX
user_24405,1,DPSI|MSFTC
user_23996,1,BMY|PLYPL
user_15318,4,AAPLF|AMZN|FRC|HUBS|RVNA|SGAM|THEY
user_31734,1,QFIN
user_32514,1,NKERB|XLU
user_17865,1,LUVMA
user_30613,1,ASMIY
user_17201,1,GILD
user_26225,1,CNTX|TSLAJ
user_16728,2,NIOGO|PACW
user_12129,1,TWTRA
user_15101,1,PLTZ|SHOPH
user_22017,1,FFIV|INTC
user_22376,1,NN
user_2764,2,META|TSLAD
user_3129,1,ABBVB|VYGR
user_5321,2,EXP|OR|PLTRC|TCON
user_5316,1,LCTHU|RNGR
user_21992,1,SUI
user_4405,2,BAT|NFLXO|ZNGA
user_7576,1,GBTC|UPSVI
user_1702,1,ACNDA|MBUU
user_2762,1,XELA
user_24967,1,HYRE
user_9271,1,FBPEO
user_30198,1,IAC
user_11546,2,DVN|INO|SLGG
user_29180,1,AAPL|FB
user_19100,2,AAPL|AMR
user_31513,1,NWN|USDT
user_21962,1,SCHW
user_10038,2,AMD|ODIVI|PACB
user_4316,1,DUSD|PLAN
user_11575,3,BILI|DVA|MDLZC|PENNN|SAP|VYGR
user_14072,1,FLOW
user_26239,1,SEAND
user_29331,1,AMZND
user_20228,1,EPS|PAVM
user_18080,1,RSKD
user_17975,1,AMDDE|CS
user_33980,2,COST|RACE|SPYAL
user_25072,4,AMD|BTCBR|CRNCB|GOOGS|NTFX
user_851,1,APX|MUDRO
user_23331,3,BA|CRM|SBUXB
user_21635,4,BA|CI|DASH|SCHDW|SMOG|VXRT
user_26434,1,BTCBR|NVDAM
user_16541,2,AAVE|PTPI|ZS
user_3564,1,COST
user_31046,1,OSMO
user_33733,2,ANY|MSFT
user_32388,2,AMD|DISCB
user_28472,4,AMDHA|ARGO|COSTE|GOOG|TITN
user_21305,1,DISFI
user_956,1,FNMA|WELT
user_15115,1,NEGGI
user_21278,1,SQSNA
user_14094,1,ETHIN
user_24073,1,MUTOD
user_28684,2,NEAR|YEXT
user_30097,1,AGL|DG
user_2346,1,AVGOF|VFOCU
user_20401,1,JPY|PANWB
user_4004,1,OLPXI
user_29373,3,DMTK|DOCUH|GNS|TIVC
user_11927,2,MSFT|NVDAT|PSEC
user_3609,5,BKKT|BTCPA|DXY|HCDI|LMND|NIOST|PIN|VXRT
user_14834,1,UPSTI
user_29473,2,GMESU|MQTHI|ZS
user_3802,1,DLO|DPZEN
user_4365,4,FBINC|FTS|VMW|VTWO|XLC
user_9159,3,MNDY|MRO|RUN|SCHL|VUG
user_3627,6,BABAE|BUD|GGG|GNPX|MKC|NFLX|ZS
user_1868,2,ACCO|BAMSO|CXW|JD
user_19368,1,KBR|PII
user_16034,1,VNQ
user_8936,1,HRTZ
user_5698,2,INTC|SNMP
user_32703,1,SNDL
user_1089,1,BABEA
user_12684,2,FR|RSP
user_29551,2,AMDAP|AMN|DISCB
user_303,5,COINW|CYTK|LUVMA|NKLA|NVDAM|ROOT
user_1218,1,DGX|TSLAB
user_3598,5,AMDDE|BYDI|COMB|GOOG|JBGS|MRVL|TMUS
user_1469,1,AIZ|HCA
user_19884,1,DBC
user_22569,1,BEEB|EXR
user_19312,1,IGEX
user_4077,8,AMT|AMZA|BABUL|BEN|DATS|EXEL|GTLBB|INND|LCIDS|NOVA|QSSOF
user_14607,3,COMB|EXPI|SG|SIBY|UNHHO
user_16629,1,SKYH|VEEV
user_23922,3,FOUR|MCKBO|ROKUD|SHPH|STAGC
user_24956,1,ABCL|BK
user_2286,2,CNI|OCGN
user_27658,1,ANET|UVV
user_27532,1,AMDVE|MVRSA
user_22909,1,PSTH
user_33718,1,SFM|TSCOE
user_13589,3,AEO|AIG|FBJUS
user_20977,1,FINV|VZHTT
user_28120,1,LPTX
user_16826,7,AMDAP|BKH|FAZE|FRBA|FUVSO|GBTC|HDTHE|MCDCO|MET|SHOPF|WMTDI
user_25151,2,CEL|MSFT|SNAP|TRRXF
user_13842,1,TTDMA
user_3631,4,BSC|BTF|CAMT|CBSTR|EJH|RCLWI|TTDHO
user_26840,1,DMYQ|TERHT
user_23499,2,AYLA|QCOMC|TTCF
user_17774,8,CCLWA|CSOUR|DISCB|FBLAS|KBH|NOVA|NOVO|ORGN|RMBS|SPYAL|UST
user_13582,7,AMDI|ARWR|BKU|FBREC|GMAPR|GRWGF|ISPC|KNEBV|NDA
user_3626,8,BIDUE|BKKT|CRMGO|DAX|GFS|NOCWE|RDDT|SOFIB|TSLAR|UFPI|VVERI|WF|WPM
user_28127,1,FBPAS|VW
user_17045,1,IMRN|PSNY
user_22238,1,ERIC|SIGA
user_8569,1,AFRMD|PEPHT
user_10484,1,FCEL
user_28141,2,B|CWT|FAANG|LSK
user_19599,6,KIBA|MDIA|MRAM|NEVAD|PSNY|SNAP|TSRI|UNI|ZEN|ZII
user_4644,3,AMC|DSP|MRNS|TTDGO|VSAT
user_2956,1,CNICH
user_11678,3,BYND|FBCOM|HCP|RDW|TWTRT
user_5399,1,SAVA
user_10728,4,CRMHE|FISVB|JBHT|KAVL|TGL|TSM
user_25537,1,PENN|SNE
user_5002,5,DOOG|JPMVA|KLEE|KO|UNHIF|WNS
user_5086,1,REM|STAGW
user_34309,2,COHU|HRTZ|TLNT
user_26357,5,AUST|COST|POWI|RBLXC|SHELL|SPYNE
user_18787,2,BA|FUBO|HRTZ
user_22128,3,CXW|OFG|PER|TSM
user_12686,3,IINN|MTCH|PIII|SAITA|TSCOB|XOMBU
user_30006,1,EGHT
user_7065,2,ALZN|EQIX
user_8333,2,KIBA|SBSW|TWITH
user_12526,2,AIG|BRUSH|LCTHU|MARA
user_22360,2,KRNT|NFLX|SPXU
user_8325,1,PDDAN|ROKUO
user_22892,2,AMDHO|NCLH|PDDI
user_26296,1,CHNG
user_16881,2,HAL|NOCIS|NVDAS|SVFD
user_4041,2,ABCL|BJ|WILD|XDC
user_16375,2,CCS|GMVD|PBIO|UMAYB
user_3602,3,BTTX|CNI|INTC|RAYVR|WYNNW
user_2892,1,YETI
user_7806,1,BSW
user_5502,1,CNK|FRSX
user_8134,2,BBIH|KIND|ROKU
user_21908,1,CDON|SOFIH
user_18191,3,EGC|EPSIL|GGG|HCCI|MBUU
user_31464,1,DINO
user_2815,3,ATCO|NFLX|SONM|WCLD
user_27929,1,POWR|ROKUC
user_9889,2,HOODM|META
user_2915,1,TNR
user_29138,3,LULU|OHICO|URNM
user_18320,2,BOO|ES|FOXA
user_24475,2,BIDU|JKHY|JNJ
user_19614,1,METIS
user_3877,2,TNXP|VEEV
user_13228,4,AMZN|AMZNR|JJC|SCHW
user_803,1,GGPI|TSLAC
user_17186,2,DV|HRL|ILMN
user_3611,7,AKZOY|AMZNU|COSTD|FBDAI|OSK|SOXL|SPA|VIR
user_7383,2,BRPM|DKNGH|FDS|MKLIN
user_29611,1,SHOPF
user_14011,2,FLIKE|KO|SPXTH
user_33085,2,SUN|TSM
user_33558,1,BESIY|TWTRH
user_27654,1,BRSH
user_12381,1,FNGU|RNDR
user_18727,3,AAON|AWR|EEM|GNL|MTN|TSLAK
user_17587,3,FDX|INND|KO|LUVFR|MP
user_14485,2,ALV|FTHUR|GOOS|LCIDW
user_28862,1,KOCRE
user_15471,1,CCJ|XON
user_8973,1,SPYBO
user_33041,2,KONOV|MCO|SAM
user_13492,8,AEMD|AMCLO|DCRC|ENPH|ETHAL|IMPXH|MFST|MRNS|OHICO|SKY|UONE
user_33080,1,NIOPI|TSMFI
user_21534,5,ELON|JJC|MPWAL|SONM|SPOTF|TERHT
user_30690,1,WHR|WISH
user_811,2,MAGT|TELL|VRTS
user_1404,1,AMDVI|SHY
user_12642,1,HLI
user_17638,1,QLYS
user_4221,8,B|FBCOM|GRUB|INO|JNJHI|NVTA|PDFS|PER
user_14009,1,CALLS
user_32832,1,CBOE
user_14884,4,BITF|IBKR|MCDOC|MRNAB|NOK|W
user_12559,2,ANSS|ENPH
user_17929,2,ACWI|PG
user_609,1,FSLRB
user_15567,1,CPIX
user_3261,1,VFOCU
user_368,2,CCIV|ENPH|HDHEA
user_6348,1,ASTSB|TNX
user_15382,2,AMZNF|DAR|NASA
user_33229,1,HEI|TARO
user_10355,2,BA|SQHOP
user_28984,1,AMDEI
user_24165,2,ANGO|NFLXR
user_29814,1,QQQHT
user_9698,2,ENPH|SNOWI
user_7068,2,AAPLI|KO|RIBT
user_2119,2,ASANF|TSLAY|USHE
user_24539,1,CNVA|CPB
user_34261,1,CRMD
user_12088,1,LLYSH
user_27336,6,APE|BWV|CEEK|DLNG|DRIO|EQB|FBGET|PKI|STIP|ZSSEM
user_31881,1,KOAUG|NBR
user_24624,4,AARK|ATER|IRM|NOV|PSX|RIOT|UEC
user_6395,1,MMM
user_809,1,DOCS
user_3902,2,CRM|SJM
user_1755,1,CDLR|ZSCHA
user_26584,3,BABAD|COST|NVDAB|TSRI|VALE
user_13527,6,AMRS|CROX|GEGI|KNEBV|MDBWA|SHOPH|TWTRT|UPWKW
user_28767,4,CELHM|DIS|GMBL|SSTLE|UOG|VRPX
user_26746,1,LUV|MIMO
user_2148,3,ABBVR|MQTHI|OD|TER
user_2495,3,AMCLO|BLOCK|BZ|THC
user_33710,1,PYCR
user_17829,2,MXL|NYT|VZ
user_17634,7,AMBAC|APPLE|HRMY|IIVI|JKS|MKLBL|MMMGE|PANWB|PL|PRX|SCHM|SSEMI
user_15366,1,BCMH
user_8611,2,AAVE|DIS|HUSA
user_30197,1,APO|EPIK
user_18501,1,TREE|UONE
user_8989,1,DTST
user_7234,5,BABAD|FBGAM|FFND|LSCC|PI|TSLAS|WPCWH
user_32387,1,GNTY|PRNT
user_17305,3,AXP|DOX|FBLIK|SONVY
user_27461,2,BA|SPG
user_26450,2,COM|IGU|RIVNT
user_9489,1,GEVO|SPOTW
user_23081,1,BBWI
user_23179,1,PSFE
user_33331,1,REALM|SIDU
user_7890,2,MVRS|ZIDEF
user_1788,2,CATLO|META
user_564,3,ABBV|BX|KIBA
user_26516,1,MTC|REGND
user_17500,3,AMD|AMZNT|BX|VSATO
user_26668,1,DEDEC|GOOGN
user_3030,1,BTI|SIMO
user_34035,2,POOL|SHELL|TSLA
user_17011,1,PACB
user_4920,1,MANA
user_28173,1,GOOGM
user_1259,1,GMEZO
user_6043,1,ATTO
user_26162,2,AMZNL|DVAX|NVDAB|PATHD
user_4312,1,MBWM|SE
user_19549,1,ITCI|TITN
user_1729,2,A|EJH|PDDWH
user_27517,1,PM
user_9615,1,CEI
user_24327,2,AMZN|COSTA
user_30294,1,KXA|PETZ
user_10552,1,AWS
user_8795,3,AMD|BA|EGLXI|KSSWO
user_31029,5,FBH|GM|PHM|SFINT|TLO|VOOAD|YUMC
user_24667,3,AZN|BA|FCEL|VZ
user_21353,1,CHNG
user_28263,1,NFLXL
user_2882,1,DGWHA|TSLAD
user_1270,1,SLV|ZMDTF
user_17034,1,WMTBE|XPEVS
user_17002,1,BOO|STORB
user_21705,1,XPEV
user_21995,1,COINH|UNFI
user_18971,1,FUBOI|VV
user_23207,1,MCKBO
user_19335,3,ALZN|CF|ITCI|RVSN|SHUEY
user_17745,1,PTPI|QQQOV
user_29863,1,ALTO|RHCLO
user_3012,1,DOT|GRAB
user_22911,1,BG
user_25744,1,DIA|EDMAT
user_24101,1,NVDAM|TMHC
user_10863,2,ETHHT|P|TSM
user_26710,1,SQAT|UKOIL
user_28343,2,CRM|FBK
user_4462,2,C|D|GOOGE|GRTX
user_1972,1,FHM|HKD
user_17024,1,FATE
user_10622,1,CRSR|MBWM
user_17102,1,ALC
user_6561,1,CYRN
user_15175,1,TLTSH|WEBL
user_24569,1,PINSB
user_4163,7,AFRMD|BBIG|CAAS|CRTX|DISCA|EXAS|HLI|NVAX|TTDCH|VIAC
user_26960,1,SPACE
user_8978,1,CELZ|LOWMA
user_10456,1,INTCS|NLS
user_22742,1,FTNTT
user_20951,1,CDLX
user_15284,2,MMMOW|SPYBI
user_23899,2,BA|FAMIF|SSNAP
user_27925,1,GDYN|SOX
user_18227,2,AAPL|IIVI
user_1783,1,FINV|REGND
user_27534,2,INTC|SNAP|VEA
user_17707,2,CVXBA|F|XNO
user_2801,3,CPRT|DIS|EL|LMT|TPR
user_17200,2,F|MANA|ZBRA
user_2283,1,DOCNA|ENPH
user_3251,1,DRVN
user_24615,1,EFA
user_10086,1,TARO
user_3507,1,MUDAV|RGLS
user_8501,2,BE|MXL|SHOPC
user_22266,1,HQY
user_8440,3,APH|GST|NLFX|PRTY
user_26422,1,NIOHA|SON
user_22399,1,OSMO
user_18850,1,ANKR|INAZ
user_5803,2,F|LNR|VIAC
user_33730,5,APPL|BKH|HXL|MDBAL|MVVYF|NUE|PIN|WRK
user_14934,1,CSU|JPMNO
user_2145,2,AMDTH|BX|ZWATC
user_16792,1,CF|INMDF
user_3883,5,AMGN|APPSN|GLW|IOBT|PZZA|SBUXJ|TESLA
user_28814,2,AMZN|AZERO|SBOX
user_21853,4,FAMIF|GCT|NKEWA|REXR|WBER
user_7801,2,DIS|INTC|SBUXH
user_20630,7,AMD|BABAU|BLOK|DOCN|FBREC|HD|JAMF|NKLA|NLY|RRGB|ULVR
user_5401,5,AEP|AVLR|G|GILD|OMCL|PTON|RRR|TXTM
user_2276,3,AFRMH|COST|F|NU
user_28782,2,AAPD|ACO|AGR
user_14956,1,AAPLP
user_25120,2,AMT|CDTX|RA
user_15499,1,FOXA
user_12065,2,DKNGZ|INTC|WRBYD
user_32210,5,BTF|CRWDH|CSPON|HRB|HTHT|SABR|SCO|VVIX
user_21063,1,LIBER|PYPLD
user_4814,1,AVT|SOSHT
user_25863,2,ETHAD|IONS
user_2692,3,AMAZN|HPQ|UUUU|VTR
user_20839,1,NASA
user_9240,1,ENTG|SOLO
user_19526,1,CAST|UPSTB
user_24488,8,AFRMD|ARRK|CARS|COUP|EE|MXC|NETSO|NFLX|PGPAS|SHOO|SOLPL|TXTM
user_8709,5,BABAE|BEAM|CGCO|FFH|GGG|NVTA|TM|UPST|VOW
user_18551,1,CVANA
user_33426,1,BB
user_3862,1,FUL|INFQ
user_17550,1,MSCI|WELL
user_9969,1,ADC|AMEH
user_19172,2,IEX|WJEFF
user_7648,1,DLO|EXPRE
user_1651,1,CCWF
user_30170,5,AMAZN|BABAC|KRNT|LOOKS|MIMO|MSFT|SPXC|UL
user_7565,3,ACLS|LCIDS|UAA|WJEFF|WPCWH
user_20180,1,GSK|MSTRG
user_29283,1,LVMH
user_18511,1,ATYNO|GT
user_4419,1,ELY
user_11437,2,ENPH|FTNT|GE
user_11993,4,BOUV|CAH|LMNOP|MGM|NKEWA|SINCH|SQSNA
user_33766,1,CSPON
user_13934,1,V
user_5168,2,ABNB|IIPR|META
user_11650,1,BKX
user_30733,1,TWNK
user_1168,1,TMDX
user_8876,1,DRV
user_14179,1,AURY
user_4514,1,ARHS|ETD
user_8491,1,ENTG
user_5802,2,BJ|GOOG|MPWR
user_15357,1,USHE
user_33242,2,AAPLH|ZS
user_5737,1,CROX|QQQM
user_23068,1,CAR|TLNT
user_13321,1,SPWR
user_9197,1,TGTNO
user_11504,1,FBLET|ZSAN
user_4154,4,BKNG|HSY|JNJRE|PHG|SNDL|VMOHN
user_490,1,JWM|PHARM
user_31199,13,BAS|BTU|BYDDY|CMA|ESS|ETHSH|FLET|GOOGM|HCSG|IGU|LCX|LFIN|METAS|ROKUE|STORF|TSCOR|VRX|WMS
user_23373,1,AG
user_29492,2,MGA|SCHDW|VVERI|VZDEC
user_14706,1,ENPHM|MDIA
user_11760,2,AMD|HRZN|IAC
user_563,6,ASAN|CINF|CRLBF|FND|PHM|SEV|ZCX
user_287,3,GFS|QRTEA|SUNW|TPL|ZMBEA
user_6465,1,KIND|ZDROP
user_22084,1,UNP
user_11122,4,ALTO|IVC|JJC|PT|SHW|URBN|VFINT
user_8456,1,MSFTE|RTX
user_1487,1,FBINC
user_33602,1,SUNW
user_28246,5,METAH|PYCR|RBLXS|RVIN|SPYTH|XPEV
user_31872,1,FMCB
user_428,1,AG
user_5467,1,YUM
user_25780,1,ELS
user_242,1,SWIM|ZRX
user_7875,2,F|HT
user_2741,2,STAGC|XPEV
user_28919,1,FBLAM|SARK
user_7104,1,GE
user_20617,1,MBWM
user_30471,2,AMD|JD
user_26362,8,AAPLP|ASAN|BABAM|BURL|COMP|FRSH|GOVX|OGI|RAD|RDBX|UCTT|ULONG|UPSTA|VLE
user_26859,1,INTCI|RRC
user_23215,1,DORM
user_28847,1,AGYS
user_10562,1,PNR
user_10160,1,BSW|GENFL
user_15248,1,FMC|UDMY
user_33578,1,CVX|PTONP
user_13072,2,CSPON|NFLX
user_22243,1,ZBRA
user_8735,1,CEEK|GENI
user_3198,2,EXPR|PYPL
user_13543,1,HQY
user_28291,3,F|MMMWH|PYPL|XPEV
user_5791,2,HUM|VZ
user_6873,2,DOBO|FTESL|PRM
user_6375,3,FBCHR|JPY|TMNA|ULET
user_4593,3,CTT|DIS|GLW
user_29678,1,GOCO
user_5757,2,AWR|CVX|GTBIF|SUSHI
user_8832,7,AAPL|ABCB|CAD|ENPH|KSPN|SPYNA|SYTA|UAA|UBI|USDT|XOMNO
user_11116,1,YEXT
user_22814,1,NDSN|SLV
user_25736,1,PHMAF|TSLAC
user_12543,2,AAPLG|BZFD
user_24979,5,ATXG|FISVB|HDWHA|MQTHI|NANO|VWHAT|VZ
user_5794,5,ABNBM|BTCDI|CHHFI|CRWDE|IMBI|JPMVA|MSFTO|SKWS|VDADX
user_2032,3,CAJ|CDLX|FAMI|FR|GPNBA
user_22758,1,AWK|KRL
user_15595,1,ATI|IMRN
user_33355,1,CASY
user_1209,1,ZBRA
user_9114,3,COST|FBIN|GGPI|ZS
user_4575,4,DSIGR|NEM|OMCL|PENNF|STAGE
user_23854,1,BEAMC
user_5053,1,GO|MCD
user_18421,1,WGOTH
user_25470,3,AMZN|CK|OSK
user_4887,1,SONM
user_16616,1,GDYN
user_12358,1,SQAT|SSNAP
user_7347,1,USDC|VISL
user_9798,2,BSW|UHTTP
user_2952,1,CHGG|VEON
user_22732,1,GPS
user_26649,2,ALPP|DIS|MDBAL
user_28537,3,AMDEI|BA|BTTX
user_8970,1,AMCLO
user_17849,1,NOVN|RVLV
user_25054,2,CVM|ROKUO|TNDM
user_26053,1,GREEN
user_23677,5,ARKKS|BKNGH|CHKP|CRMI|FRSH|MMMWH|MNDP|PGY
user_34229,4,BCEL|CYN|ELONQ|MNG|QQQVI|TJX|TSME|WHEN
user_23683,2,META|QQQBU
user_7231,1,XOM
user_14016,1,CHWY|SCHL
user_13218,1,UHTTP
user_12109,1,NET
user_21738,1,ENPHC
user_11640,1,VLON
user_3365,1,MRVL
user_10343,2,ALLY|KO|LSCC
user_17473,1,PLTRT
user_26551,1,NANO|POWW
user_25134,2,CWEB|GOOGP|NCTY
user_7417,1,CTAS
user_24341,1,MTB
user_10370,1,GGPIH|OPORT
user_23667,1,CVX
user_16320,2,DLO|GOOG|NTRS
user_25582,1,IMRN
user_11093,1,ARKW
user_15985,1,KAVL|MKLBO
user_20798,1,XOMHT|XPEL
user_28988,1,ACWI|CHNG
user_9045,1,AZZ|VSATO
user_18596,4,CDNS|GEFIS|MRVS|ROST|WB|XPEV|YUM
user_1779,1,AB
user_19350,8,ACLS|FSLY|HA|HFC|HYMC|IMMX|INTC|MNGHT|NWBO|RL|SMG|SRTS|YNDX
user_5912,1,AMDHO
user_27423,2,ENPH|NVDAS
user_18271,3,FTS|OHICO|RRC|SJR|UFING
user_16610,1,SOFIB|TELL
user_18534,1,XPEVH
user_1811,1,GWRE
user_24235,1,HUSA|SONY
user_21432,2,TONR|ZPAY
user_15520,2,CINF|YEXT
user_7350,2,META|XLF
user_29427,3,CRM|GEF|MSFT|TWTRB
user_23523,1,PG|PRX
user_16465,1,UNP
user_7588,1,AI|NIKOL
user_24082,3,DIS|FBP|NIO
user_24704,3,ABM|APPL|LUCID|RNDR|SPXLA|SQAI
user_28434,1,AUDI|SJI
user_9230,2,AIG|JBLU|NFLXT
user_34121,1,MNMD|RYT
user_19643,1,SNY
user_20317,1,ABNBA|PTON
user_23648,1,ANCTF|STAGC
user_30274,1,NINE
user_3163,1,AXP
user_19446,1,CRWDH
user_15745,2,CRMGO|DENN|RYTM
user_21191,2,LEA|VNOM|ZS
user_31036,1,LUCD
user_22423,2,MTUM|SG
user_25768,1,MCDRE
user_27854,1,KHS
user_33939,1,IGSB
user_3132,1,HTCR|PRVA
user_12734,1,FUVSO|MNDT
user_28025,1,BA
user_28639,1,AXNX|BAHAV
user_23675,1,PHM|TLNT
user_8595,1,BNTX
user_27501,1,RY|TWLO
user_5566,2,AAPL|APA|RIOTW
user_24936,2,BABAC|M|XLFSP
user_20615,2,ARWR|DLR|MMC
user_20529,4,CRM|NDQ|PCAR|SPPI
user_12631,1,ABCL|WHR
user_21570,1,FBDOU|SPYNE
user_29407,3,INTCR|ORCLA|QQQBU|UAA
user_32732,1,VICI|VZ
user_24853,1,BABYT
user_33713,1,NEWR
user_20966,1,MDAYT|RELI
user_25980,1,FAF|IWMKE
user_25552,1,AMZNL|GRBK
user_19354,1,RNR|STRAV
user_5906,2,COST|JKHY|TGT
user_11991,1,MAIN|ONON
user_3748,1,VWAGY
user_2919,1,RPRXB
user_29979,4,AMDWE|CRON|FAMIF|HRL|IZRL|YEXT
user_11539,1,LOWSE|WMTHO
user_7200,1,ASTSB|NICE
user_28494,1,RGTI|SUN
user_15802,2,PYPL|WISHL
user_13703,1,ENPH|OPORT
user_30421,2,AAPL|GMPW
user_12603,1,STEP
user_6001,2,BLBX|FBROO|SJR
user_13193,2,BTQ|NOC|SG
user_34143,1,SBUXT
user_6812,1,EQT|PMFEB
user_18195,1,SMR|VMEO
user_17791,1,RSX|VFIAX
user_17327,1,TFC
user_16565,1,GOOG
user_15123,1,EXOD|LTNC
user_32801,1,KSSWO
user_10533,2,CLFAN|DJCO|QQQPR
user_17780,2,IBB|QSR|SAVAB
user_14588,2,GMVD|INTCH|MSFT
user_32381,1,DBC|INTCM
user_21525,3,BLNK|BX|PG|SAND
user_31433,2,AUPH|CNICH|DXC
user_1208,1,SNA|SOSHT
user_20227,1,CDON|UDR
user_15174,1,FBPUS
user_5058,1,IVC
user_12396,3,NKLA|QS|SNAPC|SOLHT|XPEVH|XRX
user_20948,2,DISHB|VRSN
user_9718,1,BABAW
user_30850,1,VMC|WEBL
user_18337,2,CSCO|INTC|ROKU
user_5484,3,GFSCH|HA|KHS
user_6637,6,BGS|CSLLY|DG|KODI|MFST|QQQDI|SCHDT|TLNT|TWTRR
user_8877,1,METAN
user_659,1,DXT|IBB
user_33977,4,AMDEI|BRKNE|PARA|TSLAY
user_10303,2,BA|SM
user_22103,10,BEWI|BTCMI|CNC|FR|OIL|TDOCA|TWTRM|VIXAT|VLNS|VMOHN|VRTX|VVV|WIRE
user_24199,1,NRSN|TASK
user_16094,2,AAPLA|NKEC|STAGE
user_5593,1,MST
user_26908,1,FBAT|OCUL
user_393,1,SOLHT
user_1977,3,FARA|PHIA|UMG|UPSTH
user_15425,1,WSO
user_21234,1,ONDS
user_25586,1,NLFX
user_29922,1,FBHER|VWHIC
user_14471,3,CFLT|CGRN|CPNGJ|NFLXE
user_1179,1,BAESY
user_29918,2,AVBTH|BKLN|IR|SIVB
user_3969,1,QS
user_7932,1,AMCRI|OPEN
user_24881,1,SGMA|TER
user_100,2,CVNAT|FTAI
user_15287,1,FUBO|MMMRE
user_22531,2,ABNBM|NLST|TFC
user_17330,4,CVNAF|ES|TSLAB|TTDCL|TWTRM|WOLFA
user_14647,2,BAX|CRM|WDC
user_8144,1,PANW
user_21903,1,AFRMI
user_26972,1,CRTX|NOVO
user_26864,1,TRT|WPCWH
user_4952,1,MRNA|PYPLA
user_21964,1,AAPLL|TSEMH
user_8179,1,BROS
user_18954,1,PCTC
user_32208,2,ATVIA|FYBR|KO
user_8976,2,BRPM|MPC|XPEV
user_14599,1,LIND|PTONJ
user_7876,1,TXNWH
user_25561,1,NXP|POW
user_13791,1,MGM
user_20922,2,HEC|MSFT
user_15686,2,NFE|XPEV
user_25648,1,IEI
user_21875,2,KHS|NUOTH
user_9216,1,DOOR|TM
user_199,1,DVY
user_20960,1,AWR
user_10870,3,FFND|RBLXB|WST
user_19538,1,AMDLE
user_28146,1,APPSA|AVBTH
user_33981,3,ANTM|CASY|CD|TROW|WLL
user_8044,3,CVXI|PARA|PXD|SMSN|TWNK
user_16716,4,CGC|FDS|IP|KRL|TSM
user_10718,4,BTF|GOOG|MZN|TTCF|UEVS
user_8819,1,SLB
user_23339,1,BABAM|VERU
user_17880,1,SPHB
user_26779,1,COSTH
user_15196,2,DIS|KEY|RKLBS
user_9398,1,NAKDI
user_7205,2,DISPA|RENT|TM
user_14278,1,MICS
user_9491,2,POWW|SPCET|TSM
user_4921,1,NXTP
user_30222,1,MMAT
user_4813,2,BA|FTNTT|ISPO
user_19461,1,PHARM
user_2380,2,BX|CINF|DMTK
user_31375,1,VGT
user_34288,1,MANA|NFLXE
user_12111,1,BB|CWEB
user_7994,1,AOS|FBREB
user_30727,1,BRKS
user_20060,2,IIPR|STEP
user_275,1,AMCRI|STRR
user_23437,1,AZPN|PSEC
user_2974,1,QCOMR|TRV
user_28753,2,AMDNO|CHEF|NVTA|SHLS
user_28747,1,GTBIF
user_2042,6,AOUT|BESOF|BX|EWZ|OGI|PDDWH|PRTY
user_11754,1,ALEC
user_33560,2,ALL|ATVIP|AVGOR
user_2723,1,FBGAM
user_33213,4,GOOG|KO|SGHC|UFI|XPEV
user_22707,3,AMDHA|BYDDF|SPOT|VEEV|WST
user_26012,1,REALM|SHOPH
user_3345,2,COST|MAIN|PEPRE
user_18037,1,IONS
user_9469,1,FE
user_13788,1,NBIX
user_8353,2,ASTSM|AVGO|SHIBD
user_7002,2,ENLAY|EPAZ|GGII|QQQHU
user_18451,4,GOOGE|HDTHE|IBB|SITE|THMO|VISL|XOMRE
user_25161,2,LICY|VZ
user_6089,2,SKLZ|TQQQ|TTDFI
user_24769,1,STNE
user_855,3,AAPLG|META
user_26813,1,CRNCB|VCOME
user_30985,1,YELPW
user_25620,1,NBIX
user_11959,1,ROKUG|WTER
user_7823,4,ENPHW|NOC|POLC|UTHR
user_14122,2,AAPL|MMMWH
user_32576,1,AJG|GTLBB
user_4995,3,DD|EDIT|SCHA|TSLE
user_32585,2,CVX|FRBK|IYT
user_28743,1,BX|VTG
user_13038,2,AMD|ARVL
user_4732,5,APOG|DISDO|ENDP|GMBL|MTB|QID|QQQNA
user_31161,7,AMAT|ANY|BKLN|CTRA|FBBY|GTO|HLT|SMAR|SPYAL
user_32452,1,TELL
user_8337,1,AMC|NFLXY
user_4328,1,CSCOI
user_23871,1,PYPLI
user_10858,2,LLL|TSM
user_16607,1,NTRS
user_18219,1,AMDMY
user_30580,1,TGTTE
user_18000,1,ARKO|SCHV
user_4353,1,CRO|HALO
user_25006,2,MOTEC|MSFTG|PRFT|ZIDAT
user_18454,5,BTCMI|COSTQ|ENZC|HEINY|MSTRW|UUUU|VRX|XLK
user_31882,1,AMDAD|SAM
user_28677,1,CSCOI|TWTRS
user_17407,1,MS
user_17788,3,BILI|KO|NFLXI
user_27215,1,NOCIS
user_32961,4,DMYQ|GANG|GD|LEN|MEX|XLB
user_21379,2,BA|DISDO|RYTM
user_14465,1,BLK|CALA
user_31016,1,FANH|GOOD
user_24852,1,EE|UEVS
user_29628,1,LTCHT
user_9839,1,XL
user_23835,1,CPIX|RF
user_20212,1,ATGE|DTST
user_13262,2,CELH|CI|KLIC|RUX
user_12701,4,BTCWA|DEGEN|KNBE|KOCRE|TSLAC|ULTA|VMC
user_10960,1,BCTX
user_7954,2,MILE|NETI
user_21919,1,FANH|TSLAG
user_33156,2,BA|MUDAV
user_3896,1,PPSI
user_12827,1,MOD|VLTA
user_7261,1,DLRWH
user_30572,1,QQQYO
user_2991,1,TDOC
user_17254,1,GRWG
user_12086,1,NIC
user_17675,1,KDP|MRTN
user_3954,3,AMD|MTD|NFLX|NOKBR
user_1908,2,META|MUNIK|PBF
user_17317,1,SI
user_4112,2,APPH|BRG|META
user_2100,1,DISDR
user_29576,1,EXP|TWTRR
user_18447,1,TSMC
user_8030,1,DCRC|TSCOE
user_23650,1,HTHT|PIK
user_18802,1,KLAHT|PDFS
user_14812,2,DLO|OXYBO|VSCO
user_7643,5,AMLX|BMYHI|BNTX|ENPH|GRWGF|NFLXR|SHOP|TWTR
user_8121,4,AFRM|AJG|CYN|EW|LKMEX|RMBS
user_10720,4,BTCPA|FBCOM|FUTUE|LTHMC|VORBH|XELA
user_19171,2,LLL|MSFTD|VZ
user_1420,1,VAND
user_23932,2,BCEL|SEA|SGHC|SPGGR
user_5483,1,DOW|HIBB
user_24994,1,TRTN
user_13304,1,PENNN
user_8496,1,ASTSB
user_3214,4,AVTR|BTI|CRMPR|CSPK|FTX|LUNC|SU|UONE
user_17374,1,CIEN
user_31632,2,BARK|SNAPC
user_17411,4,AMBA|AVEO|RBLXA|TPR|TSLH
user_1109,1,SWIM|TTE
user_32848,2,DXCM|MCK|ORA|WEAR
user_6835,3,AMD|ANET|AVID|DLO|JKHY
user_30616,1,BGFV|FIVEY
user_19000,4,COSTE|DRI|GAME|JPMFE|PRX|RKLB|SEDGD
user_33173,3,AMZNW|FBCHR|NCR|NIU
user_4583,1,MRVLP
user_21494,1,FUL|PENNF
user_30455,1,BULL|KHS
user_16019,2,AMEH|DOCNS|UBSMO
user_13378,1,MMMHI
user_20198,1,AMDBR|ANF
user_30635,1,INTCF
user_3995,1,AMZNM
user_1722,2,F|IDXX
user_14411,1,SCO
user_9582,1,ACHL|GETY
user_31289,5,AMDCU|ATTOT|HYLN|JBLU|LICY|ORCLA
user_16288,2,OIH|VMC
user_6240,2,BODY|MXC
user_12645,1,FUV|TPL
user_21636,1,HDCHI|NIOAS
user_31891,1,AMDRU
user_22039,1,AHT|KERN
user_12055,2,ARK|HYZN|SPYNE
user_25643,1,CHTR
user_7763,1,STORG
user_3667,2,BAND|META|S
user_10222,3,AVCT|NKEBE|TSM|XPEV
user_16931,1,NXP|PHM
user_23280,1,TSLAN|WFCDE
user_25209,2,CSPR|ZS
user_16924,1,DMTK
user_154,1,ASANF|PYPLT
user_7711,1,DGROC
user_15069,7,ARKKS|AZZ|BTU|CCLWA|ENDP|JPMAU|NIOWE|NXH|PROG|VIXAT|VXRT|XMR
user_30207,1,KODO
user_19075,1,ROIUC|VRAX
user_31282,5,AMDTH|DGROT|FRBK|HOLE|JPM|LCID|NOCIS|NTFX|X
user_8363,2,ADSKG|UEVS|VREIT
user_7467,1,QQQM
user_30988,1,NIOPI
user_12809,1,AFRMT
user_11970,1,ARMK|KNEBV
user_27447,5,AXON|BABAW|GOOD|KLO|PHAS|TOMB
user_3202,3,BTF|FBBIT|LTHMP|MX
user_7169,1,MTP|QUBT
user_24356,1,ENPH|TIP
user_32687,1,BPH|QCOMT
user_954,1,RVSN
user_22207,1,VIR|YETIT
user_32290,2,AMC|CHKP|PTRA|XLIGR
user_2999,1,AXNX|MKLIN
user_23023,1,NAVI|TSLAD
user_12988,2,FBFIN|PLTRC|SVFD|TGL
user_21083,1,PGPAS
user_15571,1,EPAZ|HEINY
user_26848,1,CRWDW
user_4652,4,TNDM|VFOCU|VNQ|WNS|XPEV
user_16248,2,IR|POET|TSLAY
user_10855,1,NTRS|PYPLT
user_24104,1,USFD
user_21758,2,DAL|MSFTA|USD
user_14135,2,AMZN|MTTR
user_20576,1,KNEBV
user_16291,1,HONRE
user_9786,1,CAMT
user_712,1,NKEBE
user_21090,1,VRAWH
user_30163,3,ABBV|AMZN|BTCSQ|FLUX|MSFTP
user_33401,1,LFG|TSLAY
user_15879,1,BABAC|GLBE
user_8653,1,PPLT|SPXU
user_27751,1,AVBTH|TRADI
user_13456,1,MAA|NKERB
user_4777,4,BA|CDMO|ESSC|ETWO|HTHT|RYH|UFI
user_14112,1,DISWH
user_16871,2,AAON|DISWO|FSK
user_4869,1,MANA|QCOM
user_22457,1,FHN|HYG
user_18092,1,REGND
user_32758,1,HOMB|ZM
user_11030,1,OPCH
user_27908,1,BODYN
user_31295,2,FBINS|JNJPA
user_7415,1,BULL|IIPRR
user_1146,1,TSMHT
user_33100,1,TQQQ
user_16061,1,LIHTT
user_30457,1,MANA
user_4160,3,CRMD|DGROC|RGEN|SHPH|UPWKW|XM
user_24663,1,KOSS
user_30494,1,ATLAS|TSM
user_29561,1,DISHB|TSLAG
user_17040,1,THEY
user_716,1,BBLN|PIN
user_16180,1,SOFI
user_1430,3,BNTX|JJC|TSM
user_20249,2,CRM|DISTH|NFLXB|TMHC
user_4606,1,VO
user_3833,2,AMZN|ATVIP|INSG
user_31286,2,MGM|TNX|TRIN
user_22369,7,AMCTH|CODX|EQUIX|INFQ|MSFT|NXP|SJI|UPSTF|UPWKT|VNOBL|VRX
user_15618,1,ETHDI|HYZN
user_10640,1,NEAR|VRM
user_13280,3,LTSLA|NVEI|PUBMH|TRADI
user_18935,1,JAMF
user_15348,2,AAPLR|BX|PAYS
user_8967,1,TOL
user_4477,2,AMCLE|RMD
user_30390,2,SWX|TSLAV
user_28235,1,ABNB
user_28665,1,ABBV|POET
user_1096,2,AAPL|MRVI
user_24203,2,CULP|MSIND|QQQOV
user_16109,1,SCHX|VGROW
user_33157,1,EE
user_5599,5,AAPLD|ATUS|EXPI|FBTWI|LUCID|MSFT
user_8131,1,ILST|LEV
user_8628,2,NASA|NKENV|UNP
user_24650,4,BTCBR|CRM|GME|NFLXB|QQQTR|UA
user_32857,1,ATEYY|NFX
user_16779,2,ABT|XPEV
user_14536,3,ARE|BABYC|DISEN|DWAC|HDAPR
user_30531,1,VNQ
user_10455,2,CVXI|MSFT
user_21435,3,DRVN|ETHSE|POWI|SONM|TSEMH
user_18305,2,BRO|ILUS|LUXE|QQQHT
user_6955,3,DOCNA|GRWGF|PENNF|XPEV
user_5048,1,RDFNW
user_32526,2,AMDHT|DBGI|NSRGY
user_30162,1,XDC
user_8330,3,BITO|INTC|SPYPL|VXX
user_9327,1,NASDA
user_15759,3,BBIG|BBIOW|DPRO|IMCR|MVRD|RRGB
user_26942,1,BJDX|MKTX
user_21146,1,AKLIH|GWRE
user_16950,2,EIDO|INND|URBN
user_2008,1,OTIS
user_34096,2,AKLIH|BKNGH|ZME
user_12419,1,SPOTE|TECK
user_11453,1,CE|TSLAB
user_10486,1,FCXBE
user_11234,1,BKKT|PRU
user_14421,1,IWMMO|XDC
user_16946,3,NVDAB|PARAH|PSFE|RR|TUR
user_25204,1,DISQ
user_16327,1,AAPLW
user_21782,3,ARKKR|ATVI|FTMSA|MSFT|NET
user_17259,1,AA|NEO
user_12696,1,TRRXF
user_13079,1,TTCF
user_1623,2,CVE|RPRX|VNET|ZSDAT
user_28636,1,DPZEN
user_6764,2,MTCH|PXD
user_21429,1,CRUS|NLSN
user_662,1,CCWF
user_24808,1,HUTME|TASK
user_17212,1,DRUG
user_20357,1,SJT
user_18925,3,CASTI|MNDY|MRNAW|NBIXW|NIOST|VUZIE
user_22557,1,DOX|SPACE
user_17577,1,DIAHT|FRT
user_32052,1,STILT
user_10543,1,VEEV
user_11951,1,CARR
user_32926,2,NIO|NKEWA
user_23400,3,AMD|ONB|ZS
user_12707,7,BX|CAH|EGLXI|EXR|FIVE|GMREV|GRAV|LW|SWK|TSLAD
user_26922,1,BITOI
user_23268,1,FR|LEVI
user_26409,1,ARHS|VBUYS
user_1227,2,ENPHG|GOOG|UAN
user_32285,1,SWX
user_3528,1,BANA
user_11420,1,SM
user_9910,1,FUV
user_19888,15,AAPLH|BESOF|BGS|CWEB|DOGE|EPAZ|GOOGE|HALWE|K|KAVL|LESL|MIGI|MIME|MKLIN|NDXIT|OD|PHMAF|SNAPS|TVISA|TWOU|TWTR|TX|ZUO
user_22073,1,GLBE|UUUU
user_32750,2,GENFL|GMEDI|PGNET
user_15408,2,AMD|GMREV|WEJO
user_20640,1,CMCSA|WGO
user_14126,2,COST|RF
user_10846,2,FFH|LOWSE|SYTA|UNG
user_4437,2,CHK|EBA|MC|VLTA
user_5179,4,DVA|MRO|SQB|SXTC|THC|UPWKT
user_21037,1,NETIT|VTNR
user_20327,1,GLXY|GOOGS
user_15071,2,F|MCDGA|WMT
user_19043,1,PAGS|RBLXB
user_29766,1,NFLXH
user_6886,1,FSLRH|TARO
user_16286,1,DAR
user_31937,2,NOC|RUNSH
user_30052,1,CREE|STRN
user_24616,1,APPLE|GOLD
user_19360,3,IIPR|MMMHI|SPHB|STSS|TSM
user_24077,1,HRL
user_23711,1,MRKFR
user_18264,1,ARMK|NUPAT
user_30977,1,BAON|BOKF
user_16836,1,FBBY
user_26541,4,BAOS|KO|OI|ZS
user_30731,2,DMYQ|IRBT|NNN|NXP
user_5396,1,AMN|CDNS
user_7974,1,EFA|ZSREV
user_33768,1,ACNDA|PURR
user_13858,3,ENPH|NIO|RUT
user_15640,2,AAPL|PDFS|STRR
user_19202,1,GMS
user_4223,2,KISHU|NIO
user_10482,1,FSR|MDBWA
user_31244,1,SGML
user_3387,2,APPSH|ENPH
user_22428,2,MNDY|TSM|WMTDI
user_8551,3,AMDWE|LBRDA|SHPH|VERT
user_16136,6,AMZNO|BTCBR|HFC|HUSAL|IINN|NWBO|OPK|RDFNS|WMENE|XM
user_31947,1,COUP|RNG
user_17833,2,ALK|COSTI|XLNXR
user_19640,1,MELI|MMMBU
user_30912,1,SBUXB|SPOTE
user_30363,1,APRN|X
user_15774,1,ZION
user_30600,1,UPSTO
user_12052,3,AAPLA|CRM|NFLX|SEV
user_2084,1,BABAI|FATE
user_29390,1,AVXL|GMS
user_1054,1,RH|WBA
user_3734,1,MCD|MPWR
user_33644,1,RICK|YUM
user_34112,1,TFC
user_18048,2,DIS|NNOX
user_23047,1,PAG
user_8946,1,IHT|ISRG
user_33756,1,MEDP
user_27588,1,VLOSS
user_26652,1,XLRE
user_20899,2,BYND|PH|PUBMA
user_33243,2,ACLS|BAMSO
user_19423,2,MJ|NEM|XOMHT
user_631,2,ABBVU|CFB|INTC
user_15121,1,WEJO
user_20725,2,AMCGR|AXPHT|NFLX
user_10117,1,BPOP|ZIL
user_17215,1,WILD
user_3222,1,GRAV|MDT
user_33431,2,AAPD|AMZNS|ES|SFINT
user_24347,1,IWMKE
user_33212,1,EPIK|REV
user_12539,1,INTUO|MCK
user_8233,1,OPCH
user_16770,1,GDS|LUV
user_16975,2,ARRY|LMT|MSFT
user_31921,2,FAST|MMMBU
user_20885,1,HEC|SPXWI
user_30111,2,AMDI|PG
user_20210,1,AHT|C
user_8442,1,AMSWA|VFI
user_10507,1,AAPLA
user_28996,1,AGG|GTLB
user_18974,1,BRKS|DOCUF
user_14972,1,BMYHI|OVV
user_31438,2,DISEN|TSM
user_3152,1,CHNG
user_27399,2,KIBA|META
user_11531,1,BNB|GEWED
user_30377,1,AMDIF|JPMFE
user_16945,1,LUCD
user_10802,1,TOI
user_7277,1,NVDAS|VMC
user_20079,1,FLIKE
user_27332,3,METAE|MIME|STOR|VUZI|XLNXR
user_26837,1,ADAPL|NFLXR
user_24608,2,FR|RBLX|RUN
user_9692,1,DDOG|UVXYT
user_25145,2,DIS|HRB
user_3263,2,INTC|SFIO|WKR
user_2965,1,ANKR|MSGE
user_23299,1,CBOE
user_19403,1,NN|NOV
user_728,1,CWH|PLD
user_17246,2,GMEON|ROG
user_576,1,LWLGE|TEL
user_24102,2,ASOFU|CDSG
user_11206,2,DIS|FLET
user_16397,1,MRNAH|NKLA
user_27582,1,XPEVH
user_34022,1,SWIR
user_6274,4,ALGM|CPNGJ|FBINC|KLEE|MMMGE|MRAM|PYCR
user_12491,1,BJDX|TTDGO
user_29433,1,DOCS|TTDGO
user_10327,1,OR
user_15597,1,HTOO|MRAM
user_2474,1,AMPL
user_103,2,APRE|META|SPHB
user_20621,2,APPSA|CALLS
user_25989,2,CFLT|EQB|NIOSH
user_21370,3,AVCT|BFRI|LCI|PTONW|SPWR|VBUYS
user_25447,11,AIV|DOBO|DOOG|FBDOU|FCAU|GMEDI|GOOGH|HLT|MYOV|PHRRF|SPYTH|TSLAD|UPSTE|VV|WMS
user_25824,1,PENNF|SJT
user_23855,1,BNB|ELSE
user_4042,2,ADC|GOOGM|JASMY|SDC
user_10124,1,AMCTH|VEON
user_6748,1,NIOBO
user_17094,1,HSCS|TBLT
user_1241,1,GMEGL|RY
user_22872,1,AMR|PLNHF
user_4279,2,CSPR|LTUM|TSM
user_17566,2,ATH|LCIF|LFUS|RA
user_23838,2,AMZN|XOMWI
user_6705,3,LMNOP|XOMHE|ZIMPL
user_26314,1,KBH|SPOTT
user_32448,8,AEM|AMDWE|AMZN|FBINC|GMAPR|IIVI|JPEX|KLIC|NASDA|PYPL|TX|WELT
user_22958,1,CACC|FLET
user_20753,1,JNJDO
user_32919,6,AMZNG|GAME|JBGS|LMTRE|PLTRT|PYPL|PYPLC|QRTEA|SPXLA
user_14876,2,ATTOT|HTZZP|SOC|SPXTH
user_4560,1,ELS|SOFI
user_9374,1,SNX
user_12928,1,ASAN|RKT
user_5847,2,EBA|MGNIO|SPXU
user_22368,1,AMDWH|MGNIH
user_30188,1,RTY|STHE
user_22305,1,IP|NFLXP
user_12374,1,AMCR|WAVE
user_30492,1,MC
user_15550,6,AFRM|EB|GRAV|NNI|NRG|SPLV|TNXP|VNET
user_28237,1,AMRS|TAN
user_4311,1,SQSNA
user_32426,4,BABAE|FFND|MRAM|WIRE
user_6636,2,DUSD|FBFIN
user_29962,1,FBLAS|LNG
user_9630,2,ETHCY|NFLX|UBERT
user_7882,1,CAMP|PYPLS
user_23507,2,AMDAP|TSLH
user_4728,1,HEX
user_25541,1,GGPIH
user_13279,1,ONOV|XLFSP
user_30027,1,ZTS
user_27414,1,PDFS
user_4712,1,PTONY
user_26274,2,COINA|LIGMA
user_22254,1,BABAU|FBAT
user_27230,2,COST|SWAV
user_28404,1,COSTC
user_25153,2,ATGE|RAIN|XBI
user_8432,2,DISQ|LOVEL|STRN|VLON
user_23385,1,APRN
user_3663,1,YEXT|YUMC
user_13128,1,BABA|UDIGI
user_10683,1,GMT|ZTS
user_18268,1,C|INTCF
user_4461,2,BARK|DECON|EB|SBUXT
user_5187,1,CDNS
user_9604,1,ATCO|RAIN
user_16413,1,LMNOP
user_18024,2,AMATW|DOOG|EPAM|RKT
user_6914,2,AMD|MVRS
user_23895,1,ADBE|AMTD
user_9296,1,BABAB
user_5452,1,FCXWA|SONM
user_2140,4,DV|HALO|NXST|SLI|SQSPO|TLSAR
user_28400,5,ABNBW|AMCGR|CRSP|DISDR|GOGO|IGEX|NVDAH
user_24952,1,GHC|LYFTC
user_9575,1,VYMDI
user_16103,1,DKNGH|SCTY
user_11108,2,GOOG|TXTM|XFRI
user_845,1,DKNGZ|SHWGR
user_7986,3,AAPLD|ENR|META
user_22961,1,APTY|FBSIM
user_9091,8,AAVE|AEHR|BFRI|INTCT|KBNT|MANUH|MOB|MVRSA|NET|NIO|PTONR|STRAV|YETI|ZM
user_14738,5,AIG|CVET|CVSI|DEA|EOG|FRBK|MKTX|NXRP|RH
user_14384,1,AMDAD|BOUV
user_26101,2,FTMSA|LYFTC|VCOCA
user_18151,1,SQHTT
user_11763,1,CPER|WHEN
user_15723,1,SPLK
user_23736,1,EXOD|LITER
user_11038,2,IVC|PG
user_106,1,BOC|STBA
user_8472,1,MCDCO|PINSB
user_8723,2,NKLAQ|NVDA|TSLAS
user_29351,2,GMREV|WISHL
user_18524,2,BILLI|SMR|UAVS
user_10067,2,CSGP|K|VZRET
user_28393,8,ATYCA|AVGOR|CDLX|ETHDI|EXEL|F|GTO|MTP|SBUXB|STORD|UVV
user_10418,1,ANET|LULU
user_20989,2,AAPL|FXAIX|PSA
user_15819,1,HTTZ
user_7238,1,CPNGJ|KEY
user_27966,1,GRTX|RUSHA
user_5482,3,ATEN|NOC|STAGE|TSM
user_18146,1,BPH
user_25619,1,CLR
user_14501,2,FBROO|FSM|TSCOB
user_3872,4,EBA|LGF|TSAT|VCOCA|VRT|WFG
user_15113,1,MVRSA
user_13805,1,FTAI|GEBRF
user_19177,1,AFRMD|WAFD
user_2672,1,ACBBO
user_25621,1,ITCI
user_31030,1,ABT|FHN
user_1212,2,BX|IHI
user_10427,1,KIBA|UST
user_24410,2,CPI|CRO|MANU|RMED
user_12229,1,DAG
user_23860,1,ONCT|OSMO
user_27019,1,RBAC|SBFM
user_24333,1,SSNLF
user_12925,4,ENJY|F|FBTHE|HXL|NFLX
user_13660,2,CEIX|FBTHE|LRCX
user_20519,1,DGEO|SAVG
user_29582,2,IAC|META|NIOPI
user_20596,1,VO
user_20300,1,BAP|PLTR
user_31117,1,NIM|UWHAT
user_16049,1,LMNOP
user_16500,1,MDBWA
user_20521,1,REGND
user_32753,1,ATXI|SGFY
user_33633,1,UWHAT
user_13578,2,ASMIY|FND|XPEV
user_26909,1,AMX
user_28748,2,ALGO|F|OTTR
user_19020,1,PAYC
user_31011,1,RR
user_23758,2,BEEB|PG|TMHC
user_12654,1,ETHIN|TRRXF
user_14042,1,CSPR
user_361,1,UEC|WEJO
user_4581,2,AMZN|QQQYO
user_28895,4,HT|POWR|ROOT|XLI
user_21871,2,AAPL|AUR|ZI
user_27201,1,HOLES
user_10432,1,BRKSO|BTQ
user_18012,8,ADTN|AI|AMATW|CSIQ|ENPH|EXP|FI|IWM|NCR|POSH|Y|YCBD
user_26841,1,AXPGO
user_4071,1,BBBY
user_10386,2,DKNGC|GOOG|STIP
user_12957,1,KEYS|VRSN
user_9038,1,MTUM|MYOV
user_13867,1,BEETS|VZHTT
user_26327,1,SCHG|UBER
user_4321,2,AMP|MSFT
user_29133,2,DOCNC|FBINS|NOC
user_3584,2,F|HUSAL
user_22836,1,LSI|PIK
user_10787,2,AOUT|BBIO|CTT|GRAV
user_27504,1,BBBYH
user_28816,1,BGFV|RBAC
user_6180,2,CCCX|IEA|VNQ
user_12637,4,AMZN|BA|F|YCBD
user_27176,2,ARES|COSTH|MOS
user_92,2,BX|MSFT|SCHA
user_12101,1,JBLUC|WMT
user_21272,3,APPH|CDON|FBULL|SJW|STHE
user_2595,1,AEHR|SILVE
user_5009,1,BILLI
user_27662,2,POWW|PROSY|TRT
user_8200,3,BX|COSTC|XPEV
user_21366,2,KKR|MANUH|PRNT|REGN
user_16187,1,NUE
user_32711,2,DIS|MCDRE
user_14480,1,SLABW|UPSTD
user_5075,1,HCA|SAVAB
user_14024,2,ATKR|ENPH
user_28346,1,FBTOT
user_81,1,PAVM
user_1840,2,KO|PACB
user_34009,1,BATS
user_30524,1,ABNBM|ADYEY
user_8204,1,HYMC
user_15661,1,CYN|LQD
user_32024,1,HX|INFY
user_30276,1,CDTX
user_29606,1,FTCH|VGROW
user_6418,1,AMZNB|PXD
user_26899,1,CRUS
user_6198,2,INTC|SFM
user_11885,2,FTHES|NIO|NIOCL
user_2503,1,WJEFF
user_32266,2,AAPL|HRT
user_12971,1,SHELL|SPELL
user_14511,1,VXRT
user_16315,2,NFLX|PINS
user_17581,1,AMCRI|FIS
user_24923,1,MERC
user_19563,4,BRQS|DHI|NIOPI|NKLAQ|NKTX|RYTM|VB|WAFD
user_25455,1,GNPX
user_14708,2,ENSC|XPEV
user_7295,1,FOX|SHIBD
user_7498,1,PYPLG
user_30527,1,GC
user_3533,1,METAS
user_8514,1,AVXL|MQTHI
user_17841,1,SCHM
user_2307,1,AESE
user_32942,1,EPAZ
user_4173,1,FCEL
user_20051,1,SHOO|SXTC
user_25613,2,CELHH|GOOG|TYX
user_33992,1,MQ
user_26428,1,ENJ|FDS
user_21510,1,PVH|WST
user_17479,2,INDI|SBAC|UCYBE|UPSTD
user_33211,1,ALT
user_22444,1,LUCID|SSNLF
user_26231,3,ALGN|GOOG|KNX|TLSAR
user_173,1,RKLB
user_20760,1,CRXT|FBGUI
user_31163,1,AIT|WSM
user_215,2,CRM|FUBO
user_11617,1,AMDCE
user_1564,1,NFLX
user_31229,1,MCDRE|VCOME
user_21861,1,LLY
user_9425,1,CVM|TSMPE
user_6251,2,FBBEA|MTC
user_23903,1,CTV|EWZ
user_25282,2,BKX|MDLZC|SPGI
user_15858,2,AMDBU|CRM|FOSL
user_11557,1,CL
user_3790,1,AMDNO
user_4172,1,ETHE
user_30922,1,AAPLM|FANG
user_23826,1,SNY
user_2713,2,CELHE|SHIBD|TERHT
user_27941,2,ASOL|GOOG|VYNT
user_16795,1,DISCA
user_9984,3,BOXD|KTTA|NKTX|PUBM|TBT
user_3446,1,LTHM|RMD
user_12143,3,CALA|MANA|PSA|UPSTI
user_22268,1,CSGP|GGPI
user_23559,1,HYLN|JNJRE
user_21116,1,LQD|USFD
user_3821,2,AAPLF|ENPH|PSLV
user_6924,7,AAPLL|EQIX|LYFTC|MEDP|NFLXN|NWN|POLA|POWR|STNE|TSLAP
user_2623,7,ATXI|BENE|BIDU|M|MMMWH|MOFEB|MSFTO|OCGN|QFOR|SGMA|VIAC
user_16144,1,BX|MMC
user_24423,1,ROST|WYNNW
user_21615,1,ZION
user_31669,4,CPG|CWH|INO|NIOFR|WIX
user_14832,2,AAPL|IIPRR|SNX
user_12105,2,BMY|ZS
user_13292,1,HNTAM
user_5559,1,TTDSO
user_31684,1,GNENF|STAGE
user_33150,1,EV|EWZ
user_4556,1,DCBO
user_7140,1,AFRMD|CVM
user_3453,1,PEB
user_22924,1,PGY|PRTS
user_2208,2,F|FLOK|ITW
user_31210,1,AVTR|LSPD
user_192,1,AEMD|MTTR
user_24774,1,CMA|TSLAR
user_31115,1,NSRGY|USDJP
user_2467,1,IRNT
user_3279,2,JAMF|WRK|ZSCHA
user_18156,5,AMSWA|ARKW|CLAR|COSTI|CVXI|ESS|EVO|MRKFR
user_5583,1,KODO|PSH
user_25817,2,AAPLT|CVANA|FCXWA|PII
user_19466,1,AUTO|RTY
user_12130,1,PHAS
user_31994,1,NBR|ZSANA
user_2832,2,CRM|ETSYT
user_11163,1,SNOW|WNS
user_12877,1,FAMIF
user_23569,1,ZME
user_8665,2,CEBOU|FBLIZ|ZS
user_23393,1,CHF
user_17872,1,CELHE
user_2948,2,LLYSH|SBFM|W
user_17477,2,MSFT|SPX
user_32397,2,AFL|AUR|IOBT
user_21121,5,CARS|CPNG|NKLAQ|RGLS|SKIN|TSLAY|WW|XFRI
user_535,1,TTDCH|WB
user_16828,1,NIOWE|SIRI
user_31776,1,NIOCL
user_11176,1,WHR
user_17311,3,ANC|EDU|GOOD|HTHT|PENNW|ROKUA
user_9428,1,KSSWO|UHAL
user_21256,1,MTC|NUPAT
user_14730,1,HRI
user_11808,1,BJDX|EWBC
user_3233,1,INDO
user_16354,1,MSIND
user_21269,3,JPY|QBTS|TGTSE|ZSHED
user_757,1,IOT|SAITO
user_17705,1,BIL|CRTX
user_24360,1,CB|FMBI
user_1286,1,FYBR|TDOCA
user_3552,2,ATVI|INTC
user_7793,1,CRWDD
user_18522,1,VOSO
user_30684,1,AMZN|EXPR
user_12169,1,LI
user_14927,1,CKS|SMLR
user_8399,1,SLI
user_16940,1,PNC|ZSCHA
user_20443,1,WISHT
user_9971,2,GMREV|NFLX|WISHW
user_4904,1,FRHC
user_33029,2,BXP|INTC
user_20078,5,ENJY|NFLXD|NFLXL|NFLXP|RCI|TTDGO|USDP|VOW
user_32691,2,COST|LOW|MTCH
user_3773,2,BEWI|META|MVIS
user_25595,1,SUN
user_20466,1,FSUGY|UMC
user_5976,2,COUSD|FRGE
user_20096,7,ARKKS|CDLX|DOGE|FBLET|FOCS|HCM|LQD|NUOTH|PTRA|TEL|VXXJU
user_30293,2,FRZA|NIOIS|TSLAB
user_26026,1,DECON
user_33848,1,DKNG|LTUM
user_32377,1,BMY|PACB
user_33082,1,DCBO
user_17092,2,ATVIA|CORZ|VZ
user_13469,1,VNOM
user_34052,1,CFLT|WM
user_29559,1,GFS|VNOBL
user_17147,1,MKLBL|SBLK
user_26317,1,TCEHY
user_27207,1,PRTS
user_22275,1,ROP
user_2975,1,SOLHT
user_21754,1,MST|RBLXL
user_10672,1,HNTAM|ZEN
user_32054,1,DRUG
user_19970,5,AMZN|APD|COTYA|NRBO|OTRA|SHOO|YEXT
user_15761,2,AMD|TSLAP
user_25569,2,AGG|MSFT|NXH
user_10927,3,BG|BMYHI|BX|SMR
user_6808,3,MSFT|RY|SFOR|SLAB
user_8521,7,KO|LYV|MTDR|NTNX|SLAB|SOLHT|SPYAL|STORF|TSM
user_32820,3,EXP|GMEHT|JPMNO|NETCY|THCA
user_28325,2,NLST|SLABW|VIOT
user_10339,3,DISPA|MGNIH|NIO
user_12133,3,NVS|SQB|TSEM
user_28411,3,ALICE|GMR|IONS|TSM
user_6448,4,BX|EURUS|KRSOL|NOC|STARS|Y
user_9864,2,GWH|INTCV|STUDY
user_33060,2,AMD|DOMO
user_20824,2,AMDCE|PYPL
user_25300,1,BRPM|FLOK
user_8828,1,TSLAY
user_21163,1,CACC|FLWS
user_22502,1,KRNT|RCAT
user_30761,4,BEKE|BODY|DGX|HDHEA|KO
user_2340,2,DAC|DIS|UOS
user_29201,1,CNVA|GNENF
user_12810,1,BAK
user_20021,1,SABR
user_10931,1,FBHOP
user_19871,1,ENPHW
user_3866,2,AFRMA|OP|STNE
user_491,6,AAPLG|ARKKR|CRSR|ISPO|MUDAV|SCHL|TPB|TTDGE|UAA|VZHE
user_32109,24,AMLX|AMR|AMZNL|ASTSM|BTCMI|CRNCB|CVS|DGROC|F|FISV|FSLRS|GMEON|GOOGG|IHI|IONS|KOPN|MCDRE|MSFTM|MTTR|PTON|RIVNA|ROKUG|RS|SFT|SNAP|SNAPC|TNDM|TSLL|UPSTF|VALE|WBER|WMTHO|WRBYD
user_22214,1,FBGET|SMG
user_25851,1,CPNG
user_8594,1,LSCC
user_27347,2,ALBT|MSFT
user_19621,4,CLPT|DGEO|GGPIH|PCTC|SOPA
user_23288,1,AG|SNOWC
user_17910,1,FTS|PMFEB
user_11848,1,BPOP|ROKUU
user_18679,3,FBWOK|HTZ|IMBI
user_25702,1,AMDDO
user_32163,2,PGJ|SCHDW
user_20622,1,BTF
user_28569,5,CCI|CEL|DDD|FIGS|PT|SMICY|SRTS|XLF|ZOO
user_21045,13,ABT|AMDTH|AMT|ARKF|COINM|CSU|CVXUT|ESS|ETHHT|FBCOM|GOOGD|LFUS|LIFIN|MSFTM|OSTK|PLTR|SPYTE|STAGE|STX|UOG|UPSTD|VUZIE|WCN|ZRX
user_22479,2,CI|GLW|MSFT
user_2863,1,BIIB|GHC
user_21396,1,INTUO
user_29215,1,FBI|RBLXE
user_16685,1,GMETH|LEVI
user_32363,2,AAPLF|KRL|NNOX
user_27776,2,BX|HXSCL|PTOND
user_31799,1,VREIT
user_20620,1,SEV|THO
user_25814,1,MUDRO
user_15527,5,AWS|BTCMI|PG|PLUG|QNT|WHEN|WLL|ZSREV
user_11187,1,DVY|SQDAT
user_15891,2,CMI|DOX|INTC
user_32138,1,GS|KRL
user_10525,1,DISIF|NBIXW
user_30938,2,ONCHA|VTR|VZ
user_28749,1,LRC
user_11758,3,MMAT|RYF|TSLA
user_33540,1,KSU|MGNI
user_13182,2,DIA|TSLA
user_31989,1,TSEM|TSN
user_27063,1,ABCL|CFVI
user_5963,2,AMR|AZNAN|AZZ|QQQSH
user_25236,1,QQQPR
user_15626,7,APPSI|CECE|DISH|DOGEZ|GEFIS|MPSOL|PLTRA|REGN|WHR
user_22005,1,FBDAI
user_1841,1,FLOK
user_21363,1,TTCF
user_32644,3,PINST|TTOO|UAN|VGK
user_4468,1,AFRMI|CTVAD
user_864,2,AKAM|NVTA
user_16170,2,FTX|NXM|TMDX|TNXP
user_32612,2,BX|SOPA
user_30839,1,CSPON|XON
user_9347,2,BXHTT|NFLX
user_10734,1,BTCHT|CLR
user_17579,1,FHM
user_22321,1,WYNN
user_419,2,CHWYN|KWEB|TSLAK
user_20891,1,SCHW|SXTC
user_24698,1,MRI|SHCR
user_19184,2,BL|NCR
user_21558,2,AGG|ONEX|XPEV
user_22082,1,HONHI
user_16298,1,CPRT
user_5110,3,ALLG|AMDFU|CASY|NIOAL|TSLA
user_28687,1,ABNBS
user_10155,1,DISWA|VWHIC
user_22476,2,META|TITN
user_27955,1,PHIA
user_18096,1,DAC
user_16386,1,CSCO|DVA
user_7668,2,MSFT|NUCON
user_4277,1,CARA|DNUT
user_26881,1,NVDAI
user_33789,5,ARES|AVGOT|HOMB|NASA|SMIC|TSLAQ
user_2806,1,TSMAU
user_24978,2,BAP|CYRN|GDDY|ZS
user_1205,2,BXDAN|ZS
user_9429,1,DPSI|FBCOM
user_24123,1,AERC
user_19115,14,ABBVR|AZNAN|BAI|BKCC|CDAY|DEGEN|DISWA|EGLXI|EMB|ENJ|EVVTY|HOLD|ITA|LNTH|MDBWA|MEDP|MRIN|MRKTH|SQDAT|STAGE|UFING
user_29228,1,FBIN|UOG
user_29094,1,BMBL
user_4211,1,SHOO
user_25557,2,COST|GTO|MNGHT
user_8033,1,FRBK|RIOTW
user_25290,2,CRM|WIRE
user_19208,4,APPSV|CLX|FBDAI|INTCR|URNM
user_33495,2,ALEC|MDBAL|OSK
user_25075,2,FBETH|MODIV|NVR
user_32249,3,GRWGF|NFLX|PG|SPOTT
user_27228,1,HDC|QQW
user_31309,1,NVDIA
user_7407,2,FEG|NFE|SNV|TOELY
user_16835,1,DPZ
user_20308,1,FFND
user_25756,1,FRSH|LUMN
user_14951,2,EPIK|FISVB|NYT|STORB
user_23261,1,KNX
user_32496,2,RDIB|RTX|SMICY|XOMWI
user_30408,7,AMDRU|DRV|INMD|KFY|LYFTC|MU|TVISA|VEU
user_26648,2,AMZN|S
user_12931,1,FLIKE|NIONI
user_27451,1,EXEL|YEXT
user_28986,1,FVRRO|MOV
user_9501,1,CSPR|FIVE
user_13302,2,CMC|QRTEA
user_23145,2,ALGN|CCJ|RTXMO
user_15758,1,MNMD|WBER
user_15293,2,ADAPL|EVOK|QLYS
user_21153,2,AMZNR|AURA|CHK|ZSDAT
user_28037,2,AMDRU|MSFT
user_29213,1,MDBAL|NURO
user_3678,2,DISCK|META|NFLXT
user_317,4,CMC|FBBIT|META|SNAPS
user_1909,1,TIMEA
user_30372,1,SHV|THEY
user_13335,1,GLXY|WRBYD
user_9498,1,PKI|SONVY
user_15523,2,SNAP|VZ
user_9556,4,AMLX|ENPH|JPM|VYNT
user_11946,1,DPZEN
user_20391,1,EMR|NQ
user_1602,1,ALZN|BULL
user_22034,5,EFA|HMBLI|MCDEU|NUCON|SKLZF|TSLAW|VYMVA|ZII
user_3697,1,MSFTS|WWE
user_25672,1,DXCM
user_29077,2,IOBT|SABR
user_19165,1,OSK
user_9768,2,BX|DRIO|ENDP
user_6015,1,PUBMH
user_13285,2,INTC|TPB
user_35,6,ACB|HTCR|IGU|LBRDA|META|MTCH|OGI|VSUPE
user_12327,1,AGR|PTONY
user_30030,1,CUBI|PINS
user_10980,3,AMCLO|CME|NKEFE|PFEFR
user_22119,1,PLUG|ZSSEM
user_9214,1,EQIX
user_28483,2,FI|INFQ|NFLXD|TMDX
user_33786,5,AAPL|FBULL|NOC|TNDM|WMTSQ|ZIMAY
user_33791,1,GOOGH|QCOMW
user_7720,2,GMEGL|KO
user_5278,1,EQNR|TSM
user_32724,1,GVSI
user_6336,2,OVV|TBT|ZSWHA
user_29533,2,GRWG|SPYSE|TTDCL|VB
user_33805,3,BABA|IGSB|IWM|MSCI|MTTR|UVV
user_11782,7,AAPL|DOBO|FSLRB|GNUS|NEEFO|OAS|QQQBU|USD|UVXYT
user_14537,1,BRN|XLNX
user_11230,1,CRWDH|EL
user_29362,3,COO|FTCHW|HTHT|SNA|VV
user_23293,1,NFLXS
user_26653,1,RHS
user_29575,1,METAF
user_10288,2,CSVTI|KO
user_31694,1,RENN
user_28419,1,TYX
user_4110,1,SCHG
user_7526,1,XLI
user_22301,1,ABBVT|EEM
user_6820,1,GMEZO|SAIA
user_16907,3,BA|EVOK|NIO
user_30904,2,COST|TSEM|VIX
user_4383,2,MKLIN|OTRK|SAFE|SCHG
user_21068,1,HPQ|KSPN
user_24344,1,ILAG|ZIMAY
user_4424,1,APDN|PROSY
user_11220,1,ELAN
user_16508,1,GDDY
user_11477,1,AMOV
user_4185,1,ASH|IRBT
user_3351,3,HOODT|RBLXE|XPEVS
user_30537,2,F|GTLBW|METIS
user_30354,3,IWMBU|PG|TSM
user_3753,1,DGEO
user_1184,3,CBSTR|ENPH|ZION
user_4734,2,BTF|NOC|SWAV
user_31675,1,CRM
user_9522,2,GOCO|MSFT
user_471,1,WISHT
user_24343,2,FSTX|VIG|XNO
user_8324,1,HRMY|QSGRE
user_2216,1,ENTG
user_33543,2,IMBI|MDT|PG
user_28882,2,GLNG|NEE|OTECH|SMG
user_6768,1,LIGMA|XLRE
user_31685,1,KO|LYTS
user_23993,1,MDBAL|SCHB
user_17258,2,CPE|LOWMA|TSLA
user_7968,2,BRN|IRMAD|JNJTO
user_31207,1,GFSCH
user_19647,1,SXTC
user_10113,1,DXC|TIGR
user_5204,1,MPSOL
user_16664,1,DISCO|NXTD
user_33753,2,KOOWN|MCRT|TASK
user_13385,1,ALGM|SCHDB
user_16658,1,APP
user_4561,5,CDLR|CEBOU|GTLB|HTZZ|LTC|MRNS|NADA
user_34057,2,AAL|MODIV|MPWR|USDJP
user_16669,1,ADTN|XLM
user_21638,1,NNOXH|PHUN
user_19068,3,FFND|INTCI|PRNT|RS|SUMO
user_18374,1,VMC
user_1883,1,AMP|NEEFO
user_20722,2,APPH|SNAPC|STEP
user_4537,2,ATH|HAFC|LSCC
user_13086,1,XHBGR
user_1692,1,SUN
user_7640,1,IRMAD
user_22105,1,ORA
user_5603,2,ESTC|INTC|RBAC
user_18973,2,FBTOT|TNXP|XPEV
user_24008,1,PYPLT
user_122,1,JCI
user_8416,1,AVPT|MET
user_8288,1,KMX
user_25355,1,ACO|PINST
user_23549,1,ONOV
user_7953,1,LUXE|NLY
user_25763,1,MRNA
user_25143,1,ABBVD|ALLK
user_23209,1,HT|WMB
user_15632,2,BJ|ENPH|KEN
user_17086,1,URBN|VO
user_22943,1,GEF|JCI
user_31504,1,ANF
user_2156,2,UPRO|XPEV
user_6592,1,QQQFO
user_23481,1,EDR
user_28531,2,CMA|DIS|FATE
user_8357,1,EGLD|SMICY
user_29359,2,FCX|PYPL
user_20074,1,DOCU
user_12000,2,CNI|LFG|PLDHT|SILVE
user_22596,2,META|UNI|ZS
user_30889,1,CPB|GBTC
user_12144,1,TGTNO
user_9237,1,ARKW|POOL
user_57,3,DKNGZ|PYPLT|UNF|ZION
user_8588,10,ADI|AEHR|AWR|BLKIN|DY|FBREM|HYMC|IQ|JWM|NIOSH|RYANH|TSLL
user_11871,1,NICE|NTNX
user_65,1,METX|SWX
user_6901,1,TXNWH
user_5165,1,BOUV|HSBC
user_24876,1,FI|PI
user_10306,1,EXR
user_12498,2,AMP|TLSA
user_5855,2,AMZN|BAK|ILAG|SNAPF
user_16076,1,DQ
user_25441,1,SNPS
user_3342,2,ESSC|PETZ
user_24878,1,IMRN|NETCL
user_1902,1,COP|LFG
user_9852,1,SLV|WING
user_23142,1,BLK
user_25353,1,TXTM
user_2989,1,CRMPR|FBREM
user_33573,2,F|LBC
user_34097,2,DOCNG|MUGRO|RYH|VOSO
user_28966,1,SBFM
user_30180,4,BA|BABUL|ETSY|VZ
user_4480,4,ADAP|ENJY|GILD|GMLI|HAS|R
user_29305,1,AMPH
user_20415,1,USBSO
user_9565,1,NVVE
user_7240,1,SMR|ZIMAY
user_29002,1,BYD|PTONY
user_23056,1,TNR|TROWA
user_21725,1,FISV|GRIM
user_1526,3,ACHC|ALLK|CBRE|DOCUF|SMOG
user_4053,2,SQ|TSLA|ZG
user_3501,1,FEG|PINSU
user_14638,1,CI
user_32155,4,ADAP|BLBX|COSTW|EW|MOHOW
user_10739,1,QCOMH|RMD
user_33267,2,BVXV|BXP|CCATE
user_20955,2,AAPL|RUX|UMAYB
user_11397,1,QCOMH|SPYBU
user_4535,2,DENN|PYPL
user_14345,1,FCXWA|MAGT
user_28109,1,SAFM
user_19672,1,MVRS|VV
user_20566,2,INTC|LGF|P
user_31529,2,ALTO|DIS
user_27243,1,SNAPF
user_30691,1,KOSS|TER
user_22577,1,PDDI|SWX
user_11418,2,ATVI|GPNBA|LULU
user_4151,2,BTBT|DCP|STNE
user_22516,2,CRM|NXST
user_19990,2,CHWYN|CRM|SOUL
user_32276,2,AMLX|JNJRE
user_23046,2,CPBCH|MXL|SEMR
user_1081,1,FBCOM|MREO
user_32901,1,ORA|QSSOF
user_21687,1,EGHT
user_304,4,CISO|CRDO|GCT|GOOGP|QBTS|SHY|THCA
user_21005,2,BURL|TER
user_6610,1,EURUS|NIOPI
user_13792,1,EQR|SWIM
user_6607,2,APPSC|BIG|NSC
user_27901,3,AXON|MDBWA|XOMNO|YNDX
user_234,1,ARKG|OHI
user_29270,2,AMCNI|HX|JKS|TTDGE
user_8222,2,FBJUS|PII|XPEV
user_4323,1,NKTX
user_15800,1,PTPI|SBUXT
user_357,1,CSCOI
user_31354,2,LYFT|NFLX|OVV
user_24431,2,ARKQ|OIH|PG
user_18716,1,CLVT|ZUO
user_1002,1,AXPHT|LCID
user_16036,1,BRKSO|MGNIL
user_19603,1,GMPW|HNTAM
user_725,1,ADBE|ENJY
user_3879,1,IKEA|TSLAC
user_7521,1,NVIV|VYM
user_27327,1,VAND
user_11237,1,NTFX|UUP
user_27133,1,RSSS
user_34170,1,TRVN
user_28905,3,APLD|BRO|CMA|PBF|RBLXC
user_19636,4,BOND|CARS|MU|OPRX|WBD
user_7108,1,PENNF
user_14221,1,NIOS
user_18425,1,VFOCU
user_30205,1,GRNQ
user_8468,2,AAPS|TLTHT|WIX
user_19657,1,NADA|SMIC
user_6871,1,RMD|XRT
user_1501,4,BSC|DUSCA|NAKDI|VIOT|VYNT
user_9891,4,AMD|AMZNL|AWS|FCEL|HMC|TSLA
user_2900,1,ARGO
user_11326,1,ACI|SSNLF
user_19605,4,AAPS|AMZN|ARKQ|IEA|KWEB|NDAQ
user_15233,1,AMZNO|AVT
user_21104,1,AVGOR|NNOXI
user_9413,1,FUBO
user_13274,2,BUD|EGHT|EXEL|ULVR
user_15184,1,DRI|FBREB
user_2057,2,ASTSM|EAR|EQNR|WFG
user_13965,2,CDLX|KKR|MRVS
user_31223,2,BA|BYD|CSPK
user_340,1,FAF
user_11078,3,AMDME|BNDX|NETI|NKE|NOCIS|SOFI
user_18389,1,FBFOC
user_7655,1,BXHTT|MRNA
user_28574,1,TWITH
user_23007,2,HOLD|KODK|TSLA
user_28776,2,SPOTD|VLOSS|VZ
user_24643,1,SASR|WMB
user_8980,4,ONDS|PLYPL|SAIL|THSET|WPM
user_13829,1,ENJ|FCXWA
user_31026,3,BB|F|KIM|SFOR
user_12517,1,COF|RACE
user_21821,1,ENSC|PRCT
user_13838,1,TLTSH
user_9923,1,GES|ZNGA
user_16888,1,KOAUG|PGSOU
user_26441,1,NFLXY
user_1576,2,HUBS|LCIDT|PDDWH
user_23990,1,NILE|OAS
user_25962,1,SBSW
user_10909,1,EB
user_11180,1,DCBO
user_26297,1,BKE|USAC
user_26262,1,MARS|SEMER
user_31261,1,AMDAP
user_23139,1,NUCON
user_27719,2,BIGC|NIOWH
user_24456,1,METAS|ZM
user_20029,1,APD|RUSHA
user_18610,1,GDX
user_28017,3,CHD|F|STRAV|STSS
user_28777,1,RSP
user_33048,1,ABCB|ARMK
user_29467,1,DISQ|QSSOF
user_32955,1,KED
user_2284,7,AAPLU|BABAB|CELH|FRSH|HHC|LVMH|NUTX|NVDAV|PYPLG|VIAC|VIXAT
user_22107,1,AMTD|VFINT
user_26865,1,STHE|TLA
user_20046,1,EQUIX|HDC
user_812,1,GLD
user_13857,1,OWILL
user_17915,1,BXHTT|ONNAR
user_17961,1,PYPLA
user_9905,1,TSN
user_30588,1,ENPHG|NKEC
user_26319,1,UA
user_22536,1,KBR
user_17457,1,WPC
user_3043,1,WMTHO
user_9664,1,CISO|FBEVE
user_32774,2,UNHHO|ZIL
user_15227,1,SHUEY
user_10700,1,SCHM
user_34026,2,STORB|VZ
user_8000,1,CTSH|MILE
user_826,3,AMD|METAE|NFLX|XOMDO
user_17172,1,PRNT|RHCLO
user_31426,1,PRPL
user_27705,1,MCDMI
user_1717,1,BYD
user_31997,1,GMESU|VDADX
user_33168,1,HES|HOODI
user_12614,1,QRTEA|SOXL
user_15405,1,FFND
user_8397,1,CFVI|VFINT
user_29550,1,KWEB|NETL
user_12941,1,IONQ
user_17922,1,VALEC
user_3121,2,DISQ|IMRN|PLTZ|RUSHA
user_23468,1,CSCOI
user_17685,1,RIBT
user_27777,1,LIGMA|TX
user_29333,1,BSC
user_20716,1,ANDE|OHICO
user_34223,1,DISFO
user_1810,1,LOVEL|SST
user_11339,2,AAPLQ|COST|WDAY
user_29868,1,NIOGO
user_33295,1,JKHY|SNMP
user_25565,1,FIVN
user_6245,1,DOCNS
user_1121,1,AMCRI|AMDCU
user_2160,1,LYV
user_13762,1,SWAV|TBLT
user_16860,2,BILLV|GST|QCOM
user_32515,1,CE|VZRET
user_23222,2,LOVEL|MJ|TNP|XLRE
user_22046,2,BUD|MMC|RMED
user_27177,1,ASC
user_20509,1,FTCHW|GDYN
user_16479,3,AMD|BB|TSLA
user_10206,1,EVCOI|UBERT
user_32325,1,RBLX
user_27755,1,PENNW
user_10167,1,ARWR|MOWHA
user_31230,1,PPC
user_29417,1,POET|SCHG
user_25558,1,AMDDO|MKLBO
user_16884,1,IWM
user_11596,2,BBBY|FIGS
user_9400,2,KO|YUMC
user_33583,1,GMT|WF
user_8631,1,HPE|TEVA
user_5368,2,AAPL|MSTRW
user_32424,1,LCIDS|XPE
user_5488,2,CRM|PNR|RDSA
user_25403,2,MELIF|RIVNS
user_26430,3,ATCO|CRMI|NOC|TTDCH
user_20326,2,GNL|SNA
user_32626,2,COMP|MSFT|STRN
user_32110,1,APH
user_30917,2,CLR|GOOGG|SFOR|UPSTF
user_19807,1,KAVL|TSLAP
user_427,1,GM|KHC
user_7872,1,APPL
user_21190,2,XOM|ZS
user_19839,2,DIS|DKNGC|ENPH
user_13270,1,AMN
user_11623,1,YUMC
user_29479,2,AMZN|GMREV|QCOMR
user_9113,1,SCS
user_34244,1,CREE|ELS
user_3860,1,EB|LCID
user_5988,1,FWONK
user_28831,2,BABAI|NOK|TWNK|TXNRA
user_2916,1,VMC
user_33572,1,ENPHM|XELA
user_31604,1,MO
user_5066,1,MOHOW
user_24303,1,ONB
user_21753,1,MMMBU
user_26432,1,FBCHA|ORA
user_11134,2,BABAB|CRM|PINS
user_16016,1,BAON
user_5965,1,CLH|MDBAL
user_29558,2,MOMO|NOC
user_10827,1,PETS
user_3114,1,MVRS|STIP
user_9444,1,SYNC
user_9666,2,AMDME|AMZN
user_25527,1,PBT
user_13145,1,IEF
user_25932,1,FBI|SCL
user_25953,2,INTC|TESLA
user_22545,1,ARI|EXPR
user_6816,2,AMD|ASMLW|GE
user_18828,1,HA
user_26135,1,JPMD|NFG
user_33120,1,AYRO|NEWR
user_18164,1,BAP|WSC
user_27080,1,AFRMD|WAFD
user_20706,3,DCFC|INTC|PYR|TSLA
user_31360,1,IONQ|VLE
user_15438,1,BULL|SOLO
user_22071,1,VWEDN
user_12324,1,AXPHT|CRWDD
user_33826,1,FMX|SHLS
user_9391,1,DRTS|MPWR
user_24914,1,CG
user_2928,2,ARK|DOCNC|SYFDI
user_30675,2,DAG|MSFT
user_16224,1,DOCUF|IPGP
user_27273,1,INMD|SCVL
user_21576,2,DENN|NIM
user_8998,1,ATHM|CAMT
user_9516,2,AMZNT|DNFLX|FAZE|MNDYA
user_31156,1,CMGMC|EBAY
user_3142,1,MSFTA
user_17033,1,SNAP
user_18729,1,CLFHT|T
user_27628,2,MUSA|ZSHED
user_13844,1,BE|FAZE
user_13209,1,KNBE|QCOMH
user_6576,1,AAPLP
user_20548,1,RIVNC
user_21606,1,ADC
user_21232,1,CXW
user_24734,1,CRNCB|FBULL
user_2311,2,BA|GOOGT|KODI
user_2708,2,META|VCOME
user_15889,3,BGFV|BX|HCDI|PYPL
user_15029,1,VISM
user_24366,1,TLT
user_20219,2,LLYSH|PYPL
user_10973,1,SAP
user_10452,1,COST
user_28668,2,CEIX|META|NANO
user_22449,1,DOGO|HXL
user_637,1,STT
user_24309,1,BYDI|NOCIS
user_10581,1,CLX
user_30776,1,HOMB
user_28717,1,APPN|HHC
user_31009,1,PIK
user_23488,1,QQQPU
user_20342,1,MCKBO|OWILL
user_98,1,UNI
user_18186,1,AIG
user_25433,3,ANSS|F|FBPUS|YFI
user_30122,1,FBETH
user_9060,2,AVLR|GMEZO|NVDAS|XMR
user_30151,1,NVEI|SITM
user_33407,1,PBRSO
user_6310,1,METAE|NNDM
user_30063,1,CLFD|COIN
user_1343,1,TGTAP|XOMBU
user_22344,3,AGL|KSS|NIOS|VZ
user_664,1,MDB
user_32025,1,ENJ|LSCC
user_25923,1,PPSI
user_22895,3,BILLV|LICY|METAF|PARAH
user_30843,2,HUSA|NDA|VFC
user_6038,1,SFM
user_25485,2,DOE|KO|RBAC
user_14190,1,MDIA
user_27717,1,CEEK
user_28293,10,ANKR|DNFLX|GBTC|IMXI|PENNW|SBUXT|SDS|TARO|TMDX|VALN|VRM|WBAST|XLFSP
user_5858,2,AAPL|UAA|W
user_2799,1,DDOGC
user_26007,1,ALTO
user_19729,2,AAPL|AAPLO|PAHC
user_20028,1,QQQPU|UUP
user_14241,1,CBSH|URA
user_3536,1,THTX
user_33773,1,BEAM
user_14143,2,CAJ|MNDT|UMC
user_5389,2,AIRS|FHN|QCOMJ|VYMVA
user_2126,1,SLAB
user_20531,1,RR
user_17532,2,COF|NFLXO|PGSOU
user_12509,1,BOUV|SIOX
user_4522,2,CPI|NOC|VLE
user_4612,7,FBBUT|GLBE|HCA|HTHT|MGA|NIO|OC|SNOWC|VTVT|WLL
user_10035,1,CVANA
user_8081,1,CIFR|DOE
user_22168,3,GEGI|GOOG|SQAI|VNET
user_967,18,AFL|ARES|BRKNE|BSFC|CELHB|CVXBA|DGII|DSIGR|ECL|FBREB|FLGT|GGG|GMMOR|GMSOL|INMD|KBNT|LNG|LTNC|MMMBU|NKEBE|NUEDG|PSEC|QNRX|RWTR|SMG|TNX|TSMC|TTDEV|TXT
user_872,1,BEEB|USD
user_4401,2,NRSN|TLSAQ|WEBRW
user_21290,1,FVRRO
user_14406,1,CVXBA|DCI
user_10374,1,COO|SEAND
user_22430,1,HXSCL|OKE
user_26150,2,INTC|VCOME
user_27678,1,ODIVI
user_23862,1,CROX
user_30129,1,BCYP
user_3296,11,AYRO|BMO|BRK|CACC|FDN|FMCB|GGPIH|HA|IVZ|NOC|NU|SHOP|UOS|VCOME|XL
user_21320,1,AGL
user_21957,1,HALWE
user_31795,3,NIOS|TSLA|VCOCA|XLI
user_22793,2,BAM|DOX|TSRI|XON
user_22176,2,BODYN|REGN
user_26411,1,PHM
user_18488,1,AMZNL
user_16446,2,AMD|ETHSH|MTTR
user_3628,4,ARKKR|AXPHT|BRUSH|FBYOU|NOC|PG
user_19008,1,GTLB|ROG
user_11550,3,BABAE|SHUEY|SMLR|XMR
user_31857,1,BXHTT
user_22183,2,BANC|BX|ENPHC
user_4845,1,DE|SASR
user_5115,1,DMYQ
user_5094,1,ISPO
user_2560,3,CTAS|MMMAN|PAG|STEP
user_3675,1,DQ|ROG
user_22096,2,MCDRE|TGTSE|XLK
user_3621,3,BOA|IKEA|USHE|VWAGY
user_31797,3,AMD|ASTR|KEN|ZRX
user_4893,3,AGNC|MPW|MSFT
user_18732,2,IONS|TTOO
user_1688,1,BOKF
user_19861,1,SBUXT
user_22180,8,BRKNE|CYBL|FBMEA|FTCH|HRTZ|LESL|LMNDW|OXY|RUX|SQB|WE
user_29652,1,AMDEI|BSX
user_17046,2,COMB|FROG|PEPTE
user_32600,2,GBX|KLO|KO|POLA
user_32316,1,INTCF|WMB
user_3419,1,OTIS
user_16612,1,FICO|RBLXW
user_4939,1,HDAPR
user_5070,1,AMDRU|WHR
user_16573,2,AIR|APPSN|UDR
user_30509,1,HPNN
user_29442,2,AMDI|F
user_26973,4,LMNDS|PFE|RBLXB|SITE|SJW|SQB|TNX
user_5856,1,ILUS
user_2718,3,ATVI|FBTHA|FE|KO|VERT
user_33569,1,NKLAQ|WRLD
user_11862,1,CSCO|DISWH
user_26938,1,RIVN|SQSNA
user_22555,2,FMBI|IPGP|SJI|TSLAB
user_18708,1,MKLIN|RNG
user_28157,2,AAPL|DCFC|LVMUY
user_31172,1,LAD|SJT
user_28166,1,FBLAM
user_15370,2,DRTS|RF
user_7660,1,BACBU|GPNBA
user_24100,1,AAPLQ
user_18862,2,CEG|MNGHT|NOVA|WE
user_22184,6,CELZ|CYBR|IAC|LFUS|MAWAR|OSMO|RA|SWBK|TGTTE
user_7080,1,ROKUW|SPOTD
user_14802,1,ATHM|ZBRA
user_7376,1,BTCMI|PCTY
user_23494,2,DMYQ|F
user_31609,1,AAWW|TTDCL
user_14006,2,MSFT|SGFY
user_24027,1,PPG
user_34160,2,NIO|Y
user_13596,1,NBIXW|YY
user_2652,1,CACCB
user_7404,2,AMCRE|POSH|SMIC
user_22805,1,CHGGT|HOG
user_773,2,AMZNA|BPRM|WOLFA
user_23002,2,ENPH|NETA|UHOPE
user_25629,1,RIOT
user_33999,1,SABR
user_4592,1,NNOX
user_540,3,ALL|COINY|NIOBO|SP
user_24558,3,HEX|PYPL|TSM
user_8376,2,ILV|VMW|VZ
user_28701,2,PYPL|WFG
user_30213,1,TYX
user_4705,1,CHD|ORCLA
user_2668,1,MJ|ZII
user_2983,1,EBON|FANG
user_11883,1,RY|SYF
user_7661,1,APPSA|PLTRH
user_34049,1,DFI
user_3813,2,NOC|ONTO|SYS
user_127,1,LTUM
user_29491,3,ANF|BTC|DXYHT|SYNA|WMTSQ|ZCX
user_4790,1,XPEV
user_23921,1,MGNI
user_20011,1,AMZNB|VYMDI
user_8977,1,APE|IFF
user_28078,1,VISL
user_22890,6,A|ADAP|AXSM|BLOCK|CCJ|GOOS|NIOWH|NOVN|NTRS|SYK
user_18172,1,AVTR|LOWSE
user_8794,1,ASTRB
user_5185,2,AMPL|INND|MSFT
user_3539,1,SVFD
user_18343,1,LHX|ROST
user_26397,1,SCHX|SPGGR
user_25081,2,BA|KODO|QQQBU
user_21209,1,T
user_16932,1,ODFL|TSLAI
user_19535,1,PRU
user_21669,1,ADAP|REV
user_7481,2,FIGS|KOTEC|ONCT|SARK
user_24863,5,BEAM|CLAR|FBNOT|GMLI|IDT|JACK|MNMD|SAMFR
user_30438,2,AUB|NVDAT
user_17639,3,FBTUE|JBHT|OIL|XOMRE
user_6109,1,CVET
user_31852,1,KWEB|XLB
user_23514,1,EXPR|PRM
user_2262,1,CRVS
user_14357,1,KNX
user_26221,4,CVS|ENVB|ISIG|KLO|PSNY
user_21839,1,ADM|MSFTT
user_1012,1,AEMD|PACW
user_30221,2,AMDBU|FBLIK|MKLBL|SHEL
user_8167,2,MCDRE|PLNHF
user_1893,1,PYPLI
user_29481,1,SQSPO
user_628,1,AMDAD|SNX
user_33511,1,DMYQ
user_2371,3,AUPH|FI|OPCH|ROKUU|VIR
user_14584,1,APH|WYNN
user_22930,5,AMZN|EDIT|HAL|LFUS|MARVI|RKLB|UPWKT
user_17671,1,DAX
user_2312,2,ALPP|MMMHI|SPOTR|VVS
user_21838,1,NOBL
user_5882,1,ANGH|CATLO
user_11645,1,OZON|PHRRF
user_11161,1,AAPLS
user_23925,1,EVH|UMANY
user_13268,1,TSLAI
user_10554,2,AMD|SNOW|VTSAX
user_22337,1,SPX
user_27165,1,SAIA
user_19548,1,MTN|VRAWH
user_8243,2,LTHMC|MZN|PG
user_366,3,BARK|GMMOR|METAN|SCHG|SVFD
user_29693,1,LW
user_6804,1,EXEL|FBPAS
user_13631,1,BKE|FRSH
user_26161,2,FVRRO|GRBK|PG
user_17203,1,COUP
user_5184,1,ROKUH
user_6736,3,ATYI|FLUX|NXM|SMG
user_9464,1,ENSV
user_29771,1,DIAHT
user_15820,1,IRMAD|VRT
user_18678,3,HONRE|MPWAL|NYCB|OLPXI|OTRK
user_469,2,TQQQ|VZ
user_5842,1,GRVI
user_9129,2,KO|NETCY
user_17696,1,LNG|TWST
user_22813,1,GIS|SINCH
user_8214,1,HTZ|LICY
user_13943,1,PRQ|TMO
user_25617,1,FBIN|PTONB
user_6492,1,AMTMA
user_4554,1,ARKO|DOW
user_33067,4,FBHOP|GOOG|PDSB|SMICY|VOSO
user_20648,1,AEP
user_12241,1,AAPLB
user_29423,2,HCA|THSET|VALEC
user_7786,3,ATVIP|COIN|HAIN|JOBYH|ROIUC
user_15498,2,META|MKC|QQQVI
user_11690,8,ABR|EB|FBBY|METAT|MRKTH|PGNET|TWLO|VCOME|WB|WISHW|XM
user_25383,2,APRE|HYMC|NSC|SWIM
user_5765,1,POWI
user_28742,2,JOBY|VZ
user_7767,1,FSLYH
user_7050,1,BKSY|ETHHT
user_32183,1,NURO
user_27950,1,GPC
user_22527,1,DEGEN
user_5309,2,TSM|VVV
user_1321,2,AAPL|LAZR
user_9503,1,UPSTA
user_15588,1,CSCOA
user_2133,1,CHEF
user_32348,1,NLY
user_19311,3,ARE|CHD|HTTZ|NLFX
user_5257,1,PGR
user_20659,2,BX|NETA
user_14952,4,AFRMA|FBUSE|TRIN|TRU|UVV|VOOTH
user_25149,1,COSTA|EGLX
user_10481,2,BOFA|PTOND
user_5808,1,WILD
user_27730,1,AMDBR
user_22816,3,SSTLE|STX|XLE
user_5756,4,AZPN|DKNGH|FBBIT|HDC|HPE|XHBGR
user_2941,1,DOGEZ
user_455,1,ABNBH|DISHU
user_2200,2,AAPL|BBIH
user_24355,2,SWX|TSM
user_5744,1,NFLXC|SKWS
user_12822,1,TRU|VGK
user_20273,2,ENPH|FISVB|ZSDAT
user_23592,1,PDSB|SPIRI
user_18049,1,AER|INO
user_16511,1,ECL
user_23363,1,VZRET
user_31823,1,JNJDI
user_7975,1,FAANG
user_32080,1,AAPLM|USDP
user_594,3,KIBA|NFLX|PYPL
user_18896,1,CSTM
user_14182,1,CRWDW|ROST
user_5925,1,PNC
user_9938,1,PLTRI
user_4276,1,XOP
user_16302,1,COTI|SVM
user_14696,3,DIS|FTNTT|IEA
user_24254,1,VUG
user_26586,1,OP|SABR
user_21828,1,CPRT|CSX
user_21988,3,INTC|SPOTR|TSLAW
user_8972,1,TOELY
user_14330,1,AD|FBTWI
user_32324,1,ABNBO|XI
user_6999,2,IMCC|KED|PHUN|TRU
user_30309,2,AMDSE|CECE|CVXUT|HOLE
user_810,2,AUPH|MILLI|MYNZ
user_7592,2,AMD|MAS|VTRS
user_29864,2,AMZN|COMB
user_31137,1,MCD
user_29966,1,OPEN
user_2106,1,DAC|DPRO
user_66,1,INTCT
user_34036,1,HBAR
user_31379,5,BRG|IVC|MCDMI|MPWAL|NEEAR|VTNR|VTWO|ZSSEM
user_28983,1,HYZN
user_28768,1,GOOGL|ROKUU
user_20099,1,BTCBE
user_32490,1,AARK|SPG
user_5717,3,MGNI|OTTR|SODER
user_9759,1,SPELL
user_23564,2,F|SNAPT
user_3960,2,INTC|NXST|ZOO
user_26062,1,TSLA
user_11507,2,GMEZO|TARO|TGT
user_30960,1,MMMAN
user_743,1,EGLDQ
user_21267,1,FLOW|YFI
user_4052,2,COST|FUBOI
user_19459,1,CSOUR|PLTRI
user_6847,1,CVET|YUM
user_16138,1,DWACW|XLK
user_31338,1,ACO
user_23478,2,AMZN|STRON
user_27823,2,AMD|CS|NVDAV
user_5921,1,OC|PKI
user_18587,1,ALLY|SHW
user_11112,1,FFIV|NNN
user_25604,1,SLABW
user_22129,1,PM|TDOC
user_28011,1,KIM|NXP
user_2914,1,NEGGI
user_18913,3,ALIF|NWBO|VRSN
user_1180,1,DOT|MVRS
user_28154,1,COINY|UVV
user_33941,1,AMG|DOCUF
user_17468,1,AVT
user_15998,1,PLD|VTWO
user_31710,2,AVGO|GOOG|UNF
user_16459,1,IMRN
user_17400,1,APPH|OCLG
user_7639,1,MMMMI
user_6270,1,EL
user_14557,1,SPA
user_19786,1,GNL|HDHEA
user_19857,1,SAIC
user_29836,1,FBHS
user_32189,1,UBI|XLNX
user_33518,2,SEDGD|SFM
user_30186,2,NYCB|PYPL
user_24720,2,HOSKY|SCVL|ZS
user_17800,1,AR|PLYPL
user_15399,1,NLFX
user_11585,1,AZNAN
user_29785,2,HOMB|PYPL
user_447,1,TSATM
user_25037,2,NFLX|VRT
user_29778,1,CCXI
user_19425,1,JPEX
user_25609,1,XDC
user_2055,1,RNDR
user_32797,2,DT|TRV|VMC
user_21324,2,ABEV|ENVB|MRVLP
user_33088,3,CBIO|INTC|RMO|TSLA
user_4121,1,IHI|PUBMA
user_5541,2,MRI|ORA|TXN
user_4479,2,DWACW|MDBAL|MSFT
user_10171,3,BCMH|CHNG|KO|PLAY|RKLB
user_5462,2,ATLAS|GILD|XPEV
user_31701,1,CNK|XPR
user_31500,2,IWO|NIOAS
user_16736,1,NFLXO|SPYMA
user_33146,1,PEPTE
user_23536,2,AEO|BBWI|COST
user_14291,2,AMZNB|HTCR|SLI|TNXP
user_13396,3,CAD|COSTM|INTL|RDFN|XOMRE
user_8003,2,FBFIN|MOBQ|PYPL
user_14466,1,MSFTH
user_11960,1,BKX|SQSNA
user_21463,1,NOCIS
user_32459,1,COUR|TXNCO
user_5989,2,CYRN|WF
user_20577,1,WE
user_15275,1,FARA|PIK
user_972,1,ABNBO|KOPN
user_1491,1,UNP
user_29913,3,EMBRA|NASA|ONCT
user_22155,1,PETZ
user_5957,2,AAPLQ|BRUSH|SOLPL|VTI
user_19796,1,ACCO|BABYT
user_17878,1,UUUU
user_26963,1,BJDX|SHW
user_6510,1,SNMP|STZ
user_29927,1,CMI|WKR
user_16900,1,NTLA
user_11143,1,BABAB|WYNN
user_21633,1,AMKR
user_13214,3,DIS|ROKUF|SHOPC|SPXC
user_1768,2,HTZZ|IGU|PINSB|XLIGR
user_5721,2,AZNAN|STRR
user_13342,1,NIOLE
user_29819,8,AUTO|BTCNE|CPG|FHTX|GRUB|MYNAN|NLY|PFF|POWI|TSLAI|UCYBE|UPST|WEAR|ZSCHA
user_20305,1,TNR
user_28264,2,AMCR|AMZN
user_17558,7,ABTWH|ALIF|AUST|CNSWF|CTAS|IMXI|JPMVA|LAZR|NXTD|SPYSE|STAA
user_13620,1,FTNTT|OLPXI
user_1102,4,AMCFU|CLBT|CVM|NAKDI|NASA|QSSOF|TWTRT
user_5845,1,CKS|KOCRE
user_11859,1,ALT|DOW
user_4491,2,NAVI|SPYSE|UPSTE
user_3527,1,CHHFI|MOMO
user_7744,1,PUBMA
user_22623,1,JNJPA
user_7386,1,LHX|PTONJ
user_13900,3,ATYHO|AVTR|BLNKA|DNUT|SHOPD|VFOCU
user_10328,1,DAG|FI
user_21864,1,BBI|MOD
user_28369,2,EFA|GOOG
user_12340,1,FR
user_8349,1,RUSHA|XOMDI
user_4689,2,HOLES|TSM
user_19524,2,CRWDS|FBTOP|XPEV
user_140,1,HUSAL|RGEN
user_20903,1,VALE
user_3432,1,BBLN
user_2090,1,GBTC
user_1470,1,MSFTW|SBAC
user_25955,1,XIL
user_21241,1,TTDGO
user_6196,1,FRT|METAT
user_4205,1,DOCUF|QQQM
user_4678,1,SASR
user_2384,2,BATS|MELIM
user_13382,5,CME|CNTX|DRI|GOCO|GPS|NTFX|ORA|URGN
user_23283,2,AOUT|DCP|FBAT|TLT
user_10220,1,FSTX|RIVNS
user_30974,1,LFUS|VIG
user_30373,1,BRKBP
user_12278,1,K|PYPLH
user_26849,5,CRM|DISCH|PTONB|PYPL|TSM|ZS
user_31762,3,AAPL|IONS|LUXE|SCHB|UMAYB
user_20670,2,EQUIX|NCLH|THSET
user_33285,1,DSIGR|NIOPU
user_17211,3,HOLE|TSLAN|YOU|ZWATC
user_20990,3,CDLX|NVDAC|SAVAB|ZS
user_3459,1,BABEA
user_21805,2,BYDDY|GMEZO|TITN|UPWK
user_13619,4,BKLN|COST|HOSKY|MMMWH|PG
user_7473,1,DOCN|ELY
user_15938,6,ABBVM|ADI|BFRI|BKSY|CODX|COSTH|EXPRE|GAME|MDLZ|TRADI|WM
user_15216,1,AMDWE|NVDAB
user_24622,1,ERIC|ORGN
user_32836,1,CLAR|LSXMA
user_21225,2,NOC|TWTRT
user_22703,1,KSU|MGA
user_32440,1,OPRX
user_31400,1,IBEX
user_17225,3,FHN|NVCR|REM|WING|ZMDTF
user_22152,1,AMDAP|BKU
user_7368,1,NLSN
user_23740,5,AIG|CDMO|CHD|SIMO|VYGR|YY
user_1973,1,OCLG
user_20101,1,FC|IVV
user_28951,2,NA|TSLA
user_13284,1,NEP
user_5449,1,FBP|LNR
user_6651,1,ZWATC
user_5338,2,PBIO|TSM|VVV
user_5850,2,GTLBW|SNAP
user_13261,1,DOCUF|GC
user_10347,1,CRNCB|ETHAL
user_31801,2,F|RYM
user_33640,1,AVPT
user_29842,3,GOOG|PG|WTRH
user_1116,1,PTONP
user_2895,3,APPSH|GMED|SFIX|SPXWI|VXX
user_21397,1,GMETH
user_32022,1,FNF|MBWM
user_847,2,HSCS|NFLX|UAN
user_32188,1,FRSX|QQQDI
user_24651,2,AAPL|CTRA|PPC
user_29534,1,VNTH
user_29715,3,ATD|BRPM|FFIE|METAT
user_14543,3,ADV|KIND|NOC|RES
user_32969,1,ICE
user_13316,2,GTLBW|VZ
user_29672,1,AN
user_5265,3,CSIQ|CTRU|NFLX|NUE|VWAGY
user_34013,1,LEV|TNR
user_4124,1,AXP
user_10337,2,CFB|NNOX|VIOT
user_17349,1,AXPHT|NADA
user_26543,3,FRBK|MSFTG|NVDIA|SOLHT
user_28225,3,AZNAN|HRB|NXST|OI|VIXAT|WCLD
user_17091,1,RVNA
user_12946,5,CF|CORZ|ETHSH|EXR|INM|INTCF|TIME|TXTM|VOO
user_29905,2,HTZ|XPEV
user_5608,3,ANY|NOC|NXTD
user_18452,3,BMRN|NIOBO|RFFUL|ROKUC
user_2855,3,FL|MPW|MTDR
user_875,2,SAIL|XLI
user_13051,1,AMATW|PUBM
user_11443,1,BBWI|JNJRE
user_1306,3,AMD|DIS|NASA|PM
user_7325,2,ABNBO|IEF|META
user_18453,1,NYT
user_31445,1,ABBVR|RSX
user_33995,1,LMFA
user_31146,1,BARK
user_31864,1,NWL|ZIDAT
user_25945,1,NIOA|UPSTB
user_5840,1,FCAU
user_23640,2,NAKD|NKEWA|TGL
user_12906,1,VREIT
user_23639,1,VDADX
user_2990,1,NEEFO
user_11521,1,CS
user_32371,6,AMPL|AMZNR|AVGOF|FAZE|HUT|KLAHT|LIT|PRU|RIOTW|ZNGA
user_5740,1,HUBS
user_32370,2,NIO|STAA
user_28113,1,KIM|SWIR
user_14294,7,ATYI|CSPR|DUOL|FC|IRNT|SJW|THCA|VYGVF
user_29886,2,GOOG|SYN
user_3804,1,PSEC|ROKUS
user_32906,1,RUSHA
user_31520,1,TECK
user_2423,1,PYCR
user_31506,1,AMDEI|METAN
user_7837,1,FAZE|VNOM
user_4651,2,ILMN|NTCT|RCI|TLSAR
user_26047,5,ALPP|FBULL|HDPRE|HUSA|TRU
user_1530,1,AQN|WH
user_15173,1,AFI|VZHTT
user_28558,2,NIOBU|OPORT
user_26896,2,BX|TMUS
user_2740,2,IVZ|SBUXA|SSEMI
user_16228,3,CBRE|DENN|FLUX|GOOGD|RYTEL
user_19067,1,VZHTT
user_25916,3,APPSC|CSCO|CSPK|FDS|NVDAH
user_23877,1,PLAN
user_23278,3,AAPLP|AEM|NVIV|VAND
user_4361,2,DOLE|FNGU|LSK|PRM
user_4033,2,ENJY|FAANG|JAZZ
user_27331,1,VYNT
user_5136,1,STSS
user_16445,1,CURI|UCHIN
user_28308,2,BTCBE|PHRRF|POSH|ZIMAY
user_16240,3,AAWW|ETHSH|HOOD|PZZA|TTDGO
user_12640,2,AXIES|CRNC|NVEI|UNG
user_20044,1,PGR
user_15619,3,BAOS|OI|SPELL|TBT
user_17779,1,TSLAW
user_10854,1,AMDDE|USDT
user_32577,1,HDC
user_30394,2,CPIX|IOT|KO
user_18555,1,CRMPR
user_33987,1,LFIN
user_16237,1,MKLBL|RACEH
user_16890,1,BHE
user_20684,1,ADP|CDSG
user_4878,1,IWMMO
user_31390,8,AFRMH|CBOE|CMI|CNVA|FBROO|GSL|HRT|KONOV|LECX|SENS|XLK
user_16350,6,ALIF|BJDX|BTCUS|BTI|CGCHT|FCFS|GRVI|HDC|SXTAN
user_5974,1,SGFY
user_2182,1,ABBV
user_28493,2,ABTIN|PG
user_1145,1,CRMOR
user_23336,1,MARVI|RBLXE
user_21813,2,IONS|IVZ
user_27679,1,CRWDG|FNF
user_7699,2,FUN|META
user_28911,1,METAN
user_2992,2,ENJ|PTONB|PYPLS|RPRXB
user_28303,1,NVCR
user_14098,1,NXPI|SRC
user_15536,19,AFRMI|AMDMY|ASOFU|AUST|BTCBE|CNI|DGEO|DISH|EAR|EGC|EGLXI|EGLXO|EXEL|LYFTC|MAFAC|NKE|OHI|OVV|PAG|QS|RKLBS|SPHB|SPYIF|STEM|TOST|WYNNW|ZSTIE
user_15539,4,CYBL|FLR|JEPI|PGR|TENB
user_19456,5,AMZN|F|IMMX|MTC|NVDAR|VMOHN
user_20616,1,HCCI
user_18771,1,MGNII
user_25133,1,CVNAF
user_4731,3,DSIGR|POWI|STBA|TDOC|Y
user_33244,1,ACCO|DIS
user_23613,1,ETHSE|OPRX
user_8811,1,RICK|RYANH
user_1984,1,AVID
user_31828,1,DOCNA
user_11323,1,FCX
user_4578,1,GMS|IGSB
user_23816,3,ENJ|ONOV|TSLQ
user_5683,2,CSCO|NFLXI|NTAP|OPCH
user_14743,1,ILUS
user_1362,1,DVA|RVNA
user_5011,1,MAN
user_15942,1,NVR
user_28726,1,D|TSLS
user_15616,1,ADV|PINSU
user_8073,2,IKEA|RVSN|TWTRH
user_9909,1,AFRMB
user_30665,1,BNS|CUBI
user_4047,1,AMPG|FBH
user_2561,1,USB
user_29517,1,BEETS|TIME
user_7343,1,BEWI|ENR
user_25438,1,HYG|WWE
user_26802,1,TWTRB|XELA
user_21392,1,KEYS|MO
user_6907,1,RYF
user_19598,1,JKS
user_16502,1,APDN|TTC
user_7918,1,ANKR
user_23416,2,BKH|DIS|TWTRS
user_31922,3,NIOHT|PINS|STRN|TSM
user_12775,2,AMD|GOOGE|SBUXH
user_30168,1,DISCH
user_22587,1,OCUL
user_16143,1,APH|BAND
user_5478,2,CRVS|TTDGE|ZSAN
user_23722,4,AMDCU|AMZNT|CRWDE|HGV
user_33227,1,TTDMA
user_5755,1,UNH
user_25757,1,FUTUE|WISHW
user_30709,2,CWEN|META
user_31707,1,ABBVW|TENB
user_21737,2,CNICH|MSFT|SIWED
user_9734,2,AMZNU|COST
user_14249,1,ETHAD
user_7079,1,PNR
user_32810,1,GTLB
user_2024,1,CLVT|FBREB
user_6425,1,ASX
user_10524,1,AOSL
user_28673,1,PDD
user_23872,1,NFLXO
user_2299,1,ALLK
user_22263,2,CRM|EXOD|PERI
user_27691,1,DPRO|OPCH
user_32702,1,POLA|TGL
user_14665,2,AMD|GMPW
user_19938,1,DM
user_8797,1,NIOIS|PFEFR
user_15633,1,FXAIX
user_17936,2,IFNNY|KO|MOS
user_32119,1,BKH
user_20428,1,AAPD
user_4037,2,CRWDG|KBNT|KEN
user_18637,1,PYPLL
user_28600,1,JPMVA|XOMWI
user_6760,1,QQQYO|RBLXL
user_29706,1,HDTOP
user_18686,2,AMZN|HPE|UNHIF
user_24879,2,MSFT|TSLAR
user_25131,1,ETH|PFEFR
user_18124,1,BCTX
user_19192,1,PIII|RRR
user_24800,1,SHOO
user_5518,2,CWT|TSLA
user_5563,1,FBINN|SYNA
user_14715,1,CPNGC
user_22722,1,ELON|PALL
user_21527,1,BILLI|STRR
user_273,2,ODIVI|ZS
user_29178,1,LECX
user_19629,1,AIV
user_2061,2,BSMFA|FMX|NOV|XLFSP
user_25726,2,COMB|GOOG|H
user_33908,1,UPSTF|UPWKW
user_14037,1,CRDO|CTIC
user_6394,1,ATH|CURI
user_11753,1,UPSTI
user_23183,1,CELHE
user_20271,1,BAM|ZUO
user_15859,1,PIXY
user_12331,1,CELHM
user_10631,1,AMDWE
user_5384,1,NVDAR|SJM
user_17295,1,ARKKS|COUR
user_25816,1,WRLD
user_29380,1,AWS
user_30769,1,SYNC
user_6995,1,BLOK|CRMGO
user_26705,1,CHL|HNST
user_25332,1,AMDQ
user_17894,1,DISHB|EPS
user_24382,2,BZ|TSLAP
user_24306,1,LTHMP
user_6983,2,OWUV|PDD|VRAX|XRP
user_146,1,BODY|LCIDW
user_23937,2,AVXL|DISPA|LRC|STNG
user_10749,1,APPS|GGR
user_3563,1,ABBVF
user_177,1,BATS
user_11688,2,SAITO|SJW|STRR
user_13068,1,EXOD|FBGET
user_6117,7,AMX|BABYT|BGFV|BVAXF|CMCS|COTI|ETSY|FOUR|LMT|NXH|SHLS
user_32071,1,CARV
user_27595,1,PAAS
user_20867,1,FBBIT|PKI
user_5524,5,AIT|FBBY|FBSIM|PGPAS|SHOPF|SITE
user_6728,2,NFLX|NIOWA|ORCL
user_14754,4,GEO|GETY|GSL|INO|WIX
user_19365,2,NFLXR|PYPLT|SPXU
user_18816,1,EVBG|PAVM
user_2174,1,ANVS|SBUXB
user_30961,2,AMEH|CISO|COINM
user_18813,1,KONOV
user_782,1,XIL
user_30958,1,RGLS|SHIBD
user_28904,1,NIOTH|SNPS
user_20771,1,VSATO
user_14479,1,XAU
user_9417,2,AMZN|CRWD|TSLAY
user_377,1,SM
user_20634,1,BBIO
user_21034,1,AMDDE
user_18812,1,DB|XLRE
user_7687,1,NKLAQ
user_3069,1,UDMY
user_27222,1,LKND|MSCI
user_29684,2,ABNBW|TSM|WE
user_22642,2,I|QNTJU|ZS
user_33273,1,DOCS|SNAPC
user_28128,2,NEWR|SENS|VZ
user_34044,1,PHG|USAP
user_4918,1,AXS
user_12213,4,CG|DSP|JD|NIOAS|NKLAQ|NVTA|PAYC|RGTI
user_12220,2,MC|UAA
user_11713,1,GAME|TWTRS
user_7934,1,MSFTG
user_6629,1,LTNC|ROKUN
user_12222,4,AAPL|BAMSO|BRN|FBNOT|YOLO
user_23942,1,XI
user_27974,1,GMQ|XLFSP
user_16939,1,IVC|UMC
user_9730,1,CRMI|FTCH
user_21470,1,KMB|RRC
user_7829,1,UOS
user_6803,1,DXCM|UEC
user_22517,1,VMOHN
user_20156,1,MUDAV|WAVE
user_22638,1,IRM|OXYBO
user_16042,1,TSLE
user_22229,1,CHX|TM
user_3849,2,CCS|GOVX|SSNLF|ZM
user_17435,1,PSX
user_24304,1,SNAP
user_1351,1,HCSG|SEDGD
user_23462,1,CAAS|LVSTH
user_17461,2,APPSV|NOC
user_12898,1,PLTRT
user_5006,2,BA|SAITA|SNOA
user_22135,1,C|WBD
user_12004,1,CL
user_6208,1,BUZZ|SBUXT
user_217,1,MSCI
user_8096,1,TTWO
user_4546,1,HFWA
user_8640,2,ATYNO|MSFT|XI
user_30639,2,ALNY|LOOKS
user_17797,2,BHE|CPNG|FANH
user_15659,2,INFY|INTCT|PCAR
user_10602,3,COST|DPSI|PAG|PG
user_1727,2,CRM|TSEM|WYNNG
user_1838,1,PCG
user_26611,1,CNM
user_21802,2,DIA|DIS
user_14207,1,BON|KSU
user_13247,1,CHK
user_21999,2,INTC|SBUXB
user_28877,2,AMDFU|KO|UVIA
user_31838,1,ASTR
user_19856,1,UPSTM
user_19765,1,AIZ
user_6186,1,QCOMW
user_61,2,DIS|QNRX
user_10080,1,SSNLF
user_12870,1,CSCOA|FBGUI
user_1287,1,AMX
user_28432,2,AMD|NXRP|TDIVI
user_7973,1,LVMUY
user_9299,2,ALNY|IRMAD
user_6445,1,PAGS|SHW
user_17136,1,AFRMT
user_13920,1,VIAC
user_6137,1,BOFA
user_21478,2,COST|SNAPC
user_3153,1,SPYPL
user_513,1,AVEO
user_1545,2,PIK|PROSY|ZSEV
user_26333,1,CSOUR
user_28074,1,RGLS
user_11336,1,F|TGT
user_10771,1,DISCA
user_6506,2,AAPLF|GST|HONHI|SCO
user_12560,1,AAPLR|GRUB
user_31395,1,HTCR|VRAX
user_32201,1,FXAIX
user_28678,3,AMZN|KO|VLO
user_29393,1,ANSS|TRTN
user_9606,2,BX|STORD
user_21270,4,AWK|BX|HRB|IWMBU|MKLBL|SWIM
user_22630,5,AMDME|BATT|LTUM|MTN|TM|VFINT
user_7998,2,LMNDW|RELI|TSLA
user_21589,1,CDTX|UVXYT
user_1899,1,FRBK|SCHA
user_9034,1,FBSPE|FNGU
user_222,4,AMDDO|NIOAS|OLO|PG|VINCI
user_4655,3,CCWF|FFIV|LYV|PD|SCHDT
user_27286,1,ENJ
user_2642,4,AAPLI|BX|CYBR|JOBY|LSCC|MOTEC
user_3304,1,VISM
user_3159,2,BLOK|GTLBW|PYPL
user_18335,1,ANY|FBTOT
user_19226,1,XLU
user_12507,1,NEXT|SEMER
user_11048,2,SOSHT|WOOF|XRX
user_18886,1,IVA
user_2398,3,CELHC|GEF|KLEE|VYNT
user_12474,1,GOGL|VTRS
user_2996,2,ATGE|GPC|TTDMA
user_19101,1,FET|FNGU
user_34210,1,CIEN
user_25268,9,DAL|EFA|EGLXI|MFST|MP|MRI|TGTDO|TOI|TSLH|VOO|VTI|VZHEA
user_32474,2,DSP|NOC
user_19334,3,CLFAN|INTC|META|VGK
user_34307,2,CNBS|NOVN|WCLD
user_11060,1,NXH|UNHDO
user_19307,1,DOCUH|QCOMC
user_19967,1,SONO
user_18353,2,BZUN|JUNGL|PCG
user_17620,2,D|FBLET|LICY|NVCR
user_30728,1,SHUEY
user_24904,1,CNK|SGH
user_7943,1,FAMIF|FSLR
user_17619,2,CLVT|ETHCY|EXEL|PG
user_25166,5,AMZN|DISFO|EGLXO|F|FBYOU|VTR|WIRE
user_8489,2,AMDRE|BODYN|MAT
user_7591,1,MRKTH|NVDAI
user_15743,2,AMD|ASMIY|SFINT
user_15783,1,DRV|PRCT
user_15734,1,HTOO|REGND
user_8309,1,NADA
user_17388,2,BA|MREO
user_18846,3,ADV|CLH|FBBEA|NIO|TEVA
user_30711,1,CL|DISFO
user_29330,1,AAPLJ
user_11181,1,LIGMA|XLM
user_28444,1,AOSL|MUNIK
user_8246,2,OGI|XPEV
user_27741,1,FXY
user_22551,1,FAMIF
user_26554,1,AMZNF
user_25288,4,CRWDT|HONHI|MPC|SQSNA|UDR|VVV
user_31561,1,UPSTD|ZIMAY
user_29312,1,AABB|NBR
user_25647,1,FOSL|GTLBW
user_32736,2,SGMA|TSLA
user_19284,3,HDAPR|ROKUH|TWNK|VUG|WAFD
user_7849,5,GPNBA|GREEN|POSH|SMIC|VOOAD|VVV
user_2785,2,BA|PGSOU|XLU
user_22286,1,VSUPE|WRBYD
user_23887,1,LNTH
user_27835,1,CIEN|MU
user_25452,1,PLBY
user_11049,2,DOGE|GTLB|VB
user_31142,2,BA|EGHT
user_23195,3,DEGEN|KO|NBIX|RDSA
user_1662,1,LVMHS
user_26512,3,AMDLE|FBETH|FITB|HTR|HUSA
user_5687,1,FTS|PLTRT
user_32503,1,EPS
user_10609,4,AMZN|GOOG|INAZ|RIVNS|UCTT|USDT
user_24574,4,ASTS|FBPEO|FSLYH|NAKD|ZPLUS
user_4168,1,DOCNG
user_27183,1,FE|HTZZ
user_26961,2,SPY|TSLA
user_12285,1,AD|NVEI
user_13027,2,BLBX|ENPH|FTNTO
user_34234,1,INCY|URA
user_21662,3,LMTJU|MRNS|NVDAG|OLPXI|SLI
user_4169,3,ARKO|CHX|INSG|TSLA
user_4119,2,PYPL|SHELL
user_7243,1,INND|SPA
user_33083,3,BENE|FLR|KOCRE|SBUXB|SNAPS|YY
user_29505,3,AMDSH|DJIA|MSFTH|XOMNO
user_21906,1,HOLES
user_13490,2,APAM|SQHOP
user_12114,1,IMCR|RAIL
user_27815,1,PYPLP
user_14164,2,AAPLM|EXPR|PYR|SAVAB
user_10298,1,MYOV
user_4145,2,FAMI|FBHOP|SUSHI
user_99,1,LKE
user_22620,2,EA|IMPXH|SPYBU
user_12815,1,EFA
user_90,3,PYPL|SNOWE|TPL|USDJP|XRT
user_14178,1,SMG|UNHHO
user_4752,1,HHC
user_10911,1,PYCR
user_462,1,GST
user_28297,1,AEMD|SJM
user_4416,1,COSTI
user_23116,3,CAMT|CRSP|DOW|IHI|IONQ|NTNX
user_1793,1,CCATE
user_169,1,ABNBS
user_21402,2,AMD|QQQHT
user_21405,2,LOVEL|RA|RSSS
user_7196,1,C|MMMMI
user_24170,1,PROG|TPR
user_31885,1,STRN
user_27648,1,APPSA|EE
user_22886,1,DOLE|KDNY
user_17747,1,KTTA|PETS
user_4749,2,AFRMB|NVVE|VYM|WKR
user_31381,1,FBGET|V
user_14857,2,ANTM|LTHMC|SPYMA|ZSAN
user_4834,1,NVMI
user_14620,1,CNVA
user_4746,2,BXP|INO|JNK
user_24013,1,NOBL
user_8686,1,FBDOU
user_21981,1,GMT|ILST
user_26111,1,SPACE
user_3339,2,ALGM|EVCOI|KOOTH
user_13099,1,BNTX
user_22595,1,LTHMC|VINCI
user_6278,33,AAPLC|AAPLH|ACI|ALV|AMTWH|AMZNP|BABAD|BBIOW|BKCC|BLI|BOKF|CASA|CTRU|DISHU|DKNGH|ECL|ETWO|FBBUL|FBK|GLJ|HBAN|HDWHA|HSDT|JAZZ|JNJPA|MST|NBIX|NEGG|NIONI|OCGN|PENN|PG|PLAY|PLUG|ROKUN|RUT|SIRI|SOSHT|TOR|TWTRB|VXAPL|VXX|WOLF|YOLO
user_33609,1,KOAUG
user_12792,1,CLAR
user_22900,2,POSHY|POW|SI
user_6269,1,QQQFO
user_16563,1,FL|GDRX
user_30643,1,ATH|SCTY
user_6617,2,AAPL|GPS
user_25015,1,ALLY|FBBUL
user_4614,1,PCTC
user_6334,3,DIS|IWMBU|PG|ZINU
user_7054,1,HAS
user_21837,1,FTNT|MSCI
user_3779,1,IVR|PRE
user_7032,2,PG|SASR
user_5223,1,APX
user_27587,3,AXSM|IP|PARAS|TSLAQ|WE
user_23029,2,DAL|LTHMC|TNET
user_28468,1,CLVS|FBREB
user_4125,1,LGF
user_1511,1,LRCXF
user_2620,1,PTE
user_15367,1,HSDT
user_21714,1,ZSCHA
user_13854,2,BABUL|CGCHT|MOTEC
user_3937,1,AMZNI|CRWDG
user_14831,1,ENSV
user_2981,1,BF|FLIKE
user_31437,1,AXIES|SYF
user_33337,2,AMBA|DEA|SAITA
user_24208,1,SQM
user_25041,1,FRBK|SONM
user_18792,1,VW
user_1955,2,GOOG|HTZ|MOV
user_18764,1,CLVS
user_33444,1,SCHDD
user_19838,1,ARGO
user_23886,1,CSU
user_22833,2,PETZ|SGHC
user_7930,1,BLKIN
user_21217,1,FOSL|USDJP
user_26356,2,INTC|WES
user_3467,1,ROKUU|TTDMA
user_10056,4,AAPLI|HALO|ITW|PYPLD|SNOWI|VZ
user_4548,1,CRSP|FLUX
user_18098,3,ENJY|GMED|LITM|TSLA
user_10603,1,I|QQQHT
user_12676,1,ENTG
user_5547,1,FAMI
user_16453,2,BAND|BEE|TSM
user_9229,2,NOC|NRBO|VIG
user_23754,1,MAIN|SASR
user_29480,1,DM|KRNT
user_4798,6,AMDLE|AZPN|BBAI|GCLT|INTCT|NEGGI|SPYSE|TSM|VRTX
user_24234,1,CLVT|CYN
user_20138,1,BEWI
user_27227,1,NOVN
user_32944,1,IWMBU|QLYS
user_14203,2,ALL|AR|DISH|QQQVI
user_13488,1,ROOT
user_7544,1,FDS
user_27126,2,AMDHO|INTCV|NSANY|ZIM
user_30577,1,BKE|RFFUL
user_59,1,NLFX
user_32727,1,ABBVB
user_16414,1,SNOWC|VWAGY
user_11301,3,ACHL|PHAS|TSM
user_9272,1,AZERO|BOKF
user_30382,2,CRM|ULET
user_11023,1,CARG|FUL
user_32929,1,BRCC|SPYLO
user_3063,1,RIVNA
user_8903,3,DNFLX|GPN|META|NOC
user_32946,2,AMCFU|TSLE
user_10556,1,BTCNI|MSFTR
user_8845,1,EPS|SESHO
user_24670,2,AMD|DUOL
user_22637,1,BATS|RH
user_2124,1,BZFD|FISVB
user_27748,3,AYLA|CELHH|CLOV|CXDC|SYY
user_30911,1,ILPT
user_9915,1,YCBD
user_21559,1,RMD
user_21863,1,ODIVI
user_21986,8,AOUT|AZZ|BVXV|CISO|DNACL|FRZA|HTHT|ILUS|LEVI|VOO|WISHW
user_3766,1,TISI
user_17292,1,AB
user_31740,1,RYTM|XPEVB
user_27229,3,AGYS|NETSO|PG|TSLAB
user_29064,1,MRNAW|NNN
user_11359,1,SEA|TER
user_29787,1,FBCOM|NXTD
user_15270,2,DOGO|FUTU|SUMO|XLC
user_618,2,AMD|CLF
user_16448,8,APPSV|DLRWH|DVY|EGLDQ|EVOK|FERG|GLBE|JPMVA|NEEWH|NIOHT|UNFI|WW|YUM|ZPAY
user_644,2,ASTSM|MSFTP|NKERB
user_16817,1,EDU
user_1881,1,RIVNT
user_15208,1,AMN|LLL
user_16802,5,AFRMT|AMRS|AMZN|FERG|GOOD|NAKAC
user_137,1,AVAX
user_22370,2,AMATW|INTC|LANC
user_23136,1,DJI
user_29605,5,BPRM|ETN|GOOG|KOOTH|KSPI|LKND|RDWR|TNXP
user_8094,1,IOBT|SCHDT
user_30093,3,AMZNW|DRV|MTP|SESHO
user_4374,3,BGFV|BKKT|ESTY|SATL|SWBI|TWLO
user_9882,2,INTC|NINE
user_33613,5,AOS|FSK|INTCS|JNJPA|PBRSO|PEBO|SPYNA|WISHT
user_7861,1,FROG
user_13770,6,AMDLO|BXP|EOG|GILD|LYB|NETCL|NVR|PHIA|SPACE|TEL|XOMDO
user_13308,2,PM|TSLA
user_28485,1,KODO
user_20981,1,DXT|SPA
user_16708,1,RMBS
user_26980,1,CRWDW
user_26981,2,ASMIY|BABAI|ONTO
user_10249,1,STUDY
user_30869,1,NFLXC
user_32133,1,AWR
user_87,3,KEYS|META|SNAPC
user_25408,1,AVEO|TROWW
user_23749,1,DLRWH|SBSW
user_9639,1,MNG|MOFEB
user_3433,3,CL|ELON|METAH|SAITO|TSMAU
user_16815,1,EGRNF|OHI
user_10246,2,QRTEA|TSLA
user_25669,1,NEGGI
user_19924,2,AMD|KOPN|WH
user_17759,1,JEPI|SMH
user_31000,1,BANA
user_9808,8,AMCR|AMZNT|CECE|LFG|MCDRE|MMAT|PRCT|RBLXL|RKLB|TSLAU
user_9173,1,KIND|ONNAR
user_29317,1,GK|TGTTE
user_31097,2,F|SHAK
user_6374,2,AMD|NEVAD
user_34194,1,CATSE|GEWED
user_27772,1,BTCNE|FSUGY
user_18061,1,ORK
user_27936,1,JPMVA|KMX
user_16329,1,C|VGT
user_10282,1,COO|VZHTT
user_19169,1,EMB|MRTN
user_15472,1,DDOGA|GOOGL
user_26681,1,NOC
user_4942,2,AMZN|MRAI|RACE
user_11338,1,XBI
user_549,1,ACON
user_29987,1,ES|XPENG
user_1518,1,ATOM
user_4457,1,AUR|SPG
user_21672,1,SPOT
user_25019,1,BGFV
user_24513,1,TSLAO|UCHIN
user_10865,3,LNR|MGNIL|VZ|XL
user_1062,1,CLFHT
user_3750,13,AAPD|AMZNU|CHF|CK|DKNGC|KMB|LW|MANU|MICS|MREO|NFLXD|NOC|QQQHT|SPRT|TRIT|VLNS|VSUPE|XPENG|ZIMAY
user_3444,2,DKS|RAIL|WDC
user_19913,1,RACEH
user_11117,2,AMD|NFLXO
user_9621,1,ATAI
user_5575,1,AEMD
user_16008,2,BASE|CSPR|TSLAF
user_26196,1,SBSW|TSLAK
user_27043,1,AMDIF
user_10725,3,BACMO|FTNTO|STAA|SWBI
user_4268,1,ENR
user_26988,1,LBRDA
user_3709,2,ARKO|NOCPH|SAND
user_3090,1,SHCR
user_5521,1,LVSTH|QQQSH
user_29275,1,AVCT|XLNX
user_9466,2,FNF|FSUGY|WAT
user_78,1,WFCBO
user_566,2,NIO|TSLH|WPC
user_26853,1,SWAV
user_25655,2,GME|NEP|UNHEX|XOMHE
user_9728,1,BACMO|FRSH
user_8287,2,EPIK|NBR|PBRSO
user_33514,2,CRWDW|NFLXO|VZ
user_816,2,KRL|VZ
user_15108,1,CHR|HAFC
user_27435,1,MDVL
user_18289,1,CEEK
user_3141,1,DPSI
user_23884,3,FE|INSG|LMT|MSFT|STORG|WMB
user_1279,1,BTCNE
user_24045,2,MNDP|TNX|TSLA
user_1482,2,CSOUR|HT|ILV
user_23641,1,DOGE|SQBEA
user_9436,1,PBCT
user_12685,1,HLT
user_15368,1,RIVIA|TCOM
user_29855,1,ABNBA|XVG
user_31177,3,AAPL|BRUSH|CORZ|EBA
user_34262,1,VSUPE
user_6620,1,JNJPA
user_26140,1,SEMR|VMC
user_13614,1,OR
user_13376,1,SKIN
user_15065,2,CTSH|PAVM|YETI
user_18180,2,CATFR|FTNTO|SAVAB|VREIT
user_14881,1,DOCS
user_11466,1,QQQBU|XOMNO
user_29424,4,CE|FFH|HDHEA|ROKUF|RYE|SMG|SYYSO
user_16469,1,DRNG
user_6236,1,OPORT|WHEN
user_14393,1,LOWMA|UPSTI
user_30634,2,CHTR|CVSI|LOWSE|STNG
user_8839,6,BTCHT|GENI|HMC|K|KC|MRKFR|SYR|UOG
user_8700,8,AMZN|AVGOT|CCATE|DISPA|FTDR|LMNDW|OLPX|PD|SOSHT|STAGE|THO
user_10351,1,XNO
user_30686,1,LWLGE
user_33332,1,CLF|STRON
user_13255,1,EFA|VSAT
user_18864,1,SPYSE
user_14209,1,XPDI
user_24939,1,RVLV
user_24857,1,DOX|MNDYM
user_15045,2,FFH|XPEV
user_15117,6,BRKB|DNUT|ERIC|FAF|GNPX|NLS|RUX
user_23318,1,FI
user_15742,1,FXYHO|NXH
user_24767,1,TARO
user_27274,1,PPC|TQQQ
user_733,2,ATVIA|LMTUT|LOW|TWTRA
user_10326,1,WMTSQ
user_2471,1,CMCSA|GSAT
user_12043,1,SHOLE
user_4340,2,BABYD|OLED|XPEV
user_28181,1,DVN|WSC
user_12671,1,TPR|TUR
user_7630,1,APPSN
user_29145,2,BAMSO|BNS|INTC
user_16395,3,BX|DOBO|SBUXH
user_16548,1,LICY
user_10649,2,COST|TEAM
user_30773,1,BABAI
user_25454,2,FBTOP|TSM|ZRX
user_10173,1,KLO
user_17970,1,MOBQ
user_12644,2,ARKF|NOC|PIII
user_20448,2,PRE|SOL
user_34086,5,CARR|CNS|CRTX|GMEHT|INTC|MBUU|MCD|SNE
user_27567,11,AZZ|BAND|BKKT|CGC|CISO|COSTI|DISIF|FHN|MOB|NKLA|PXD|SAFM|SHOLE|SHOPH|TARO|ZRX
user_29028,2,AAPLP|GMQ|ROKUF
user_2259,2,ROL|XDC|XLY
user_21004,2,ABBVT|MKSI|PHG|PROSY
user_9414,7,AMG|CATFR|CFVI|DISHB|ETHIN|FARA|MCDCO|MDLZC|MYNZ|NOC|PAYC
user_7489,2,MERC|PARAS
user_5586,2,COSTM|FRPHC|TTWO
user_8831,4,AMZNU|APO|CSTAR|PLTRT|SQHOP|TSLAC|ZSSEM
user_25018,4,BABA|HPE|MDBWA|RENN|SKX
user_28621,3,BTCBE|LEN|META|TSCOE
user_14370,2,AVCT|KSU|MMF
user_28577,2,BAESY|W
user_29726,4,AMDNO|ENSV|FUTUE|GSAT|NIO|SPYCL
user_17537,2,BTQ|CRWDD|VYMDI
user_22692,2,BX|RSKD|SPGGR
user_23402,2,ABBV|CGRN|LYTS|MNDP
user_32614,2,KIBA|NVMI|VAND
user_15056,8,ARWR|CPIX|GMESU|MMMBU|NTCT|NVDIA|PNR|SQDAT|TSLAJ|UXIN|XI|ZIM
user_30896,2,CHEF|CYBR|FBMEA|RRC
user_7983,8,BNTX|NOK|NXM|PBRSO|PHM|RIVIA|ROG|SQSPO|TDOCI|VTNR|WWE|YOU
user_406,9,CRMGO|DLO|GOOG|HTHT|LULU|MCDOC|NEXT|PARA|SSEMI|TXT|VXAPL|XOMRE
user_3526,2,COSTJ|DOW
user_17987,2,CI|CPBCH|HRL|ZG
user_827,2,PENNN|XM
user_3828,2,KLIC|NDXIT
user_14311,3,DUSD|JPMD|MSFTR|NOC|NTES
user_25439,1,BMO|UAA
user_30820,1,CVSI
user_20872,3,QSSOF|TERHT|WW|YY
user_31001,1,CPG|XON
user_24131,2,BX|NKEI
user_25476,4,ANKR|CHRW|CMCS|IMXI|RBLXW|UNHHO|VZJUN
user_9927,1,KKR
user_14070,1,NIOBO|RYE
user_26316,1,DISHU
user_6677,2,DBGI|SMIC
user_1085,11,ABCB|ABNBB|ACLS|ALLYB|AMDWH|BLNKW|DISHU|DOCUH|FND|GC|KMB|NAKAC|NVDAM|OKTA|SOS
user_4388,1,BTCWA|UFING
user_30683,1,AFRMB|LMNDT
user_17691,1,KO|PEBO
user_1544,1,FQ|SHARE
user_6268,1,ENLAY|NIOHT
user_17524,4,ABMD|AKAM|AUDI|KMI|LCTHU|MUGRO|XNO
user_30915,1,AXNX|MMMAP
user_12722,1,SCHV
user_32831,1,AVGOF
user_8835,2,TSLA|VWAGY
user_19827,2,COSTW|STOR
user_9389,1,ILAG|SAM
user_28329,1,BKH|RRC
user_31737,1,QNRX
user_28958,1,BOC
user_8413,1,WEN|WISHT
user_27874,1,MUGRO|STORD
user_32125,2,INFY|META|PLAN
user_26198,1,AMLX|AXS
user_29820,1,CEI|UDR
user_25297,2,GDRX|SJM
user_32723,1,SYNC
user_18007,1,EQB|YELP
user_30329,1,KISHU|RHCLO
user_18269,1,CVNAT
user_22340,1,BLNK|PTPI
user_5682,1,LWLGE|TSLAY
user_18292,2,ASMLW|ESTY
user_6997,2,AMDTH|KO|V
user_31491,1,NVDA|PINSU
user_33547,1,ALTO
user_16377,3,ADV|AMD|MSFT|MVVYF
user_26774,1,BAX|COINW
user_19741,1,VUG
user_30999,2,ASMLH|CRM|HCP
user_1769,15,AAPLK|ABNBC|ALB|AMDHT|APPSV|ATXI|CHRW|DISEN|DMYQ|FBFOC|FBLIZ|IDXX|MARA|NOC|NSRGY|NTLA|OCUL|SAVA|SNOA|SPOTW|SPXC|TGTAP
user_11983,1,NBIX
user_30251,3,COSTW|KHS|TIME|WOLFA|YFI
user_19047,1,BILLI|FBTOP
user_13301,2,GOOG|SO
user_15909,4,AMZNA|KRL|PSFE|SPYNE
user_25843,1,PTONW|SST
user_12091,1,AMPL|BAALL
user_6103,1,OI|REV
user_29764,2,BAM|QQQBU
user_20639,1,AERC|UPSTB
user_363,1,AMCTH|FERG
user_26739,1,OTRA
user_23216,1,OAS|STRR
user_25513,1,AABB|SOFI
user_17069,1,APAM
user_28581,3,BABYD|CTAS|ENSC|KO
user_11403,1,AMBAC|VZREI
user_6715,1,LMT|UPRO
user_20090,6,BJ|BTCNE|ENPH|EXAS|FLGT|KO|MUSA
user_10476,3,ACCO|AMZN|COST
user_29043,2,NIO|QNTJU
user_9861,1,AGC
user_705,5,AFRMT|FITB|GRAV|KTB|PYPL|SOC|VISM|WBA|WDC
user_34227,1,AMZA|FBINS
user_26226,1,BHE|NOWTH
user_17549,1,LRCX
user_2658,1,PSTG|RH
user_7003,1,KRTX|UWHAT
user_32372,1,EQIX|UPSTE
user_5360,1,MOV
user_4227,1,DXCM
user_15326,3,CRWDH|FTCH|MNGHT|MRAI|ROKUG
user_9395,2,CCL|GC|MELI|NEGGI
user_30056,3,CXO|ENPH|NTFX
user_24898,1,JOBY|SPOTE
user_8327,14,AEMD|AMDIF|BATT|BAYC|CAMP|CELHC|CFG|DIDI|DOOR|EURUS|FICO|FIS|IPGP|LCTHU|RIOTW|SWIR|TSLAJ|TSLAW|TSN|VFI|WISH
user_8581,1,NFLXL
user_18824,1,PRU
user_13861,2,DIS|DXY
user_20144,1,RTXMO
user_5496,4,ENPH|FWONK|LEVI|RUX|STEM
user_22088,3,APRE|BGFV|CCL|NUOTH
user_4440,3,DKNGC|LHX|LMND|NAKDI|XMR|ZOO
user_21022,1,NWS
user_8328,1,RSX|TWOU
user_23305,1,HSY
user_18888,1,FSLYH|SNTI
user_10799,1,BETZ|NFLXP
user_17928,1,NDAQ|PSFE
user_12261,1,IMCC
user_293,1,PACW
user_22950,1,CCMP
user_20743,1,MCK|TLSA
user_19451,2,ATI|NIO|NXST
user_27288,2,ATZ|TRVN|TSM
user_33738,3,F|PG|UDMY
user_29781,7,ARK|BIIB|GDS|NIOIS|ROOT|STNE|TSLA|UWHAT|XLRE
user_20606,2,AMZN|EQT|TSM
user_27603,2,GT|NIO|SPYBI
user_20419,1,DISRO|DOCNA
user_8820,1,ERIC
user_14062,2,TSM|ZSAN
user_14530,1,ETHE
user_18330,2,NYT|TSLA
user_4182,10,AMZNR|APPN|CEEK|CLBT|CWH|DGROT|INTCM|KLAC|LMNDD|LVMUY|QQQFO|ULTA|ZMPAR|ZWATC
user_1743,1,MTUM|PAYS
user_25130,1,AVBTH|BTCNE
user_31322,1,OWUV|QCOMT
user_22350,2,AMZNQ|WEJO
user_32930,2,JNK|KOTEC
user_1781,3,INTCI|NSAV|ORETA|PSTG|XON
user_19139,2,FCFS|NUPAT|RMBS|RVSN
user_24050,2,AVGOF|IIVI|STAA
user_32867,2,BA|MRNA|NFLXI
user_6022,3,BRO|META|PENN|PYPL
user_10133,1,AUTL|EQB
user_8116,1,HOG
user_17333,1,FTNTT|RACEH
user_16206,1,AURA
user_26809,1,FR
user_34099,2,AD|AUTO|NTFX
user_5253,1,VEEVI
user_29182,2,AMZN|QQQOV|SLAB
user_28178,1,AAPLS|SJT
user_31652,3,AAPL|EXR|FET|TSLA
user_30785,1,BABAB|DRI
user_7536,4,BX|NFLX|VRTS
user_21808,6,AMDHO|BBIGC|BYM|DIS|DLRMO|SDC|UNG
user_2218,1,LVS|UVXY
user_10639,2,ADC|DXCM|TSLA
user_9644,4,AGRI|APDN|DIDI|FLWS|MOS|QFOR|VEEVI
user_14459,2,GEO|HOODT|LUVMA|TSLAY
user_3730,1,WYNNW
user_33163,1,EQR
user_17229,1,DXY|GK
user_33571,1,CSTM
user_3739,1,EMR|SOX
user_13322,3,AFRMT|PYPLP|RKT|SAVAA|TSHAR
user_12892,1,BXHTT
user_16809,1,DM|NOW
user_26092,1,CMG
user_9764,1,HUTME
user_21929,1,VSCO
user_6486,1,AXIES|LLL
user_26520,1,LIDR|MCDEU
user_27968,1,HDWHA|JWNBU
user_24749,1,KOOWN|QSGRE
user_6704,2,HNST|VZ
user_4642,1,SYA
user_33824,1,ABBVM|Y
user_4382,1,BAI
user_5096,1,DRIO|NTAP
user_10593,1,OTIS
user_33033,1,CASA
user_29556,1,VIXLE
user_20547,2,NIO|SOC
user_12314,1,LSCC
user_7408,1,NILE
user_29091,1,DOOR|ONKIN
user_30155,1,JACK
user_30669,1,LPTX|TIA
user_4114,1,VTR
user_18665,2,ENPH|IZRL
user_21331,3,THEY|TTD|TTDCH|VUZIE|WEAR
user_1631,1,LOGI|RGNX
user_9242,1,PHAS
user_6829,2,BX|NVVE
user_16697,1,ATTOT|JWA
user_15282,2,FRT|RVPH|SPYOP
user_32566,2,AMTD|PLTR|SPXLA
user_20127,1,SCHDD|SKLZF
user_25271,1,CTAS
user_26214,1,MGA
user_14623,1,GMEHT|TXN
user_23440,1,RYM
user_33556,1,ATXI|POWR
user_30955,1,GTC|LOGI
user_26371,1,GRBK
user_9104,2,DKNGD|VZ
user_3178,1,LUNC|SFM
user_32740,1,NOWTH|SNY
user_19771,3,EDMAT|GMREV|TSM
user_12343,1,APPSI
user_5854,1,EXPRE
user_26524,1,AMDFU|PXD
user_27752,1,TREX
user_9686,2,ANY|CPI
user_3052,1,AVID
user_10041,1,DISFO|TBT
user_8630,1,LRCX
user_31421,1,CRMHE
user_10063,2,FMX|LMNDT
user_13740,1,DWAC
user_19155,2,CBOE|COST|IP
user_26159,1,ALEC
user_14260,1,VXXJU
user_3777,1,FCXWA|PTPI
user_12619,2,BETZ|CRM|WCLD
user_4638,1,HRI
user_16492,1,LI|PURR
user_13327,1,ABCL|ARES
user_19189,1,LMND
user_25905,1,CRSP
user_27761,2,ANY|AZERO|VZ
user_8767,1,KSPI
user_24289,1,AXON
user_24685,2,NFLX|VTR
user_11300,1,CLBT
user_26015,1,ORCLA|XLI
user_29063,2,ARKO|F
user_10066,1,EWT|JCI
user_15913,1,AAPDS|STX
user_30301,3,NFLX|NURO|SPG|XPEVH
user_5295,1,NURO
user_1848,2,AEP|NIO|UONE
user_16142,1,VOSO
user_18966,1,BABAM|TWTRI
user_26271,1,DBC|USNA
user_33682,1,PYCR|ULTA
user_6414,1,HONHI|PYPLI
user_22556,3,GOOG|INTC|VREIT
user_5846,1,BMY
user_26900,1,DRI
user_31726,1,REGND
user_23033,1,QQQPR
user_28510,4,ADAPL|AKLIH|CTSH|ISIG|LWLGE|NLSN|NOBL
user_27292,8,BABAE|CCI|CHNG|ENJY|F|LFIN|MNDP|NVDAH|QNTJU|SQDAT|TTOO|WKR
user_22339,4,ADV|ETHCY|LEG|NDXIT|UHTTP
user_26671,1,LSI
user_24961,3,CRM|INTC|SPYTE|YELP
user_22942,1,NDA
user_31714,1,NXH
user_25303,1,SPXTH
user_31252,1,SHY
user_12211,1,CTV
user_12446,1,SQM|VMOHN
user_30200,2,LSXMA|TKAT
user_7253,1,AMDAP|TJX
user_32473,1,VGK
user_19103,2,FAST|P|WE
user_525,1,PPLT|RRR
user_13394,1,FRZA
user_36,1,UPSTC
user_9651,1,SMAR|STEM
user_12493,2,BZUN|FSLR|TRRXF
user_30287,1,PURR|WFCDE
user_12345,1,FSLYH|SAFM
user_11382,1,CURI|UNH
user_14656,1,IBEX
user_26364,1,RA
user_8424,1,LTUM
user_13656,1,FBZOO
user_23797,1,CCLES
user_4095,1,PYPLG|TWTRH
user_21001,1,BAMSO
user_22035,1,APPSH|BF
user_24693,2,ALEC|BX
user_22898,3,EMN|LYXE|MRNA|ORGN|RGBP
user_31760,1,JACK|ZIDAT
user_6449,1,RA
user_25826,1,ENPHW|MPW
user_19850,3,META|TSLA|VRAWH
user_20483,1,AAPLQ|IRBT
user_14086,1,NTCT
user_30427,1,NNOXI|VNTH
user_1053,1,FBP
user_1481,1,XPR
user_2840,1,AARK|WEAR
user_11592,1,XOMRE
user_32225,1,MP
user_24933,1,RIOTW
user_33449,1,AXU
user_31623,1,KWEB|VFINT
user_31040,1,CLF
user_17296,1,DKS
user_9834,1,DGEO|MRVLP
user_3711,1,NOVO|SPYAL
user_21106,2,AMZN|PTONR
user_18730,1,FRT|NBIX
user_2123,1,ANF
user_17679,2,ENPH|MTN
user_8271,1,AAPLA|VRTX
user_19759,1,FBWOK
user_16589,1,NEWR
user_15608,4,AMBA|DOCUF|ETSY|QQQDI|UXIN
user_8454,2,FCAU|INTC
user_311,1,CLFD|VFIAX
user_2375,2,ADAPL|ENPH
user_30466,7,ABNBB|ETHIN|KBNT|NTCT|OXY|PAAS|SAND|STORG|TGTAP|TMNA|WSM|XLNXR
user_29859,1,SOFI|VTV
user_27170,1,ASMIY|OLPXI
user_34269,1,BYND
user_20889,2,INTC|PYR|SAVG
user_30166,2,BA|DEGEN
user_2673,1,MDT
user_31124,2,ASTR|XPEV
user_8918,2,CF|PG
user_28580,1,LUXE
user_24500,1,METAT|MSTRW
user_18702,2,LVS|RNGR|X
user_542,2,CBSH|CRM
user_11387,1,MS|SIGA
user_28300,3,DOCUF|FFIV|SHOLE|TCEHY
user_17879,1,NIOWH
user_26912,1,SMAR
user_991,1,ABNBC|ROKU
user_1328,1,BRPM|CRWDT
user_26318,1,MTUM
user_7311,1,PROSY|RMBS
user_17890,2,YOLO|ZS
user_16529,4,AMZA|BTF|ENPH|PYPLL|TSLAS|TVISA
user_25106,1,APPS
user_3699,1,BLNK
user_33334,3,ARI|PBT|PENNW|SMLR
user_1151,3,ENPH|FMBI|HDC|TSLA
user_174,1,PYPLD|UFPI
user_33256,1,IIVI|XON
user_2496,4,INTC|NFLX|PLTRE|TSM
user_831,1,ABBVU
user_1937,1,NANO
user_8034,1,TREE
user_25067,1,NEEAR
user_5469,1,JO|ZTO
user_24047,1,APD
user_586,1,CRNCB|JWN
user_4021,2,BAND|TRVN
user_7741,6,AVT|DISCB|MUNIK|OTTR|QQQSO|SNMP|UOS|WWATC
user_19386,2,IEI|NIO|RAD
user_4994,1,DSP|XLNXR
user_30136,2,COSTE|DGII|VSUPE
user_18924,2,MAWAR|NCLH
user_26408,3,FBBUT|MSFT|NOC|VRAR
user_1686,1,EPAM|PBIO
user_9701,1,CRMGO
user_15448,1,TSLAY
user_22857,1,VEEVI
user_13334,1,ABCB
user_13389,1,AAPLI
user_3123,1,DY|RKLB
user_5064,2,NOC|RKLB|SKY
user_11016,1,QQQVI|VZRET
user_32455,1,AMCFU|EEM
user_14569,1,BABEA|TMHC
user_13420,1,SPELL
user_32869,1,BNSO|RVIN
user_4357,1,NASA
user_3434,1,X
user_3406,3,RVLV|SCO|VINE|ZS
user_6433,1,GES|GGG
user_24809,1,FNGU|MELIM
user_3993,1,AMPS|CORZ
user_17165,1,DISEN|GRUB
user_1964,2,AFI|CFG|PYPL
user_5552,4,BEAMC|CHK|DISHB|LNR|MODIV|MOGRO
user_32222,3,BODY|FBHTT|IR
user_3520,2,CNICH|IAS|NK|VIX
user_28488,1,JWNBU
user_26168,1,CFG|JNJTO
user_19837,1,LIDR
user_506,1,BUD|PDD
user_15222,35,AA|ABEV|AIZ|APRN|ATVI|BLK|BLOCK|BPOP|BTCBE|CCIV|COSTA|COVID|CSCOA|CVANA|DAR|EMBRA|ES|FBCOM|FUTU|HOLE|I|IFNNF|INDO|INFQ|KDP|LLY|LUNA|MARA|MVIS|NFLXL|NIOLE|NOW|NRG|OHI|PETZ|PGJ|PLTRI|PM|PRPL|PSTH|REXR|SHOPS|SLGG|SPYNE|UNA|VCOCA|VYGVF|WAT|XM|ZEN|ZMBEA
user_13869,1,VTG
user_12342,1,MOMO
user_13834,1,OC|RSP
user_15301,3,AAPLB|AFRMI|DG|VOOAD
user_7409,1,UTK
user_13825,1,AUST|THTX
user_29543,1,SNE
user_18321,1,TDIVI
user_18333,1,JOBY|QQQYO
user_16176,1,ABCL|VRTX
user_27831,2,CHGG|PYPL|WCLD
user_19757,1,MSOS
user_18266,1,OHI|SHV
user_13517,2,CENN|GOOG|MSFTN
user_13643,1,GOOG|SNE
user_13164,1,ABNBO
user_29459,2,F|MCK|OKE
user_13588,1,LNG|TOMB
user_7483,1,COO|CRON
user_13400,1,BODY|BTCBE
user_29379,1,FTS
user_20555,1,KSPI|NKEC
user_33586,1,PKKFF|WEN
user_1186,1,BAMSO|VOSO
user_19564,2,NIO|RAIL
user_2270,2,DIS|HIPO|XOMWE
user_26163,1,HOLD|UVIA
user_6533,1,LOWMA
user_10098,5,AFRM|APRE|AVGOT|FE|HUYA|MSFT|WISHW
user_2009,1,DT|SYA
user_13493,1,EJH
user_30102,1,PRE|TSLAA
user_13393,1,ATCO
user_4757,1,FBHTT|NIKLA
user_18745,2,CVET|DGWHA|LECX
user_11076,1,DBGI|KSSWO
user_31416,1,AUPH
user_18585,1,MCRT
user_12745,1,ULTA
user_15678,1,AVEO|IGEX
user_28554,1,AVLR|SHIP
user_30319,1,LANC
user_519,1,TTDGO
user_29196,1,NFLXH|UCHIN
user_6781,1,SMLR|ZSHTT
user_265,1,CAMT|SENS
user_27060,1,KOTEC|XOMHT
user_27557,1,GGR
user_266,1,KDA
user_19896,1,ACI|BBIO
user_24797,1,AAPLL|XPO
user_7656,1,FLR
user_13179,1,HTCR
user_9875,4,CRWDE|EXR|KBR|MNDP|MOD|RR|XLF
user_9707,2,PDDI|SPGI
user_11820,1,FUVSO|STAGW
user_22826,1,NNDM
user_11967,1,LTHMP
user_26337,1,FBBUT|LEN
user_8615,1,CBOE|DNACL
user_25100,1,CHKP
user_29019,1,CURI|LAC
user_29462,1,BYSI
user_13077,2,DIS|NTCT
user_1704,1,DISCA
user_22325,1,ATYHO|ROST
user_13795,1,NLSN|PUBMH
user_28949,1,TPL
user_14292,1,COMP|VTNR
user_13728,1,NDSN
user_14222,1,EXOD
user_13042,2,INTUO|KO
user_18996,1,CLX
user_28063,1,AAPLE|GT
user_5280,1,TEAM
user_29562,1,AUDI|ONB
user_9517,1,BOX
user_29560,1,RSSS
user_5324,3,DIS|GOOG|NEEWH|PH
user_22510,1,EWBC|QUBT
user_7735,1,MRO
user_22713,1,NRBO
user_33415,1,EB|SAITO
user_28138,1,PTPI|TSRI
user_10996,2,FBFOC|SMICY|VZ
user_17535,1,GOOGT
user_29397,2,KO|PACB
user_14948,1,DRTS
user_21489,2,AOSL|ENPH
user_29335,1,ASTSM|CLBT
user_29332,2,BA|BUD
user_14374,1,CURI
user_21412,1,CS|ENR
user_24845,2,BX|SHARE|UPWKT
user_29241,1,BK
user_29188,1,CMI|HSDT
user_2253,1,EDU
user_26544,2,JNJPA|TRADI|TSLA
user_13157,1,ZUO
user_13159,2,COST|WISHT
user_27685,2,DIS|NCTY|UOWN
user_1959,1,NUPAT|SGAM
user_22358,1,KINGS|QUBT
user_23866,1,HOODI|SHPH
user_12917,1,PTONR
user_4236,1,APOG
user_25345,1,ASANF|CRWDG
user_33984,1,DOOR|ORETA
user_28829,2,PYPL|VOW
user_24436,2,AMD|SAITO|SAVG
user_18288,1,ASAN|NFLXL
user_19,1,VRT
user_5166,1,FBLET|MRVS
user_8609,4,CVANA|CVS|JPY|PG
user_650,2,AAPL|SABR
user_9610,1,CAG
user_8199,1,AMZNQ|MMC
user_17053,1,OPK
user_5290,2,AMD|ONB|VRTX
user_19211,1,BESOF|GES
user_22725,1,AMGN|NVDAA
user_23412,1,LOW|SEMER
user_25829,2,BX|MVRSA
user_16882,1,NTLA
user_32391,2,FBJUS|ZS
user_18408,1,URGN
user_8153,1,MMMAP|MNDYM
user_31993,2,SWAV|UAA|UPS
user_3337,5,CATSE|CINF|PYPLN|TESLA|TJX|UVXYT|VW|VZHEA
user_26556,1,BLNKA
user_27597,1,BAOS
user_19914,1,AMC
user_3822,1,GSAT|UPSTA
user_2157,1,INDO|VNOBL
user_21285,1,CCWF|MKLIN
user_24120,1,TRIT
user_25868,1,MSGE
user_25035,2,MICS|NEE|SSTLE
user_2006,2,AMD|SOUL
user_3383,1,KONOV|XLV
user_23707,2,GANG|LGF|MSFT
user_18115,2,CLVT|NIO
user_12694,1,RGBP|TGTAP
user_25178,1,CNSWF|ROL
user_17951,1,BUZZ|KEN
user_21216,1,DLNG|TSCOE
user_18079,3,AMDVE|ENPH|ENS|FBHTT|NFLXP
user_12630,1,CLR
user_8847,2,INCY|TSM
user_24921,1,PPC
user_6267,1,EQNR|ESTC
user_30414,3,AVTR|EWBC|FBUSE|ZS
user_12440,1,COO|SJM
user_24821,2,AMDME|GMLI|STHE
user_6368,1,LCID
user_14629,2,INTC|MRVI
user_7069,3,ABBVM|COST|COSTD|GOOG
user_25501,1,IRM|TXTM
user_16532,2,ACWI|KO
user_18190,2,ERIC|VFOCU
user_24192,3,BA|HOODI|LNR|NOBL
user_12074,2,DDOG|IIVI|SCHG
user_31003,3,MMM|NSC|NVDAG
user_26548,2,KODO|TEAM
user_13579,1,IOTA|XPEVH
user_13219,3,AAPLP|SKIN|TENB|VEEVI|WFG
user_2705,1,MRKTH
user_2706,2,ABBV|QCOMH|VZDEC
user_26082,1,CHKP|SXTAN
user_26658,2,BNGO|IMCR|VMOHN
user_21547,2,GMREV|ZTO
user_11634,1,IMX
user_7619,1,UPSTH
user_14030,2,EVFM|GDX|VZ
user_29511,1,ATH|KNBE
user_21793,1,PHM|UCHIN
user_18020,1,AMDVE|XLU
user_20247,1,CRWDS
user_20399,1,SPOTT
user_7116,3,BYDI|NET|PHR|UEVS
user_26227,4,ADTN|CDNS|CRWDE|ILV|IONQ|MGNIL|RYH
user_23064,4,BX|DIS|HA|META|XRP
user_7478,1,AMDHO|DPRO
user_1011,2,AAPLQ|ATUS|CEI
user_31986,2,AVGO|FBEVE|MSTR|SOFIS
user_423,1,CELZ
user_10905,1,RDIB|UMANY
user_17085,1,PETZ
user_30275,2,R|TSM
user_14920,2,ENPH|VNOMW
user_33435,2,BA|BTQ|SCHB
user_30753,1,NUCON|SHIP
user_30852,1,BABYD|SCTY
user_13405,1,VSCO
user_6546,1,IIPRR|VUZIE
user_12079,2,CSCO|CXW|PG
user_29669,1,SMOG
user_12014,1,CRTX
user_20502,2,RNGR|VZ
user_15993,2,APPSC|UPSTI|VZ
user_19864,1,SPT
user_309,1,BNGO
user_21365,1,HX
user_29290,1,RHCLO
user_23729,2,OZON|SNOW
user_27818,1,APX|NIOCL
user_22690,1,FBNOT
user_3440,1,NBIXW
user_20082,1,BGFV
user_5125,1,APPSH|NIOAL
user_29776,1,MU|PTONR
user_14758,2,AMDWE|COST|LRCX
user_31641,1,GOOD|WEAR
user_4986,1,DIAHT|UMC
user_24485,1,BAENT
user_31862,1,BNS|PVH
user_31456,1,NETI
user_16833,1,RACEH
user_15354,1,ALL
user_31603,1,QQQAN
user_5967,2,BEKE|INTC
user_26027,1,WERN
user_30718,1,ALGM|ZION
user_17417,1,CRMPR
user_29687,1,GMLI|RBLXL
user_15302,4,ELON|FBGAM|FDN|JOBYH|NOVO|RMBS|SHY
user_24742,1,AAPLA|GMR
user_7183,1,CACC
user_12721,1,PHM
user_32027,7,APX|DISDR|ETSYT|H|HOODM|KRBN|LEV|NOVN|NXGN|TSLA
user_14996,1,AAA|BAT
user_6632,1,FBULL
user_31432,1,BX
user_21572,1,ABNBA|EQNR
user_26186,2,QQQTH|RVLV|SHIP|VOSO
user_6018,1,NIOWE|PSA
user_8341,1,CPRI|EGHT
user_18394,1,ICNM|IDXX
user_31867,1,MDT|TMO
user_26824,1,BVAXF
user_33829,1,HAS|QNTJU
user_10057,3,AMD|ENPH|ITA|VO
user_515,2,ALTO|GLW|PG
user_19703,1,FOSL|GOOD
user_19499,1,NBR
user_21439,1,RIVNA
user_12610,1,SMAR
user_25062,1,NIOAS|POWI
user_771,1,NVDAN
user_7945,1,AUST|GEBRF
user_28492,1,FBTHE
user_26704,2,CBSH|F
user_20562,1,ONDS|SONO
user_24752,1,CHD|SWBK
user_30571,1,PYPLB
user_11668,1,ALLPE|SBLK
user_432,1,MXL
user_25560,1,USDJP
user_7822,1,AIR|CNVA
user_30642,1,MIME|OGI
user_25654,1,HTR|JNJOC
user_14422,1,DY
user_10170,1,MIMO
user_16010,1,SOLO
user_20016,1,PMFEB|SQQQ
user_2669,2,LMTWE|OPORT
user_19919,1,DEGEN
user_3889,2,BTCBR|PG
user_12057,1,CASY
user_31051,1,AD|FMC
user_11167,2,COST|NAKDI|NIOST
user_22493,1,ADYEY
user_16132,2,MSFT|SPXC|TONR
user_33368,1,SCHL
user_34134,1,EQB|IHT
user_18646,2,COST|DISFI|FBROO
user_20354,2,CELHM|GOOG
user_15897,1,CMI
user_11233,1,MUDAV|NA
user_974,1,JNJTO|YGG
user_19835,2,CRM|DOGE|VCOME
user_31276,1,IMCR
user_32827,1,AIT|MYNZ
user_28538,1,DISQ
user_31698,1,LNR|SPXLA
user_16152,2,AMD|CNVA|FBBUT
user_15076,1,VXX
user_27619,2,VFINT|ZS
user_18558,2,AAPL|SCHDB
user_523,1,AMZNG|AUB
user_17043,1,DISFI|PGR
user_17821,1,FL
user_8673,1,AMDIF|OCGN
user_32077,1,DJCO|VISL
user_3523,1,VYMDI
user_7410,6,ABNBS|AMOV|FLGT|FXF|JNJHI|KNX|MP|NCTY|NIO|PINST
user_2737,1,BGFV
user_2947,1,AMCR|EMBRA
user_14854,2,AMD|NVDAN
user_24282,3,KC|OWHIC|RES|VCOCA|VERU
user_31981,1,DISFI
user_4552,2,CVNAS|MTUM|RPRX
user_13657,1,ARKO|NOCWE
user_20853,1,BETZ|TECK
user_11730,4,BYND|CLF|DAX|DWAC|RACE|TDOCI
user_14618,2,IMBI|MSFT|NVDAC
user_17752,1,GEGI|NOCIS
user_2977,1,CCATE|TER
user_26475,1,CEEK
user_16087,1,BAND
user_1291,1,AMDBU
user_2814,1,IMX|TTCF
user_12552,1,KDA|KMI
user_27160,1,ALGN|FLL
user_150,1,COTY|GC
user_17718,1,APDN
user_8621,3,AIZ|LUNC|NVIV|RIOT
user_23782,2,EWBC|RDBX|XPEV
user_32739,1,FL
user_745,2,OGI|SSNAP|STAGR
user_34280,3,GOOG|META|REALM|XRPHT
user_2779,1,PH
user_2144,3,OP|SMG|VNQ
user_27997,2,AAPL|VVIX
user_10666,1,ZINU
user_7980,4,DLTR|NOC|PAAS|PG|TRMR
user_28845,1,EDMAT|VSATO
user_180,1,FBPAS
user_29005,1,SOS
user_2733,1,WORK
user_17627,1,ENB|GEVO
user_32145,1,APPSC|VYMVA
user_6989,3,DUOL|LUVFR|NFLX|TIMEA
user_8221,1,ARKW|OCGN
user_50,1,AMPL|TLO
user_4320,2,DMYQ|FTAI
user_32713,2,AQN|METX|SPYNA
user_19245,4,AMZN|CKPTR|KBNT|OPK|PTONP
user_14515,1,MAN|SPHB
user_17076,4,BKE|CCLWA|GPNBA|KISHU|MSFTC|NBIX
user_21718,3,ABCB|INTC|NEEAR|NKERB
user_12788,1,THCA
user_602,2,BAM|JNJB|PLTR
user_6684,1,FCXBE|UNH
user_2771,1,SGFY|SPCE
user_7856,2,FTHES|ZS
user_3103,2,AMCR|COSTI
user_33990,4,BX|DIS|GIS|GSAT|PETZ|VIAC
user_30472,1,MQ|NETI
user_2707,4,CPRI|CRM|HOOD|SCHL|STSS|UPSTC
user_34123,1,INDO
user_14627,1,GTBIF|HAFC
user_5612,1,ONDS
user_32904,1,NURO
user_6087,1,GOOD|SPYIF
user_10510,1,NYCB|WAT
user_17056,1,CIFR|FDXGO
user_7033,1,FUTUE
user_4518,2,LGVN|MOS|SHY|STORD
user_932,1,BILL
user_33418,1,HBAN|PAYS
user_30931,3,BOO|CLVT|DUK|EPS|TSCOB
user_16097,2,MATIC|VET|WCLD
user_17338,1,NVDAC
user_23789,1,DE
user_28754,1,DPLS|XDC
user_31014,3,AIV|NFLX|POOL
user_22887,1,ASLN|CPNGC
user_30757,1,SCHG
user_14477,1,ETN
user_4481,1,AMZNQ|EMN
user_2772,1,BIIB|CYRN
user_12184,1,NADA
user_14106,1,ETHSE|SABR
user_18705,1,FBAT
user_21564,1,DOCNA|ISPO
user_22377,1,ROKUN
user_21649,1,DISWH|DOMO
user_15134,2,DIS|ETHAB|KRBN
user_27249,1,ONEM|VINCI
user_16400,1,TSATM
user_31853,2,ATGE|BG
user_2039,1,SAMFR
user_17778,4,AGYS|ENPHG|MYNZ|POWI|VRX
user_6230,2,CVNAT|FR|LMTRE
user_3521,2,AMD|ORGN
user_19909,1,AAPLO|LTCHT
user_13343,1,AMDMY
user_14796,1,REM
user_31562,1,NFLXD|PANR
user_20846,1,EGHT|VXXJU
user_14663,1,GLXY
user_29901,1,IMMX
user_20283,1,GO
user_29073,1,AFRMI
user_20665,1,BANC
user_18355,57,ABTWH|ALICE|AMCGR|AMCRI|AMDCI|APPN|APRN|ARHS|ARKK|ARKKR|BABAW|BCEL|BMBL|BMO|BMY|COINY|COSTA|CPER|CRDO|CRMPR|DISHU|DJCO|DOBO|DOCU|DOT|DUOL|ETHHT|FANTO|FIVEY|FSTX|FSUGY|GBTC|GLW|GLXY|GRMN|GSK|HCP|HOLD|HTOO|INTCR|INTCS|IQ|JASMY|KOOWN|KTB|LAZR|LNN|LRC|METAT|MMMBU|MSFT|MSFTW|MTN|NAKAC|NETCY|NVTA|OTIS|PAAS|PTONP|RENN|RGTI|RHS|SHOPR|SKIN|SLB|SNA|SNAP|SOFIH|STLA|TH|TLSAQ|TME|TRU|TTCF|UMC|UPSVI|USD|VALE|VOOTH|VXN|VYGVF|WISHL|XL|XOMHE|XRP
user_30305,1,PTOND|SHOPS
user_11628,1,PLDHT
user_20412,1,ZME
user_19072,1,LUMN
user_12590,1,AARK|VRSN
user_29525,1,AAPD|K
user_19447,1,AMDHA|BAALL
user_28967,1,CYRN|ETWO
user_23119,1,MRO
user_5961,1,SAM
user_8934,1,JNJPA
user_12532,1,UPSVI
user_17496,2,HCC|LRCX|ZS
user_12531,2,DIS|EXPRE|U
user_23487,2,CDAY|COST|OIL
user_19004,3,BTCSQ|HAL|IVA|QQW|SAMFR
user_28507,4,ACNDA|GDX|HFC|HTOO|NVDAI|OKE
user_13133,11,AAPLP|AAPLU|ARCCA|AXU|FAF|IMPP|KO|KSPI|NIO|OMC|ONB|ORLY|RUN|SIX|SQM|WFCDE
user_958,3,BBLN|LYB|NEM|TMDX|YEXT
user_32491,1,DKNGH|PENN
user_4091,2,GMED|JWN|TLSA
user_7992,2,AMDCI|ARCCA|FITB
user_18157,2,FET|HUSAL|KEN|NIOGR
user_1277,1,BAK|NEGG
user_20450,1,AB
user_7936,1,DBX|VW
user_3632,2,BIIB|EXOD|LKE
user_26903,1,PRFT
user_8923,1,BLKIN
user_2930,1,CFG|NUOTH
user_30920,1,GMBL
user_26088,1,SJR
user_11266,1,AMZNF|INTCS
user_20320,2,HTZ|OWUV
user_22977,1,CELHE
user_7836,8,ATD|BLOCK|CTT|EVH|ISIG|MOHOW|NNOXH|ODIVI|OTLY|PLTRC|RKLBS|ROIUC|YETI
user_22308,1,FCX|NSANY
user_15007,2,COST|GTBIF
user_9300,1,ATYCA|BLNK
user_10575,3,BLOCK|CRTX|DOCUF|EL|SCVL|STRN
user_6621,3,FNF|IEA|TIMEA|UPSTA
user_3413,9,BGFV|BILI|COLD|DLTR|DOBO|FLUX|FOX|KOOTH|MYNZ|NCR|NSC|PBRSO|QQQOV|SAVA|STZ|WLL
user_10162,1,ITW|PUBMA
user_23357,1,XOP
user_13590,4,AMDVE|CRM|METAT|ORCLA|REV|TDOCA|XFRI
user_33546,1,RYTM
user_4779,1,WWATC
user_31413,1,SPYBU
user_19910,1,CASY
user_33680,3,ACB|COSTE|FBPAS|MAA|NETIT|ZMFAC
user_20688,1,AMDDO|JUNGL
user_5114,2,BPOP|META|TRTN
user_6559,1,RY
user_4057,1,UBS
user_25222,3,AMLX|BVXV|SPG|WMB
user_21250,1,DTSLA|MNMD
user_11086,1,AMCRE|CNQ
user_30311,1,SYNA
user_33931,2,HGV|LOVEL|VZ
user_24771,1,FBJUS|RENT
user_10087,3,CIVX|DOX|LUV|MSFT
user_25400,2,PG|SWIR
user_13495,1,ARRK
user_8525,1,CEIX
user_1309,2,ORK|SON
user_30050,2,BTI|NVVE
user_976,5,AGR|CAD|DQ|FRSX|MSFT|NEEAR|SPCE|VIR
user_31763,2,COP|EQB|HOOD|TDG
user_8171,1,PRU|TRMR
user_15624,1,FSK|XOP
user_31251,2,DTST|NFLX
user_20381,3,CAR|MOS|NOC
user_6338,1,OHICO|URA
user_20507,5,AMZN|CXDC|IMMX|TROWA|VOW|ZS
user_17120,1,FHN
user_3600,1,UCTT|WRK
user_307,3,BASE|KWEB|TSM|XLI
user_857,1,XOMWI
user_24549,1,QWT|SABR
user_3589,1,HRZN|VSCO
user_6407,2,AXPGO|QYLD|SNOW|VRTX
user_206,1,YY
user_8552,9,ATUS|DEA|EFA|FRHC|HEINY|LCIF|ORCL|RY|TRIN|UNG|VSUPE|WMT
user_8285,1,MRTN|UMG
user_30756,2,CELZ|MGNII|MNDYM
user_3512,1,LYFTC
user_23828,1,SOSHT
user_22706,1,AVBTH|FBUSE
user_3625,1,FBYOU|NLY
user_7397,2,ASC|JO|NKLA|NNOX
user_12048,3,BUZZ|NOV|TSLAD|YETI
user_3425,5,CSCOA|FTX|HEX|LYB|PARAH|SBUXW|SHOP|VIXFO
user_23332,2,BIGC|COST|NOKBR
user_3042,1,CLVS|TTDSO
user_12081,1,AGNC|ET
user_15914,1,MUTOD
user_17693,2,MMMBU|NIO
user_969,3,AARK|CNC|CVS|FBEVE|ZSEV
user_3417,1,DXT
user_25887,3,BLND|COST|HES|PLTR|WEAR
user_12878,1,UUUU
user_9205,1,BESIY
user_33555,2,GDDY|NCR|ROKUN
user_930,1,RIVNS
user_1480,2,BA|SONO
user_24581,1,GANG|VW
user_29037,2,LIDR|NIO|SSNLF
user_4150,2,CARV|PIII|TLSAQ|UFI
user_27311,2,EPS|SEDGD|SPYLO
user_7382,1,ALICE
user_30315,1,MRKFR|SONO
user_27715,1,RIBT|SJW
user_14547,1,VFINT
user_16212,1,NYT|TSCOB
user_26236,1,RH
user_29862,1,DOCUF
user_28704,1,DJCO
user_11450,3,CIEN|DINO|EXPE|LBC|PYPLT
user_24248,2,DIS|OZON
user_11209,2,AMZNW|CMCSA|INTU|UVV
user_34076,1,BTCMI|HYRE
user_30560,1,CATFR
user_4716,1,CRMI
user_4542,1,TYX
user_1106,1,JWA|NXRP
user_11699,3,B|KOOTH|NXH|RYANH|SAVAB|SONM
user_13705,2,DISDR|NFLX|TSMHT
user_19996,1,SDC|TXNCO
user_17209,1,STRR|TSAT
user_21724,3,EXC|FDX|LOVEL|NKLA
user_2712,2,COINA|PYPL
user_2101,3,ASTR|BBY|CAH|EMB|SBUXB|UDMY
user_32319,19,ACO|AMPG|AVEO|BACBU|COTI|DLTR|EVONO|GAME|GES|LMTUT|MEDP|MELIM|MOTEC|ORK|PIN|PRCT|RNGR|SOLHT|STARS|TSLAJ|TSLH|TWTRB|USFD|WING|WMTHO
user_11105,1,TLRY
user_18411,2,AAPL|GTLBB|MRO
user_4280,3,BLNKW|PG|TRADI|VNTH
user_16522,2,PYPL|PYPLG|SMR
user_29638,1,HRI
user_20505,2,NOC|VRAX
user_30645,1,ORETA|XM
user_17008,2,DUSD|META
user_15870,1,NVDAC
user_16755,1,PYPLH
user_4717,5,DIS|HOOD|LESL|RDS|TSLAQ|VUZI
user_755,1,VICI
user_33534,1,YOLO
user_32638,1,ALC|MAN
user_23165,1,RICK|TITN
user_25626,1,BTCWA
user_4727,2,BX|LKND
user_9554,2,BRCC|FTCH|TIP
user_20930,9,AUTO|AZNAN|HOG|INTUO|METAN|MRKFR|PTLO|RAD|SNDL|STAGR|UNH|Z
user_32438,1,DGWHA|RCAT
user_13017,3,BLOCK|CDAY|DBGI|FBUY|RVSN
user_22395,1,LBC|NLY
user_23458,1,JBGS|THSET
user_23844,1,CALLS|SNOWC
user_32590,3,CRM|MSOS|SYA
user_15565,1,XPO
user_21973,1,FRPHC|MAXN
user_9447,1,ANC
user_30157,2,SSTRE|VZ
user_7000,1,SOFIN
user_9811,1,DCP|TVISA
user_14340,1,ABM
user_32809,1,NEX
user_24984,1,FSK|SNOW
user_9294,2,MTVR|WEBRW
user_29115,2,NFLX|SHAK
user_21424,1,TKAT
user_24628,1,QQQPU
user_18880,1,QRTEA|SPYTH
user_18381,1,BILL|WRBYD
user_20165,1,PLTRH
user_1280,2,ENPH|XRPHT
user_24219,2,FBGAM|GE|TSLA
user_186,1,CNBS|CTVA
user_7803,1,AAPD|CDMO
user_8604,1,LMND
user_23516,1,CSPK|STHE
user_14850,1,WEJO
user_10578,3,FRSX|GOOGD|JJC|MTDR|QQQ|USFD
user_13480,2,NWN|PAAS|PT
user_13738,3,ACB|BNB|FRGE|GDYN|ZIDAT
user_16159,1,CB|CBIO
user_27245,1,YOU
user_13107,9,BYDDY|CSPK|CSU|DDOG|DISCK|INTU|LUCD|MATIC|MVRD|PENNF|TSLAH|TXNCO
user_28968,1,ANGO|OLO
user_11816,1,ASX|PANWB
user_30330,2,ENPH|FBPEO|PSNY
user_30548,1,NIONI
user_9088,1,BRG|GSAT
user_291,1,NAKD
user_1603,1,FBZUC|MRVI
user_9051,1,DOCNG|PIXY
user_13771,1,OR|PSTH
user_32705,1,BEWI
user_21067,1,MKLBO|TEAM
user_8234,1,AMDST|SOS
user_12876,1,FUN|WTER
user_14959,1,KSPI|PANWB
user_33042,1,MCRT|MOGRO
user_11737,1,AVLR|NIOWA
user_24617,1,CYRN
user_14932,1,SITE
user_27788,1,OTRK
user_4594,4,CFVI|ETHIN|K|SNE|VGROW
user_22841,1,AZNAN|CBOE
user_10186,1,ADM|CBSTR
user_17656,1,SCS
user_18500,1,AMDHA
user_7256,1,IMMX
user_18388,2,APPSI|COST
user_13272,8,BRKS|DJIA|ETSY|FXF|IWMKE|IWO|POWR|QFIN|SAITA|SXTAN|TTDEV|UVV
user_8231,3,AMCNI|APD|CGCO|DOGEZ|WISH
user_32701,1,JWM|TRUP
user_10300,1,SNA
user_22568,1,AFRM
user_18579,1,CTV
user_33231,2,GIS|VZ
user_1427,1,BULL|CHEF
user_24517,1,ETH|NVDAH
user_964,1,LCX
user_25966,1,ASC|BKU
user_18433,1,GOLD|RDSA
user_18341,1,IGSB
user_9351,1,HUSA|ZEN
user_10792,1,UMG
user_27102,2,KOMCD|SMCI
user_4222,2,ARI|PLTRM
user_5822,1,WISHT
user_18736,1,QQQYO
user_20764,1,SPA|STNE
user_23547,1,CBIO
user_17379,2,DIS|FBLIK|VTI
user_33618,1,FCAU|LTNC
user_7155,1,UVXYT
user_21075,2,ARVL|BROS|VXN
user_32646,2,AMD|GMEZO|WRK
user_27911,1,BKNGH|DKNGD
user_5758,1,CSGP|KDP
user_860,1,LLYSH
user_11745,1,G|METAH
user_33316,1,BBLN|BODYN
user_4820,1,KLIC|ZSTIE
user_22435,2,CDON|COINM|VIR
user_5768,1,GPS|SUN
user_11408,1,CI|TSLA
user_3377,2,BTBT|COST|CRTX
user_25435,1,DNUT|UDMY
user_29703,1,TSLAJ
user_13356,1,AMDI|HCM
user_31792,1,VMC
user_31512,1,BCMH
user_28010,2,CENN|SBUXH
user_4487,4,CCI|FSLRH|KOSS|QQQPR|XPEV
user_12586,1,AA
user_17824,1,HOODI
user_31241,72,AAPLT|AAPLU|AAVE|AB|ABB|ABBVB|AERC|AESE|AMAT|AMDSE|ATUS|AVBTH|AVTR|AXSM|BB|BIG|BIIB|BILL|BMY|BXHTT|BYM|CHKPB|COTYA|CTRU|CTT|DISCK|DISDR|DISNE|DUK|DVA|DXT|EMR|ETSYC|EV|EXPR|F|FBNOT|FOCS|FOX|FRGE|FRHC|FUBOI|GFSCH|HRL|IINN|IMCR|INFQ|IYT|JWM|KIBA|KONE|KSU|KWEB|LCX|LRC|LYTS|MARVI|MCDMI|MGNIO|MRKTH|MU|NAKD|NDAQ|NEVAD|NFLXS|NIKOL|NIOST|NNI|ON|PEPRE|PRQ|PRTY|PUBMA|PYPLN|QQQBU|QQQHT|RMO|SAVAA|SBUXW|SCTY|SHOPS|SIBY|SITM|SMCI|SNPS|SPACE|SPYIF|SQSNA|STIP|SUSHI|TD|TLT|TLTHT|TOST|TPL|TTCF|TTE|URGN|URNM|UWHAT|VBUYS|VNOMW|VVERI|VWEDN|WBAST|WYNNG|XPEVH|ZUO
user_20795,1,QCOMW|UPSTA
user_233,1,LUVMA
user_6817,1,CARR|VZHEA
user_21631,1,MJ|NINE
user_9106,6,GO|ISIG|NDA|QQQSH|SCHDD|SNOWE|TAP|TRIN|TSLL
user_30393,1,MSFTN|NIOS
user_33388,1,CNC
user_32244,1,ONNAR|PINS
user_26851,2,GRIM|NETI|RBLXB
user_27698,1,JEPI
user_25457,1,CBSTR|UNI
user_30388,2,ENPHW|SG|XRT
user_2188,1,MRNAW|TDOCI
user_3836,1,TLSAR
user_16571,3,ACLS|ALBT|APPL|BTU|IBEX|UA
user_29280,1,ETHIN
user_9824,1,AMDSH
user_23166,2,IMCC|POWI|SWAV
user_14611,1,TYX
user_26260,2,COST|RIOTW
user_11624,1,KIBA|QQW
user_19404,1,LUNC
user_3936,1,VNOMW
user_6643,1,VISM
user_16091,1,GCT|VDADX
user_7642,1,NKERB|RYTM
user_21550,2,BTCSQ|MAIN
user_24255,2,ILAG|MRNA|MTB
user_22949,1,CP
user_6246,1,CLX|LEVI
user_2552,1,SPYIF|TRIT
user_5750,2,BMRN|TISI|WBER
user_5748,1,ALK|CUBE
user_2998,1,CYTK
user_12301,2,BGS|CRM|VWAGY
user_12077,1,RENT
user_26500,4,AAPL|DXT|EL|LECX|XPEV
user_19870,1,DENN|FI
user_1360,1,HYPRO|STSS
user_21553,2,BX|DGROT|ENSC
user_13686,1,NIOST|VYM
user_17655,1,SIMO|THC
user_1201,1,ADP|GEVO
user_18351,1,QCOMW
user_6261,1,MDVL|OPK
user_25841,1,ENPHW
user_6956,2,JPY|META
user_9736,1,ARRY
user_30190,1,BL|CARR
user_15363,1,BTCHT
user_1452,3,COSTJ|DGRO|ENPH|PG
user_14863,1,LFG|LMNDD
user_18837,2,JNJDI|NIO|ONKIN
user_2873,1,COSTE|TTOO
user_26966,1,FSV
user_2816,1,BNGO|LTUM
user_14791,1,RL|VALN
user_5760,1,HRZN|VXAPL
user_8143,1,ZSHTT
user_14922,1,FBTUE|YETIF
user_20111,1,ARRY|GGII
user_1135,1,AXU
user_5783,1,CHWYN
user_28150,1,NKERB|NWN
user_4940,6,ANTM|CHEF|DXT|GFAI|QWT|TOI|ULONG
user_23532,4,AAPLQ|COSTI|ENBFO|MNDY|MTB|VZ
user_18132,1,XFRI
user_24544,2,COSTE|EGLDQ|MO
user_14495,1,IZRL|TLO
user_22464,1,VISHA|VMEO
user_25079,2,DAL|DGEO|VZ
user_5787,13,AAL|AMDCE|ARE|CLFD|COST|CTVA|CYTK|DCBO|DISWH|DUK|F|HBAR|LEV|NOW|NVMI|PLTRA|PM|SRTS|TSM
user_4710,1,ADC|EL
user_3988,1,LMNOP
user_11607,1,GENFL|TTDSO
user_22815,2,AURA|LOGI
user_22672,1,PHAS
user_4237,3,ADYEY|ALV|FBTWI|SCHL|SHOPR
user_33899,1,TIVC|ZM
user_21767,1,DISH|INCY
user_13998,1,KFY|NEEFO
user_28143,1,BXP|ZMDTF
user_18171,1,FI
user_22617,2,GD|GFAI|PEBO|SODER
user_1341,1,OKTA
user_18324,1,ATEYY|VZHTT
user_5784,1,CELH|UHAL
user_27934,1,BRKNE
user_8312,1,KKR|PENNW
user_13926,3,COM|PYPL|TBT|VALE
user_26799,2,CHX|STT
user_25748,1,FBGAM|LANC
user_10092,1,DGROT
user_23595,3,AUR|BBIH|BBIOW|MVRSA
user_33662,1,AMDHA|HII
user_15864,2,ACO|BRG|PYPL
user_10084,2,AGG|FTHES|IRBT|PER
user_12986,1,ATYNO
user_25256,1,HEX|ORGN
user_26251,1,BLK
user_24001,4,DISHB|JBLU|NOWTH|PUBMH|SRG
user_891,2,GENI|GMEGL|MVVYF
user_28957,1,ETHSE
user_18107,2,ABEV|AUST|NANO
user_28597,1,AZZ
user_14156,1,CCS|TXNRA
user_2512,1,FXF|PCAR
user_15277,2,EAR|HUM|META
user_17828,1,BSX
user_27953,1,MMMOW|ROKUE
user_21440,4,DOT|NSAV|OSTK|REV|SCHDT
user_20649,1,MRNAH|SNAP
user_24003,1,SOS
user_5801,1,COMB|QQQHT
user_29651,2,ASML|COST|MUSA
user_5753,2,NIO|SDS
user_7092,4,CRSR|FMCB|MSFTE|TAN|TU|VRAX
user_21977,2,DIS|LYB|WBAST
user_16455,1,ADTX|EQT
user_8807,2,ARHS|PG
user_3857,6,ABBV|ANGH|APPS|ETSYT|LSCC|PINST|PTPI|ROSE|SCHL
user_3746,1,ALNY|KOTEC
user_2913,1,MAWAR|SYF
user_31786,3,BILL|PATK|SHOP|SPRT|TMHC
user_14572,1,SYYSO|WISHT
user_12478,1,FBTHA
user_16071,2,AMD|JAZZ
user_14582,1,IOT|MIMO
user_17768,1,AMDDO
user_22675,1,MSFTM
user_10541,1,SPELL
user_12563,1,IIPR|SUSHI
user_5895,1,PTE
user_15110,1,UMC
user_32456,1,DISHB
user_32708,1,ENVB
user_903,2,ARCCA|NASDA|ZM
user_20167,1,LGVN|MSFT
user_12711,1,SCHA|SM
user_30614,1,TONR
user_2275,1,BTC
user_3048,2,LTCHT|MRKTH|QQQFO
user_27395,1,ENPH|MVIS
user_28970,1,ROKUH
user_17793,1,CUBI
user_20552,2,XPEV|ZII
user_25498,1,CLF|TROWW
user_1847,1,ACLS
user_7219,1,MSFTR
user_34,1,CNTX|PSEC
user_5458,2,AMCLO|GNENF|VZ
user_1915,1,LFIN
user_9767,2,FBTHA|NSANY|TZOO
user_19175,1,COSTE
user_5109,1,SHUEY
user_18855,1,KONOV|VINE
user_31509,1,TH
user_14315,1,APOG|PHUN
user_13931,5,BLI|DTSLA|GOLD|INTC|LNN|OCLG|SCHV
user_17432,14,AD|ATI|EMR|ERIC|FUVSO|HYMC|KLIC|MARVI|MYNZ|NKEB|NVDAB|ORLY|PCTC|RIO|SHOPD|SMLR|SPOTF|TBT|TRRXF
user_2921,1,AYX
user_7958,1,CLVT|STORF
user_17559,1,FTDR
user_5054,1,CRMD|QQQDI
user_28100,2,INTC|MP
user_24099,2,AMZN|SPXTH
user_22663,1,CPE|TBPH
user_28278,1,SIVB
user_20387,3,BRKBP|CINF|HDTHE|TSM
user_5862,2,ADV|AMPH|VINCI
user_23665,2,MTCH|SNTI
user_5147,1,FNF|QCOMA
user_33360,4,AAWW|GDYN|MYOV|PM|USDP
user_9212,1,SNE|TWITH
user_9895,1,DMYQ|PEBO
user_5673,2,A|AAPL
user_22765,1,CWT|TCHEY
user_13130,2,AIZ|TSLA
user_23270,2,BX|NIOBO|PSLV
user_21851,1,AMZNR|PRX
user_19031,1,MSTRG|SYTA
user_17447,1,AXNX
user_30367,1,VSUPE
user_12606,1,DOW|ZSEV
user_20384,1,ENPHM|STSS
user_16830,2,DIS|GDX|MDAYT
user_26402,1,PTONY
user_1142,1,AAPD|EGC
user_18662,1,MCDCO|SU
user_27477,1,NIOWH|QQQNA
user_17722,2,PG|TSLL
user_5133,1,VET
user_737,1,NNI|THSET
user_11144,1,OIH|SFT
user_32399,1,GOOGD|NXM
user_11517,1,ZCX
user_22218,1,EVFM|THC
user_2162,1,TWTR
user_33840,2,APDN|PSFE
user_10745,1,FUBO|RGLS
user_10668,1,CVM
user_11034,1,DISWA|KODO
user_5654,1,UWHAT
user_24543,1,PYPLL
user_27205,1,LTC|TBPH
user_4192,1,RMD
user_25469,10,AAPLO|EGRNF|KXA|LIHTT|LMNDD|MAR|MAT|MRAM|NLFX|NU|SKLZF|UAVS|UNF|VVIX|VWHAT|YOLO
user_3724,2,DJIA|NIOWA|XPEV
user_6887,2,ASAN|PG
user_2391,1,ASX|WRK
user_30185,1,FBFIN
user_5558,2,GOOG|GRWG|MU
user_10514,2,ANGO|GGR|PIXY
user_29925,6,CBOE|CBSTR|DLR|NFLXH|QCOMW|TPL|UST|VEON|VWHAT
user_10950,1,BABAC|SCHW
user_26633,1,AGRI|STAGC
user_13007,1,RTX|SAIL
user_9423,1,FAST
user_33880,1,STAG|TDY
user_6003,1,NFLXQ|TSMC
user_24655,4,COST|NVCR|PLTRE|TSM|XOM
user_7580,1,IFNNY
user_30894,1,BN
user_2857,1,INND|SFT
user_32914,2,APA|NETSO|PAGS
user_3826,2,AMD|ARHS|LMNOP
user_6818,1,MOTEC
user_28823,1,ARKQ
user_33314,1,CLOV
user_22118,1,ADAPL|CELH
user_2449,2,BABAI|VEEV
user_22313,1,VXN
user_1912,1,ATXG
user_30079,1,VEU|YCBD
user_9948,1,MTEI
user_25738,1,VISHA
user_16713,1,APPH|VTI
user_31183,7,AAPLA|ATEYY|ATLAS|CI|CMGMC|FBSIM|GBX|HRT|JBHT|MELI|OHI|Z
user_18278,1,HII|TNET
user_21850,1,AMZNU|REGN
user_24631,1,CWT|UA
user_15403,1,PDSB|VYM
user_26513,1,SPYCL
user_29921,1,IYT|LIFIN
user_2387,1,ICNM
user_33896,1,AMDBR|SNE
user_26709,1,SOC
user_9678,2,COST|PBIO
user_1032,1,CRNC
user_22458,1,COTYA|VNOBL
user_1266,1,AAP|BABYD
user_23022,2,FRT|LYB|ZS
user_1629,1,GFSCH
user_7991,1,SONY
user_14317,2,MMMGE|SHW|SIX|VZDEC
user_12903,1,USB
user_27618,5,ALICE|CHRW|DIS|NKEB|SYF|TTDHO|V
user_21096,1,RUN
user_30096,1,ACI
user_26213,2,EXPI|F|STRON
user_8217,1,CDMO
user_11416,1,AMDIF|TDOC
user_31302,1,FUTUW|SQSPO
user_31301,1,NFLXY|SMH
user_10032,2,LLY|MSFT|VWHAT
user_30555,1,GTC|METAH
user_12646,6,BABYD|BND|GMVD|RVSN|SBUXW|SHUEY|TSLAR|TWITH|ZII
user_12062,2,COST|NOC
user_17180,1,BXDAN
user_33437,2,NOC|RES
user_6213,3,BABAT|CHHFI|HNTAM|TSP
user_29601,1,CCXI
user_9816,1,COSTB|JPM
user_18364,2,KR|NFLX
user_16031,1,ATY|VNTH
user_7484,1,FC
user_7459,1,FBHOP|NFLXA
user_6881,1,COVID
user_24912,4,AMC|CATSE|CVET|EEM|HXL|SWPPX
user_11614,1,LI
user_13467,1,CDMO|SXTAN
user_19901,1,SOL|SPYNE
user_18737,1,ESCA|LVMH
user_7173,1,DOT
user_26749,1,ATOM|AXSM
user_24196,1,MTUM
user_26940,1,BTBT|JNJ
user_25110,2,KO|KTB
user_21535,2,UNI|ZPLUS
user_28355,7,ACON|CGC|CHRW|ELY|FCAU|FTESL|METAS|MRNA|MSFTC|ORA|PATHD|PKG
user_32356,2,AAPL|KLO|NEAR
user_7301,2,KO|PNR
user_22332,5,BITOI|BPOP|EGLD|MAS|ON|STORF|VEA|VWAGY
user_54,1,RENN|USB
user_10677,5,APPSA|DOOG|KSPN|MCDMI|NOC|STLA|TQQQ
user_20186,2,GDX|MGNIH|VSATO
user_148,1,PRNT|STSS
user_17712,2,FANTO|JAZZ|KKR
user_16343,1,AMZNL|XCUR
user_11746,1,QCOMR
user_7113,1,TTOO
user_32361,2,EXLS|RWTR|ZEN
user_22489,2,CARG|CCCX|SYA
user_30017,1,PYCR
user_5443,3,ACCO|BABAB|CRVS|SCHV
user_26575,2,MGNIH|PYPLN|SWAV
user_7598,1,BOUV
user_32345,1,PENN
user_8566,1,BABYC|XLF
user_31727,1,SYA|TPH
user_20512,4,ASC|AXTA|NURO|ORCL|SBUXW|SHLS
user_16762,1,VFIAX
user_25510,6,AAPLK|ATGE|BABAD|BRK|COTI|IFNNF|INTCM|PENNF|PPC|SHV|VISHA
user_25539,2,COSTC|MC
user_32686,1,AFRMT|RVPH
user_10867,4,ADYEN|DTST|FUTUE|TSM|WMTCO|XMR
user_184,4,ABTWH|ARKO|FINV|IP|TEVA
user_22283,1,PENN
user_22290,2,FANG|FSTX|NIOS|TMNA
user_16338,1,BABYC|ELON
user_11631,1,XLFSP
user_16633,2,AMZNU|RNGR|TLTSH|WRLD
user_25636,1,VSCO
user_16930,1,REXR
user_27142,1,CMGMC|URBN
user_22440,1,TXT
user_1492,1,EE
user_23923,1,HEX
user_27419,3,CFG|DOOG|IRNT|MCD|QQQYO
user_7487,1,EQNR
user_15362,1,BCEL|WHR
user_23961,1,EWZ|SCHX
user_4272,1,CNC|NVDAB
user_34320,1,PIXY
user_26882,1,SQALI
user_13944,1,CLBT|ULET
user_13554,1,JPM
user_20575,1,SYK
user_28671,1,XOP
user_1640,3,BA|INTC|STEM
user_5929,1,SKX|VRT
user_12581,1,SEMR
user_32500,1,FSTX|WPCWH
user_12400,4,ASAN|BTCPA|CRMD|IBKR|LECX
user_29521,3,AMD|QS|RBLXL|TSLAD
user_8242,2,INTCV|VZ
user_32965,1,ABNBM|TTDCH
user_26927,2,COM|VZ
user_28168,2,AMZN|FBBEA|JOBYH
user_20350,1,ALLYB|WBA
user_11317,2,F|TSLAE
user_32471,1,BESIY
user_17801,1,FBTOP|MSTRH
user_20740,1,SPOTD
user_15257,1,BMYHI
user_12632,2,FCFS|GMEON|SGHC|XLIGR
user_34246,2,ATXG|JBLU|SKY|THSET
user_5268,3,AMRS|DISHU|FBTHE|NA|O|VRSN
user_11835,1,SKY
user_32261,1,AGRI|ETHAL
user_34047,1,EWZ
user_1323,1,IVV|ROKUC
user_15304,2,BRKSO|ZS
user_11876,2,GILD|LCX|MELIM|SAVG
user_28973,1,HAL|LANC
user_1923,1,PHARM|RMO
user_19522,1,WEAR
user_22270,1,NWL
user_31614,2,NFLX|SBLK|TERHT
user_20874,2,EFTR|META|XLB
user_2043,1,COMP|KINGS
user_21784,2,CKPTR|CYN|GOOG
user_29791,2,AVPT|MSFT|NSRGY
user_29841,1,MTVR
user_10987,2,CLFAN|KRSOL
user_2565,1,EFA
user_6628,1,AAP|NFLXN
user_18458,3,CELHM|CRWDD|RBLXE|TTDSO
user_9625,1,MDAYT|OCLG
user_8355,1,FLOKI|FOXA
user_4292,2,MTVR|TSLA|TTDSO
user_17744,1,AKZOY
user_4252,3,AMZN|FOCS|HSCS|TGTDO|TSLAF
user_33894,1,FMC
user_24516,1,FBNOT|R
user_30112,1,TARO
user_2017,1,NFLXW|WISH
user_17594,1,JPEX
user_2288,2,BABYC|XEL
user_16495,1,GTLB|VTVT
user_8477,4,AAPLF|ALB|AXP|BNTX|GILD|NRBO|SHARE|WGOTH
user_32558,1,NDXIT
user_20487,5,AAWW|ARK|AXS|ENJ|FBETH|NEGGI|PEPHT|VOW|ZIMPL
user_29172,1,ABNBM|TME
user_12550,9,AAL|BTBT|HCP|MEX|MRVI|NFG|NIO|NOV|NRTB|NVO|PPG|PTONY|STEP|UNHHO
user_1918,1,DLTR
user_9827,6,AEO|AXU|IJH|JPMFE|JWA|KISHU|LIBER|NETIT|PSA|PTE
user_32270,3,CXDC|MYNAN|SHOPH
user_22834,4,AMD|CRM|ENPH|XRT
user_20032,1,NNOXH|UAVS
user_32997,1,CLVT|PLUG
user_12191,1,PEBO
user_29627,1,CSPON
user_10302,1,GMED
user_22987,2,CRM|FC|SPOTW
user_32659,1,VVS
user_14412,2,PG|ZEN
user_17385,3,CUBI|DB|GOOG|UNHEX
user_32868,1,BGS
user_21204,1,ACLS
user_20243,1,WISHT
user_1372,2,BFRI|IRNT|XPR
user_10889,2,BA|CD
user_26302,1,SBLK
user_30797,1,FAMIF|TASK
user_33236,1,ZSREV
user_18457,1,HSY|SPYPL
user_33329,2,AMDBU|CDAY|SUSHI|UTHR
user_27976,3,BTCUS|DIS|TSLA
user_5712,2,THC|TSLAT|URA
user_22070,2,KIM|MCDGA|NIOHT
user_9901,1,DJIFR|GWRE
user_29,1,DT|TSEMH
user_499,1,LYXE
user_11051,1,SAIC|TSLAJ
user_34008,2,AMDCU|FBLAM|ZUO
user_16292,2,CAT|GOOG
user_2212,2,SAVAA|V|VRAWH
user_12309,1,NFLXA|ROOT
user_12179,1,ELONQ
user_24149,1,GLBE
user_162,1,HDHEA|MGNIH
user_8190,3,EGLX|FATE|IEI|POSHY|UPST
user_28475,2,BYDDY|NOC|THSET
user_9583,2,FBINC|FTESL|GOOG
user_22427,1,DNA
user_23378,1,AMDDE
user_16233,5,CRIS|ENPHG|FBULL|KBR|NLST|SONVY|VTRS
user_6461,1,NVDAR|ZEN
user_17960,1,AVGOR|MMMBU
user_9738,1,VIEW
user_615,1,ITW|NLS
user_32814,1,NANO|QQQPR
user_7500,1,ILST|LMND
user_9871,1,CVNAF
user_23521,1,NURO
user_1076,2,INTC|RMBS
user_2213,4,ADSK|BCTX|DDD|KO|META|VSUPE
user_18754,1,BKCC
user_27120,2,INTC|KODK
user_8275,1,PSX|UAL
user_16282,2,QQQHU|SMOG|TAP
user_13917,1,LOVEL|VUG
user_16621,1,MSFTO
user_13715,2,PG|PSTG
user_10483,2,BX|SPYNE
user_27728,1,DG
user_22231,1,DV
user_22670,2,ABBVT|SEMR|SHW
user_24694,1,GEO|TWTRA
user_7534,1,CMC
user_26418,1,NOK|UBERT
user_33491,2,BABYC|STX
user_7184,1,FRT
user_16838,1,IKEA
user_32784,1,MQTHI|SPOT
user_1934,1,IAC|LVMH
user_26051,1,NFLXB|TALI
user_18317,1,CPNGJ
user_4840,1,AD
user_4650,3,BUZZ|GOOG|MSM|SBUXI|SWBI
user_27596,1,QQQDI
user_9742,5,CCI|COINM|FITB|FYBR|HCCI|HDCHI|VXXJU|WBER|ZSREV
user_4610,1,GTLB
user_7198,3,ATEN|KO|RGBP
user_8318,1,NIC
user_9435,2,JPMAU|NOC
user_9485,1,EFTR|TSLAT
user_3348,1,COP|RFFUL
user_6168,1,XMR
user_23784,1,INVE|VTR
user_23756,4,COUP|HEINY|KONOV|WAL|YETIF
user_4805,3,BODY|G|MGM|ODIVI|RPRX
user_25377,2,PARA|TZOO|VRTI
user_10132,2,META|NOKBR
user_14079,3,FDXGO|FLIKE|ILPT|MSFT|MTUM|PSTG
user_2821,2,DGII|EGLXO|MDVL|PDDWH
user_33030,1,AMDVE
user_11649,1,BYD|NVDAN
user_13037,3,ATH|LRCX|PTONY|TOR|WYNNG
user_30260,1,GOOGM|URNM
user_14517,4,AEP|CNC|DOCUF|EXEL|GMT|NIOST|UFING
user_33065,1,PACB
user_643,1,AFRMI|ZSCHA
user_8870,1,DISHU|WYNN
user_11394,32,ABMD|ACBBO|ACMR|ADP|ADSKG|AEMD|AI|AMDCI|AMDLE|AMN|AMZND|AVY|BEKE|BP|BSFC|CSTAR|DIAHT|DISFR|DOCNC|DSP|EMB|FTESL|GOOGH|GTSIF|HA|LGF|LIND|METIS|MSFT|MVRSA|NVAX|OCGN|PANW|PROSY|PRVA|PYPLH|ROL|RTY|SBUXW|SKYH|SPOTD|TLSAR|TWTRR|VZRET|XELA|XVG|YM|ZIMPL
user_14076,1,NUPAT
user_17721,2,MTVR|NOC
user_8494,2,EGLD|HTZ|META
user_25034,8,ADA|DISHB|GMED|JO|PAG|PYPL|RLX|SLGG|SPYBU
user_18120,2,MEX|TRT|VVV
user_17454,3,BIDU|FBTWI|FI|PENNW|RGTI
user_13147,2,DVY|FE|HYLN
user_1489,1,CPRX|LUNA
user_16295,1,ABBVT|BAX
user_6489,1,ATVI
user_10185,1,TSMHT|VZHEA
user_21815,1,AMCLE|STX
user_12297,1,JWA
user_27074,2,GEWED|HPNN|NFLX
user_8758,1,XOMHT
user_14041,1,KSPI
user_15603,2,ALLY|AMD|NKLAQ
user_18629,1,BITOI
user_32307,1,BLBX|QYLD
user_11752,1,CTV|SWX
user_16972,1,RMBS
user_16943,4,ARMK|CRMDE|ROKUC|SYS|VEEVI
user_18475,1,GO|X
user_13186,2,BEAM|GMSOL|LUCID|SHOPR
user_7893,1,BAHAV
user_26298,1,SUSHI
user_3402,2,NIO|TOI|XLY
user_25397,13,AAPLA|ABBVD|ARGO|ATOM|DISRO|DMYQ|DOCNS|FCFS|FLR|GGPIH|LUNAH|MSTR|OSH|PAYS|PCAR|PHUN|QFOR|SESHO|TLT|WTRH
user_14237,5,ASLN|CS|INAZ|IOBT|NIOTH|SHLS|SPYRE
user_10196,1,CTT
user_17320,1,ALTO|TWTRR
user_17748,2,COSTM|KTTA|XPEV
user_2179,1,VIX
user_19154,6,BACLI|BAHUG|CCL|DIA|FRPHC|SCVL|SWK|THEY|VXN
user_32907,1,ACON|VMC
user_17356,1,EURUS
user_25292,1,AXPHT|RMD
user_27259,2,ABTWH|KXA|MSFT
user_8025,2,BX|UAL
user_10939,1,FMX|RENT
user_10211,1,INTCS
user_27452,1,UMAYB
user_31904,2,CCXI|LNR|MCDMI|MTP
user_33464,1,AMX|LEN
user_16909,1,RBLXW
user_30378,2,SNDX|WES
user_3645,3,AQN|ATYCA|HRT|STORF|VXX
user_8638,4,FBGAM|KO|SNDL|SOFI|TFC|VRAX
user_14939,2,AMD|PLAY|TSMAU
user_16973,1,PAAS
user_10918,1,AMDPO|PRQ
user_29552,2,BOFA|DUSD|PG
user_21336,1,AMZNA|BESOF
user_15744,1,ESTC|NFLXY
user_10808,1,FTDR|HPQ
user_10145,1,TSLAV
user_20705,2,GOOD|SBFM|XLC
user_27115,2,CCCX|CPB|NOC
user_30212,1,NTR
user_15424,1,LCIDS|SPX
user_14990,1,SCHW|VET
user_13073,2,PG|PUBM
user_895,1,ASTR|GINUX
user_25239,3,JAMF|MSFT|RDIB|VFIAX
user_14044,2,DIS|HYZN|TRIT
user_4928,2,BARK|G|VALN
user_3637,2,PEPTE|QBTS|TSM
user_24263,1,TWTRI
user_271,1,KEN|TOST
user_3922,1,CNSWF|EXAS
user_32610,1,FOOD
user_32522,1,BIIB|GFSCH
user_26867,1,GM|HRL
user_17128,1,ETD
user_463,1,TZOOT
user_15638,1,DGII
user_18352,3,ACO|DNUT|FXYHO|ORPH|USDT|USO
user_19489,6,AMCGR|BN|COUR|ENSC|ESCA|INSG|LYB|PPC|SPOTR|ZS
user_13494,2,BA|ROL
user_14901,2,NLSN|ZMPAR
user_14371,2,MUWHA|NVDAM|PHMAF
user_22756,2,DENN|TSM
user_3167,2,MOWHA|TSM
user_6428,1,HAFC
user_27329,1,CATSE|RYTM
user_7359,1,GTSIF|ILV
user_17985,2,BABAW|TXT
user_25272,1,NIM
user_28195,1,AGNC
user_17199,1,SNOWC
user_7685,1,BB
user_8165,3,AJG|CSVTI|HD|MCDEU|MDVL|MSFTT
user_18557,2,FBTUE|KO|UNF
user_10168,1,STORM
user_18780,1,SNMP
user_15642,1,ADTN|DUOL
user_30067,1,EXP|JNJTO
user_10629,2,DISTH|META|SHELL
user_13780,1,SUI|ZSHTT
user_14673,1,MSFTM|STHE
user_23654,1,EPRT|INM
user_7517,1,HTZ|KOSS
user_25538,1,FUTU|TSLAR
user_26706,1,AMDCE
user_10195,1,FTNTT
user_18136,1,FHM
user_1572,1,COUP|DVY
user_9165,1,ABBVB|CASA
user_14782,1,IBB
user_14723,1,BURL|NFLXC
user_29506,2,ENPH|MKLBL
user_8219,3,ARMK|CASY|F|TSM
user_24652,1,BNGO|DOV
user_6115,2,BA|BAYC|CSCOA
user_32860,1,PYPLT
user_9699,1,TSLAM
user_32508,1,CVNAT|VEU
user_19001,1,RDBX
user_9540,2,AMZN|ZIONT
user_20461,1,CAH
user_24036,1,BL|RNDR
user_23795,1,YELP
user_23262,1,FSLRH
user_8031,3,DVA|NIOAL|RSKD|SPOTD
user_17965,2,CGC|NIO
user_21486,1,F|YETIF
user_26056,1,AAPLU
user_13483,1,QUBT|UHAL
user_6580,1,TTOO
user_13716,1,BPH
user_14114,2,HTZZP|ZDROP
user_11247,1,AMPH
user_2448,1,APPSI
user_15094,1,BMO|RBLXC
user_22723,1,CCS|FBPUS
user_32649,1,MSGE
user_15111,1,AQN|TITN
user_6974,1,HES
user_24133,1,GWW
user_1107,1,HTR
user_15083,2,AMZNL|BG|KO
user_14574,1,ORPH|RYM
user_11923,2,KERN|LECX|NFLX
user_20710,1,TSLAM
user_32032,1,NIC|XELA
user_4953,1,PXD
user_6584,2,NIO|XPEV
user_14185,2,MAFAC|PHARM|XPEV
user_14660,1,MMMBU
user_22499,1,ETHAD|XCUR
user_28108,1,TSLAQ
user_22281,1,ECL
user_4270,1,SQM
user_6970,3,AWS|RCL|REM|ULONG
user_12110,1,FBK
user_14849,2,HYMC|NSAV
user_23605,1,INTCH
user_32280,1,SPT
user_31233,1,PYPLH|TLSAQ
user_23982,1,GOOGD
user_12248,1,LBC|TSLAS
user_8582,2,AMZN|ONCT|RBLXC
user_29495,1,CUBE|UNHIF
user_386,1,MYOV
user_6988,1,IMX|PARAH
user_27807,2,META|STNE|VRAWH
user_18685,2,BX|JD
user_691,1,AAPLJ|AMCLE
user_21012,1,GLJ
user_2433,2,AMD|RGLS
user_11560,1,PLTRI
user_11561,1,TGT|TSLAP
user_26844,4,AMRS|COLD|IJH|MRNAH|NKEC|NOC|VREIT
user_6985,8,AMDST|HAS|HTZZP|JCI|LMNOP|LOWSE|MOHOW|PSLV|QID|SCHA|SNOW|STRAV|UFO
user_13470,2,MOHOW|MTN
user_28915,1,CNC|VNTH
user_30062,2,DPZ|QUBT|STIP|VTNR
user_11928,1,MSFTM
user_28060,1,BKU|WGOTH
user_6984,1,GOOGN|NADA
user_4131,1,MATIC
user_25479,1,SPA
user_27667,1,GNPX|SOFI
user_4126,1,BKE
user_14606,1,NIOFR
user_4429,1,LAC|THETA
user_24395,7,AMCNI|BACBU|CASY|EMB|MAXN|PAYC|PCG|POW|VFI|ZMPAR
user_11271,2,DOCN|QQQPU|RDIB
user_29494,2,BBLN|DISHU|UONE|VRT
user_15838,1,ARKK|STARS
user_11458,1,EPIK
user_2269,2,AAPL|ETHE
user_28381,3,EGHT|FBINN|OPCH|RNDR
user_11789,1,IYT|NEWR
user_13946,1,TBLT
user_9564,1,HOSKY|ZIDAT
user_25750,1,APPL
user_14678,1,BOC|FRC
user_18713,2,CNBS|INTC|MSM
user_25886,2,OSTK|SLGG|UTK|ZION
user_145,1,HOODT|SPGI
user_20159,2,FBLET|TSLA
user_17667,1,STLD
user_15775,1,APH|AUR
user_13479,1,OZON
user_21783,1,DWAC|REGND
user_12223,3,FBTHI|OD|REXR|RWLK|SGML
user_3769,1,ROL
user_4730,6,AMZNR|DFS|DKNGZ|MUDAV|NIOSH|PKI|SOUN|SOXL|TIME
user_5996,1,GEBRF
user_23944,3,BSX|DGII|DJI|NEP|PYPLI
user_3146,1,ALT|VET
user_12219,2,AZZ|GOOGM|MMMBU
user_6504,1,COSTI|HXL
user_21843,1,CBRE
user_9093,1,BOND
user_32483,2,ALICE|SG|TSEMH
user_28240,2,DISPA|EMN|PEPTE
user_9341,1,AMDHT|VWHIC
user_16121,2,MARVI|NFLX|NFLXE
user_29613,1,AMDPO|HRMY
user_7402,1,ZCX
user_14186,3,AMDQ|ARES|GEVO|IVZ|LCTHU
user_1600,2,VZ|XFRI
user_6946,1,FRPHC|LNR
user_29982,1,HIPO
user_29649,2,BX|DGROT
user_10860,1,CGCHT|EV
user_11189,1,NVDAI
user_5249,1,ISRG|ONEX
user_29104,3,CWEB|GNRC|LBC|PLBY|PM|TDIVI
user_13204,1,EGHT
user_3835,1,ABBVB
user_15417,2,OXY|RTXMO|STM
user_7185,1,MSFTI
user_10717,3,ALPP|ENZC|FBWHA|WTRH|ZS
user_5020,1,ANSS|TSLQ
user_656,1,CRVS
user_7429,1,FTHES
user_23067,1,KOOWN|UMG
user_14496,2,CLR|NOC|UKOIL
user_22521,2,DXC|VZ
user_19483,1,PGSOU|RGBP
user_8236,1,BTF
user_1136,2,ENPH|GD
user_7119,2,ENPH|GNPX|NOKBR
user_7649,1,MRVI
user_11492,1,CATSE|NETSO
user_5668,1,MMMOW
user_24763,1,CLX|SITM
user_17057,1,UHOPE
user_20132,3,CRVS|MERC|META|NOC
user_14052,2,AMDRU|AUST|VGROW
user_4081,1,MANU|PTONR
user_7278,1,MTDR|SKW
user_32360,1,ARKKR
user_33333,1,LMT|SWAV
user_32095,1,METAT|RNG
user_32017,1,CPRI|NRG
user_29468,1,EXPI
user_15589,2,AARK|MDT|SEDG
user_16046,3,F|LYFTC|PG
user_20890,1,PEBO|TRIN
user_1117,1,EVVTY|HAIN
user_30392,1,ASTS|IMXI
user_8822,1,PSH
user_3752,1,TTDHO
user_16587,2,AAPL|SOX|TLA
user_16058,1,AMZNS|REXR
user_1877,1,CSIQ|PPC
user_9673,3,COUSD|DIA|KIM|UNA|VZMAR
user_23946,1,PLTR
user_10430,1,ALPP|NEWR
user_7414,1,ADDYY|DISIF
user_13977,1,CEG|PHAS
user_18838,1,BAM
user_17177,1,DKNGZ
user_12102,1,CRNCB|SOFIS
user_12683,1,RSP
user_21422,1,MMAT|MSCI
user_17657,1,BROS|MAFAC
user_30800,2,BX|OMC
user_10685,1,CRMD
user_8810,3,AKZOY|CSCOA|FIVN|GPS|SI
user_13939,1,LOWMA|TITN
user_26675,1,DISHB|USBSO
user_18942,1,ONTO|TPR
user_12679,1,CRSR|OFG
user_21894,1,BKE|TSCO
user_27863,1,AVLR|SMOG
user_9153,1,ATHM|FRGE
user_21888,2,JBLU|TYX|ZS
user_9732,3,BE|LCIF|WAT|WAVE
user_14206,2,ARMK|MP|SLB
user_2889,3,BBY|CLH|FBIN|MMC|TLO
user_18934,1,FRHC
user_11292,1,SEBUY
user_11886,6,AB|ASTSM|CLX|SHW|SPG|ULTA|WISHT|WPC
user_8543,3,LCIDT|ROKUG|ZS
user_34322,2,FBIN|ISPO
user_24931,1,LCTHU|PETS
user_13295,5,ACN|AFRMA|AMDDE|CAMT|CATFR|CEIX|HNTAM|IEF|ISIG|MDBAL
user_24692,1,BSC|NVDAS
user_15750,4,COST|CVNAS|FDXGO|FLIKE|NDX
user_28890,3,KLAHT|LYXE|MCDGA|MIMO|VIXLE
user_20148,1,PSTH
user_27917,1,RPRX|SPXLA
user_6726,1,DATS|LYV
user_23472,1,ABBVT
user_8138,1,OKE
user_1748,2,COST|PVH
user_29346,1,EV|VO
user_7267,2,LUNAH|MSFT
user_30947,1,DNFLX|HOMB
user_11865,4,ILAG|LVS|SOPA|SPG|UVV|WES|ZMGAN
user_23992,1,HSY|TMUS
user_9148,1,MTVR|RENN
user_23233,1,COINA
user_2727,3,GLBE|ILPT|S|USAC
user_24455,2,AMD|LTUM
user_29186,1,LOW
user_32358,2,HOODM|INTC
user_23546,2,BUD|KO|SSEMI
user_16108,1,ETSYC|NEE
user_17099,1,GDRX|JNJTO
user_3635,1,KONOV
user_30442,1,CVXBA
user_32950,1,BLBX|SPX
user_19872,1,BE
user_8765,1,TSME
user_28893,1,ASTS|STOR
user_12649,2,F|WMTDI
user_34304,1,ZSCHA
user_26522,1,AAPU|NVS
user_16150,2,ENPH|QSGRE|VIX
user_32289,1,OMC|REGND
user_16064,1,AMZNA
user_6188,1,JKS|UBS
user_19957,1,NIOWA|SCS
user_11036,2,FHM|PLTZ|WEBL
user_30539,1,ZWATC
user_686,1,SCL|TSLQ
user_17359,1,SHOPF
user_4761,1,ANTM
user_12266,1,FBH
user_14372,1,SPLK
user_709,1,GOCO|RUT
user_12776,1,OTLY
user_21978,1,OR|SUI
user_33666,1,AMCFU
user_5251,1,KNBE|LUVFR
user_34072,1,LCTHU
user_5992,1,LAD|MODIV
user_20178,7,AOSL|BAI|DIS|DJI|DOLE|LTHMP|TROW|TSLAV
user_4539,7,AER|BYSI|GOOGN|IWMBU|MCKBO|UNFI|UTK|XPEV
user_12092,1,BZUN|CSU
user_27579,1,HOSKY
user_6612,6,AUDI|BNGO|COST|GGPI|LNTH|MRVI|SOS
user_30881,2,MAWAR|VZ
user_8567,1,AMZNS
user_24894,1,AUST|AVAX
user_5397,1,MCDRE|SAM
user_21622,1,MSTR
user_26856,2,NFLXC|SNOWE|YGG
user_8627,2,CELHH|GOOG
user_33969,4,GEFIS|GNTY|STAG|UPSTH|VEON
user_33023,1,IZRL
user_21372,1,MNDY
user_27251,2,MRO|SVM
user_6782,2,COST|WTRH
user_4519,15,AAPL|BRKA|CWEB|DOGO|ES|FARA|FL|GANG|GOOGS|KHS|LBC|LFIN|ORPH|PGPAS|POLA|QBTS|SGAM|SO|TWOU|VEU|VRSN|VRX|VYGVF|XPEVS
user_15822,2,LKE|PALL|TSM
user_3179,1,LCX|SYNC
user_9829,2,GNS|TTE
user_20256,1,EB|FMBI
user_1874,2,COUSD|GOOG|MGNIH
user_5527,2,DISWH|MTB|SMSN
user_19716,1,WLL
user_2819,1,RBLXA|ZUO
user_18626,1,X
user_9151,1,LTCHT
user_179,2,LMNDW|NIO|TWTRA
user_1231,1,DISGO
user_28900,1,ECL
user_1952,2,NDA|VZ
user_22634,1,GE|KRVER
user_25168,1,HSY|TWOU
user_1036,1,CTVA
user_22347,1,ADA|O
user_14658,1,BARK|PNC
user_12415,1,KISHU|SDC
user_33017,1,THMO
user_22612,1,COINM|ORGN
user_22962,3,CAH|DJIA|DWACW|SCHDB
user_24173,1,ARKG|EQNR
user_9164,1,RDS
user_27172,1,CSVTI|RSKD
user_4740,2,KFY|RERE|TSM
user_6530,3,CACC|CRMI|HRZN|PAGS|SCHB
user_22604,1,HUT|VIG
user_21691,1,CPRT|VRSN
user_8256,1,AZZ|YUM
user_12356,1,HAS|QNTJU
user_12234,1,CRWDG
user_14446,1,COSTM
user_12780,1,FSLYH|SEDG
user_9801,1,DJCO|URGN
user_11794,2,ADA|FLUXI|GMLI
user_18842,2,BA|BKNG
user_6194,1,RICK
user_9521,1,QNT
user_617,1,CMA|DRI
user_24630,1,TSLAF
user_27983,3,BJ|CORN|CZR|EVVTY|LFUS|SON
user_11809,1,TRVN
user_2077,1,SOX
user_30391,2,AFRMI|ALC|AXSM|PKKFF
user_27140,1,DECON|KHC
user_14858,1,FBMEA|STUDY
user_28728,1,AVGOF|MNGHT
user_23345,2,KSS|VZ
user_32120,1,SGML
user_9588,1,FCEL|KHC
user_18052,2,AAPL|AOS|PYR
user_27689,5,COST|F|FBMEA|INTC|K|NDSN|PFEFR
user_33413,1,VEA
user_33554,1,PSTG
user_2468,1,AMAT|NQ
user_23445,1,NIKOL
user_1598,3,ARKKS|FND|IT|STAA|XOMBU
user_3050,2,GRIM|LTSLA|SHAK
user_26777,2,AMZNV|TSLA
user_9149,2,AMATW|BRN|XPEV
user_5634,1,BTBT
user_16426,2,HII|UAL|WNW
user_4573,2,DOGO|PG|UNHDO
user_8394,1,ULVR
user_8001,1,GTSIF
user_17009,1,FBK|LCIDS
user_19276,1,MNDYM
user_8509,2,AI|ASIX|META
user_28942,1,MMM
user_29261,1,TSLAF
user_25783,1,REV|RWTR
user_31453,2,CACCB|IOBT|METAS|POOL
user_10783,1,LANC
user_32858,1,CSCOI|PYPLI
user_24407,2,F|LIB
user_25032,1,SPOTE|TSLAO
user_8192,1,ADYEY|TSCOE
user_18607,1,FLL|RDBX
user_10391,2,AMDRE|FBCHR|SBUXT
user_6333,3,FBUY|FLR|PLTR|RSP|VO
user_4526,1,MCRT|PBIO
user_15697,1,RTY|TNX
user_5550,2,GOOG|GSG
user_32337,2,AB|ATXI|DPLS
user_18367,1,WISHT
user_28866,1,CRMDE
user_32677,1,SQSNA
user_18772,1,SGMA|TWOU
user_24589,5,CACC|GOOGL|PLD|RGLS|VEU|XRX
user_5035,3,AMDCE|CBSH|KODO|NOC|ZIONT
user_21298,2,FQ|MCK|PGNY
user_5106,1,NEAR|OSH
user_1790,1,FAZE|HALWE
user_5411,3,META|RMED|UPSTB|WBER
user_29761,1,FNKO|XLNX
user_29865,1,JAZZ
user_30871,1,SQAI|VREIT
user_29970,1,TCHEY
user_3357,1,FLIKE|IFNNF
user_10076,1,KERN|MSGE
user_996,1,SYNA
user_19811,1,APPSI|NFLXO
user_16007,2,NKTX|OD
user_31490,1,COSTC
user_14960,1,CAT
user_11357,2,ANTM|CRM|LVMUY
user_32151,2,EVONO|INTCS|TSLAE|UFING
user_30477,1,LKND|MCK
user_23731,1,PWR
user_26128,1,GEFIS|VOW
user_8712,1,TSLAP|TWTRA
user_14823,1,PACW|SCHDT
user_34146,3,BOX|CM|GOOG|INTCM|SQQQ
user_32769,2,MATLO|TXNRA
user_7513,3,ADP|APRE|CRM|IONQ|VLNS
user_11107,1,COINS
user_23964,1,LESL|LNR
user_10277,1,FBJUS|SEDG
user_26948,1,SQAI
user_25797,2,CDTX|SOL|STHE
user_6665,1,WKR
user_25423,1,NYCB
user_30432,1,BRUSH
user_28271,1,COTI|GDRX
user_10243,4,FTAI|LBRDA|LUCID|PCAR|SJM|TIP
user_15294,3,ALZN|F
user_10200,5,AAPLM|HUYA|ISIG|LCX|LMNDS|NYCB|SPCE
user_26790,1,EXC|TRT
user_20067,3,FBTHE|MVIS|NOC|WBER|ZRX
user_17240,1,TNXP|UPWKW
user_14760,2,BAX|COTY|EQNR
user_15243,1,NIOPU
user_15444,2,NICE|TEL
user_14860,1,ESCA
user_12495,2,AMRS|BX
user_2469,1,FMX|TTCF
user_34046,1,RYH|SAITO
user_31348,6,ABBVD|AXNX|CNC|FBUSE|NQ|NVDAB|SQDAT|TYX
user_3308,1,KHS|PII
user_502,4,BIG|G|PATK|SPWR|TEAM|TGTAP|TSLAR|WMB
user_2012,1,INCY|VAND
user_10812,1,DXY
user_32525,1,ATHM
user_18539,1,ALLPE
user_19114,1,ITCI
user_3549,2,CD|TTOO|VUZI|WJEFF
user_31580,16,AABB|ACHC|AMATW|AMBA|AMZNW|AVLR|BAWAT|BITF|COST|CPE|DAL|ICE|ILAG|KO|LCTHU|NLSN|NSANY|NUPAT|ORK|PIII|ROKUU|SINCH|TGTNO|VZ|WE
user_16534,2,CFLT|DOCNG
user_7461,2,BAHUG|ENR|FUVSO|MSTRH
user_23544,2,COMP|DUK|SCHG
user_23519,8,CYRN|DG|DIS|KSPN|LUVMA|MKTX|MSFTD|NOCIS|OZON|SPGGR|VNTH
user_26830,2,MUSA|VYM
user_16312,2,DISCH|DXYHT|TXG
user_30628,2,AUPH|INTL|TLT
user_21293,2,WFC|YOLO
user_19893,3,BX|GOCO|STRAV|SUSHI|XPEVH
user_30621,8,BLOCK|CI|CLR|DISHB|FBAT|GRNQ|IWO|KHS|NIOPU|SYN|TGTDO|UMC
user_27939,2,BTF|CVX|RGTI|TTDMA
user_26205,1,NEXT
user_8984,2,JWA|PLNHF|RUSHA
user_12897,2,ANVS|FSLY|TISI
user_16603,2,ALBT|IOBT|OI
user_3155,2,DFS|KFY|USO
user_14003,2,AMDST|DOCN|SNOWE
user_23080,7,ACO|BESOF|BTU|JBHT|MNGHT|NIOA|NKEI|SNOWE|UPWK|VCOCA|VW|XOMBU
user_19707,20,AVCT|BUD|DAX|DJI|DQ|ENB|FVRRO|GGPIH|HD|HRMY|JPMD|JUNGL|LBC|LOVEL|QNTJU|REGND|ROPE|SCHD|SENS|SFT|SHOLE|SMSN|TSLH|XOMHE
user_13314,8,BABAC|DOMO|DPSI|FUVSO|IMPXH|K|NOC|PYPL|SATL|SAVA|TEL|WTER
user_11498,2,DIS|EGLX|MAXN
user_7293,6,APPSC|FTHES|IMMX|NFLXW|PYPL|SCTY|SPOTD|ZSHTT
user_26595,1,AMDI|VTSAX
user_26338,1,HBAN|UTHR
user_23954,1,TLTNE
user_26495,1,CCMP|OLPX
user_19696,1,ABB|VVERI
user_22439,1,WAVE
user_11963,1,CIEN
user_16073,1,NDA
user_9818,1,FCFS
user_26403,1,DXY
user_9233,1,BVAXF|SAFE
user_12432,1,FBPEO
user_5197,1,ATVIA|TTE
user_21321,1,ARLP
user_30688,1,WEN
user_29125,2,AMDLE|DOE
user_11102,3,AGC|MARS|ONOV|UPS
user_25249,1,SWAV|VICI
user_19780,2,EVVTY|SPG
user_15325,1,MRKTH
user_17489,1,AFL
user_6729,3,COINM|GEVO|TTDCH|Z
user_505,1,ATGE|MCDGA
user_30449,1,FBBUL
user_13564,2,AUB|HTCR|PCTC|RIVNC
user_25453,1,BIG|PLAN
user_14635,1,BCTX
user_20152,1,IDXX|WE
user_8808,1,BABAI|TOELY
user_15050,1,ASTSM|DIAHT
user_33232,1,RY
user_28306,1,STAGE
user_18543,2,KSPN|SPYAL|VREIT|WMTHO
user_25175,1,CKPTR
user_33734,1,AUR|LYTS
user_9794,2,AFRMA|AMTWH|NYCB|WES
user_27310,1,GTLBB
user_18998,1,EDIT|TLTNE
user_10364,1,THMO
user_3796,2,INTC|NET|WGOTH
user_1752,4,BCMH|BND|HPNN|RBLXE|RDW|SJW|TSLQ
user_15670,3,BITOI|DFS|NIO
user_14192,2,BX|VAND
user_15323,4,ABNBM|BBIGC|OI|OTRK|PFEFR|RNR|SHELL
user_28196,1,IVC
user_31942,2,ILV|NOC|WH
user_9033,1,BAK|NKEWA
user_32903,3,KHC|PD|TGTDO
user_14695,1,AMLX|ANKR
user_13162,2,FBEVE|JPMD|OVV|SEAND
user_16937,1,GLD|HD
user_18385,2,BX|GLNG
user_29122,1,SONVY|WMENE
user_17446,2,BAT|FBZOO|XOMNO
user_7046,1,IRNT
user_21776,1,AMDVI|CK
user_1214,1,SKY
user_14868,1,BKNGH
user_14871,5,ETHAL|GTC|KED|LIND|REM|SIWED|UVXY|VYGVF
user_22090,1,CYN|FET
user_32634,2,BX|LIBER
user_14581,1,CSTAR
user_14917,1,GSL
user_15059,1,HFG|VRX
user_15887,1,NKERB|UVXYT
user_17077,2,CSCOA|NTAP|SIWED
user_14912,1,AKZOY|EPAM
user_9847,2,AMDLO|DOOR|GOOG
user_12082,2,CVM|JNJHI|NK|SHIBD
user_9474,3,AMDRU|CNI|GTO|MELIF
user_23550,1,MCKBO
user_7269,1,HDWHA
user_17842,1,ETWO|SSTLE
user_11536,3,ARKF|DISEN|ETHIN|FICO|NKENV
user_11341,1,ELAN
user_3784,2,BL|CRM
user_5867,2,CDNS|WEBR|WMTHO
user_20533,1,TTDFI
user_26610,1,ACHC
user_27649,1,EURUS|LCI
user_13948,1,QCOMW
user_5735,1,FUN|INDO
user_17427,1,AAPDS|SPX
user_15395,4,AAPL|BYDDY|FFIV|LUMN|UVV|XOMDI
user_1609,2,SBUX|ZS
user_30385,2,ALV|GT|META
user_2608,1,DISHU|GLJ
user_16784,1,KXA
user_6945,1,IPGP|NA
user_21673,1,EWZ
user_17074,1,AURY
user_11065,1,MDIA|XLK
user_5494,1,CNBS|FANG
user_33796,2,FLUX|NN|PBRSO|VWEDN
user_4919,1,HYPRO|SAVG
user_8933,1,DVA
user_27538,1,PUBMH
user_25198,1,WF
user_27438,2,BEN|DOLE
user_33797,2,JNJB|UWHAT|XPEV
user_22056,2,SPYTE|TSLAQ
user_33722,4,AMD|FLUXI|GPN|PT|RAYVR|ZS
user_25406,1,PANWB
user_1490,2,BEAM|META|TMHC
user_3659,1,TX
user_7798,1,CDMO|COTYA
user_33581,1,EVFM|TRU
user_9675,1,UPWK
user_19475,1,ABBV|BNGO
user_33124,2,ALGM|BPRM|MNGHT|NEWR
user_29428,3,INSG|NWS|PG|RYTEL
user_34211,2,METAN|NIOS
user_26395,2,CVNAT|TIGR|TWTRI
user_29509,1,PGTEC|VXX
user_24573,1,HDTHE
user_23156,2,IMPXH|MSFT
user_29318,2,EXPI|GDS|KO|SPY
user_33675,1,CELHH
user_28906,1,ICL|MMAT
user_30710,2,EXPI|GOOG
user_10295,1,SWIM
user_20479,1,QFOR|TYDE
user_4498,1,OC
user_28810,2,NFLX|QBTS
user_33605,2,DIS|EXP|NFLXL
user_34216,1,QCOMA|WM
user_1149,1,GSG
user_31631,1,SIDU
user_27959,1,IWMBU
user_20073,1,SCHG|SHOO
user_33582,1,DMYQ
user_19121,1,FBULL
user_11639,1,GMBL
user_29345,2,AIZ|BX
user_31654,1,PYCR
user_31328,1,TOST
user_8757,1,BITOI|TSLAE
user_13061,1,PKKFF
user_4508,2,AMZN|ETSYC|ZIDEF
user_5625,1,MELIF
user_13636,1,ONCT
user_24176,1,FDX
user_9068,1,KWEB
user_19815,3,KOCRE|LOGI|OGI|SO|ZS
user_8657,3,BYD|C|INTC|MSFT
user_9624,1,UPSTD
user_16656,1,KLO
user_22019,2,QQQM|SMH|VRPX
user_27051,1,EGLXO|WEAR
user_2562,1,FMCB|SON
user_24917,1,PGY
user_1120,1,RICK
user_17018,1,MMMAN
user_12568,3,ANGH|INTUO|NXP|PRTS|PYPLA
user_1083,2,SWKS|VZ
user_29801,1,RBLXA
user_9894,2,BZFD|FERG|VGK
user_16662,2,ALC|SPXWI|STM|TSRI
user_23150,1,PI
user_26606,2,BTCUS|META
user_16156,2,NFLXA|NIO
user_16481,2,BATS|LYXE|MAA
user_21531,1,WAT
user_33246,1,COTY|ORGN
user_27463,1,GILD|SOLO
user_2610,1,NXPI
user_32194,1,FNKO
user_20298,1,MTCH
user_8869,1,DORM
user_21200,1,TLSA
user_23301,1,VFINT
user_29971,1,DISPA
user_3929,1,EC|FC
user_10716,1,CCATE
user_24753,1,INSG|TNR
user_32755,1,CELH
user_17341,1,GOOGP
user_26555,1,HEX
user_29253,1,NEP
user_6343,1,IVZ|NIOFR
user_17189,1,KTB
user_26246,1,ZII
user_29564,1,AMZNV|CHHFI
user_31674,1,TELL
user_10589,1,ATD|XDC
user_33136,1,SNAPS
user_31851,1,VLTA
user_10697,8,CAR|CRMDE|CSVTI|DISCA|DKNGZ|EMR|FBBUL|FDX|FI|PKI|PLAB|SKLZF|XBI
user_2389,2,ANDE|FBTHA|LBRDA
user_31417,1,SHPH
user_21773,1,NRTB|UNH
user_15081,1,DOT|PL
user_19791,1,BNDX
user_16677,3,ACNDA|AZZ|LUXE|MOD|PTRA
user_8956,1,MRNAB
user_15279,1,VINCI
user_1789,1,BL|ZTO
user_20750,1,DQ
user_486,1,BAM|PENN
user_10735,1,GEFIS|PACB
user_26485,1,ALEC|DJIFR
user_25875,2,BZFD|FLOK|NKEFE
user_30249,1,IBEX
user_31754,2,DUSCA|RDS|SO
user_14985,2,DFI|LITER|NOVO|SWKS
user_23827,1,GOOG|KBR
user_24953,2,MNDYM|NIO
user_12907,1,RYE
user_15273,2,NTLA|XPEV
user_1797,2,IVR|NIO|OC
user_33940,1,DORM|PYPLD
user_4818,1,ARHS|ATYNO
user_25116,1,FBTUE|MREO
user_29334,1,BTCDI
user_22387,2,LAC|MSFT
user_22639,1,ENZC
user_15644,2,NOC|RL|TOR
user_32714,1,BCYP|FHM
user_22832,1,SBAC
user_27537,2,EPS|LYB|TSM
user_13238,1,PGR|ROST
user_31746,2,GOOG|HUBS|WMTHO
user_23178,1,LMNDW|NVDAM
user_15419,1,FUBOI
user_21093,1,ABBVT|FBNOT
user_15576,1,BAWAT|GMEGL
user_8272,1,FTM|LSPD
user_2109,1,SPYCL
user_4044,1,RICK
user_32673,1,MNDYA
user_9553,2,DIS|IRM|JASMY
user_32181,1,ETHCY|FEG
user_17810,1,NOK
user_1986,1,WKHS
user_26178,1,BSMFA
user_24135,1,NETI
user_11530,1,KLEE
user_12162,1,APLD
user_482,1,FUBO|NEX
user_31043,2,BAALL|COST
user_18844,2,KTTA|NQ|OLPX|PLD
user_31111,2,AWRDI|QFIN|SITE
user_22929,1,ALLYB|ZSTIE
user_28917,1,NAKAC
user_23035,1,INTC
user_20730,2,MSFT|PPLT
user_1798,1,ATXG
user_30969,1,SVM
user_15355,1,YFI
user_29729,2,DIS|NIOGO|PZN
user_27231,1,UVIA
user_27342,1,COO
user_22411,1,ATGE|IRM
user_14919,3,ARVL|FUTUW|MTEI|VNOBL
user_19530,1,AMZNR|METAT
user_14933,1,AMRS|ZUO
user_8396,1,FBH|GPC
user_23426,1,TYX|YUM
user_31263,1,SRG
user_21715,1,TWLO|VVIX
user_24194,1,DOLE|WBER
user_11426,1,KOCRE|WMTBE
user_18044,1,TSLAR
user_15713,1,NBR
user_28710,1,ABBVB|TSEM
user_4933,2,DRVN|FISVB|TSLAM|XLU
user_23597,2,GMQ|HDPRE|MSFTE|SITM
user_32547,1,NOK
user_358,3,BE|GFS|LIHTT|PLAY|YGG
user_15409,2,FRPT|SBUX|TSLA
user_9201,1,ABNBM|AMDQ
user_24140,2,AXPHT|METX
user_27893,2,NFLX|PMFEB|WMS
user_4073,1,FANH
user_26609,1,VWHIC|YM
user_33265,1,CHEF|NVCT
user_10451,1,QSGRE
user_726,1,ASLN|OTLY
user_3880,1,DCBO|DELL
user_20907,1,GOEV|STIP
user_9628,3,ABBVT|BX|EXC|ORA|TTDGO
user_29512,1,CHK|HXL
user_25729,1,NVDAN|UPSTD
user_19292,1,RGBP
user_11119,2,BURL|CRMDE|ITW
user_30887,1,ABBVR
user_8467,1,MTCH
user_12562,1,SPYYO
user_116,2,CRO|NOC
user_34101,1,DENN
user_26747,1,JNJOC
user_28001,1,DGRO|SAFM
user_11468,1,VIX
user_21245,5,AKZOY|BTQ|FBFOC|GOOS|SMICY|TLO|TOI|TXTM
user_6876,1,DISHB|PRQ
user_7768,2,ANSS|BEETS|KEY|TSP
user_13137,1,AMCRE
user_25043,1,PRPL
user_20927,1,CG
user_16442,1,CE
user_13383,2,SBUXJ|TDY|TXNCO
user_11039,1,FRSH|MFST
user_5546,1,DV|HEX
user_1549,1,TWTRB
user_19421,3,F|RAYVR|UVV|ZS
user_7265,1,SPYMA|UBS
user_3180,1,AMDAP
user_32908,2,FUV|QQQBU|TOMB
user_33476,9,ALZN|AMP|AMZNL|BAMSO|BTCHT|COSTI|CTSH|DVN|EPIK|LSPD|META|VNQ|VUZI
user_239,1,ATVI|MZN
user_9656,1,ROKUU|VWHAT
user_19503,1,HSBC
user_10786,1,XPEVB
user_10604,1,DV|EQB
user_26773,1,AMAT|GK
user_22161,2,COST|CRIS
user_26490,1,RDWR
user_10594,1,FBWOK
user_30822,1,REGN
user_19616,1,RBLXE
user_3077,1,HFG|INTCR
user_32392,1,GETY|TRV
user_24822,2,AAPL|SPT|SPYMA
user_7620,2,NIO|WCN
user_17337,3,AJG|FBCOM|GD|ILST
user_19798,4,BA|BAENT|PSNL|SFIO|UPST
user_26405,1,KRVER|SBUXJ
user_15755,1,BNB|EDIT
user_33704,2,HCP|TFC|TSLA
user_32699,1,WBD
user_29319,1,CARG|QCOM
user_6135,1,KNX
user_14331,1,CNK
user_8375,1,EDIT
user_21511,2,BA|SAIC
user_22784,1,ADAPL|TMUS
user_32615,1,KIBA|ONNAR
user_5233,2,BKSY|KO
user_7056,1,CAR|OTRA
user_32331,1,BAC|SNAPC
user_28265,1,MUDAV
user_9196,1,SESHO
user_1265,1,BAALL
user_20269,1,CDLR|LCIDT
user_20594,1,NXM
user_26795,2,BX|EE
user_1256,2,BBY|DIS
user_12106,2,BSX|DCI
user_13882,1,ADGI|TDOC
user_32589,2,APPN|CCLWA|COST
user_2310,5,BAM|NIOBO|SAND|SGMA|SQB|SWIR|XMR
user_8981,6,AMEH|CWST|ENSV|INTCF|OLED|PSEC|TSLAG|TTWO|UBI|VEA
user_23503,1,FCX|KLAHT
user_12165,1,DPLS
user_21561,1,FBI|TSLQ
user_14851,2,BNGO|BX
user_3885,1,ATYHO|ZMDTF
user_17612,1,CPB
user_24927,1,BSMFA
user_19797,1,ACBBO|ROG
user_27865,1,DINO|UDIGI
user_11843,1,FUN|PENNN
user_24452,1,RYT
user_22507,2,MMF|QUBT
user_9789,1,PCTY
user_10806,1,DUSD
user_28354,1,BEAM|NDXIT
user_24057,2,BA|TNET
user_10410,1,KAVL|WTER
user_24089,1,AAPU|MIME
user_9887,1,TRV|UPSTH
user_22,1,NFLX|XHBGR
user_34215,1,NIOFR|XLV
user_20661,1,TTE
user_13151,1,STBA|TEAM
user_26033,1,ELAN|WMTBE
user_14651,1,AMZNU|CYTK
user_28287,1,NKEB|VWEDN
user_17351,2,APDN|PTONP|SOS
user_3172,1,ORCLA
user_11277,1,JWA
user_338,1,AMZNL|QRVO
user_32005,1,DLNG|FMCB
user_30281,1,ETHSE
user_31847,1,COIN|FNGU
user_15361,1,GEWED
user_6642,1,AMZNC|VIG
user_8119,2,FBDAI|IYT|VNQ|ZME
user_29439,1,WFG
user_29055,2,BAI|MDLZC|NIO
user_6624,2,BABAE|ENPH|FBPUS
user_30495,1,BSC
user_17820,2,DRI|MSFT|SOC
user_27503,1,BP|LCIF
user_3583,2,CRM|UPSVI
user_30609,1,EVO
user_28442,2,PG|RIOT
user_10115,1,EPS|ROKUA
user_24325,4,SMCI|STZ|TDG|TWTRI
user_14909,1,MMMOW|MQ
user_27047,1,FAZE|STIP
user_31430,4,AMZN|ENPHW|META|MST|SOFIN|SYNC
user_29930,1,STAGE|TROW
user_14048,1,BBBY|GMPW
user_24324,2,AAPL|CSPR
user_9223,2,GMEDI|PYPL
user_31005,2,EXAS|PYPL
user_33427,1,AKAM|JOBYH
user_27147,1,GNUS|XCUR
user_20102,1,QQQOV
user_13704,1,DRI
user_29746,2,NCLH|TSLA|TXG
user_22374,1,DLRWH
user_13921,1,DPZ
user_11152,1,DKNGH|UHAL
user_12703,1,AMDVE
user_17674,2,MSFT|RBLXW
user_22028,1,CATLO
user_5972,1,TGTNO
user_17708,2,ITCST|NDSN
user_794,1,MGNIL|WBA
user_13537,1,Z
user_27178,2,NOC|TWNK|VWEWA
user_20027,1,FAMI|JNJDI
user_33749,2,HCSG|ROKUG
user_33520,1,ADV
user_24326,1,DBX|SBUX
user_15899,1,FBCHR|FRBK
user_18915,1,APRE|FTHUR
user_7221,1,GGR|SPXW
user_16113,1,CTIC|MATIC
user_5648,1,G|UPS
user_30558,1,LLL|WEAT
user_28933,1,CWH|LCIDT
user_33084,1,AMDRE|FANTO
user_24201,1,SBFM|VLON
user_15983,1,NUOTH
user_25546,1,FBPEO
user_28591,1,SHIB
user_19395,1,VTI
user_14329,1,DOX|SGMA
user_27993,1,TSLAD
user_10761,1,LCI|SAFM
user_14977,1,AMG|PKKFF
user_31237,1,HOSKY|TSLAA
user_20058,1,MS|NIOWH
user_27933,2,CHNG|ENPH
user_17967,1,FSLRA|LUMN
user_10871,1,DOCUF
user_6638,1,TSCOB
user_28251,1,ARK|DRIO
user_26599,1,BUD|MILE
user_3951,1,DFEN|HOLD
user_2760,2,DIS|FFIV
user_28057,1,GWW
user_18013,1,TSME
user_23483,2,ADM|CVET|VW
user_16134,1,AAPLJ|QCOMT
user_19227,2,BRKBP|NFLXL|TBLT
user_5083,6,BTCBR|DPZEN|IAS|PTRA|WMG|WNW|WYNNG
user_20591,1,BAND|BBWI
user_3325,1,BKE|NFE
user_18793,1,ABBVR|BG
user_30713,1,TSLA
user_16378,1,AXIES|PARAS
user_1110,3,ARRY|JOBY|POLC|RSX|WHR
user_6384,1,ATVIB
user_23008,3,CPE|MET|TISI|TOL|XOMRE|ZDROP
user_9992,1,SKLZF
user_30514,1,CCLWA|MAXN
user_2734,1,NIKOL|PFE
user_14390,1,GNL|SIBY
user_22874,3,GOOG|H|LYFT|MGNI|ZMFAC
user_3160,1,CRTD|RLX
user_2817,1,GOOGN|ROSE
user_15353,1,EMBRA|LINK
user_17157,1,AMDCE
user_9291,1,USBSO
user_6644,1,QLYS
user_4648,1,ABCB|UPWKT
user_26396,2,AXNX|PG
user_3311,8,BAOS|DOBO|ELAN|ENJ|FCAU|FVRR|GDYN|GOOG|MIGI|NETCY|RGNX|WBA
user_15623,1,BAS
user_19735,3,BAK|CPNG|ICL|TSLA
user_33185,1,LUCD|UMANY
user_2775,3,CRWDS|DCI|MRIN|QQQPR
user_27827,1,EGLXO
user_24367,3,VRTXO|ZS
user_4303,1,ENLAY|YETIT
user_16460,2,F|NWL|SPYNA
user_21035,1,NVDAA|RGS
user_11322,1,ALTO|PGSOU
user_1965,1,MRKTH
user_17971,1,UPSTF|UPWK
user_24,1,CCMP|DKNG
user_7504,1,ESS|ITCI
user_16493,2,PFF|TPB
user_15054,1,AQN|GDYN
user_11619,1,BAP|COF
user_25102,1,CIFR
user_22573,1,NFX
user_17517,1,ATTOT
user_17450,1,PAASH|XI
user_4706,1,CELHM|HUT
user_201,2,EVCOI|GOOG|SIVB
user_20692,1,OLED|SFIX
user_3554,1,SILVE|VV
user_6370,3,INTC|MSFT|QQQPR
user_34272,1,BAP|FRC
user_5201,1,ATTOT|WING
user_19464,1,CRSR
user_25440,1,XLF
user_8054,1,MMMHI
user_20452,1,LFUS
user_20446,1,YUM
user_6404,1,EDR
user_20629,1,GMED|ONEX
user_17280,1,METAT|UPSTB
user_33474,3,BLNKA|DXCM|VZ
user_1098,1,LUCID
user_33712,1,VZHE
user_15312,2,DIDI|DJCO|FSV
user_22570,1,FANG|RDBX
user_30089,1,CALLS|NET
user_6075,1,UNI
user_7306,1,ELAN|RGS
user_32489,2,VRX|YEXT
user_981,1,ZIL
user_32696,2,ENSC|NLFX|SIBY
user_25077,6,AMZNL|BCEL|HT|IMCR|KBR|VNOMW|VRPX|WDC|XLFSP
user_4903,1,EDMAT
user_28347,1,GLBE|PETS
user_10126,1,GMPW
user_5832,1,FRSX|MO
user_33859,1,DJI
user_5314,1,NOWTH|UPSTI
user_25393,3,AVBTH|KO|VZ
user_5299,1,USO
user_6086,1,DGX|GAME
user_33122,1,MUDAV
user_9970,3,ABTIN|AIRS|AMZN|HSDT|NDX
user_7187,2,AMZN|BBWI|ROKUW
user_13668,2,AJG|AMP|APVO|NTRS
user_25227,1,LUCD
user_10521,1,AMDPO
user_9903,2,CLFHT|F
user_700,2,DTSLA|KLAC|PZN|TSLAY
user_17860,2,NEX|SG
user_19076,2,LKMEX|PG|WRBYD
user_19390,1,WISHT
user_19544,1,KERN|VWED
user_31497,1,SNOWI
user_30975,1,LKMEX
user_8354,2,TSN|XOMDI
user_28595,1,KAVL
user_27054,1,SGMA|VNOM
user_22512,1,PDD
user_22026,1,JKS
user_21775,1,NETI|TOR
user_27731,1,SPYOP
user_15062,2,BBY|COSTD|METAS|WDC
user_16078,1,TZOO
user_23913,2,BOFA|GMPW|SPYBO|UNHDO
user_25524,4,AAPL|CAT|CVXUT|STRAV|UNA|VRSN
user_3605,4,AGRI|AMZNU|LMND|OSH|VISL
user_4128,1,COM|OSTK
user_17959,1,CACCB|FXY
user_16293,2,MVRSA|PII|TER
user_25046,23,ACBBO|AMZNH|ATVI|BABAW|BABYD|BENE|BVAXF|BYDI|CLPT|COST|CYBR|DISFI|EPSIL|ETSYC|EXLS|FBTUE|GPS|HCA|HOSKY|LCIDW|LNTH|MOFEB|MVRD|NIKOL|PLDHT|PSEC|ROIUC|SAFE|SAITO|SHOLE|TDOCA|TGTAP|TTDCL|UPSTB|WELL|ZMPAR
user_22211,8,ABBVR|AMDLO|AXPHT|FICO|FTS|HOLE|METAT|MKTX|MSFTS|SU|WSO|XOMHE|YNDX
user_8374,1,AYX|PUBMH
user_11159,2,JWNBU|NFLX|TAN
user_13819,1,CFG
user_33019,1,NFG
user_12665,2,DKNGD|ELS|GM|SCHDB
user_19690,2,NEEFO|REM|XLC
user_11193,1,MANA|PUBMA
user_476,2,ANVS|MRNA|TLTNE
user_4134,14,ALIF|ASIX|AXU|BRUSH|CCXI|CFG|FAST|FBFIN|META|MNDYM|NIOGR|PLBY|QYLD|SHOPC|SPYSE|SYA|TITN|TPB|VZ
user_31753,2,ALPP|CRWDD|NCTY
user_2165,1,PT
user_124,1,FISVB|PLTRC
user_4395,1,KOCRE
user_6030,1,TSLAF
user_23568,1,RYTM|SQBEA
user_28509,1,COTY|USO
user_24046,3,CPI|KO|SPOTF|SPXW
user_26110,1,AAPLC|CARR
user_16348,1,MPWR
user_1009,3,EMB|GK|LRC|MSFT|PBIO
user_17913,1,FHM
user_22051,1,EUFN|PLYPL
user_29597,2,BTTX|STM
user_19329,1,KRTX
user_7066,1,STAG
user_5287,2,DIS|TOMB|ULET
user_21958,1,AMCR|CPBCH
user_13026,1,PRCT
user_13297,1,CORZ
user_24519,1,AG
user_9310,1,KIM|MOMAY
user_20154,2,NFLX|TOL
user_23917,1,MET|NFLXH
user_17635,10,ACLS|ALLY|EGLX|FAMIF|FERG|LIBER|MOBQ|NVCR|OZON|ROKUC|SHOPH|SWK|TXN|WING|XI
user_24041,1,AVXL
user_15731,1,LTUM|MSFT
user_33689,1,CPRX
user_12236,1,TSRI
user_31148,1,ASC|RVIN
user_31326,2,AMZNG|ETD|TZOO
user_21111,2,AMZA|ARKKS|S|UMG
user_15067,4,ATLAS|AXU|GREEN|SKLZF|VWEWA
user_30426,1,PTOND
user_25929,2,GOOG|IKEA|RFFUL
user_29484,1,ABNB|FBHTT
user_4949,3,DENN|RWLK|VICI|ZIMPL
user_4911,1,GOVX
user_15107,1,NETIT|ROKUN
user_18196,2,DEN|FHTX
user_17088,1,ROKU|TR
user_14911,1,ROG
user_10577,3,AAPL|AVCT|MAN|NFLXA|TEVA
user_23422,1,NEWR|TWTRT
user_20390,1,XPO
user_33636,1,AB|GEWED
user_29732,1,RBLXB|TWTRM
user_14405,1,MOFEB
user_16745,2,AAPLR|DISIF|LMNDS
user_9825,1,DISCH
user_15082,1,AFRMD|COINM
user_1336,2,AMLX|LTC|TGL
user_20233,1,SKLZF|TSLS
user_32640,1,AVBTH
user_12828,1,ENPH|FUTUE
user_27185,2,MAA|TSM|VLNS
user_23658,4,CRM|IAC|STAA|TSM
user_26131,1,XLU
user_16394,1,ARI|MOV
user_17815,1,GSAT|KXA
user_32501,1,LTHM
user_20781,1,SBUXB
user_3911,1,AVPT|SKLZF
user_3071,2,KIBA|SO
user_16197,2,ESTC|GMPW|SATL|TYDE
user_6044,1,SHUEY|WE
user_25665,3,AAPL|CATLO|CRMD|MNST|TSCOB
user_29199,2,TAP|ZS
user_369,1,AXON|BF
user_16226,18,ABNBA|ACO|AG|AMATW|AMDBR|BLKIN|CBIO|CRM|DEO|DISCH|DISFI|DSIGR|EGHT|EOG|FTHUR|KLAHT|LSPD|MTP|NIOWA|PHR|PT|RSP|SFT|SQHTT|STOR|TXN|VTG
user_3246,1,HDTHE
user_269,1,EGLD|KODK
user_7207,1,USO
user_2361,1,ALNY|SFIX
user_18820,2,JOBY|MRNA
user_72,2,AD|CVET|NOW|SNAPS
user_10923,1,RGS
user_18612,2,PG|SYYSO|XLK
user_31474,1,LYV
user_22125,2,ESTC|RTXMO|SGMS
user_17812,1,ETWO|MIME
user_30085,2,BBLN|KO
user_8932,1,FOUR
user_32143,1,NSAV
user_14923,1,EVO|WIRE
user_20556,1,SPOTR|XRX
user_15803,2,ATYI|COST|LAC
user_4624,2,AMZN|COINH|RL
user_19685,1,BASE|FBHOP
user_9320,1,R
user_13632,1,ANTM|COSTD
user_21337,1,GOOGS|NIOS
user_29387,2,AZO|AZPN|BABAD|CVS
user_27155,1,TTDGO
user_5766,2,REALM|TSLAU
user_12475,2,FBSPE|NDQ|SWK
user_21961,1,AESE|HSCS
user_5754,1,BSFC|SAVAA
user_6167,1,PEPRE
user_12186,1,ANSS|SPGGR
user_32846,1,TKAT|WAFD
user_2285,2,IMCR|XPEV
user_28199,2,MDT|PG|SO
user_3957,1,AAPLB|DEA
user_27044,1,PSLV
user_15358,1,TDOCI
user_17471,1,NSANY|PG
user_1979,2,KIBA|NOC
user_11938,1,UDR
user_7692,1,JNJB
user_5789,1,BAOS|ETHDI
user_5439,1,AXP|SQSPO
user_12544,2,ADP|ROKUE|WEBL
user_20475,1,HUT|IONS
user_24680,1,BMY
user_10957,2,HUSAL|MSGE
user_15749,1,AMPG|UCYBE
user_3485,1,DHR
user_23842,2,BROS|MSFT
user_4753,6,CTRU|CVXI|LVMHS|ONB|RIO|SPYPL|STAG
user_14586,2,FUVSO|KXA|SM
user_1621,1,ACCO
user_3672,2,NOC|PAYS
user_13567,1,HSCS|SESHO
user_20958,1,BSC
user_17326,3,EPIK|HFG|PYCR|SPT|SWIM|VIXAT
user_4877,3,ADP|CMCS|FTNTT|TXN
user_23120,1,ZS
user_6494,46,AAA|ADI|ALV|AMDHO|AMTWH|AUB|AVID|AXSM|BB|BE|BIIB|BNS|BTCWA|CALLS|CDLR|CHKPB|CMC|COO|COP|CPG|CVNA|DCRC|DDOGC|DGEO|DXY|EDMAT|EPAZ|ETHIN|ETN|EXLS|FQ|GES|HIPO|HTCR|HTOO|IBKR|JBLU|JKHY|JPM|JUNGL|LLY|MGNI|NOVO|NRTB|NVDAI|PDD|PEPHT|PLUG|QQQAN|RCLWI|REM|ROKUA|ROKUH|SBAC|SJT|SODER|STAA|TTDGO|TTDHO|TWTRH|VIXFO|VTWO|WPCWH|XL|ZG|ZMPAR
user_32559,1,ET|UPWK
user_31868,1,FNKO|GINUX
user_24331,10,AMZNG|CHK|ENVB|FBPUS|JPMHT|MIMO|NEGG|NVDAR|RKT|RSX|SABR|SPOTF|SSNAP|TSP
user_28021,1,RKLBS|SQHOP
user_30219,1,LMNDT|OSK
user_3747,3,AAPU|ASOFU|FBLIZ|TSMFI|VEON
user_29260,1,KRBN
user_15142,1,ANGO|REALM
user_16099,2,CHK|CLFD|KMB
user_9144,2,MCHP|MSFT
user_9010,1,DATS|ENSC
user_27967,4,AAPL|DIS|META|OLO
user_23552,2,VZ|YCBD
user_27174,1,AMDME|PCTY
user_9932,1,PGTEC|ROKUN
user_4232,1,DPLS
user_12336,2,APAM|SOLO
user_34061,1,AMDHO
user_24836,2,CRM|CSU
user_26138,1,JUNGL|SIOTH
user_24561,1,MANUH
user_3516,2,NFLXI|NVDAC|UKOIL
user_1863,2,BNB|ONKIN|SONY
user_33380,1,USDP
user_7568,1,CSTM
user_32709,1,AAPLU|SAM
user_23609,1,BTCUS
user_21091,1,NKEC
user_13125,3,SNOWC|SYY|XPEV
user_33893,1,JOBYH
user_31069,1,EPAM
user_5918,1,AGR|TLTSH
user_17983,2,AAPL|TDG
user_21119,1,MVRD
user_33138,1,AMLX
user_12431,1,AGR
user_16800,1,FDN|ROKUG
user_3865,1,PHMAF
user_33133,1,ATH|EXC
user_6597,1,EVOK|UPSTA
user_7799,1,PYPLD
user_2452,1,HRT|WELT
user_13511,2,CARA|DIDI|HRTZ
user_30322,1,FSV|WOOF
user_26066,1,MMMAP|VEEV
user_10794,2,BTBT|KDA
user_32852,2,GEVO|TSM|XPEL
user_31094,1,SMG
user_27900,1,AVGOF|LNG
user_30612,1,DOCS
user_13041,3,AAPL|NOC|RES|SPXTH
user_26040,1,FLUXI
user_7051,2,TSLA|TWTRS
user_31704,1,HIPO
user_6259,1,PYPLD
user_25085,1,FBIN
user_9710,1,GNRC|UNFI
user_20123,2,ANTM|EPAM
user_12742,1,STRAV
user_32272,2,IIVI|NQ|TSHAR
user_23709,3,AMDVE|MATIC|STNG
user_5352,1,SOUL|UCHIN
user_29928,3,CARS|JAZZ|TQQQ|UTHR
user_648,1,RBLX|WELL
user_27033,3,BAT|CCI|EVOK|RFFUL|TSLE
user_26177,2,AMDNO|PYPL
user_21145,1,PYPL
user_23659,1,ADAP
user_6021,1,SKX|VRSN
user_26482,1,BACLI|XLK
user_2825,1,QRVO|SGML
user_28341,1,HUYA|SAFM
user_13985,2,MKC|NIKOL|PIXY
user_10664,2,CSPON|ZS
user_33721,2,AMZNO|TSM
user_12777,1,SBUX
user_18920,2,COST|LOVEL
user_33277,1,SNDL
user_18065,1,SILVE
user_7897,1,CXO|DBGI
user_2655,1,AMTD
user_10189,7,AMZNA|ATXI|FSM|ILV|JO|KMI|LRN|MRAM|SMCI|SPHB|SWIM|TWITH
user_9665,1,HYG|POWW
user_19234,1,ATXI|GDDY
user_33866,3,BA|DGX|GOOG|OP
user_10997,1,MET|TSLAG
user_29929,3,AMPL|BAMSO|HALWE|MMMHI|NIOGO|WSM
user_4708,1,BGS
user_12727,3,CRM|F|RIOT
user_5649,1,FDXGO
user_8352,1,COTI
user_14725,1,DOOR
user_25642,2,EGC|PG|UHAL
user_4324,1,AI|BBI
user_6200,1,UPST
user_29685,1,NIOTH
user_30546,1,ARGO|PTONY
user_29207,39,AAPLK|AMDDO|AMDMY|AMN|AMZNP|AMZNU|APOG|ARCCA|ASANF|BA|BITO|BRG|BURL|CARA|CBOE|CSCOI|DMTK|ENBFO|ENJY|EWZ|FBCHA|FIS|FRC|FTMSA|GANG|GC|GDS|GOGO|GSK|IMXI|INTL|JAMF|KED|LTHMC|LUV|MMMMI|MOHOW|NOCWE|NRSN|NVO|ONTO|PBT|PGR|QFIN|REGND|RLX|ROKUW|RRC|SPRT|SPXTH|SPYLO|SWPPX|TER|TTDEV|TWTRM|TXNCO|USNA|VRTXO|XLK|XOMHT|ZMDTF
user_22688,2,ACI|CYN|MMMAN
user_21430,1,BABAE|IDT
user_5305,2,AAPL|ITCI|XI
user_2088,2,FBAT|SJR
user_27757,2,IS|NOC|WMTHO
user_32909,2,AMPH|PEPHT
user_18666,3,COHU|INTC|PDDAN|PGSOU|XPENG
user_31625,1,APPSC
user_15372,1,LYXE|TTDCL
user_10984,1,QCOMJ
user_7361,15,AMD|ANDE|AZERO|BBAI|BPH|BTCI|CLVT|CNM|COMP|CPRIT|FUTUE|IMX|MMMMI|NVDAB|PAAS|PBT|QBTS|QQQM|SNOWE|TIVC|TUR|X|YCBD
user_18002,1,RLX|TCEHY
user_31221,2,DEN|IWMBU|YM
user_2624,1,GNUS
user_18581,4,FND|GMEDI|GRMN|HYG|MDBWA|VOSO
user_27426,2,HEINY|SAVG
user_13901,1,BNTX|LLYSH
user_12117,1,LIGMA
user_16110,1,CSTAR
user_27192,1,CBSH|ZME
user_29872,1,DAG|IPGP
user_17410,1,FTHES|QCOMA
user_197,1,DGEO
user_14866,1,ASMIY|SQDAT
user_1242,1,INTL|WSC
user_25415,1,BON
user_32793,2,FRPHC|NFLX
user_30417,2,AAPLC|NIO|ZIM
user_18701,2,AFL|MNDT|NADA|PYPLR
user_18938,2,MRVL|PYPL
user_28975,1,AAPL|WAFD
user_30033,1,APPSV
user_10872,1,DISCB
user_12910,26,ABNBH|AIRS|ANSS|AWS|BTCHT|CIEN|CVSI|CZR|DUSD|FRBA|FXF|GE|HRMY|HXSCL|IEX|IJH|IMX|IWMKE|JBHT|KMB|LUMN|MARA|MKSI|MRKTH|NFE|NIOHT|PLTRE|POWR|PSTG|PYPL|SGH|SLB|SPLV|STRR|TSLH|TSMAU|UHTTP|UNA|USNA|V|WYNNG
user_15724,6,AWS|HSY|IDEX|MELIM|MILE|REM|TSLAO|WTER
user_14722,2,AMDCU|TSLA|ZSDAT
user_10686,2,CRM|THMO|WB
user_3323,2,ENPH|LGF|MMMWH
user_22115,3,BX|ORPH|RENN|VUZIE
user_6321,2,PYPL|XEL
user_8786,1,OTRK|SJI
user_14000,1,JNJOC
user_21920,1,CAMT|RMD
user_33362,1,GLNG|MRNS
user_5463,2,AAPLC|LECX|NIO
user_29265,1,DISHB|HRL
user_2001,7,BKX|CRM|CVET|FIGS|INND|M|MSFTM|TAN|VLTA|W
user_17585,2,CRMD|NVVE|RVPH
user_31107,1,NVDAR|VALE
user_12514,1,DISFO|DKNGC
user_26084,6,ANTM|BNDX|BULL|DAC|HOLES|QSSOF|VDADX
user_19995,1,GOGL|GREEN
user_14054,2,F|XVG
user_21630,10,AVAX|BABAE|BK|DM|DRI|EGLDQ|EQR|FBCHA|FRHC|LMNDS|MIGI|MVRSA|PETZ|SMG|UNHIF|VALEC|WB
user_30925,1,KOSS|XPE
user_33064,1,OD|PLTRE
user_282,1,SMOG
user_34132,1,BTUSO|CIFR
user_18953,2,INTC|PURR
user_12994,1,QQQTH
user_30946,1,CHEF|LTUM
user_8838,1,ATVIP
user_7613,1,NVDAT
user_600,2,CSPK|ILPT|PAGS|VGK
user_8268,2,FBINC|IMPXH|ORGN|TROWW
user_29664,1,SHARE
user_9401,2,AMZNF|HYZN|VERT
user_10363,1,BARK
user_14053,1,AAL
user_19883,1,BAON|LUNA
user_32206,2,AMZN|LC|NOCPH
user_8837,3,FBPUS|PETS|QCOMH|WISHT
user_676,1,DX|SPXLA
user_31236,1,DE|SVFD
user_1502,1,AG|SIDU
user_20066,1,MSFT
user_27507,3,AMD|ARCH|ORCL|TWNK
user_28164,2,ABTIN|CEBOU|DIS
user_15590,1,MULN
user_8950,1,SWCH
user_29712,1,AXPHT|VRSN
user_5042,11,AMC|AMDLE|AVTR|BYM|CCLES|CCWF|CECE|HYZN|JNJ|MAR|MMMBU|MTVR|NAKD|NTLA|SNAP|SQHOP|USDJP|VNOMW|XVG
user_5844,1,MUTOD|WAVE
user_32294,1,CEI|VWED
user_22795,3,CAMP|DOMO|NRSN|ONEX|ZSHTT
user_1119,5,CSVTI|GMLI|INND|OKE|PRQ|STLA|TSLAM
user_4865,2,ALGN|GOOG|VCOME
user_17855,1,FBHER|MILLI
user_2016,1,MAIN
user_31901,2,AAPL|DXYHT|IZRL
user_27722,2,AMZN|DRNG
user_31573,6,AUPH|IS|MTN|NFLXS|SAIC|TIVC|USDT|WNW|YEXT
user_34233,1,YUMC
user_23586,3,APPSI|CRUS|IEP|MSFT
user_31279,2,AOUT|TLSAQ|TSLA
user_16230,6,AAPLQ|ADTX|AMOV|BKR|BPRM|FUV|GMAPR|MEDP
user_33278,1,SSTLE
user_21348,1,AWR|CLR
user_33820,1,ABBV
user_28929,1,NIOGO
user_9904,1,CHHFI
user_22920,2,ANKR|SQBEA|TRV
user_22110,2,AIV|BAI
user_19462,1,DNA|GGPIH
user_19279,1,DISH
user_19775,1,CCMP|NETA
user_18189,1,MELIM|VRAR
user_13501,1,FNMA
user_16274,1,LUV
user_9702,1,TROWA
user_2372,1,AAPDS|USFD
user_12267,1,RYE|WM
user_15617,2,TDOCH|TTWO|UUUU
user_12080,1,HOMB|NRBO
user_19359,1,NIC|TXG
user_12880,2,AMZN|XCUR|ZSHED
user_27401,2,META|OWUV
user_26667,1,SNOW
user_9879,1,RIVNC|SFM
user_26137,1,UNH
user_32313,1,COSTH|USDP
user_33930,4,AMDAD|GDS|JNJOC|LECX|MTCH|WMT
user_6047,1,COLD|DOW
user_23474,1,SXTC
user_20968,1,KIM
user_29813,1,EFTR|ETHHT
user_29548,1,PLD|QQQDI
user_20638,1,HEINY|KODI
user_17694,7,DATS|NFLXO|PCAR|QCOMJ|SAP|STHE|TROWW|TSLAL|TSLE|UOS
user_5154,2,INTC|NEAR|WMTCO
user_30078,1,SIVB
user_33525,1,XOM
user_20986,2,COSTI|WSC
user_30209,1,AUPH|RIO
user_1710,1,FNGU|LTHM
user_25577,2,BKCC|FBSPE|PYPL
user_15692,1,SQB
user_21205,2,CNVA|COLD|FLOW|IKEA
user_16899,2,CRNC|LMNDD|PHG
user_26096,1,SWBI
user_13102,3,APRN|ATGE|MOFEB|NIOIS|STAGC
user_31423,1,FTNTO
user_7582,1,LMTWE|UTK
user_19030,1,FBLIZ
user_18145,2,AAPLP|BTTX|MELI
user_16974,3,DIDI|FANG|JPY|OSK|RVIN
user_2045,1,NIOLE|PGNY
user_640,1,IVC|QQQHU
user_16216,1,FTCHW|HIPO
user_28939,1,XOMWI|ZIL
user_8462,1,BLNK|QRTEA
user_30335,2,ETHAD|GM|PTPI|SSTLE
user_15031,3,ASOL|CVSI|NTRS|NVO|SHOPD|SNOA
user_16984,1,SOFI|WEBL
user_31205,1,SPYMA|WYNNG
user_21943,1,FBP
user_8791,1,BG|CCATE
user_28999,1,SE|SJM
user_27383,1,G|SBLK
user_15776,1,DRVN|LAC
user_29157,2,JNJHI|PG|TCEHY
user_28557,1,EEM|SMLR
user_16841,1,BRCC|NIOGR
user_439,1,SCHW
user_14778,2,AAPL|SUI
user_25007,2,DKNGD|NOC|WTRH
user_3723,1,EJH|LVMHS
user_15992,1,PHRRF|SFTBY
user_16739,1,MGNIO
user_26005,1,NVDAV|YOU
user_20492,2,MSFT|SOS|SUN
user_31880,1,BRO
user_13769,2,COVID|SCHA
user_9739,1,ITW|VZDEC
user_11432,1,TTDEV|ZSHTT
user_8436,1,AMAZN|NKEC
user_33746,2,COST|HOODT|NEVAD
user_24148,1,GEWED
user_4926,1,BEETS
user_6205,2,GMEON|HSCS|TSATM
user_6815,2,AMZN|OI|TSLAV
user_25899,2,CIVX|PRX|SPCET
user_7075,1,CPRT|PEPTE
user_25190,1,FNKO
user_8729,1,ALNY
user_31941,1,DAC
user_385,1,JNJ
user_24825,1,BLOCK|URA
user_29378,1,DGROC
user_1944,1,DEN
user_3817,1,POWW|PSLV
user_3055,1,ASC|MVRD
user_14239,1,NEP
user_16971,2,FBAT|VZ
user_10002,2,GOOG|NEP
user_18827,1,GT
user_28875,1,DAG|HEINY
user_9062,1,HUSAL|TSLAQ
user_16696,1,VZREI
user_17552,1,CYBR|VYGVF
user_26090,1,VRAX
user_3803,1,DCRC|FLOK
user_34019,1,BGS|KONOV
user_32415,1,ALLYT|OPEN
user_13034,3,EQNR|GOOG|PYPLG|VGID
user_24380,1,MUWHA|OLN
user_10290,1,MXL|XCUR
user_33200,2,BX|CEI|UWHAT
user_21955,1,ATYHO|UTK
user_28689,1,DCBO|OKTA
user_11914,1,S
user_18912,5,APPL|CHRW|FOX|HUBS|LCTHU|PHIA|SCHDB|TIGR
user_1568,1,PLTRE
user_21654,1,ZTS
user_25928,2,IOTA|VZ|XL
user_5193,1,AMDHA|AUPH
user_18431,1,ACN|NTES
user_9313,3,DIS|PYPL|UAVS
user_24376,1,ZTO
user_33612,1,MRNAH|SAP
user_28170,1,MSFTI|NKEMO
user_1900,1,PSTH|SOL
user_11734,2,AMCGR|AMN|SCTY|SYYSO
user_2604,2,AMD|ATYHO|MELI
user_30012,1,RCL
user_27374,2,URGN|VZ|ZDROP
user_5174,1,BNS
user_13725,1,AMDRE|WEAT
user_26383,1,SM
user_4027,1,AAPLD|RRR
user_473,1,AAON
user_32158,1,SEDG
user_32252,2,BX|CAT|OCGN
user_808,1,ENJ
user_5509,1,CAR
user_3888,2,ACNDA|FBROO|THEY
user_27857,2,CARR|PG
user_25137,1,CRMOR|SPYSE
user_34138,1,DISTH|UPSTO
user_30538,1,LMNDS
user_767,1,EXLS|SLB
user_15956,2,INTCT|TSLA|TSLAQ
user_13090,1,PRTY
user_4202,1,AMAT|SPOTD
user_4577,6,DISH|EGC|LOW|LOWWH|MSFTN|PG|SEMER|TXNCO|VTRS
user_16523,1,ARKF
user_9477,1,IDT
user_18111,1,GWRE|LEG
user_1512,1,IRMAD|RDIB
user_23170,1,SBSW
user_5376,2,GDS|GTSIF|MSFT
user_27512,1,TSEM
user_29025,1,ATKR|SHELL
user_2304,2,CRTX|NFLX
user_19632,1,CMG
user_34286,2,AMD|CHE|TRTN
user_9331,1,XPEVH
user_13918,1,GMESU
user_5883,1,AUTO
user_19406,1,AGNC|UBER
user_14882,1,TNDM
user_1196,1,MCDRE|NETA
user_4203,2,BTCNE|GOOG|TLNT
user_28276,1,BBLN|NILE
user_4536,3,ADC|GOOG|MCDOC|XL
user_30077,1,DDOGE
user_28067,1,VVS
user_10701,1,CARA
user_6397,1,AAPLJ|QQQAN
user_3189,1,DGX
user_26608,4,AAA|AMEH|CELHT|FICO|PGNY|TRRXF|ZPLUS
user_21939,1,DRV
user_17977,2,DOE|WM
user_7496,2,CPIX|VDADX
user_15338,2,GRAB|JKHY|UUP
user_28280,2,ENPH|FRSH
user_8885,1,ILAG|SQAI
user_24143,3,PYPL|WAT|ZS
user_4115,3,AAPLQ|EPAZ|KO|PRU
user_26241,1,ANGH
user_7941,2,BA|LCIDT|PLTRA
user_29349,2,BN|IEA|VOLT
user_1740,1,CELHM|SDS
user_19162,3,AAPL|NEVAD|NOC|PAGS
user_25395,1,ADYEN|NVVE
user_29204,1,ALLG|FBINS
user_4967,4,BMY|HHC|PYPL|RFFUL|RKT
user_25770,4,CSPON|FLOK|GK|KO|LCI
user_495,1,GEGI|XOMHT
user_7340,1,EV
user_27671,2,ELAN|UAA
user_12,1,FMBI
user_28080,1,AEO|AMZNN
user_6345,1,AAA|TVISA
user_30984,2,AKAM|ZIONT|ZSSEM
user_20926,1,TSCOB|WW
user_24128,1,PCTY|TH
user_17893,4,ASML|AUPH|KBH|MIOTA|YFI
user_4667,1,ELSE|EVOK
user_25749,1,BGFV|UAA
user_16614,2,BKCC|CRM|QNTJU
user_33777,1,GDYN
user_16560,1,CMRX|VTI
user_29744,2,AGRI|FCAU|GENFL
user_17973,1,AMZNQ
user_28422,4,CPNG|DVAX|FBULL|HITI|P|SBUXJ|STARS
user_13662,4,BIG|F|MTVR|PLTRC|SNA|TTOO
user_7755,1,ZSDAT
user_18402,1,FFH|RNDR
user_25428,1,PETZ|PLTRE
user_11328,1,AMCLE|JPMHT
user_4406,2,AMDWE|BFRI|NIO
user_21019,1,BEN|OTRA
user_3529,5,ILAG|NXM|SHOPF|SJR|TCS|UBERT
user_28399,2,AAPL|COUR
user_27396,1,MVRD|SAM
user_6373,1,ALL|PEPHT
user_25257,1,NEEWH
user_11772,1,GILD|IMX
user_26715,1,ADC|UPSTB
user_26503,2,BX|TPH
user_12650,2,AMZNC|NFLXI|NKEB|NWN
user_12666,1,CNTX
user_5323,1,HLBZ|VERT
user_28424,1,BABAW|GLNG
user_25386,1,CDNS
user_11409,1,BABYT|PSTG
user_7821,2,ALK|PG|SCHW
user_21162,2,CAH|PG|VIXLE
user_16066,1,RBLXS
user_23831,1,DIDI
user_20322,1,NFLXJ
user_27554,1,HPE|TISI
user_28281,1,BCMH|BPH
user_32255,1,FDX|LFIN
user_9042,1,GMETH
user_24726,1,HDC
user_5095,3,CM|NTLA|NVDAC|SAIC
user_14103,1,ENSV|INTCV
user_28189,1,ALZN|INDI
user_28635,12,AMBAC|AMZNG|BF|BKSY|CPRIT|FRT|HRZN|IJH|MRNAW|NDQ|RGNX|SPGGR|SYK|TSLAS|UBSMO|XLV|Z
user_25508,1,AAL|AAPLE
user_5472,2,AHT|ONCT|TSLAS
user_29152,1,CMI
user_33904,2,LMTUT|NFLX
user_6509,1,CRLBF|FBPUS
user_21979,1,STEP
user_30238,1,ZII
user_2103,1,HBAN|VZMAR
user_6599,1,UHOPE
user_21079,2,DFI|TSLA
user_31581,2,EGLXI|NETSE|SOFIN|TGTDO
user_29109,1,COP|NOCPH
user_26072,2,ESCA|TCEHY|VZ
user_15298,1,PSFE
user_15714,1,TLA
user_13915,2,CHL|DJIFR|WYNN
user_27903,1,HKD|UPWK
user_12425,1,FSM|UPS
user_20944,1,CAAS|FBINC
user_31143,1,NNOX|VINCI
user_14616,3,AMD|CP|MSFT
user_15406,1,COINS
user_19391,1,TH
user_3451,1,EGLDQ|TSCOR
user_5471,2,AAPLB|MMC|TALI
user_12069,1,HTZ|KO
user_4039,1,CREE|PYPLC
user_11977,1,AESE
user_14914,1,AMZNS|TALI
user_25314,1,ABBVD|EGLXO
user_22509,1,BLCT|FLR
user_32570,1,DXYHT|VIR
user_24065,3,AAPL|AMTMA|POWI|WJEFF
user_18204,1,FCEL|PL
user_29823,12,AMDME|ATEYY|CDNS|DNACL|EXPI|FBSEQ|FBTHA|FRC|LLY|MA|MULN|NLST|TBPH|TGTTE|TPR|WBA
user_8351,1,AVEO
user_29830,5,AMDHO|CIFR|ESSC|KOSS|OPORT|WH
user_22766,22,AAA|AAPU|ABBVC|ADTX|AMC|AMG|APPSC|AUTL|BABAU|BBIG|CG|COSTD|DGX|DHI|FBBEA|HPE|LLL|MRTN|NICE|NVO|OVV|PHG|PXD|RUSHA|SCVL|SPYYO|SQ|TME|TNR|TWTRA|TX|YELPW|ZSWHA
user_2635,2,DAG|GT|SPYPL|TMHC
user_17563,2,AMD|SHOLE
user_8137,1,MSFTE
user_19826,1,NRTB
user_14489,2,CDLR|LRC|XPEV
user_1809,1,COINH|CVNAS
user_12034,1,BBI|ZSREV
user_2641,3,AMD|ELSE|MCO|URNM
user_21587,2,MSFTH|SKX|TTDHO
user_23017,1,AKRO
user_22375,1,FLGT
user_4347,2,EGLX|HXL|ZS
user_28705,1,ABTIN|QCOMA
user_6476,1,AXPHT
user_25673,1,LI
user_14168,1,CSGP|DCP
user_3756,2,BAWAT|QQQNA
user_11579,2,NOC|TRT
user_8172,2,COST|THEY
user_11511,2,F|RIVNS
user_1368,3,ASMLW|FXAIX|SNDX|TNP|VWHIC
user_3475,1,CELHC
user_7714,5,COSTH|DGRO|FBTHI|MMM|SNAPS|VMOHN|VZHEA|WSC
user_7839,1,THCA|VISL
user_14568,1,VUZI
user_10612,1,METIS|NVDAH
user_30978,1,DOV
user_14245,6,AAWW|AMCRI|CVNA|GSG|HUSA|NKLAQ|SP|UVXYT|WEJO
user_1087,1,MMMHI|VZHTT
user_14554,1,BBIO|VMC
user_18094,1,WNW
user_7449,1,ASC|ETHHT
user_33021,1,ANGH|CALA
user_31826,2,CCJ|NFLX|ZOO
user_14639,1,ABBVR|TSLAH
user_25973,1,VIXFO
user_22113,2,LOWWH|NLS|TROWA
user_27583,1,PIK|SNOWE
user_4510,1,TSLAJ|VGROW
user_33725,2,BRQS|SWIM|TSM
user_13524,1,AMDFU
user_11605,1,BKSY|FTDR
user_23413,20,ADM|AMDME|APAM|CAJ|CAT|COMP|CRWDH|EPAZ|HOMB|LCIDC|MAT|MIME|MSFTN|MSTRH|NFLXY|NKEFE|NVVE|OCLG|PENNW|PZZA|RMED|STSS|TNP|UBER|UOG|UPSTH|XLIGR
user_21960,2,AMT|HLBZ|RDFNS
user_12408,1,HLBZ
user_19766,1,RGEN
user_11757,1,BRKS
user_12516,1,AMDDE|NETA
user_32334,1,PD|SWIR
user_9945,1,BAND|COSTI
user_28607,1,IYT|PLDHT
user_27916,1,DLTR
user_32847,1,SJT
user_8186,4,BBY|FLWS|HCC|TSLA|ZIM
user_9779,1,VEON
user_32863,4,AAPLL|APPH|ARE|ETHAB|FB|NFLXH|RHHBY
user_11855,1,DRI
user_13245,1,AAA
user_6792,2,COST|SCHDD
user_23848,1,AAVE|LIT
user_33729,8,AMDCE|AMDDE|BAM|ETSYT|FYBR|GEBRF|NOL|PYPLD|SPRT|XOM|XVG
user_30400,1,ISPO
user_29137,1,TGT
user_32748,1,NNOX|XPEL
user_7472,3,AMZN|APAM|XLNXR
user_13123,1,FBDOU|USNA
user_12244,1,AMPL|CELHC
user_14401,2,BA|NXPI|XBI
user_7485,1,PLYPL
user_23236,1,ASMLH|FUVSO
user_7224,1,NUTX|SKX
user_2470,1,FRHC
user_23517,2,COSTB|CPIX|SE
user_23303,1,AWRDI|FISVB
user_2234,1,COSTS|VYNT
user_25645,1,NNOXH|ZI
user_2436,1,GWH|TESLA
user_6613,3,AMZN|MANA|SAMFR|VRTX
user_6602,1,P
user_18029,1,TSN
user_27881,1,AXTA
user_11287,2,AMD|ASMLW|ATUS
user_3041,12,ALEC|AMZNN|APPN|BAOS|BMBL|CWEB|CWEN|DJCO|FBCHR|FBTHA|FTCHW|HRB|LVMHS|QCOMJ|SHOP|TRIT|UVV|VERU|VUG|WAFD|ZSEV
user_4330,2,LAD|LUVMA|NIU
user_19261,4,CODX|MSFT|SBUXT|VZ
user_21902,1,HOODT
user_14385,1,FBSEQ|STARS
user_12021,1,CRNCB
user_23010,1,NVDAA
user_28744,1,BG
user_24798,1,FFIV
user_3185,3,DGWHA|LOWMA|NFE|OLPX
user_13282,2,AAPL|AMDSH|BLI
user_6806,1,CFB|SBUXJ
user_17114,5,BOC|CHKP|FTNTT|GOGO|NOW|ORCL|SHOO|SPT|ZSSEM
user_20095,1,RDFNW
user_13859,4,BANA|BULL|COUR|COVID|FSUGY|NEP|TWTRS
user_30775,3,AMPG|DOT|HUBS|INFY|TXTM
user_10265,7,CRWDW|CWH|DGWHA|EDMAT|EXR|GLNG|JACK|JPMNO|MOHOW|MRK|SNOWE
user_19897,1,NEE
user_24712,2,ATUS|ONCT|VWEDN
user_10268,2,KSU|TUPHT
user_16724,1,CRMD|TSLAI
user_11402,1,DISCH|FRGE
user_17401,2,EIDO|FBINS
user_12307,1,KRNT|SPIRI
user_28497,2,CELHE|DIS
user_31084,2,ROKU|VZ
user_10361,1,LIN|TENB
user_25033,1,CWEB|VLO
user_26139,1,LNTH|STAGE
user_9892,1,PYPLI|USHE
user_22057,1,MOV|TUR
user_3252,2,ENLAY|ENPH|NAVI
user_12726,1,ACI|CORZ
user_8988,1,AMDCE|ANKR
user_17395,1,NIOFR
user_3575,2,BND|CHK|SFOR|SJR
user_3703,3,CAMP|DIS|NETCY|SEMER|VEON
user_19873,1,FLIKE
user_26499,2,AMZNT|CRM|MNGHT
user_9819,2,DNACL|NFLX
user_13144,2,COHU|DIS|LRC
user_316,1,FBNOT
user_20408,1,XPEVH
user_31106,1,WSM
user_23395,1,ROSE
user_28653,1,VTG
user_3060,1,ENDP
user_20514,7,AGR|ATLAS|BBRY|BLKIN|COTYA|FBINS|FISVB|NCTY|PYPLR|TSLAE|USAP
user_32625,1,DCRC
user_29709,1,AMATW
user_26986,1,BENE|STARS
user_24707,1,WEBR
user_17348,1,DGRO
user_14915,1,ALK|MSFTM
user_18482,1,SJR
user_2611,1,BAX|JO
user_18950,5,APPSI|CLH|FBFIN|HCCI|JO|MPW|TRIN|ZM
user_31165,4,ABBVD|CBSH|CRNC|EAR|NFLX|OHICO|OPCH|VTSAX
user_10467,1,MTDR|PLTRH
user_18804,2,MDVL|NIU
user_31955,2,AMZNT|GMPW|XPEV
user_26996,1,IINN|PRPL
user_13112,2,NFLX|NTES
user_3176,1,ALT
user_13036,1,BB|NKEI
user_18198,1,AAPLO|CRWD
user_27416,2,META|VWHIC|WRK
user_629,1,PLBY
user_3458,1,HITI|VRPX
user_2732,1,URGN
user_16018,11,AMZNL|BL|CAMT|ENZC|FMC|LNN|LTHMC|NIKOL|NOL|NOW|OXYBO|RNG|SIBY|TMHC|TMO|UBER|VEON|WMB|XOMHT
user_15552,1,RVIN
user_15753,3,MATLO|NXTP|SIDU|SITM|SYR
user_25656,1,ALC|TSATM
user_33736,1,EQNR|HPNN
user_22092,1,JPMD|RBLXH
user_19426,1,ALPP
user_22342,2,NIOBO|NOC
user_12905,1,SHOPS
user_10241,2,LYV|MMMBU|SPPI
user_11632,1,OCUL
user_31634,1,WPCWH
user_29295,2,CRWDE|LCX|NOC
user_18613,2,FBBEA|LIBER|PYPL
user_1484,2,NFLX|SFT
user_27992,1,FARA
user_25897,2,COF|INTC|NXTP
user_19215,4,BX|C|CHKP|NWL|RES|SIGA
user_17773,1,ETHSE|PTON
user_1864,1,AMCRE
user_6916,2,KO|OTIS
user_24086,3,DMTK|PTON|SILVE
user_33637,1,BCTX
user_372,3,BTCSQ|BTCWA|NVDIA|TXG
user_33378,1,DKNGH
user_27337,1,CRM|XOMNO
user_5531,6,CHWYN|DBX|KOOTH|MILLI|MSFTA|NFLXO|NVDAM|PEPTE|VNOM|VOW
user_26924,1,MELIF|UNHEX
user_8538,1,BGFV
user_6178,10,AGL|APOG|APPN|COINY|DDOGA|FBK|FFIV|IEP|KBH|KONE|LYV|NIO|NIOWH|QSSOF|SPYNE|WBAST
user_5131,2,JNJB|ROKU|SCHDB|SNY
user_1657,1,MARVI
user_15505,1,COP|VSUPE
user_27390,1,MOWHA|NWL
user_24761,2,DIS|MXL|PLBY
user_13172,1,SHOPS
user_5183,2,HOODI|QQQAN
user_28273,2,CHKPB|MIMO|TRRXF
user_29579,1,PLTZ|VZ
user_28892,1,XLF
user_33147,1,PLTZ
user_15829,1,TDY
user_10567,1,WISHT
user_22584,1,MPC
user_10312,5,BRKA|BRYYF|ENPHM|METAH|MOD|UPSTM|URGN
user_15804,5,AMDVE|ASIX|CORZ|KLAC|MPWR|ROP|TOELY|YETIT
user_14399,5,BLI|HCSG|KAVL|LVMH|SLGG|TMO|WBA
user_5202,5,EAR|METAS|NBR|OPEN|XPEVB|ZCX
user_20472,7,ABCL|ACLS|EGLXO|F|HFC|HTOO|NOC|RDBX|SCVL|UPST|ZMGAN
user_27136,5,BIL|FBI|GK|HEX|MGM|NTAP|ONON
user_18898,5,FQ|INTCV|INVE|MSFTG|OTTR|TNDM|WYNNG|YEXT
user_2167,5,BMY|FLET|GMLI|KR|LQD|MSFTH|SYN|THEY
user_15827,12,AMPG|ANY|BAC|BMYHI|BRKSO|CBOE|CDNS|CM|CVNAF|DGX|ESSC|ET|HXSCL|MUTOD|NFLXD|PYPLH|SOFIH|SPACE|SPOTR|TLO
user_31380,5,APH|CYRN|DKNGD|HRI|LCID|LSI|MSFTA|NETL
user_26471,5,AMDAP|CHL|LRCXF|TRIN|USFD|XLY
user_19782,4,AMEH|CRUS|MSFTN|NFLXI|SAITA|SUSHI
user_12383,7,BTCMI|DCP|ENR|FHM|GLD|MAS|PT|TWTRI|UNHDO
user_23501,3,COIN|LITER|VZ
user_21772,4,HYRE|KXA|LITM|PYPL|QQQ|SPOTW
user_15345,4,AGL|BACLI|CRM|DDOGA|SPYCL
user_30644,3,ARK|FOUR|NVMI|VNOBL
user_12235,3,CRWDG|DOCNG|FBBUT|IRBT|POET
user_14889,3,CROX|MDLZC|QNT|SMH|VZHTT
user_25053,2,DATS|NOVA|ONOV
user_7019,2,CS|SNPS|XLE
user_12452,2,ASMLW|AUTO
user_25877,2,CEL|PRQ
user_7602,2,CSVTI|FFIE|VRAX
user_10408,3,NFLX|PLTRC|TSLAN
user_1574,1,SQAT
user_18077,2,ET|ONEX|VEA
user_32317,2,AMZN|FUBOI|OXYBO
user_7020,2,ESCA|GMEZO|KNOP|NFX
user_13323,2,DE|GOOGE|NIOST
user_11441,4,AMZNV|DHI|IYT|SYTA|VRM|ZSCHA
user_31038,2,GE|IFNNY|LYV
user_21568,1,MOS
user_16349,6,ALLPE|AMZNG|NOCWE|NVR|PETS|PL|POLC|TRMR|VISIO
user_30725,1,AMDHT|FOOD
user_30545,1,VXRT
user_25405,13,ABTIN|AMDSH|AMDVE|ATXG|BYDI|DOCNC|FBAT|FLWS|FTCHW|HDAPR|LSPD|MELIF|MYNAN|NFLXR|NIOGR|OPK|OTIS|RMED|SHOPR|THETA|VMEO
user_23346,2,ADI|NKTX|SYN
user_9133,1,COP
user_854,1,CARG
user_33096,2,MSFT|SQAI|UMC
user_9557,1,ETH
user_113,1,CI|LITER
user_28536,2,BABAT|UBSMO|VZ
user_28878,1,DGROC
user_8539,1,VYGR
user_12047,2,ATYHO|AUPH|PRX
user_33022,1,APRN|PETS
user_15532,1,FFIE|NVDAM
user_9792,1,EFX|PEPRE
user_9463,3,CTSH|GOOG|NFLX
user_2776,2,BOUV|NIO|PYPLS
user_27760,1,FBPEO|KWEB
user_19991,1,ELY|FIVEY
user_1750,2,GNRC|NETCL|ZS
user_22542,1,FRC
user_22453,1,RIVNT|TCOM
user_22237,1,DOGEZ
user_9386,1,GE|RES
user_30624,2,KO|TWTRR|VFI
user_24115,2,AAPL|BTU|ZSREV
user_20438,2,BATS|XPEV|Y
user_32533,1,NQ
user_17935,2,BAOS|COST
user_8502,1,AMCLE
user_7676,1,USD
user_31070,2,COST|GGR
user_18100,1,NICE
user_11936,2,MDBAL|MKLBL|TSLAW
user_2511,1,POWW|PSH
user_19445,1,AMN|VIG
user_15786,1,APP|SONVY
user_30838,1,CNSWF
user_8423,1,OAS
user_17042,1,DUK
user_6400,1,BSX
user_10393,1,ANC
user_17916,1,COUP|SCHDW
user_14136,2,BTCHT|CRM|NNOXI
user_28651,1,ORA|SAND
user_1004,1,BKLN
user_21086,1,CRSR|NKENV
user_944,1,JNJDI
user_26784,1,NIOS
user_5444,1,NEEFO
user_1434,1,BRCC|KONE
user_11226,3,AG|BBRY|PYPLN
user_19772,1,QQQTH
user_12412,1,SHWGR|SPYBO
user_22302,1,NKLAQ
user_1349,1,AMDTH
user_5423,1,BBIH|DCRC
user_3315,1,ATTOT|CHL
user_17853,2,AVBTH|HYRE|XOMRE
user_34296,1,UXIN
user_19238,1,APPSN
user_13361,2,KLO|MOMO
user_15149,1,TSLAJ
user_16564,6,ABBVT|AFRMB|COF|DRTS|DT|FBLAM|GDDY|KIND|NEP|VCOME
user_34127,1,WISH
user_1317,2,BRG|SHEL|SOLHT
user_2602,1,ATGE|INMDF
user_32798,1,SPIRI
user_12411,2,BAK|NOC
user_19120,1,FBAT|PBR
user_20650,1,CIFR|SPWR
user_3119,1,TTDMA
user_2245,2,AAPL|MQTHI
user_25378,1,POWW
user_21024,3,AVEO|ENPH|SYK
user_17521,2,D|METIS|PG
user_17662,3,FLWS|VFINT|VZ
user_290,3,ALIF|PTLO|UNG|XLP
user_13458,1,XOMDI
user_3537,1,AFRM
user_3823,2,BA|GMEZO|GTBIF
user_32161,1,ARRK|HOLES
user_33798,2,RA|YETIT|ZS
user_565,3,BA|COM|NIO
user_23882,1,NEGG|VMC
user_1316,1,BKCC|SBUXT
user_16439,1,RBLX
user_25140,1,ULVR
user_12584,2,META|NKEI|PLTRE
user_541,4,ALLYB|DGX|NFLX|SFIX|TSLAD
user_21380,1,BNSO|SNY
user_10143,1,CP|TAP
user_1255,3,NIOHT|NOC|PDDWH|SESHO|VFC
user_30783,1,JNJDI|TSLAN
user_31248,1,LFG|PINSB
user_33801,4,ATYHO|AVBTH|BTCDI|DOGO|LYTS|VRTI|XLRE
user_21674,2,ADI|NVDAT|PHIA
user_7431,1,TX
user_30801,1,MTC|OI
user_8291,2,AAPL|AMAT|OVV
user_33792,2,ABNBO|INTC|VTVT
user_23745,1,COF|MSFTW
user_7275,2,AMD|BRK
user_15995,1,MEDP
user_9943,1,CNICH|GLW
user_30333,1,QS
user_10657,1,WELL
user_29169,1,APPSN
user_22202,1,SNOWE|SOFI
user_20192,1,ABCB
user_31774,2,BA|ENB|FIS
user_16608,1,HPQ|TSLAD
user_16057,2,BBI|CRMGO
user_18533,1,APDN|PG
user_33142,1,AVGOR
user_30525,1,FR|LIN
user_1859,3,AMDHO|AUPH|QQQVI|SCHB
user_31658,1,SEMR
user_12763,1,HOLD|HTOO
user_28535,3,NNOX|PG|VZ
user_25675,1,AAVE|BILLV
user_27990,1,SBUXI
user_31157,1,NEEAR|OXY
user_16655,2,APPSC|CSU|MTCH
user_27210,1,FCX
user_27665,1,ADM
user_3567,1,FCX|JNJOC
user_32011,1,LKND
user_30278,2,CNICH|XPEV
user_33275,1,WMENE
user_15658,1,COTY
user_22393,2,BURL|CIFR|CK
user_11238,1,SMIC|UPST
user_27036,1,MET
user_31389,2,BX|VZHE
user_12757,2,AMZN|CB|GEVO
user_29062,1,PSFE
user_12009,2,BRKS|VZ
user_9535,1,AMP|APP
user_16389,5,ACN|AVGOT|DEDEC|OTECH|SAMFR|STM|TIP|TPR
user_31498,1,ABNBO|DECON
user_9108,1,AAPLE|SNDL
user_29695,1,AAPLE
user_7921,1,CRWDW
user_22352,2,CCXI|PYPLL|XPEV
user_14259,1,TTDGE
user_22312,1,MX|SHPH
user_6757,1,DISQ|MKC
user_25717,1,AXIES|MS
user_11415,1,DBGI|RIOT
user_13913,2,HTZZ|TENB
user_9154,1,CDNS|PYPLI
user_16642,1,AWRDI
user_32642,1,LRCXF
user_20369,1,POWW|SBUXT
user_33532,1,MSFTI|VXN
user_9683,1,DNFLX|ROST
user_29704,1,NSANY
user_14250,1,CRXT
user_30722,1,SWKS|ZION
user_5676,1,AMCLO|NXM
user_11680,3,DIS|ENPH|JBHT
user_28511,1,WGO
user_12338,1,TEAM
user_31495,1,SI|VVS
user_4720,3,DISCO|ETHAB|NXRP|OGI|PRQ
user_13369,1,EMBRA
user_52,1,MOV|PBT
user_4298,1,DOV
user_10981,1,HTZ|LMTUT
user_13797,1,LUNAH
user_30715,2,AAVE|FBTOT|NCTY
user_18742,1,FARA
user_26760,1,ARVL|STUDY
user_32168,1,TSHAR
user_16757,3,AAPLJ|BA|ENPH|NVDIA
user_2861,4,ABEV|BOKF|GEBRF|NVDA|RVNA
user_12970,2,ATI|SPG|TGTSE
user_19799,8,AMZNH|BND|COSTB|FBETH|FUTU|KRNT|MULN|NADA|NOC|RL
user_1024,1,BIG
user_616,2,AAPLC|F
user_29436,1,BLI
user_15842,2,BBBY|HOODM
user_25148,1,GSK
user_6634,4,ATVIP|AVBTH|BATT|BSMFA|KTTA|NFLXA|XRPHT
user_18504,2,SQHOP|VZ|WAT
user_20142,2,COST|MVVYF|WNW
user_14208,2,CENN|CLBT|GMED|HHC
user_27084,1,MSFTA
user_14356,2,ES|NOC
user_1745,1,DJCO|MMMMI
user_7354,3,EXC|FLL|META|NRG|TWTRH
user_23939,1,PGNY
user_18168,1,CPNGJ|TNP
user_1531,2,DGRO|LMNDW|PYPL
user_2265,5,ABNBH|ACB|AMCGR|AXU|IKEA|SPGGR|VB|XCUR
user_3636,1,MIMO|RNDR
user_26708,1,ETHSE
user_22753,1,DAL|GLXY
user_20437,1,CAMP|TRVN
user_34177,1,SHEL
user_29593,1,APPH|DVY
user_27362,1,HPQ
user_8979,1,VTWO
user_18853,1,XRP
user_26906,1,CPG|HUSA
user_29607,1,DISCA|KODI
user_29476,1,PATK
user_9985,1,MNGHT|TGTTE
user_34241,1,NRG
user_34310,1,KOOWN|NIOGO
user_29069,1,ILUS
user_19097,2,TRIN|VICI|ZS
user_31548,1,CMC|POWR
user_19851,1,DBX
user_26807,2,GOOG|ON|TWST
user_3658,1,ESTC|NTAP
user_33693,2,DEN|FSM|SAVAB|SNAPF
user_7188,1,WISHT
user_11811,1,GDYN
user_8610,2,GPNBA|MUDRO|PG
user_20941,1,INMD|QQW
user_2264,2,CUBE|DIS|SNAPS
user_8293,1,CPRIT
user_2813,1,QCOMH
user_21030,2,ADSK|GFS|SHOPS|VTNR
user_19904,1,SNE
user_19296,2,BRSH|GWRE|STRR
user_10048,1,JKS|KDNY
user_29967,1,ADI
user_14944,2,CSPON|OPRA|STLD
user_1418,2,B|BRYYF|STRN
user_32003,6,AMG|ARRY|KMB|MSM|PLTZ|RICK|TNDM
user_12867,1,AMZNC|FLWS
user_32937,3,BA|CDMO|FBLIZ|TSM
user_24150,2,AAPL|RAYVR
user_12330,2,AGRI|STLA
user_8181,3,AAPL|CNC|FBJUS|FOCS|XMR
user_15053,1,AMAZN|CELHC
user_26426,2,EGP|FYBR|GOOGT
user_32770,1,ICL|SWCH
user_7284,1,ORCLA|SDC
user_15982,2,ADAP|AMZNM
user_33533,2,GGG|MQ|PARA
user_31781,1,ADA|M
user_21071,2,CAMT|HT|TLT
user_10690,1,MDAYT|VW
user_20570,1,FAF
user_25964,1,HOODM
user_15033,1,NFLXJ|XPEVB
user_14147,1,GPN
user_9872,3,CLVS|CRDO|HOMB|VW
user_26967,1,AB|DISWH
user_21185,2,DIS|UL
user_9323,1,DIDI
user_17564,3,AXPHT|CDMO|SWX|TGTNO
user_12542,1,CLBT
user_10414,1,AXPGO|SPYBI
user_10034,1,MELI|V
user_1785,1,CF
user_1313,2,PCTC|PG
user_15030,1,VNQ|VRAWH
user_29470,1,AXPGO
user_31363,3,MATLO|NFLX|PLNHF|XPEV
user_32458,5,ADTX|BLNKW|LMNOP|MUGRO|SCHV|TYDE|VNET
user_12974,1,ADBE|BABAW
user_23447,2,GMSOL|LMNDD|VWED|VXN
user_16182,1,IZRL|NIOWA
user_7403,2,ALLPE|QNTJU|ULTA|ZSSEM
user_15300,1,AESE|TOELY
user_360,3,BBIGC|DSP|ILUS
user_15688,1,ARRY|ZIMPL
user_10101,4,AMDI|ENPH|LKE|SAITA|SOLO|WSO
user_6209,1,ROST
user_15705,2,AMDCU|CRMOR|JPMAU
user_29132,1,GHC
user_34098,3,BTCBR|FUBOI|MAN
user_963,1,IS|NFLXO
user_13478,1,AGNC
user_30119,2,OMCL|PEB|QLYS
user_8465,1,NQ
user_4138,2,CALA|WBA
user_15288,1,ETSY|NK
user_13932,2,META|SPYCL
user_10849,2,COST|PAYS
user_5245,4,DNA|LNR|MOMAY|SHOP|VV|WDC
user_16347,1,FBINS
user_7923,2,NBIX|SOXL|VZ
user_19582,1,ATVI|MAS
user_19565,2,BTCMI|FBROO|NOC
user_19662,2,AMD|TSLAR|WRBYD
user_26216,1,CVXUT|SPYBO
user_23174,2,FBETH|MVIS
user_31588,2,CNS|COM|FTNTT
user_23115,2,RIVNS|ZS
user_23335,1,AAPLS|SNPS
user_29629,4,AAPLJ|ABEV|CYBL|DOW|TSM|WGOTH
user_33963,1,BAESY|VVERI
user_444,1,ENVX|FBHS
user_19817,1,AMPG|NEAR
user_33973,2,AAPL|BIDUE|BMBL
user_3427,1,FBWOK
user_7985,3,BX|EVOK|HOODM|XOMWI
user_5674,3,CNVA|DIS|GGG|SOXL
user_12178,2,CUBI|DECON|MRNAH
user_4179,1,GMR|TSLAI
user_19613,2,GENFL|KO|TLNT
user_33955,1,GOOS
user_27053,1,MSTRG|SQHTT
user_15074,3,ASTSB|DBX|FUBO|HMBLI|XAU
user_14108,4,A|AMEH|DOCN|KONOV|LMNOP|LOWWH|YFI
user_12656,1,FTHUR
user_26094,1,IZRL|JPMFE
user_30486,1,OXY|ULTA
user_1370,2,GOOG|SI
user_24743,3,DOCNC|HDCHI|NKEFE|RSX|TWTRM
user_30995,1,STAGR
user_9511,1,USHE
user_5960,1,EXOD|SKX
user_8692,1,ASTRB
user_17167,1,USD
user_7222,2,AXP|FQ|ILMN|JKS
user_12705,1,W
user_20476,1,QQQHT
user_6111,5,BBLN|BIIB|EQB|LMTJU|MGM|ONCHA|TWTRA|YUMC
user_15605,2,BABAW|ENPH
user_32772,1,JNJPA
user_14545,8,AMDHA|ANGO|BN|CROX|DSP|FIVE|JBHT|LCX|MCDCO|NLSN|SEDG|UNFI|VYMDI
user_20053,1,STIP
user_23252,1,AB|CHPT
user_17835,1,RIVNA|TSLAE
user_25169,1,AMDHO
user_12071,1,ACHL|OKTA
user_8715,1,BJDX|TRADI
user_20069,1,DIAHT|TSLE
user_11582,2,MEX|SDS|SYNA
user_13499,1,BAND
user_33879,2,BKKT|HALO|SSTRE
user_1620,1,ULVR
user_1058,1,RSKD
user_22821,1,CAJ|QCOMT
user_9265,1,KSPN
user_7220,1,KONE
user_7809,1,LTC|MIME
user_19666,2,DIS|GPNBA
user_6347,1,PARAH
user_6085,1,CKS|SNDX
user_15217,5,ATZ|KHC|KRSOL|POET|TDY|UPS
user_24813,2,NIO|VOOAD
user_33869,4,AKLIH|BX|COST|NFLX
user_15212,5,AMR|ARKW|NSC|RBLXB|SENS|STLD|TYDE|VNET
user_23282,2,META|WEBR
user_25714,2,FRSH|HSBC|TSLA
user_3580,2,NIO|TROWW
user_33962,1,TH
user_9081,2,BX|ILMN
user_429,1,FANTO|FBP
user_15719,1,PKKFF
user_1749,1,CVE|RVNA
user_5315,1,FBIN|KHS
user_8289,2,PYPL|SWKS
user_27954,2,KO|YETI
user_23545,1,FTCHW|SIDU
user_27266,2,FRPHC|NFLX
user_9316,1,IMBI|ZSDAT
user_27224,1,BJDX|DWACW
user_25958,1,ROKUF
user_9807,2,ENPH|SEAC
user_24232,1,WMTBE
user_10174,1,APRE
user_9790,2,TCON|ZS
user_10036,1,NEEAR
user_9781,1,TRIN
user_26775,3,ENPH|MMMOW|XPEV
user_19096,2,F|HKD|SCHDW
user_10165,1,APPSA
user_31483,1,BMBL|KODK
user_30972,1,EQR
user_9842,1,TDIVI
user_9247,1,NFLXQ|ODFL
user_24791,1,WKHS
user_29956,2,GFSCH|META
user_27152,1,VTVT|ZINU
user_25911,1,MARA|MILE
user_24016,1,SSEMI
user_4225,1,AMZNH
user_7512,1,CNQ|TWITH
user_15846,1,CNQ
user_31540,1,PYPLT|ROKUE
user_2416,1,SHW|TSRI
user_16194,1,HEC
user_328,2,BJDX|HEC|SPYTH
user_10435,1,ROKUG
user_27754,2,BA|TOST|WDC
user_11984,1,PHMAF
user_9733,1,AMZA|SWKS
user_7963,1,ACCO|WAT
user_31732,1,SP
user_12274,1,BLNK|WDC
user_18228,1,AEHR|EVOK
user_14879,3,AMD|TDOC|XRT
user_1340,2,AMZN|SQHOP
user_26119,1,MA
user_30544,2,CGCHT|CYTK|MSFT
user_1759,1,RKT
user_16623,1,MSFTN|XOP
user_16175,1,JOBY
user_13487,1,ATKR
user_3805,1,LKE
user_13053,1,CURI|TER
user_292,3,CDMO|PII|TGL|WSM
user_18272,1,BARK
user_7204,1,CSPON
user_24960,1,BNDX|CCWF
user_20530,2,BA|UAVS
user_2563,1,VRTI
user_15669,1,RRC|SIBY
user_2715,1,PYPLI
user_21281,1,CNVA|NXRP
user_5173,1,TNR|TREX
user_4984,4,CCJ|JAMF|MCK|MMF|PDDWH|X
user_16223,1,NKEFE
user_31042,1,AZNAN
user_26046,1,HCA|MSFTM
user_31141,2,TROW|XPEV
user_20897,1,AAPLU
user_1453,3,LIGMA|PYPL|SODER
user_11499,1,NA|VNQ
user_19876,1,VRT
user_29662,1,MODIV|RY
user_15927,1,DMTK|TALI
user_30699,2,IWMBU|PDDAN
user_2693,1,CHTR|MAGT
user_13485,2,AAPLL|CRLBF|FDS|TLNT
user_27862,1,SHV|VET
user_26270,2,ROPE|TERHT
user_14258,1,FBLIK
user_7556,1,KSSWO|SHLS
user_29027,1,DISWA|TSCO
user_28090,1,CCWF|FBSIM
user_3482,1,CNQ|XOMWE
user_20286,1,SKWS
user_10624,1,GOEV
user_30194,1,CLVS
user_11367,1,PRPL|QQQSO
user_2367,1,SQM
user_25316,1,AWR
user_33600,1,SHPH
user_30083,1,SPGI|ZIONT
user_10781,1,BBLN
user_6892,1,STORD|VRA
user_12294,1,HNTAM|RMO
user_14174,2,ENPH|TRIT
user_7399,1,FNMA|LCIDW
user_28155,1,SPYCL|XLNX
user_28013,1,DNUT
user_639,2,FAMIF|LAD|TSM
user_20050,1,RKT
user_12605,5,ASSA|CRMD|DBGI|FLWS|HA|MDT|MODIV|SPCE|TSLAC
user_22278,1,TQQQ
user_34110,2,DIS|MSFTM
user_6957,1,NRSN|UPWKT
user_34114,1,WMENE|XLC
user_1088,2,ENPH|FBMEA|RDFNS
user_12991,38,AAPLA|ATVIB|BABAD|BAESY|BBAI|BEEB|CAG|CHGG|CRWDW|D|DJI|DRTS|FBZOO|FLUX|GALA|GDRX|GNUS|HDAPR|IZRL|LUNC|MSIND|NETSO|NFLX|NVCR|NYT|OC|PBIO|PGJ|PLDHT|PRU|RGBP|RVPH|S|SBNY|SCHDW|SCHW|SHOO|SNA|SNOWI|SOS|SWIR|SWMA|SWX|TBPH|UAA|UNH|USAP|USDC|VOW|WISHT
user_636,1,FBSPE|KLEE
user_9232,4,AMTWH|BCTX|DG|MTTR|NEXT|RKT|UPSTI
user_4962,1,XELA
user_16340,1,ZMPAR
user_25497,1,CPNGJ|EQR
user_17398,1,KED|TEAM
user_26154,1,GMETH
user_1578,1,DPLS|LNTH
user_7574,2,BEWI|GBTC
user_23753,1,FBGAM|TIMEA
user_24918,2,ENPH|LESL
user_31204,1,POSHY
user_27204,1,BTCNE|KOTEC
user_2600,2,COST|CSVTI
user_23231,1,DRUG
user_5085,1,DINO
user_814,1,ETH|KC
user_10709,2,AZPN|NSRGY
user_12402,1,GTBIF|TSLAL
user_29728,1,FUTU
user_5938,1,FLL|HOLES
user_33304,1,AMDWE|AMZNP
user_21434,1,ROIUC
user_8685,1,CTVA
user_2828,1,ORGN
user_24636,2,COST|NDA
user_7892,1,CVS
user_12677,2,ABNBS|VLO|ZS
user_19093,1,CASTI
user_12015,1,PDFS|SHAK
user_9566,1,FRSH|FTAI
user_9720,2,META|MVRD
user_11398,1,TRMR
user_22904,1,LLY|SAITO
user_18750,1,ANF|DIDI
user_24926,2,BX|DBC|GM
user_5050,1,GES|YETI
user_7597,1,ZNGA
user_24827,1,NKEFE
user_7366,1,CCLES|GHC
user_4796,2,CDLR|COST|NEE
user_34078,2,ALC|FBPUS|QQQFO
user_16851,2,CPRT|EXPR
user_22860,1,HCDI|ZIL
user_19006,3,IRM|MZN|UBSMO|VNTH|WAL
user_3970,1,ADAP|RIVNT
user_2342,1,NFLXY
user_5486,6,ALICE|ALT|BUD|CI|CMRX|CUBI|DRVN|PTOND|SIOX|ZCX
user_2738,1,AZNAN
user_1007,1,LMT
user_23723,3,JJC|PAVM|PHM|USBSO
user_13410,1,CHR
user_15420,3,ASMLW|CUBE|IWM|TPB|TWTR
user_9913,1,XOMHE
user_22712,2,AR|FAMI|LCIDW|NKEBE
user_13565,1,ATTO
user_19790,1,ZCX
user_27008,1,APTY
user_9946,2,GOOG|LCID|TSLAC
user_21039,2,BX|LGVN
user_15735,1,ABNBA
user_21736,1,AVPT|CXDC
user_7635,1,FXYHO|PYPLG
user_30141,1,PYR
user_6662,1,LFIN|XPDI
user_26561,1,STEP|WBER
user_15343,1,BTCPA
user_13403,6,AGC|AMZNS|HTHT|JKHY|POLA|PROSY|SNE|SOFIS|VEU|VZRET
user_16618,2,APD|BMRN|TD
user_17518,2,AMDQ|CACC|NILE
user_13604,2,COST|NFLXI
user_22998,5,AMZN|BATT|DGROC|ILAG|QSSOF|SOX
user_16748,1,NIONI
user_27832,2,KCAL|PPC|SPELL
user_17534,1,AZPN|TWTRR
user_31599,2,AAPL|EBAY
user_27011,3,AAPL|EE|SMAR|TFC|USNA
user_2795,1,ZSANA
user_4019,1,SAP
user_702,3,AMPS|PROG|PYPL|USAP
user_1818,1,SQB
user_7589,1,PTONW|SAITA
user_30670,3,CAAS|IGEX|KO|QQQHT
user_25362,6,BATS|ETHAB|FL|KMI|LIGMA|NCR|RHS|TSCO|ZSEV
user_17760,3,AAPLD|ATYNO|GMR|HUSAL|VRT
user_31976,3,ABMD|PAYS|TOR|VMW|VZ
user_10100,1,CXO|NFLXL
user_1720,2,KRL|VXXJU|VZ
user_17250,2,DIAHT|NEE|PAYC|VYGR
user_31397,1,BKLN|GST
user_3622,2,MAGT|TXG|XPDI
user_17492,1,BLKIN
user_27660,8,ANTM|APPS|ATTO|EGLDQ|FBDOU|FRSH|HES|NFLXJ|PCAR|QCOMH|QQQSH|RBLXC|TCHEY
user_27180,1,AMDLE
user_29032,2,AIR|NDAQ|OXY|SPYSE
user_9345,1,KOOTH|WAT
user_13482,1,AYRO
user_17790,3,AAPLB|LMNDS|VIX
user_24113,1,CRXT
user_23272,2,CRM|MTVR|MUSA
user_19023,1,HTHT
user_18784,1,BILL|DOOR
user_10687,2,ASMLH|TMO|UPST
user_18260,2,AMZN|DIDI|VZDEC
user_20886,1,ENR
user_25051,1,LVSTH
user_3771,1,CRWDT
user_24970,1,AAPLP|SMAR
user_2803,1,AMLX|TUPHT
user_1000,1,AEHR
user_23727,1,QSR
user_17512,1,GRAB|SCHW
user_14083,2,ATVIB|BX|LYFTC
user_17743,4,AEHR|ETSY|GLW|PGTEC|UVIA|XDC
user_29826,5,ADP|ADYEY|ALL|BEN|HMBLI|JJC|PHRRF|SAVG
user_1678,2,BFRI|MKLBL|VZ
user_9551,1,JPM|NETIT
user_11156,1,HXSCL|NWN
user_9799,1,EDU|FLR
user_19277,1,HMBL|RMO
user_210,1,MGA
user_4504,1,HEC
user_4628,2,AFI|ORETA|UDIGI
user_32065,1,MFST
user_27213,1,ATYNO|RTY
user_28478,1,NCTY|OAS
user_17636,2,INTC|TSLAW
user_21282,1,QBTS
user_31349,1,JJC|RYOSH
user_18493,5,BITF|ENPH|INTC|O|PRTY|VEA|VZREI
user_12595,2,BLBX|HXSCL
user_1213,2,AMD|CAMT
user_5628,1,AMKR
user_12320,1,TYX
user_12596,5,ADV|AMDNO|PINSU|SNMP|UCYBE|UEVS|UMG
user_33628,1,GTLBB
user_17540,2,GMS|HFG|KKR
user_20407,1,LEVI|REGN
user_20791,2,F|GMAPR|RNGR
user_8307,1,RDDT
user_13899,1,PCG
user_21529,1,AXNX|BON
user_692,2,KO|SPYNA
user_15209,4,HAIN|HRI|JO|NKENV|SABR
user_24021,2,COST|VRX
user_21845,1,PANWB
user_15925,1,LNG|MCRT
user_17527,1,BTTX
user_20915,1,GMEHT|GOGO
user_21297,1,MRVI
user_6744,1,SAIC
user_21733,3,AMD|CRM|NFLXA
user_28524,1,OMC|TELL
user_189,1,FBTUE|MSFTD
user_29738,1,DG|SCHB
user_4872,2,ARI|ETHHT|GOOG
user_25164,1,AOS|IEX
user_29673,2,NFLX|NKEC
user_3791,9,ASH|CSIQ|FIS|LIB|LITER|MDIA|NIOGO|QYLD|RIVIA|SAVAA|TTCF|UAMY|WCN|ZIL
user_15046,1,AAPLI|SQAI
user_11572,2,R|USO
user_12977,2,IAS|TSM
user_28920,1,NUCON|VYM
user_13153,1,STRON|WAL
user_32623,2,APD|XPEV
user_29584,1,ANY
user_20851,2,AMZN|NET|SPELL
user_20808,2,GDYN|MRIN|TSLA
user_19800,1,CTRU|EPSIL
user_28914,1,AMZNA|PROSY
user_9419,1,VZHEA
user_20235,1,SFIX
user_6243,2,FCXWA|XPEV
user_13246,1,DEA
user_32606,1,COUSD
user_13307,1,ABTWH|BTU
user_21869,1,ABBVU|OVR
user_29983,1,NU|SJT
user_26696,1,PSEC
user_22533,1,RYF
user_25107,1,RYOSH
user_33346,1,BACMO|MKSI
user_5745,6,COST|DEGEN|DISIF|HRB|NNI|TRIT|TUPHT|UDMY
user_17945,1,ANGH
user_29700,1,GEGI
user_11687,1,CHHFI|QQQTH
user_23374,1,KLEE|TLO
user_21051,1,CECE|DISTH
user_6396,1,UCTT
user_21457,1,CMI|PLUG
user_12360,2,COST|DOCNS|LCI
user_30439,2,OTRK|ROKUC|XLRE
user_7996,1,BURL|RICK
user_6604,1,VV
user_17734,1,AYX|ZSDAT
user_8470,1,DB|LFG
user_26771,1,SCHD
user_25125,1,AXPHT|MSFTO
user_17735,4,ASAN|BILLI|ENPH|GLNG|HDPRE|MPC|NKEMO
user_178,1,AAPLR|ICNM
user_3785,1,PETZ|SQSPO
user_8059,2,BA|ELON|UEVS
user_19271,1,BRO|FBHER
user_5751,1,MUTOD
user_23570,1,UBERT|UPSWE
user_10078,1,POOL|STAGR
user_24032,1,BSW|VIX
user_873,1,KLO
user_23285,1,CSTAR
user_13979,1,BMRN
user_2529,1,NKENV
user_26331,2,NIO|TXNWH
user_9640,1,RNR|UEVS
user_1886,1,CRMOR|POWW
user_21335,1,VTV
user_18022,3,ESCA|GMPW|NFLXO|RIVNC
user_17125,1,SPY
user_16210,1,AMZNB
user_3868,1,RIO|ZG
user_29065,1,FUL
user_4271,3,AMD|GMMOR|META|ORCLA
user_2570,1,DIDI|NET
user_7479,1,AVTR|ERIC
user_17624,1,ONB
user_16630,1,AGNC
user_31175,1,DINO
user_16880,1,DJCO
user_31782,1,BABAD|TOR
user_5980,1,FSK|NWBO
user_33149,1,FBBUL|RSKD
user_2104,1,BAOS|HSY
user_20967,1,AMTWH
user_11094,1,BEEB
user_4501,1,UNF
user_1382,1,AWK|WFG
user_159,1,URBN
user_19890,1,FLL
user_2594,1,SWBI|VNOBL
user_31736,2,CKPTR|TSM
user_17051,2,A|COINY
user_5614,1,EBAY|RYTM
user_8412,1,ADTN|GOOGN
user_25692,1,TTDEV|XOMRE
user_32828,1,ETD|OKTA
user_20037,2,AMZNQ|JWN|ZS
user_30864,1,MSFTM|VGK
user_33750,1,UTK|VRTI
user_13995,1,MELIM|SYNC
user_11528,1,FBMEA|RKLB
user_30436,1,CHPT
user_7689,3,AAPL|NOCIS|TREE
user_27070,1,KODI|PVH
user_29992,1,APX|MGM
user_25233,2,AMZN|AMZNQ
user_1664,2,IRNT|PHARM
user_5329,2,TEVA|VNET|WMTDI|WRBYD
user_11071,1,BABAD|COSTE
user_30858,1,NTLA
user_22777,1,DOCNS|PSTH
user_19434,1,AEO|MGM
user_2911,1,MTDR|UTK
user_15193,2,ICE|MRAI|TSLA
user_2805,2,AXTA|JWNBU|PYPL
user_17683,1,ABNBC|NKEFE
user_26275,1,LSXMA|XON
user_16925,1,HTZZ
user_6717,2,AAPL|PSFE
user_2554,1,ABCB|CRWDE
user_24602,1,CHTR|ZMDTF
user_25782,3,AAL|BX|HRI|UVIA
user_677,3,IEA|MMM|SCHDD|SIRI|SM
user_26175,1,WBD
user_20748,5,DFI|DRVN|FAMIF|GO|METX|NEP|RFFUL|SCHA
user_25466,1,SNX
user_11448,1,RIVN
user_29668,2,CRM|NKEBE
user_4113,1,LIT|OVR
user_6090,1,TLTHT|VNQ
user_16825,1,PRTY
user_26276,3,AAPL|BTCUS|DGROT|TPB
user_10662,1,JWA
user_22174,1,DISWH
user_13047,1,FLL|VWHIC
user_16896,1,DCP|DKNGC
user_18326,2,DAC|MSFTI|SPYSE
user_33191,1,SNMP
user_4391,2,NFLX|UOS
user_15715,1,FBIN
user_12212,1,MNDT
user_28681,1,CNBS
user_25589,1,BSW|NVCR
user_26488,1,BABYT|TSMPE
user_22781,1,KSPN
user_17844,1,BTCUS|DGII
user_18523,1,FTM|MGA
user_18163,1,APPN|COSTE
user_7456,1,MRNAW
user_30462,1,AMX|BRKS
user_23810,1,DXT|IONS
user_27946,4,ABNBB|LOWMA|MDAYT|MSFT|POET|ZMDTF
user_31536,2,AARK|COST|JNJRE
user_27484,2,GOOG|UUUU
user_21566,1,LINK|MAS
user_12882,2,BENE|LSCC|SGML|TOMB
user_17716,1,XMR
user_30522,1,CSPON
user_25876,1,LMNOP
user_25798,1,BENE|UHOPE
user_27321,2,PG|RVPH|SEAND
user_7590,1,APPH
user_10342,1,MRVLP|VYMVA
user_12765,2,ADC|AMDME|BRUSH|TMHC
user_3673,1,EL
user_8648,1,TLRY
user_11202,1,AAPLM
user_18669,1,CGCHT|FSLRB
user_20582,3,CRM|MDAYT|NNI|SBUXW|TWTRM
user_3397,3,BA|IDXX|QNTJU
user_32275,1,AI|PLAN
user_9442,1,MRVS
user_4325,1,BLNK|SCVL
user_33027,1,ALZN
user_7638,3,CDSG|ENS|UPWKW|WEAR
user_8990,1,DKNG
user_11701,1,CRMOR
user_64,2,EQNR|PYPL
user_4756,1,GNENF
user_30744,3,COST|GDX|OLPX|TEVA
user_30629,1,ALLG|PSTH
user_15427,1,NIOSH
user_3264,4,ARKKS|BJDX|CARG|CHK|RSP|SBUXH|SITE
user_34184,1,AIZ
user_24332,1,SSNAP
user_14625,2,GWH|IEP|JPMAU|SCHA
user_30603,1,SQSPO
user_24844,2,ETHE|NCR|RRR
user_2630,2,AMZNL|SPXC
user_29519,1,SPX
user_33112,1,RES
user_22878,3,BX|DISNE|KMB|NRG
user_30671,4,MULN|STOR|TIME|VZ|ZTO
user_6467,1,MCD
user_11386,1,ITW
user_21653,1,AMZNI|CSCO
user_13296,2,PINST|SOFI
user_11358,1,EQB|NCR
user_32799,7,COINY|DISHB|EXPE|LBRDA|LIT|MMAT|MRNS|NNOXH|WSO
user_8959,2,COSTD|DBX|FBLAS|VISM
user_13503,2,ASX|BA
user_2782,1,GMR
user_32014,1,UMAYB
user_18858,3,HES|HIBB|NVIV
user_19259,15,ABT|AGL|AMRS|ATVI|CNVA|DOOR|DOW|DUSCA|FAMIF|GMEGL|GOOS|HTCR|I|INTC|IRM|IWMBU|JD|OTTR|PDDAN|QQQSO|SGH|XHBGR|ZSANA
user_27963,2,FTHES|NIO|WHR
user_21175,1,TWTRS
user_26224,2,BA|DID|UPSTF
user_12494,3,ATYHO|HIBB|PLTRH|TSM
user_19948,4,BRKBP|JNJPA|OCGN|PDFS|XPEV
user_27876,2,CDLX|COST
user_19281,1,FBREM
user_2314,2,AAPL|APPLE|BKH
user_28642,1,HRZN
user_62,1,CYN|SLV
user_18859,3,EGLX|ERIC|GLW
user_20489,2,CRWDE|GM|GMEHT|XELA
user_23841,1,TSLAI
user_22049,1,SGML
user_6519,1,RBLXH|SMAR
user_30240,4,CAAS|SNOA|SQDAT|TISI|TLTSH|UNFI|WIRE
user_23362,1,SWIM
user_15868,1,CCJ
user_5303,1,DHR
user_207,1,OSMO|XL
user_592,1,HXL|MCD
user_13793,1,AMP
user_15201,1,LC
user_26381,1,NA
user_8409,1,CCLWA|TDIVI
user_24137,3,ARGO|DIS|HLI|XPEV
user_1904,2,GLBE|SHV|TNR
user_28943,1,QSSOF|XLNXR
user_13451,1,PBIO
user_26574,1,PSNY
user_32665,1,INTU|MSFTI
user_15133,2,GRTX|LKE|LMTJU|LYXE
user_10390,1,SLV
user_1504,2,KO|PMFEB
user_3851,2,CHD|FRSH
user_6130,1,DIAHT
user_302,2,ADP|AGC|COO|FTX
user_4989,2,ALNY|OXYBO|SEDG|USDT
user_28585,1,HCP|SNOWC
user_18605,2,NOC|SBUX|XLI
user_1335,1,LTHMP|STAGC
user_4900,4,ALGO|BLK|COP|IZRL|JNK|OGI|QFOR
user_32450,1,ARES
user_25008,1,AFI
user_28670,1,ZSHTT
user_25104,1,CDNS|NVDAN
user_5656,2,APPL|WMTCO
user_27226,1,ALGN
user_32971,2,DIDI|PCTC
user_31688,3,CEL|ETHIN|NFLX|PURR
user_15286,1,QCOMH
user_2004,1,AVGOR|FRBA
user_26016,1,APPSA|EQR
user_32966,1,XPDI
user_15299,1,DGWHA
user_14978,1,SSTLE|VERT
user_22138,1,QCOMR|QLYS
user_5655,2,ALB|BA
user_28176,2,AMZNL|JPMHT|VZ
user_12571,1,CFG|CLVT
user_21109,1,BKKT
user_18225,2,MTEI|ONB
user_31339,2,BIGC|LCTHU
user_18212,1,EXPR
user_29010,1,BKH|JNJDI
user_20933,1,CEIX|RCAT
user_9249,1,PDSB
user_29117,4,BANA|CYTK|META|NETSE|ROST
user_30232,1,SPACE
user_23403,3,LMND|NFLXP|NOK|VTR|WB|ZIL
user_7445,1,CCLWA|EQR
user_2237,1,VALEC
user_30115,1,TRT
user_21128,3,CRM|DPRO|NFLX
user_12053,1,FBWIL
user_25993,1,GSG
user_32165,1,SAIC
user_1391,1,FBFOC|YGG
user_9329,1,CNQ|PSFE
user_27664,2,SIBY|WEN|XLM
user_25867,1,PLTRI
user_9546,1,FANG|TLTSH
user_1522,1,FBEVE|HLBZ
user_19630,1,CSX|EGLXO
user_28809,1,DOOG|LYTS
user_15522,1,HSBC
user_10454,2,PSNL|SQAI
user_11523,1,ROKUN|VTI
user_15137,1,DOCNA
user_3164,2,CE|GOOG
user_16307,4,DISDO|EQT|GBX|MDB|MRAI|MSFTW|STRR
user_13941,1,BYND|ONKIN
user_15698,8,ABBVT|APPL|BABUL|DISWO|GAME|HLI|IHI|PAYC|SAIC|STIP
user_32910,1,SPOTF
user_20931,1,AGYS
user_1880,1,AMCRI|UMG
user_10814,1,KODI|TSLAT
user_13756,5,ABBVU|ALL|CK|FRC|HOODT|NUTX|VXXJU
user_28255,1,HES|XPO
user_19987,1,COP|TSLAQ
user_25840,3,CRM|NFLX|TSLL|XRP
user_15821,1,POSH|WISHL
user_17412,1,CELHT|FHTX
user_15426,1,AQN
user_25115,1,IWMKE|METAS
user_25842,1,ETHDI|MELIM
user_23263,1,USAC
user_3704,1,MNDYM
user_10600,1,FBHOP|NVDAH
user_14498,1,HFG
user_10399,2,BAESY|FBREC|SBUXJ
user_5778,1,ORGN|VERT
user_26114,5,AAON|DCI|EWZ|ICNM|KO|MX|PM|VVIX
user_4961,1,APPSH|TGTNO
user_31827,1,QCOMH|SCHDW
user_15431,1,DPZEN|NETSE
user_16253,1,VRAWH
user_23798,1,XON
user_13461,2,LMTJU|NFLXY|PG
user_7746,2,ASTS|PTONW|WPM
user_28379,1,PIII
user_16259,4,BTQ|BX|CLOV|NIC|TZOO
user_13628,3,INTCR|JNJTO|MAN|MMF|SMR|TDOCI
user_153,1,CPI|FSK
user_19010,1,CVE|NOL
user_2951,1,NXM|TROW
user_1447,2,ATTO|BX|NKTX
user_17286,1,QCOMJ
user_26806,1,AFRMB|BABAB
user_15281,2,ASTS|PG
user_6383,1,AEP
user_27312,1,GO|LOGI
user_27674,2,BEAMC|CRON|EDU
user_26593,1,NOWTH
user_29291,1,FRHC|QSSOF
user_588,1,JWA
user_15377,1,CVXBA|DUK
user_23470,3,GVSI|INTC|VNTH
user_27094,3,ASML|FLR|MSFTC|TSM
user_29217,1,RYT
user_21100,1,DCP|LECX
user_1093,1,ENJY|PETZ
user_28716,1,MSFTE|SNOWE
user_32531,1,FBHER|MDVL
user_20175,1,IDXX|IEP
user_31388,1,TH|YEXT
user_9370,1,ROKUF|TWTRS
user_14698,1,BF
user_9140,1,AMDIF|SOFIN
user_28873,1,FBREB
user_8029,1,CLF
user_9204,1,SFM|SPYMA
user_9662,1,FAF
user_27453,1,SAITA|VUZIE
user_18032,1,BACBU
user_30452,1,ADSKG|FFH
user_27669,1,INTU|SPXLA
user_27508,2,COST|SCHG
user_4415,1,KDNY|TSMFI
user_878,1,SHOPS|SJT
user_15854,1,DAVE|TROW
user_9070,1,MRAI
user_31292,1,SBUXT|VRAX
user_25598,2,AAPL|ROIUC|SEDG
user_3238,1,AAPLA|BBBY
user_31294,1,DVY|THEY
user_28149,1,GDX|QQQM
user_24129,1,SO|SPHB
user_488,1,BP|PSLV
user_1155,1,STLA
user_14709,1,AUTO
user_21473,1,SWIR
user_11356,1,VEU
user_12704,1,WM|ZINU
user_1122,1,HNST
user_4791,3,NFLXS|OSMO|TASK|WRK
user_9576,1,ABBVB|WISHT
user_30214,1,NSRGY
user_9325,2,DIS|IWM|PIXY
user_27891,1,AXPGO|FBSIM
user_3680,1,ZMDTF
user_18299,2,AMZNB|MSFT
user_29314,1,FBGET|SIBY
user_34006,4,BAON|CWEB|MPWR|NDX|XHBGR
user_13940,1,NXM
user_32215,1,CRWDT|PLAN
user_10072,1,WJEFF|YELPW
user_18809,1,EBA|SQDAT
user_18348,1,AUTL
user_9365,2,INTC|KOMCD|NCNO
user_15495,1,MSOS|RUN
user_21942,2,INTC|KWEB
user_22803,4,DOGEZ|EGLDQ|GRTX|KO|LI|MIGI|PTONP
user_23843,2,CLVT|DINO|MSFT
user_31451,1,ARCH
user_14303,1,DVA|SSTLE
user_24571,1,CYBR
user_21207,2,ETHDI|NFLXJ|QQQHT
user_18206,1,YELP
user_10623,1,METAS|SOL
user_11902,1,NVR
user_26794,1,BNS|TTDHO
user_1478,1,XPEVS
user_28087,1,OPORT
user_7427,1,SHARE
user_9326,2,ETD|ZS
user_24294,2,BKNGH|CELHH|CLVT|GRAB
user_21574,2,APX|ENPH|NOVN
user_6541,1,ABBVM
user_30882,2,ARKK|BA|CGCO
user_21388,1,DISFR|PLTR
user_17037,1,PCG|POOL
user_559,2,AAPLH|NVDIA
user_4373,1,ATYNO|FRSX
user_31071,1,CRMPR
user_19164,4,BABAB|EXPE|NTES|ORCLA|TSLA|UAMY
user_27589,1,SAVE
user_31327,1,FISVB
user_14976,1,CMRX|SAVAA
user_28643,2,CELZ|CPB|INTC
user_8850,1,ASMLW|SINCH
user_9280,1,AAWW|CRWDE
user_17452,1,FQ
user_17681,2,ABBVM|BTCWA|TIVC
user_32449,2,BEAMC|CYTK|TSLA
user_16077,3,ASC|EGLDQ|IAC|NKEB|USDT
user_19062,1,CRNCB
user_24764,1,BJDX|FCXBE
user_27020,1,ACB
user_19052,1,AMDRE
user_4348,1,EXC|TGTAP
user_19021,1,FE
user_2155,2,GFSCH|MSFT|XLV
user_27113,2,BB|BX|SMCI
user_14897,1,TIA
user_13669,1,TSMHT
user_20309,7,AFRMI|BTCDI|CMGMC|ENSV|FXAIX|GMS|PAHC|PYPL|PYPLS|VFI
user_9793,7,ALC|BRKS|CFVI|FBWOK|FSLRB|HLT|HOOD|LSK|MRNS|PAG|PRTY|ROKUW
user_8047,2,META|PDDI|VSAT
user_30745,1,NIOTH
user_10621,1,CELHH
user_17543,1,ATY|PII
user_24107,2,ASSA|EGLXO
user_24329,1,MAXR|OPRA
user_31957,1,PLAN|SEMR
user_8720,1,COMP
user_7627,1,FLWS|PENNF
user_31510,1,AEP
user_34259,1,PLTRT
user_9397,1,TPB
user_2576,1,SCHG
user_25207,1,SOX
user_7952,2,FCAU|GTBIF
user_10553,1,ETN|OCGN
user_27284,5,ADP|INTC|MSFTN|ROOT|UNP
user_13811,1,HMC|MDAYT
user_3689,1,PALL
user_2020,2,JNK|NIO|RDFNW
user_21916,1,LEG|NFLXP
user_16985,2,EAR|INTC
user_32656,1,DVA
user_12505,1,BSX|NICE
user_1846,1,THETA
user_15581,1,CVANA
user_11636,1,ALL|DJI
user_22171,1,MUNIK
user_6724,1,HSBC|LGF
user_17426,1,ASC|MRI
user_31553,3,BZ|ENPH
user_3165,1,LVMH|SPYNE
user_17811,1,CSPON
user_2098,1,UNFI
user_7898,1,PII|SCHL
user_25630,1,BKH|UFO
user_7304,1,NFLXE
user_21058,1,PTRA
user_11952,1,CREE|ROIUC
user_30983,3,GMEDI|META|QQQHU
user_22485,1,HTOO
user_27546,1,FICO|VAND
user_5642,2,FTCHW|MCDOC
user_8705,1,ANKR|DOGO
user_14213,1,MGNIL|NN
user_17376,1,CSTAR|DGII
user_16952,1,BBIO|PLNHF
user_16956,1,HFC|ZWATC
user_31317,2,GDS|KO|PTONW
user_15643,1,TLSA
user_4333,1,FTCHW
user_17547,1,SQBEA
user_31919,1,MMM|WMG
user_27718,1,ENLAY|NAKD
user_16065,1,SWIM
user_7758,1,LKND|VFC
user_24369,1,GDS|QYLD
user_18990,1,SNAPS
user_26059,2,AMD|PT
user_15647,2,DUK|VTI|XLRE
user_31323,1,CHD|QSSOF
user_24357,1,AMZNR|QCOMA
user_32850,1,AIZ|TWTRA
user_24718,1,BRUSH|CAST
user_22296,1,TWTRS
user_26754,3,FBSIM|META|SARK|VZ
user_5873,2,FCEL|MSFT
user_20855,1,AMGN
user_28534,1,NFLXB|TXTM
user_18884,1,MOHOW
user_25737,1,MTTR
user_768,1,HSDT
user_18703,1,WCN
user_3386,1,TSATM|WM
user_18830,1,MC|NURO
user_26945,2,AIZ|PHR
user_2962,1,AMZNO|BLBX
user_34108,3,ADDYY|EXPR|PBCT|PYPL|SMR
user_20063,2,ASML|STT|TDOCA
user_18783,1,RBLXE
user_723,2,CRM|VTVT|XOMDI
user_22543,2,MSFT|VMW
user_14980,2,TLNT|XPEV
user_3878,1,MSTRW|SPYPL
user_24429,1,IAS
user_10979,1,AMDIF
user_6809,1,EXR|TSM
user_3829,1,PINSB|RCLWI
user_23066,1,CECE|FSLRS
user_30948,1,ACO|INTCT
user_34188,1,GTBIF
user_15421,2,ATY|AZERO|XPEV
user_17366,1,GGR|ZMDTF
user_20892,2,CBRE|GDXJ|ZS
user_19248,1,ROKUN
user_21488,1,FRT
user_24943,1,DISDR
user_5878,1,ZSANA
user_3124,1,LVS|STNG
user_19405,2,BENE|PYPL|SHOO
user_24690,1,NIOHA
user_1595,1,KNOP|SPOTE
user_4149,4,HRI|ROIUC|STRAV|TWOU|TWTRS|VTI
user_25795,2,CLVS|KNX|SFTBY
user_19219,1,AIG|MYNAN
user_14600,1,GNUS|USBSO
user_401,1,INDI|LUXE
user_7629,1,AVPT
user_16222,1,NXST
user_28179,2,TSM|XNO
user_33851,2,AAPL|FWONK
user_33580,1,SMLR
user_27345,2,AFRMI|SNAPX|TSLA
user_21657,1,ATER|SBFM
user_21643,2,ACMR|CBSTR|EFTR
user_28436,3,AMZN|AQN|EMBRA|IMX|NCTY
user_16171,3,AAPL|DISDR|F
user_17066,1,SPLV|ZTO
user_2068,1,CDSG|COSTH
user_27794,1,HYLN
user_18943,2,BA|DISWH
user_22513,2,LIND|MCKBO|NEM
user_31721,5,AMDME|BEAM|GNPX|GOOGS|LTNC|PG|PSNL|TLNT|UPWKW
user_9330,2,EVBG|LCIDC|LNG
user_17423,1,ETSY|NDAQ
user_32300,4,F|FLL|RYTM|WING|XVG
user_29192,1,POET|PSH
user_21325,1,DPRO|TESLA
user_11724,1,VFINT
user_21142,1,MANU
user_34218,1,PEP
user_33732,1,XLP
user_14420,1,AAPLL|TWTRA
user_6295,1,AIR|SHUEY
user_1854,1,NEEWH
user_12839,1,PRFT|TDOC
user_26656,1,FANTO
user_987,1,ROKUD
user_33661,1,SYFDI|ZSSEM
user_29258,1,OMC
user_32034,2,AMZN|NETSO|UPSWE
user_15530,1,HSY
user_9117,1,AMZNA|GMEHT
user_10834,1,CHKPB|KLAC
user_5714,2,NADA|PG|SYR
user_4558,1,DOGO|SOFIN
user_1232,1,TSLAV
user_3650,2,ENPHW|SHAK|VINCI
user_8422,1,AMDCU
user_33706,1,CSCOI|WWE
user_23069,1,SAVG|TMNA
user_17036,1,AAPLE|HRTZ
user_18117,2,BCYP|NFLX|PLAY
user_13633,1,JO
user_1010,1,HA
user_20700,1,EMR|RIBT
user_9366,1,NFLXJ
user_3767,2,MKLBO|MMMHI
user_1925,2,AMDLO|F|RDWR
user_6264,2,BTI|CTAS|FXY|TALI
user_17304,1,GWW
user_1350,1,HTCR|UCHIN
user_9364,1,NKERB|PALL
user_23524,1,AMRS|GMQ
user_724,1,CCXI|MST
user_18856,2,CECE|INVE|SAND
user_4946,1,JETS|TLRY
user_29756,1,IAS|LAZR
user_443,1,SQB|TIP
user_27294,1,FR
user_1869,1,DOX
user_25590,1,TSLAJ
user_2429,1,INDO|KOOWN
user_31194,1,ANDE
user_31267,1,NTNX|UBS
user_3111,1,NEX
user_26355,1,NOCWE
user_5294,1,QCOMH|YCBD
user_21347,1,LCID|MSI
user_30521,1,OD
user_12923,1,UUUU
user_28762,1,JASMY|WPM
user_11474,2,DRVN|VTVT|XPEV
user_12373,1,CHWY|XOMHT
user_15751,1,IEX|MTC
user_22379,2,FBJUS|MANU|TSLA
user_24841,2,DIS|GDRX
user_26207,1,BTCDI|LGF
user_15947,1,DFEN|OLO
user_7951,1,FDXGO
user_6281,3,BSW|MSFT|NOC|WIRE
user_33186,1,GBTC|NVO
user_7387,1,CMI|ENVB
user_27472,2,AMCRI|ARKKR|GNENF|SPYSE
user_23732,1,BHE|GK
user_21339,1,UOWN
user_14770,1,LYV
user_6159,1,HTZZ|IEA
user_24854,1,FTAI|POSHY
user_22643,1,ABBVD
user_5123,1,BABAC|ZMGAN
user_22307,2,AMZN|MELIC|WM
user_25761,1,WIRE|WJEFF
user_26456,1,CMGMC|KC
user_1403,1,KBNT|RL
user_22858,1,AER|JASMY
user_29698,1,PANW
user_28817,1,IWO
user_25680,1,GSG
user_25960,2,INTC|IVA
user_32006,1,ZTO
user_30021,1,LBRDA
user_21928,1,CMI
user_31523,1,AMPS|DVN
user_30409,2,AMDVI|DOCS|GRTX|TIMEA
user_33004,2,ALGO|META|WMB
user_18908,2,COST|TLTNE
user_23742,1,DOLE|TSM
user_31127,1,HOSKY
user_10928,1,COINM|DEGEN
user_33349,1,SDC
user_25686,1,BABAW|CSX
user_13693,1,INO|NNN
user_31121,1,ADC|SFTBY
user_2862,3,BJ|GEF|NEWR|PZZA|TDIVI|TUPHT
user_2865,1,IJH|SPYPL
user_20193,1,AMZNN|WRK
user_33412,2,ABBVU|PTPI|STAA
user_12885,2,HMBLI|UTK
user_15351,1,GRIM|ZSDAT
user_11399,1,EXP|VOOAD
user_30054,1,TRU|XOP
user_30181,1,LMNDW|MPWR
user_30059,1,CLFAN
user_6488,1,MSFTW
user_22085,1,RDFNW
user_12063,1,GMEON|SPHB
user_33237,1,ORCL|PLNHF
user_31057,1,NAKD
user_3259,1,VWHAT
user_8142,1,PEPTE
user_15508,1,DISEN
user_14510,1,ALGM|ANDE
user_5354,1,SODER
user_11996,1,MARVI|ROKUD
user_14771,1,SAITA|XON
user_19879,1,OTECH|TLA
user_12099,2,BYND|JWA|MOTEC
user_20110,1,XRP
user_24577,2,AYRO|CARG|CRMGO|NTR
user_18818,2,NOC|WCN
user_31596,1,MO|RDSA
user_10301,1,DGX|MANUH
user_24497,2,ODIVI|TSMPE
user_21762,1,CRWDE|ETHE
user_24744,7,AERC|CPBCH|HLBZ|HQY|KINGS|KOTHE|LYFT|ON|PDDI|TTDGO
user_3560,2,AESE|GME
user_4157,1,EBA|VOO
user_9980,3,LNR|NIO|TSM|XPENG
user_13981,3,NIO|UVIA|ZS
user_353,3,GOOGD|MSFT|TSLA
user_28238,1,MSGE
user_11054,2,DAC|MS|PLBY|VVS
user_2634,1,ETHAD|XLU
user_27006,2,STORM|TSM|ULVR
user_18526,2,NKEC|OLN
user_25531,1,AAPS|DNACL
user_12470,1,FTNT|PRNT
user_18428,1,PDD
user_22078,1,ARWR
user_28034,2,CNICH|GT|SUN
user_27027,2,BPOP|HES|HYMC
user_28332,1,MODIV
user_17689,2,GOOG|NVCT
user_3471,1,BTCNI|RACEH
user_26243,1,LFG
user_10898,1,SPYLO
user_17741,8,AKRO|BLOK|CALM|DLRWH|FR|MTDR|PBIO|QQQAN|ROG|SPYCL|SQAT|VRAWH
user_29273,1,ABTWH|RH
user_25652,1,GALA
user_26197,1,SYS|URA
user_26200,5,APPSI|DEGEN|FBHS|JNJOC|PYPLB|SBUXH|TROW|UMAYB
user_14713,1,FBHTT|SJT
user_12388,2,SQM|WM
user_13031,1,PBCT
user_10153,2,BBBY|NTES
user_9346,2,ASH|ENPH|SWPPX
user_25283,4,AMZNO|DDOGA|DM|ENJ|GT|MVRS|TD|WAFD
user_1245,2,DOCNA|HD|SBNY
user_23541,1,AMDSE
user_8574,1,CIEN|YCBD
user_9520,1,CCLWA
user_30343,2,AUPH|BX
user_29637,2,DISFI|SNAPF
user_17921,2,PGSOU|SASR
user_4188,2,AMDWH|CCIV|FBSEQ|VISL
user_27873,1,AAPL
user_23070,1,DVY
user_28462,1,FBIN|SARK
user_4171,2,GDYN|MRIN|MRVL
user_24793,1,PLDHT
user_19254,2,LOW|SPLK|TRV|XHBGR
user_8232,2,SPELL|XPEV
user_22326,1,SDS
user_18491,1,CRMOR|PARAS
user_4343,2,BA|SAIA
user_14028,2,ALLYT|COINP|PRX
user_28312,1,CTRA|MARK
user_8112,2,BAESY|DIS|NLFX
user_7133,1,MSFTM
user_1916,2,FOSL|GFAI|MRIN|TITN
user_11043,1,NDX
user_6005,1,XHBGR
user_15672,1,DCP|MODIV
user_2238,1,SHY
user_14556,1,THEY|XRX
user_30161,1,LTHMC|VVS
user_17164,1,TTDFI
user_22165,15,AAPL|AOS|ATVI|CDON|CHHFI|CXDC|FB|FICO|GOOGE|ILPT|NETL|NINE|NOCPH|NTAP|NWS|PEP|PTPI|RMBS|RNR|SHWGR|SXTAN|VBUYS
user_7969,1,CTRA|NLST
user_20255,2,SYK|VMW
user_14215,2,CYBR|DCI|LYXE|RYT
user_6480,2,PAHC|UNHEX
user_32413,1,DOX|MTVR
user_15547,1,BATS|GCT
user_25220,5,AMD|DOCNS|GDX|HEI|MKSI|NIOBO|RMED
user_12389,1,SM
user_161,2,V|XM|ZS
user_30841,1,MRVLP
user_7135,1,TYDE
user_17329,2,CCLWA|GCLT|HUM
user_24209,1,AMT|CASA
user_9756,2,BOXD|MKLBO
user_32096,1,SONVY
user_25024,1,BENE|TWNK
user_10656,1,BEETS
user_28771,1,AXU|TWNK
user_11894,2,AMD|AMZNG|VIG
user_15646,4,BRSH|EPAZ|NIOPU|SOC
user_135,2,CRLBF|DAVE|PRQ
user_13727,1,ZIMAY
user_17026,1,RIBT|UEC
user_219,1,BETZ|LEVI
user_14824,1,CELHM
user_11733,3,BAWAT|CHRW|FDX|URNM
user_14220,1,RRGB|TSLAW
user_24598,3,FTS|INTC|ROST
user_8593,3,AXNX|F|PG
user_18528,2,HII|SKIN|USFD
user_20034,1,MST
user_27317,1,LOWMA
user_33983,6,AOS|DDOGC|LIB|NFLX|ONON|PGNY|SBLK|SPRT|SPYMA|TFC
user_11005,1,UMG
user_13035,1,QFIN
user_13402,1,KBR
user_19921,3,AMZN|FMCB|SHOPD|UTK
user_18316,3,AMPS|DDOGE|EBAY|FET|MNDT
user_1726,1,DY
user_24701,1,IEA
user_1239,1,ACO
user_25112,1,PLTRE
user_12299,1,HII|VRTXO
user_5573,3,ALGN|TSM|XLFSP
user_806,1,OVV
user_12599,2,CDLX|CLFAN|ZNGA
user_26994,2,ABBV|BCEL|SST
user_12120,1,RKLBS|WCN
user_34271,1,PPSI
user_31192,5,AMDCU|AVEO|FXY|GSG|TSLAD
user_8419,1,ZSWHA
user_26978,1,XLE
user_6293,1,AOSL|SINCH
user_14816,2,FMCB|LSCC|PUBMH|SPWR
user_32928,2,BX|SIOX
user_7356,2,PG|VTSAX
user_11491,1,SEV|WEBRW
user_16363,2,PHUN|SHOPD|VZ
user_33823,1,SPYTH|TTWO
user_9660,2,AMD|NWN|STHE
user_509,1,XVG|ZPLUS
user_21618,1,NEX|OLN
user_24607,1,TRU
user_23,1,SPYRE
user_26979,1,DEGEN
user_32948,27,AAPL|AIR|ALGM|ASOL|AYLA|BRCC|CRLBF|CRMPR|CXW|F|FBBEA|FBTHE|GLW|ITCST|KOAUG|NIO|NIOPU|NUPAT|PRTS|PYPLB|QCOMT|RDBX|SOC|SPYRE|TBLT|TFC|UEVS|UPSTA|VFIAX|VFINT|VIEW|VINE|VIX|XOMRE|YCBD|ZSCHA
user_15975,1,MSFTW|ROL
user_28486,1,ARCCA
user_27770,1,SKYH|STEM
user_13836,1,EQR
user_29959,1,QCOMR|XOMRE
user_1301,2,AMPH|KO|XRX
user_26533,1,AUST
user_19258,1,CCL
user_19267,1,BON|SCHG
user_10262,2,AAPL|TSLAS
user_24334,1,KBR
user_25358,2,MVVYF|SSEMI|VZ
user_31250,1,ROKU|SPELL
user_13679,1,BACLI|ULONG
user_13866,1,ARKKR
user_10875,3,AMCRE|LUXE|QUBT
user_4489,1,SHPH
user_17126,1,BX|TGT
user_7728,1,DCRC
user_10311,1,RRR
user_29675,2,BFRI|ENPH|PSTH
user_17218,2,FBI|MYNAN|TSN
user_23225,2,DIDI|DLTR|MU|USD
user_4968,1,NFE|PLTR
user_2303,2,CRVS|F|SHOPD
user_1176,1,ABBVU|UPSTI
user_24078,2,GOOG|IMRN|SAVA
user_15556,1,CLVT|NETCL
user_982,1,ENB
user_9884,1,MSFTT
user_30510,1,FUV
user_12964,2,DCFC|DISFO|IRNT|KSPN
user_27469,2,GMS|JMIA|XLFSP
user_29697,1,RR
user_29425,2,AMD|NKTX|PZZA
user_17964,1,MTTR|OSTK
user_3005,1,AMZNI|TSLAR
user_9168,1,HMBL
user_20765,1,NETCY|USFD
user_14564,2,KRBN|SYY|WCLD
user_28763,1,SDC|SEDGD
user_15919,1,KDNY
user_12743,4,LMNOP|MMMMI|MRNS|TREX|TSLAT
user_9806,4,CVS|ETSYC|HCM|MRAI|MSFTH|TTDCH|VEEV
user_21744,4,ARKK|MUGRO|SONM|SVM|TRTN|VXXJU
user_17149,4,BITF|FUL|IEX|SKWS|TGTTE|UPSTO
user_12785,4,CATSE|EXP|NFLXA|REV|SGHC
user_22131,4,JPM|RERE|SBUXI|SMLR|VLOSS
user_23401,1,PFF
user_4043,1,KMB
user_15402,1,AMDMY|MKLBO
user_14838,2,COSTW|DIS|RGEN
user_16619,1,BOXD|MSTF
user_11281,1,FIVE
user_16429,1,ADAP|TLSAR
user_9955,4,AMD|ENPH|NKEB|PYPL|RRR
user_29815,1,CRMI|TSLAE
user_22407,2,AVLR|LNG|SITM|ZRX
user_15836,1,AIRS|FXI
user_10321,1,ACNDA|VLNS
user_31457,1,DJCO
user_10131,1,HYG|VRTXO
user_26423,2,BA|FFND|PGTEC
user_22646,1,EGLXI
user_30651,1,BTCNE
user_13711,1,ALICE|FISV
user_28523,2,AAPL|HYRE
user_15324,1,DISFR|SMSN
user_33101,1,BODYN|VRSN
user_30701,1,DISH
user_18547,1,ELON
user_18559,1,XPDI
user_5369,1,BIG|MMC
user_9448,1,ASMIY
user_16075,1,ADSKG
user_8255,2,CTIC|ENPH
user_11396,1,SWIM
user_33442,1,DHR
user_6406,1,MVRS
user_18334,2,CIEN|NVR
user_20131,2,CYN|GDXJ
user_13884,1,CPRIT
user_27221,2,CVXI|ENPH
user_18821,3,CATFR|DKNGH|QNRX|SQSNA|VISM
user_32783,2,GE|ZS
user_33672,2,KOMCD|NOC
user_16105,1,OI
user_13951,1,EDR
user_4465,1,HTTZ|NSRGY
user_8958,1,PCAR|STORG
user_25163,1,ARRY
user_5497,3,CDMO|FAST|VZ
user_20084,1,APD|SVFD
user_14899,2,CRO|LRC|NOC
user_11873,1,HDWHA
user_19980,2,NKEB|PATHD|PYPL
user_18563,1,KRALL
user_17544,2,FBWOK|NICE
user_23000,4,ADAPL|CUBI|CVX|KSS|ULET|VALN
user_29121,1,CELZ|SE
user_3850,1,JBGS|SM
user_30308,1,TYX|URNM
user_14161,2,CMCS|GOOG
user_24531,2,FBWHA|NFLX|NFLXR
user_28438,1,LITM|UMG
user_15917,1,COO|PDDWH
user_25971,1,NFLXQ|SBUXJ
user_27789,1,ABTIN
user_23628,2,AMZNQ|NKEB|TWTRS
user_16201,2,CRK|TSAT
user_21358,1,PSLV
user_33639,1,KOCRE|SGHC
user_19886,5,CPRX|ENPHG|QQQ|RNDR|XMR
user_34124,1,MGNIH
user_800,1,FBMEA|HRI
user_1289,1,NIOWE
user_33726,3,ESCA|LMTUT|NVMI|UVXY
user_2029,1,AMDHO|AURA
user_34145,1,ADYEN
user_7794,1,FBHOP|HOMB
user_28174,1,SHW
user_9911,2,BK|FBI
user_28064,1,ETSYC
user_405,2,AMD|FBI|GFSCH
user_29403,1,NFLXC|TXN
user_15543,1,RIVNA
user_32382,1,OZON
user_31819,2,BIGC|KDNY|SE|TRIN
user_31768,2,BA|BLNKW|PETZ
user_26789,3,KED|TRT|UNHDO|XIL
user_23296,1,WB
user_416,1,CHGG|PDFS
user_9706,2,BX|GMEZO
user_29532,3,BTCUS|COINY|SPG|UNA|X|XRP
user_24941,1,SPOTF
user_11395,1,COVID|TWTRH
user_4715,2,NETSE|PG
user_3962,11,AFRMT|AMZNR|CMG|DLRMO|GLXY|JKS|JNJ|MVVYF|NKLAQ|NSANY|SOC|TSAT|VWEDN|XDC
user_9691,2,ABNB|BOX|EPAM|LFG
user_16467,1,FBUSE
user_32170,1,PYPLT
user_5358,1,TIA|VBUYS
user_5230,1,JNJTO|LVMHS
user_4763,4,ADGI|AEMD|BA|CHR|RAD
user_31837,8,BG|CLR|DISHU|GGII|KOTUE|KRNT|PAHC|RIOTW|SAVAB|STAGE|TGT
user_7442,1,MREO|PINSU
user_26847,1,HONHI
user_30618,1,DOCS|GGII
user_1413,1,BNDX|KEN
user_31682,3,F|XPEV|ZPAY
user_13080,2,CXDC|EGLDQ|FBWHA|UPSTM
user_26201,1,AMZNS
user_14426,2,GFAI|GOOG|TSLL
user_4165,1,PAGS
user_29465,1,JPMVA|MSFTS
user_32584,2,BKH|WFG|XLY
user_33590,2,MBWM|NBIXW|ONEX|TTDCH
user_34136,1,FIS|IONS
user_15923,1,DISHB|TLTHT
user_15513,1,SPYNA
user_5479,1,FBTHI|RVPH
user_33072,1,HTHT
user_10097,3,AMR|DISCK|NSRGY|SUSHI|XPENG|XRX
user_23780,1,AMZND
user_20341,1,SQBEA
user_1721,2,AMDBU|META
user_31525,2,DIS|FBLET|MSIND
user_34084,1,ONDS|SAP
user_23636,1,RYOSH
user_26148,2,FSR|NAKAC|TSLA
user_2903,1,FOCS
user_16558,2,DIS|GDYN|TZOO
user_14578,2,CIVX|TSLAN|VRM
user_2353,2,CCI|DM|PNC|WRBYD
user_33770,2,ENPH|VTV
user_4247,1,MOGRO|TSLH
user_32507,2,CHL|ELS|PIN
user_22715,1,AZZ
user_13447,1,MUDRO|NFLXO
user_1037,1,DAL|KDP
user_26390,1,CASA
user_19310,1,AMAT|IBEX
user_16542,2,F|PEPRE
user_17918,1,ABNBS
user_3085,1,AVGOR|MQ
user_6833,1,MEDP
user_32807,1,VERU
user_31342,1,ABNB|SPGGR
user_28467,1,CASY
user_24477,1,M|QQQHT
user_2363,1,FC|VB
user_24739,2,AEMD|OVV|PHIA
user_30943,1,INTCT|SASR
user_13841,1,AMCLE|DOCUF
user_8244,1,ABCB|FRBK
user_23090,1,CEL
user_24738,5,EPS|IBKR|IONQ|NSRGY|RIVNT|SPYLO|YUM
user_7614,1,PYPLG
user_6932,1,NOV|TSRI
user_29363,2,KO|KSS
user_6678,1,EWBC|USO
user_29284,1,DEO|PGTEC
user_20952,2,AFRMB|TAN
user_203,1,BANC|HRT
user_16839,1,XLRE
user_13387,2,BX|NFLXY|SPYIF
user_20823,1,IMCR|PANW
user_26829,1,FBWHA
user_21652,2,AAPL|CVM
user_13815,1,FLOKI
user_22170,1,CTIC|FDX
user_1199,1,NVDAE|PAGS
user_4664,1,MCDMI
user_22917,2,HON|IWMMO|JWM
user_13326,1,TFC
user_7156,2,FLOW|NIO|PLAB
user_5635,1,ETHCY|UMG
user_3207,1,CHNG|XAU
user_2131,2,HYRE|MSFTN|USDP
user_9900,1,AMBA|SNOW
user_18315,1,AEM|ALV
user_28899,1,ICL
user_22566,2,HMBLI|PCG
user_15627,1,MDLZ|MUSA
user_13518,2,CURI|F|NKLAQ
user_10705,1,CRMOR
user_119,1,IMPXH|MPWAL
user_33539,1,XLP
user_5543,1,KERN|URGN
user_31773,1,APPSA
user_209,1,INND|UNFI
user_22852,2,AMCR|META|TSLAY
user_33885,1,MSFTM|UBS
user_3738,1,VRA
user_32782,3,BA|HMBLI|NFLXH|SPYMA
user_19674,1,PLTRM|SIVB
user_11692,1,NTCT
user_24545,1,AAPU|STAG
user_7005,1,BTI
user_144,1,NTNX
user_7087,2,BA|LRC|QQQSO
user_28188,1,SHEL
user_22885,2,AMZN|EEM
user_31171,1,VGROW
user_24142,1,PRQ|SPYYO
user_19695,3,AMTD|ATYI|BABYD
user_4604,3,ADM|BA|SHELL
user_3945,2,APPSN|SBOX
user_21431,1,ADSK
user_13952,1,SAM
user_29634,1,AFRMT
user_34115,2,AMDDE|PG|QID
user_27551,1,IMBI|UOG
user_24633,3,DISH|INTC|MANU|NOC
user_31004,3,CEL|HAL|HIPO|INTCI|PENNN
user_10502,1,RIOTW
user_4719,4,DEMOD|GNS|IWMKE|PLTZ|TWST|UVXY|WNW
user_21249,2,ACNDA|HDTHE
user_13561,1,ROKUC|WYNNG
user_15459,4,BCYP|RES|STNG|VREIT|XPEV
user_6266,1,QSGRE
user_10043,1,UNA
user_25610,1,NLFX
user_28588,4,CMCSA|FCX|MNDYM|MPWR|SEDGD|SNAPT|VOLT
user_23446,1,PLTRA|SCHV
user_18734,1,SNOWC
user_31105,3,CSLLY|NAKD|TSM
user_18927,9,AAPLT|AFRMT|AVT|AXNX|CPNGC|GRWGF|GVSI|JOBYH|NDAQ|PSFE|PYPLS|SYN|VMW|VTR|VUZI
user_16657,2,AMD|IMRN
user_2923,2,NSC|VZ
user_13359,2,BIL|BLNKW|TARO
user_14040,1,MDBWA|MST
user_14729,1,UFING
user_4725,1,FMCB
user_4243,2,TSLA|TXNWH
user_26372,2,AMZNB|SCO|VZ
user_5727,1,AVGOR|VZMAR
user_10064,2,TISI|TTCF
user_15063,7,CRON|FHM|GNL|LMNOP|MRK|MRNAH|NTFX|OKTA|PBIO|ROIUC
user_13126,2,AFRMB|KO
user_15711,2,AMZN|SBUXA|SPYBI
user_9314,1,TRU
user_19601,3,AMDST|PSH|RDS|WMTCO
user_4567,1,SJT
user_18280,1,NVR|TU
user_15430,2,BMYHI|WGOTH
user_21371,1,OI|STAGW
user_25946,4,BL|CRMPR|FTDR|GC|STNG|TSMC
user_23485,2,AFRMA|PENNN|STSS|WAVE
user_19588,2,AAPL|AMX
user_20086,1,TNET
user_5232,5,DEGEN|FTDR|LTCHT|LUNA|TERHT|VIAC|WMG
user_19573,2,CRM|SJM
user_14435,3,ADM|BAT|BATS|HTZ|MET|OVR
user_29441,3,GRMN|SYNC|W
user_9612,1,FNKO
user_30447,4,CAR|CNK|CRMGO|DPRO|GOOG|WILD
user_12083,3,APD|ENPH|ETHE|PBR
user_19661,1,NIOAS
user_4066,2,BX|NDAQ|OZON
user_5824,1,VYGR
user_764,1,NASDA|XOMNO
user_12525,1,AIV
user_7358,1,BRO|NEGG
user_17208,1,ABNBA|STRR
user_4423,1,LGVN
user_18159,1,DSIGR
user_13250,2,ATI|TSM
user_4230,3,ANF|COST|CVXUT|LFG
user_7436,1,SOS|VLO
user_22726,2,ENPHW|JNK
user_15017,1,A|MMMRE
user_11310,2,PG|QCOM
user_23796,1,VFINT
user_6009,2,AMDPO|NFLX|NIU
user_3219,1,SCHD
user_29369,4,ACHC|AIZ|BBBY|EXOD|RAD|SQAI|SSTLE|TSLAL
user_11899,2,NIO|UCTT
user_8941,1,CMCS|MDB
user_7947,1,BTCPA|HUTME
user_4218,2,CGC|F
user_13139,1,BTI
user_5177,1,FISV
user_23510,1,CTV|SJM
user_15234,2,NFLX|SLV
user_19610,1,NVDAC
user_25547,1,FIS
user_20996,1,BTQ|PH
user_8546,1,MSFTC|ZTO
user_21442,1,DKNG|PLTRE
user_3166,1,EPAZ
user_23746,1,WMS
user_605,1,RWLK
user_25419,2,GNRC|PUBM|TSM
user_32197,1,AAPLI|PGTEC
user_8074,1,FRSX|MST
user_29274,2,ALLG|BK|TSLA
user_18057,1,PT
user_33975,1,LEV|SNOA
user_12329,1,CNS
user_5570,1,FRSX
user_14675,1,MAR|MOTEC
user_10528,1,AUR|SNA
user_29589,1,RNR
user_14703,2,CYTK|GOOG|VWHIC
user_9953,1,DISDO|EMR
user_19875,1,ITCI
user_4087,1,CUBI|KHS
user_25530,1,TAN
user_16367,1,WAL
user_32030,3,AMDAP|LTC|NVVE|XPEV
user_8276,1,BEN
user_22160,2,AMD|MRNAW|NVMI
user_5875,1,FFIE
user_7977,1,IDXX
user_25836,2,PYPL|SPYTH
user_30888,6,AVGOF|CASY|CHK|EBAY|GOCO|LIBER|NVDAH|NVMI|PANR|UVV
user_6575,1,VMEO
user_22461,1,FAF
user_31468,1,KEYS|PENNF
user_28219,1,BUZZ|VFI
user_17442,2,CRM|CRSR
user_18144,1,BTCNE|FIS
user_18520,1,GTLB|SOX
user_26377,2,MELIM|VTRS
user_13010,1,AKLIH|VSAT
user_29661,1,GMQ
user_3690,3,CVS|GS|HKD|RYANH|TEL
user_5027,1,ETD|WGOTH
user_27277,1,COSTI|SNAPS
user_12256,2,COST|CVNAS|DKNGC
user_19179,1,DISGO
user_18688,1,FINV
user_3098,1,RRGB
user_7601,2,MRVS|ZS
user_12068,1,AAPLT|ELS
user_8583,1,COTY|ODIVI
user_31331,1,IEX
user_13003,1,BRCC
user_28214,1,TJX
user_32058,1,MUGRO|SNPS
user_27330,1,HOLE
user_17100,1,YELPW
user_32603,1,AMZNL|PARA
user_33526,1,AFRM
user_6911,1,LIT|MTTR
user_22272,2,BX|EIDO|ONOV
user_3481,2,NIO|ROPE
user_26431,1,DISPA|LFIN
user_10877,1,RBLXA
user_9071,1,DISQ
user_26266,2,GOOG|MSTRH|NOW
user_23389,1,ABNBH|PANR
user_23275,1,MGNI
user_30940,1,OVR|TSEMH
user_3579,2,ENPH|FFIE|HPQ
user_26076,2,BA|MKTX
user_20321,3,COST|DCP|TSM
user_12732,3,INTC|META|TSM
user_13216,2,CROX|ESTC|VZ
user_28448,1,COINA
user_5098,1,ESS|HAL
user_20697,1,TREE
user_2036,1,ELONQ|HQY
user_33895,1,ABBVC|NK
user_1697,1,CSPR
user_21280,1,LVS
user_18565,2,CXDC|VAND
user_2690,1,SNY
user_33911,1,VRTI
user_16391,1,CAD
user_5129,1,DOCNG|SPXLA
user_24924,2,APPL|ZS
user_33982,1,TDOC
user_32917,1,EPS
user_7845,1,TMDX
user_10088,2,CRM|WBER
user_10833,1,ARKK
user_31402,1,HONRE|VRA
user_11496,1,HOMB
user_30636,1,ASSA|CXDC
user_2686,2,STT|TSM
user_13244,1,MYNAN|NIOHA
user_5267,1,RYM|WISHT
user_25746,1,MDB|PBRSO
user_17001,1,AMZNQ|TWTRS
user_26839,1,KONOV|VCOCA
user_7734,1,TLRY
user_5621,1,EURUS
user_25822,1,NAKAC
user_27714,2,CRM|RCI
user_6998,2,FUBOI|TSLA
user_7797,1,OMC|SQDAT
user_33209,1,AAPLS|CYTK
user_14830,1,AKRO
user_4208,2,BX|TBPH|TLTSH
user_27856,2,PG|VAND
user_5380,1,AZERO|SPYSE
user_11846,1,TWTRA
user_16020,2,ARI|GOOGG|TSLAY|WW
user_7835,1,DISHU|GLJ
user_3147,1,HTZZ|VZRET
user_33510,1,COINA
user_4982,2,ARES|XPEV
user_21644,3,ELY|ENPH|SCHDD|SNAPS
user_26866,2,BLDR|GOOG|SPOTF
user_4204,1,EXOD
user_22788,1,GMVD
user_15962,2,DATS|KOPN|SPLV|VYM
user_32251,2,AMD|MYOV
user_22618,1,SCHB|SNOWI
user_13608,1,NTES
user_2128,1,MCDOC
user_8749,1,GTLBW
user_21695,2,BX|UFPI
user_29472,2,F|TNXP|VRTX
user_23476,1,KXA
user_31724,1,HXL|JJC
user_27029,3,AMDAD|BULL|INTC|OXYBO
user_2758,1,SHOPR|VXXJU
user_14240,1,DIDI
user_10441,1,DCP|FUBOI
user_27957,4,AXPHT|BON|EGLXO|OPRX|PTON|VEU
user_2748,1,VRTS
user_3039,1,BLOCK|GLBE
user_16516,2,JETS|QSSOF|SOC
user_28056,1,ALLY|UEVS
user_9619,3,CVM|NIOSH|RBLXC|SEAND|XLM
user_24590,3,AAPL|ELON|NOC
user_1276,1,BCMH|VTRS
user_2774,1,GRAV|SMG
user_13600,1,ANDE
user_22363,2,AZN|VZ
user_2750,2,CRM|SNDL
user_19562,1,CPRT
user_22640,1,SCHB
user_11319,2,AMZNR|TSLA
user_25755,1,ADP|WEJO
user_16761,1,NFLXC
user_25545,1,BIL|TONR
user_15875,1,ADYEN|SHOO
user_25012,1,BABAD|TSLAG
user_1090,1,DAX|SPRT
user_13489,1,JWA|RDWR
user_29223,1,STNE
user_27061,1,LNTH|PHMAF
user_20242,1,VUZI
user_10988,1,PEPRE|POET
user_18958,1,LVS|NYCB
user_14998,1,LYFT|WEAR
user_16140,2,BTBT|ENPH
user_6560,1,GETY
user_1660,1,RAIL|UPWKT
user_8386,1,ANDE
user_4882,1,AMDSE|VTWO
user_3824,1,GPN|SMIC
user_33846,2,DX|I|WE
user_28464,1,CLH|HOLD
user_4632,4,ANY|CAJ|TSLA|XPEV
user_965,1,BTCWA
user_8556,1,HRTZ|TQQQ
user_32136,1,BMBL
user_672,1,APRN|DISWO
user_12585,1,AAPLR
user_28963,7,AGG|BJ|CRLBF|FBINC|FTS|MAGT|RBLXL|TEL|UCHIN|VIX|VTSAX|ZSLET
user_31478,1,WH
user_4858,2,F|HNTAM|RRGB
user_5440,1,KSSWO
user_30314,1,GOOGT|TIA
user_14111,2,AMPS|PBIO
user_13366,2,CRM|HKD
user_11331,1,NLST
user_15432,1,DISFI|FBTWI
user_8907,2,AFI|MOV
user_28833,2,ASOL|DINO|NFLX
user_4666,2,COSTM|PETS|ROKUC|SG
user_28561,1,DJIA
user_24660,1,ENDP
user_21179,4,AR|CSCOA|INVE|RVLV|STORM|TXNCO|UPSTO
user_2250,1,CHPT|VWHAT
user_29998,1,SMCI
user_24929,3,AZERO|BULL|POET|VFC
user_1105,6,BNSO|CCLES|COHU|HTOO|INTC|NBR|ODIVI|ROP
user_22012,2,NTRS|UNHEX|VGK
user_15021,1,TSP
user_5553,1,BSX|FBPUS
user_19113,4,AMDEI|FSV|GRIM|VZ|ZRX
user_30682,2,ATAI|COMB|IT|MARVI
user_1103,2,NILE|SCHM
user_2646,1,JCI
user_10731,1,UEVS
user_24835,1,CATFR|RIVIA
user_2689,6,AAPLI|AI|BA|CHL|HALO|IQ|MO|NKEWA|VRX
user_19367,3,BEN|GT|KLO|TEVA|VNQ
user_21409,1,BZUN|EGLX
user_30551,2,ONKIN|PYPLH|ROST
user_34198,2,HBAR|INTC|KOMCD
user_4549,2,AMZNU|BANC|CEI|MRKTH
user_20506,1,IBKR|SPIRI
user_26661,2,ENPH|GOOD|LRC
user_17637,6,ADM|CALLS|CRM|ETHE|NEEFO|NKEI|STAG|XLC
user_18548,2,FHM|SGHC|VEON
user_11600,2,BX|NNOXI|VUZIE
user_2987,1,MLI
user_24874,2,BOO|PBCT|TSLAU|TX
user_14107,1,ANSS
user_1247,1,PRTS
user_7391,4,BTCPA|CLPT|DIS|GMPW|TOI
user_17098,2,AMDAP|NDA|VTNR
user_9944,1,AOSL
user_13625,1,DISCA
user_23360,1,FNF
user_21007,1,FCXBE
user_4140,1,GLNG|VFI
user_14883,1,GMBL|SQBEA
user_15187,2,CHL|VZ
user_30932,2,FBYOU|NOCPH|OHI
user_31883,1,BEE|BOA
user_3421,2,CHPT|FBREB|KO
user_28093,2,AAPL|TWNK
user_20087,1,KRX|MAR
user_27796,2,CEG|MSFT|NBIX
user_19927,2,DOBO|MPW|SWMA
user_7070,1,BTC|DVY
user_22196,1,EPRT|SPHB
user_20275,1,EOG
user_6382,1,ENJ
user_30450,3,COST|CRM|DPZ|PURR
user_5037,1,PD|WISH
user_17589,2,AMDSH|GGII
user_34012,1,CRK|RSSS
user_5394,1,FRBK
user_21671,1,BABUL|CAMP
user_7867,1,STNG
user_29969,2,NOWTH|VOOTH
user_2542,2,CRM|FBLIZ|ZME
user_25733,1,KOTEC
user_9426,1,PPG
user_5613,2,COST|MVIS
user_25707,1,EB|MTC
user_27189,2,KOOTH|KOTUE|ZPAY
user_18684,1,NIOWH|ZINU
user_30270,2,AKLIH|COINS|VFINT
user_18053,1,JWA|TTCF
user_23190,2,AMZNN|XPEV
user_3489,1,EPAM|XPEL
user_5515,2,CYRN|DIS
user_23527,1,MRVI
user_30810,2,CNC|ZS
user_21231,1,SUSHI
user_10217,1,LECX|VCOCA
user_26212,1,CHKP|NEGG
user_21526,2,ACBBO|INTC
user_22047,1,DXYHT|SBUXW
user_31492,1,KTTA
user_26588,1,DID|OXY
user_10969,3,ATLAS|NOC|TSLA
user_21220,2,GMEGL|PYPL|TSLAD
user_32332,1,CWEB|EWBC
user_33416,2,SIX|STAGC
user_24966,1,COTYA|VSAT
user_33399,1,KYNC|WFG
user_34297,1,BND|SHOPF
user_33008,1,EGP|NTR
user_22583,1,LWLGE
user_12908,5,APX|BETZ|HEC|KBR|LYXE|NEGGI|PG|TSLA
user_29500,4,ACHC|EOG|HDWHA|PCAR|SGMS|VSATO|VTG
user_14925,5,CLBT|CLH|CROX|HOMB|MMMOW|SINCH|VZ|WISHW
user_7650,1,BAS|FNKO
user_5602,1,EVVTY|GLJ
user_33092,1,UBS
user_7392,3,BEN|CLPT|CRM|PLDHT
user_23661,2,CL|KOTEC|META
user_23588,1,AI|SVFD
user_4955,2,BTQ|VSCO
user_19005,1,REALM
user_23572,1,NIOWH|STEM
user_28757,1,ITCI
user_749,1,FBUY|NKE
user_19038,1,VXAPL
user_12061,1,MAS|NEGGI
user_17223,1,ARRY|FRC
user_9815,1,ENVX|VLTA
user_670,2,NIO|ORA
user_11518,2,BNB|INTC|ITCST
user_6010,1,ATTO|HEI
user_30100,1,DOCNC
user_24164,1,USD
user_16428,1,ADTX|COINS
user_14490,2,AMZN|SCHDB
user_9177,3,AZO|FTCHW|GOEV|UONE
user_5739,1,CTIC|EDMAT
user_25,1,ADTN|HMBL
user_15500,2,ABBVD|XPEV
user_24861,1,DOE|WRLD
user_138,2,DISWH|META
user_23269,1,UVV
user_17882,1,UAL
user_4214,1,RGTI|WJEFF
user_10851,1,MELIM|VMEO
user_16701,1,ATCO|KLAHT
user_33445,1,KWEB
user_19979,2,CECE|COST
user_2904,1,ALLYT|SVFD
user_29240,1,ARRY
user_6122,1,BAYC|CEI
user_14175,2,FBUY|RMO|YM
user_7625,1,BYND|ROL
user_6669,1,BE
user_30830,4,BYDDF|CHE|MSFTS|MSGE|SJM|TJX
user_9283,1,OSH|QCOMR
user_12177,3,LGVN|META|XPEV
user_32159,1,FBTOT|GOOGP
user_29306,1,AAPLC|UNI
user_4524,1,MAXR
user_16855,1,ONB
user_9594,1,RAYVR|SU
user_23213,1,BG|PTON
user_27313,1,CG|CRWDH
user_7535,1,INTCS
user_5060,2,AMZN|HQY|QQQOV
user_5898,1,AMDST|FUVSO
user_23509,1,NVCR|RUSHA
user_29780,2,FOXA|META|ROKUE
user_30605,3,DLR|DOT|FBWIL|NIO
user_23435,4,ASIX|BA|DCI|ENJ|VCOCA
user_7857,1,HAIN|KLAHT
user_31833,1,GSL
user_19961,2,BEEB|COF|VOSO
user_7223,2,FND|INFY|PYPL
user_9256,1,SKY
user_8940,1,CLBT|PKKFF
user_23975,2,AZZ|BCTX|MOBQ|SOFIH
user_8911,1,CRWDH|RENN
user_13987,2,F|GES
user_6851,3,DISCA|FHN|LKMEX|MVVYF|XPO
user_14320,2,AAPL|IMX|VMC
user_13462,1,DGII|LIDR
user_5326,2,BA|CHE
user_20081,3,ATER|MQ|SPYTH|USAC|YGG
user_19737,1,VZJUN
user_16203,1,GC
user_19722,2,NFLX|URNM
user_8871,1,AGR|CRWDS
user_355,1,SGMA|SMLR
user_21210,1,TWTRH
user_1003,1,AD
user_18905,2,COSTH|NFLX|TXN
user_21373,2,AAPL|BAHAV
user_21309,1,IMCC
user_31447,1,TGT
user_31886,1,VGID
user_1272,1,AUB|HDPRE
user_6542,1,LOVEL
user_27466,1,AMDEI|NFLXY
user_28169,2,DJIFR|MSFT|NOC
user_20982,1,AMTD
user_27198,2,HEI|NIO|TWTRB
user_6904,2,MRKTH|MSFTH|NWL|TGT
user_23759,1,BKKT|LMFA
user_5888,2,ETHAD|NKEWA
user_3168,1,ADAPL|VRPX
user_10289,4,AMZNV|NIOST|NTR|PG|TSLAC|VISM
user_21935,1,DPZ
user_21465,1,PZN
user_2532,1,PRE
user_10840,1,ESTY
user_4867,1,GPC|MATIC
user_4104,1,ARKKR|BRQS
user_32185,1,DDD|QQW
user_11778,1,CAG|DFEN
user_8781,1,RDFN
user_14907,3,DIS|META|RFFUL
user_26699,1,TSLAA|VWHIC
user_3319,1,GETY
user_29542,1,JKHY
user_1581,1,SAIA
user_9803,1,DISFO|PYPLA
user_5911,1,GNRC
user_20355,2,INFY|INTC
user_24038,1,JUNGL|UNA
user_34290,2,COST|FXY
user_25616,1,FEG|MRVS
user_5889,1,ATD
user_3205,1,MCD
user_18105,1,PLNHF|RS
user_33095,1,STRON
user_5181,1,CTSH|TSMHT
user_23061,1,KONOV
user_30316,2,FBYOU|JPM|SAVE|ZC
user_25909,5,CARA|CF|GMMOR|JWNBU|LVMH|RYM|UWHAT
user_7662,1,BSFC|GANG
user_23525,1,BCEL
user_14991,2,AMD|CBSTR
user_16207,2,CNM|VZMAR
user_25473,1,SRG
user_30338,2,MSFT|MSFTI|RBLXB
user_26751,1,FHM
user_26568,5,ALEC|ENS|GMETH|PG|VISIO|ZS
user_26570,3,AR|EGLXO|TRIT|XPEV
user_9677,4,ESS|H|PYPL|QCOMW|SPWR|WGO|WIX
user_22289,1,VGK
user_15699,1,AMZNL|MSFTW
user_12292,2,NWL|SHOPH|TU
user_3183,3,JWA|KEY|MRKTH|PRQ|RBLXH
user_27894,1,COSTW
user_1363,3,FBK|INTC|KLEE
user_5041,1,NIOAL
user_24220,2,AFRM|FSR|VINE
user_26127,1,DHR
user_7678,1,RGLS|SUMO
user_16807,1,BABAD
user_13572,1,AMN|BMBL
user_24061,2,EVOK|GRUB|PATK|TERHT
user_8968,1,ELS|VCOME
user_4220,2,CLVS|MSFT
user_29585,2,DQ|MAIN|ZS
user_23394,2,AAPL|MODIV|ROKUC
user_1941,1,KC
user_6912,1,TSCOR|XMR
user_28066,2,NOC|SPWR
user_15141,5,MNDP|RFFUL|RVSN|SEV|SNOA|WTRH|ZPLUS
user_6127,2,META|NVDAM|ONB
user_22465,1,CDAY|NNN
user_28738,1,AMZND|IEA
user_21299,5,EDIT|GDS|GOLD|HEX|META|SNA|TSLAN
user_6652,1,ENJY
user_4839,2,HCC|HGV|LLY|NXTD
user_11445,1,LW
user_12664,1,OMI|SUMO
user_7088,1,AEHR|PACB
user_6460,1,LESL|USD
user_8510,1,ZII
user_16336,1,ARK|DOCNS
user_23099,1,WISHW
user_20815,1,AMDHT|TFC
user_30055,2,FAST|MKL|ZS
user_7672,1,QYLD
user_28096,2,ALTO|LYFT|NEO|THETA
user_25446,1,GOCO
user_24461,1,FINV|TIVC
user_11851,1,XLFSP
user_29120,1,AMDVE|BAM
user_32729,1,APPSN|ZOO
user_31035,1,OR
user_12691,2,ABMD|VYGVF
user_20424,1,DFI|OLN
user_23439,3,APOG|CARA|DIS|RGBP
user_5015,1,SGML
user_7286,1,FERG
user_32648,1,XNO
user_29107,2,AAPLO|BK|NFLXW
user_23652,1,FNKO|XLNXR
user_2041,1,NFLXD|XPEL
user_6866,1,INTCM
user_27359,1,GMAPR
user_30615,1,HUTME
user_15904,3,CAMT|KTB|MSFTN|SQB
user_28103,3,FDN|KO|NIOAL|NTES
user_202,1,CPNG|HTR
user_21251,1,AER
user_8500,1,COF|DB
user_4431,1,HALWE|KO
user_5159,1,NXTD|VRTI
user_29854,1,SNY
user_23819,1,AAPLI|SAFE
user_21769,1,EVOK|SUMO
user_17358,2,DE|NVDAD|TSLA
user_2520,1,BTCDI
user_9791,1,GTLB
user_7441,4,ACON|BTUSO|HDTHE|PRX|SQQQ|TSLAR
user_7679,1,BABAB
user_18765,1,AGC|TNR
user_9405,6,ARKK|BK|CHKPB|CRWDD|ELON|GSL|PDDWH|POSHY|STRR|TCEHY
user_13066,2,IVR|MVIS
user_28052,1,NTRS|NVDAN
user_33137,1,COF
user_22654,1,TPB
user_10995,2,FANH|GIS|NFLX
user_31635,1,ARGO
user_7093,2,AMDFU|MAFAC
user_28582,3,ABMD|CGRN|DE|FANH|SM
user_1158,1,LNR
user_26350,1,SOFIB
user_18188,1,UWHAT
user_18338,1,INTL|WYNN
user_18968,1,LOVEL|SI
user_16726,1,CAAS
user_33317,1,CARA|PAVM
user_20162,3,BABAI|KC|TMNA|TSLAJ
user_8602,1,BFRI
user_16622,1,DAC|NVS
user_21260,1,VOW
user_23637,1,EPRT|LRCXF
user_17740,1,BLNK
user_13585,1,ATD|BBAI
user_25884,1,RIDE|SRTS
user_15825,4,AIZ|BITF|ENPH|LMT|NEAR|RNR
user_26380,1,AUTL|HUSA
user_18456,1,UVV
user_15799,1,LMND
user_24198,2,BA|SUMO|TSLL
user_10468,1,ALLYB
user_27811,3,BA|HD|MSFT
user_25695,1,BTU|SWBK
user_24568,6,CSVTI|ENPH|FHM|FTCHW|IRBT|KOSS|SOFIN
user_2526,1,DLNG|NTFX
user_12912,1,ASC
user_27016,1,GEO
user_17404,1,ASLN
user_25515,1,XPR
user_14544,2,AAPLL|CRM
user_29985,1,SPOTD
user_29880,1,ABBVU
user_10178,3,COTYA|ENPH|RDFN|SOL|ULTA
user_22044,3,DKS|LOW|PATH|TSATM
user_9750,1,ABEV|GMR
user_22441,2,COST|FC|SPYTE
user_23823,1,BON|PYPL
user_30341,4,AB|AYLA|GMR|NIOAS|TSLA|TWTRB
user_25341,1,IMRN|PINSU
user_12508,1,GRMN
user_4847,1,PYPLA|RUSHA
user_10019,1,AMTMA|PROG
user_21094,1,GRVI|JNJRE
user_16323,1,GOOGL|ROKU
user_574,1,FOUR|NVDAR
user_30048,2,PLTRE|TSLAB|WPCWH
user_25407,1,NTFX
user_23176,1,GEWED
user_16227,1,PYCR|SFIO
user_15855,5,BZUN|GLNG|KOOTH|MUGRO|PYPLP|RGS|SPYLO
user_3884,1,BPRM
user_18616,1,CHL|UPST
user_15748,4,ETWO|KONE|MEX|PLTR
user_14243,7,BGS|IVV|JPM|KEY|OVV|OXYBO|RSP|STIP|TWTRM|VMW|VZRET
user_21271,2,ABBVW|ZUO
user_32794,1,NKEWA|PDDWH
user_33771,1,VWEWA
user_20039,1,NIOAS
user_30874,1,DG
user_9951,1,PPG|PRM
user_577,1,CELHB
user_8060,2,INTC|SQHOP
user_31285,5,ALTO|GNL|JPEX|NTAP|PT|QQQYO|TSMC|XHBGR
user_32662,3,GWW|MUWHA|SGHC|ZIL
user_16921,1,RR|RTX
user_29482,1,LIND|ZMPAR
user_17375,1,AURY|VXX
user_16245,1,RELI
user_13309,1,WB
user_26913,3,ALLK|FXY|PLNHF|QQQ|URNM
user_16917,5,CHF|FMX|FOOD|META|PFF
user_15170,4,AMZNO|GOOG|GREEN|JASMY|MOD|MUDRO|RIVNC
user_2280,1,QQQDI|WBAST
user_18021,1,ARKG
user_7017,1,APTY
user_14929,2,AMCLE|PGJ|VZ
user_4235,1,ABBV|DB
user_14720,1,CPE|PENN
user_10215,1,FMC
user_28807,1,NVCR|WLL
user_10205,1,NOKBR|VIR
user_18619,1,FBIN|HRT
user_15140,1,ANGH
user_22761,1,MGNI|SYNC
user_24592,1,NTAP
user_16260,1,OVR|PENNN
user_12284,1,BABEA|QNTJU
user_19804,2,BFRI|INTC
user_17342,1,ANF|FC
user_15560,6,ABNBS|EV|GTBIF|NKEWA|NUEDG|TRV|VTNR|WH|WILD
user_29796,1,FYBR
user_33071,2,COST|EVCOI|SQB
user_22993,1,MNDY|WELL
user_31298,2,ADYEN|AVLR|DKNGD|VOOTH
user_6078,1,IMRN|KDNY
user_11232,4,GOOG|TSLA|TTE|XPEV
user_18562,2,MNGHT|PYPL
user_9817,3,BX|CARS|KO|T
user_9578,1,PLTRE|RIVNT
user_16276,1,VNOM
user_20358,2,CHKP|CRM|RRGB
user_28279,2,APPSI|BX|DUSCA
user_25926,1,SPYBU|WING
user_4695,3,KO|ORA|PG
user_9252,1,ADTX|ROKUE
user_12370,1,CFB
user_24504,2,FAF|TKAT|VO
user_33676,1,KIBA
user_30303,1,LQD|MDIA
user_9996,3,ATER|NKEC|RIVNS|SYF
user_8117,1,LIHTT
user_26215,1,APPSN|JWN
user_19667,1,SAIC
user_29624,1,NIOST|PNR
user_29965,2,ALLYT|BILLV|SST|TALI
user_10460,2,AMZN|MSFT|TSLAS
user_31969,4,BACBU|BMBL|DJIFR|GTSIF|TTDGO|UFING|XPE
user_24335,2,AMDNO|UPSTO|USDP
user_17294,1,BABYC|SRC
user_30836,1,ARCH|NOKBR
user_14425,2,AFRMT|ATLAS
user_18758,2,GK|LFIN|TIVC
user_9874,1,AXNX|CI
user_33598,4,APDN|FTX|MAFAC|META|TDG
user_8083,1,EJH
user_7142,2,AESE|ENPH|NOVN
user_21590,1,CMI|SCO
user_25382,1,AZZ|VISM
user_8135,2,ARKKR|CHWY|WDAY
user_16981,1,AGR
user_9061,1,BSFC|ROST
user_26949,2,ANGH|ATER|NXPI|TSEMH
user_28055,1,AMDEI|BSX
user_21571,1,ALLY
user_1455,1,NXP
user_34291,1,MSCI|SUSHI
user_19922,2,BESOF|DIS|WEAR
user_11419,1,ALLPE
user_21765,1,FBULL|SIRI
user_33821,2,ILUS|NETIT|XPEV
user_10559,2,ASH|NIO
user_31412,1,MSFTD
user_533,1,FSM|NIOAS
user_7120,3,BLDR|BOO|ENVX|SEDG|TSMHT
user_27812,1,JNJOC|SAVAA
user_6962,1,LOVEL|RL
user_28031,1,ASTRB
user_4050,1,PTRA
user_9804,1,ANSS|HX
user_6965,1,BRKBP|YELP
user_13888,1,CVET
user_11956,1,BAHUG
user_29053,2,AZPN|THEY
user_30176,1,CPRIT|RVLV
user_8052,1,METX
user_5139,1,AURY|MIMO
user_16131,1,MMMAP
user_1516,1,CAD|OXYBO
user_20195,1,ATCO
user_20279,2,NFLX|OPCH|VIR
user_20202,1,CTT|QQW
user_27143,1,HOODM|IWMKE
user_21891,1,PPC
user_11201,2,FBTHI|MARK|VTSAX
user_30008,1,THSET|ULTA
user_9253,2,ATYI|COTI|ENPH
user_9457,1,URNM
user_3117,2,CRWDT|INTCM|LUNC|SBNY
user_8041,1,NWS|WW
user_11558,1,HUSA
user_2296,1,ASOFU
user_1348,1,COINY|LIB
user_21668,1,VTG
user_665,1,SKYH
user_3831,1,PHAS
user_21722,1,BIGC
user_6067,2,APLD|FBSEQ|NDQ|STRAV
user_7424,1,ONON
user_20540,1,PAHC
user_10519,3,DDOG|DIS|SQALI
user_17302,1,CHGG
user_6658,2,CODX|ETSY|PLAY
user_4003,1,OR|VZHE
user_28779,2,PETS|VIR
user_25684,2,BX|JAMF
user_6189,2,GMMOR|LUNC|MSFT
user_7421,1,PFE
user_8836,1,HSDT|TSAT
user_6674,1,HCA|HOODM
user_31015,1,LITER
user_26358,2,AAPL|AMTWH|MRKTH
user_9009,1,DISCB
user_6379,1,AMDVI|VISM
user_10042,2,AMZA|SPOTE|TLNT
user_19541,6,BABAD|BBY|COST|CPI|QSGRE|SSTLE|TWTRB
user_20707,1,NVR
user_26073,1,BKH|CVNA
user_10031,1,STAGC|TXTM
user_2746,2,CTVA|NIO
user_29874,2,LVS|PANW|VWEWA
user_13197,1,MRNAH|REALM
user_13170,1,SPYBU
user_24434,1,NKLA|TOR
user_15958,3,BYDDF|GLD|RBLXA|TSM
user_23846,1,HRZN
user_13800,1,DWACW|OLN
user_27468,2,GRWGF|KO|STUDY
user_7290,1,ENBFO|MBUU
user_6346,1,EXP
user_33451,1,BACMO|PSTG
user_18726,2,BA|RGLS
user_33719,1,PBIO
user_7276,1,AGC|AMATW
user_12535,1,CCS
user_33377,1,AMDSH|ELONQ
user_23988,2,COSTE|TSLA
user_21642,2,BON|ENPH
user_23134,1,VZMAR|XELA
user_21740,2,DIS|SLGG
user_7013,2,EXPR|K|NWS
user_13731,1,UVXYT
user_21611,1,UEC
user_7451,1,BABA
user_6667,1,IBM
user_26835,2,BBAI|INTCT
user_765,1,NEAR
user_14166,1,JPY|PERI
user_1126,1,LICY
user_12770,2,EVCOI|F
user_10323,1,TDOCI
user_12623,1,SPYCL|TLTNE
user_7328,1,AMDDO|MDB
user_32604,1,AFRMB
user_21924,1,DENN
user_27986,1,AMDSH|EFA
user_27758,3,APAM|BP|CTRA|MYNAN|NSRGY|ONOV
user_21025,2,CRM|NVDAV|SXTC
user_12020,2,BSMFA|TSLA
user_20430,2,GOOG|LVMH|QCOMW
user_7210,4,AAPD|CEBOU|CRM|NXTP|TZOOT
user_16798,1,DXYHT
user_18810,1,AMDSH|PGSOU
user_34219,1,AMDRU|ZWATC
user_1330,1,AMZNN
user_33059,1,IHI
user_15060,1,METAF|SPXC
user_26419,1,TGL
user_16872,2,IWMKE|KO
user_16339,1,TNDM
user_11611,2,F|TSEM
user_4758,3,CWT|JASMY|LGVN|LNR|MILE|VRTXO
user_13497,2,ESSC|IVZ|NFLX
user_21107,1,AFRMI|TSLAA
user_10389,1,PHR
user_3505,3,AFRM|PBCT|RUX|USNA
user_12680,2,CMC|COSTQ|OSH
user_1331,2,NIO|QQQ
user_22820,1,MYOV
user_18290,1,MEDP|RDDT
user_17383,5,AAPLF|CRM|CRMI|DXCM|ETWO|HITI|MSFTI|QNRX
user_12674,1,EPD
user_28441,1,BILLI|BMRN
user_21697,1,BTTX
user_4143,2,GGII|MSFT|SILVE
user_18005,1,BTCBE|FBPEO
user_4823,1,NBIXW
user_151,1,HDTHE|NAKDI
user_11685,2,AMD|TWTRR
user_5252,1,BPRM|MATIC
user_33166,1,AXU
user_24699,1,BE
user_8629,1,BYD|MOD
user_32922,1,BBBYH|FSLYH
user_3503,1,THTX
user_4634,1,CXDC
user_1554,1,DRNG
user_16321,1,FLOKI
user_17949,1,NUOTH
user_26001,1,MARVI
user_7175,1,AMDLO
user_27657,3,JPY|RCLWI|VGROW|XLE
user_18647,1,LIDR
user_17016,1,APA|DT
user_1100,4,ELONQ|LYFT|MOTEC|NKEWA|SKX|TLSAQ|TTWO
user_4069,6,AARK|AMCRE|ASAN|LULU|OPK|PYPLT|TXN
user_27497,2,NVEI|NWN|SNY
user_5214,1,ATUS
user_10811,1,GCLT|PLAB
user_14685,1,HMBLI|MA
user_21247,4,HUSA|K|LUCID|NIKLA|STIP|TM|WBA
user_31779,1,QQQFO|TXT
user_28931,1,RCLWI|XMR
user_21522,1,ATUS|XL
user_4551,1,JPY
user_24258,1,ASX
user_1951,2,AIRS|ALC|DOCNG
user_6801,1,TDOCH|TSRI
user_14253,1,LPTX
user_17195,2,AMATW|CGC|EMBRA|WGO
user_10060,2,CARV|GOOG|MMMGE
user_28454,2,LCIDC|TLT
user_25387,1,AVGOF|CRIS
user_24579,1,CLR|NEVAD
user_10040,1,NOCIS
user_5056,2,INTU|YELP
user_28903,1,ANGO|ATXI
user_2633,2,IMX|STBA|ZSHTT
user_13938,1,TIME
user_14029,1,QQQ
user_11874,1,ALBT|FERG
user_6466,2,BA|CWEB
user_19926,7,ABNBS|EA|ENB|MPWAL|MTP|RIVN|SPYPL|TSLAA|UAN|VWHAT
user_1612,1,BAON|MRNAW
user_29232,2,CHE|CI|SNOA
user_27105,1,AMDSE|DISIF
user_13349,1,CFG|FI
user_31424,1,BIL
user_22932,1,CDNS|TTDEV
user_6474,1,VLTA
user_28879,1,IEI
user_4495,1,BTCBR|CNICH
user_9041,1,EAR
user_33188,1,ZINU
user_14986,2,NOC|SPOTR
user_23309,1,DISHB|ETD
user_24281,2,AMD|HUBS|MUTOD
user_29689,1,ISPO
user_28429,2,CBRE|FXYHO|VOLT|WWATC
user_12789,1,ZMGAN
user_25336,2,ILUS|MKL|SMSN
user_13984,1,ASML|INCY
user_18909,1,BHE
user_22844,2,AMDDE|VIG
user_24855,1,KDP|NXRP
user_16179,2,GOOG|NEWR
user_17219,2,AMEH|TH|XI
user_1215,1,FSLY|RAD
user_15162,1,NVEI|SAIL
user_24287,3,AVT|MARVI|NA|PIXY|XNO
user_18276,1,XLNX
user_10633,1,YOU
user_19385,1,GOOS
user_10469,4,BBAI|HHC|INTCI|IPGP|TLSAR
user_18370,2,NIO|PYPLN
user_28202,1,EURUS
user_33834,2,MRVI|SPGGR|VSCO
user_30262,8,ABNBS|AXIES|EGLD|KO|NKEMO|PINSB|RYT|SPPI|STOR|XLB
user_30312,4,ABBVU|INDI|KISHU|REGND|SFIX|SYFDI|WBD
user_16819,1,EXPR|PKG
user_26953,1,METAH|PETS
user_28191,1,METX|PNC
user_2508,2,BX|PANWB|PRE
user_23050,1,CHF|TSM
user_33898,2,COST|TSLA|WAVE
user_23380,1,AMDCE|MSFTN
user_24521,1,MSFTI
user_12024,2,COST|PINSB
user_14018,4,BEWI|HCC|META|NFLXC|RIVNS|SBAC
user_2867,1,YOLO
user_29758,1,NVMI|PRNT
user_16799,1,NVDAN
user_1851,1,AIR
user_1803,1,MCDGA
user_9934,1,FBUSE|SMCI
user_19754,1,BTC|OLPX
user_19854,2,KRALL|MSFT|YY
user_10109,2,AMZNB|NFLX
user_23788,1,DUK
user_7130,1,CVNAF
user_26915,1,SQALI
user_3670,1,FSLRB|TSLAK
user_1410,2,BX|VFINT
user_18066,4,BODY|ELON|SMAR|SPOTD|TARO
user_33663,1,PSTH
user_10278,1,EVVTY|VRTXO
user_17193,2,INTCI|LSCC|VZ
user_25903,1,IFNNY
user_17554,3,CYN|GOOGN|UVV|XLC
user_26700,1,ENSC|MKLBO
user_13325,1,OIL|ROKUD
user_17962,1,BRCC
user_15080,2,QCOMC|TSLAT|UFI|VICI
user_16181,1,RIVNC|TSLAJ
user_30559,1,JPMD|LSCC
user_30567,1,TRIT
user_9940,3,BX|KEY|PEP|SNOW
user_22144,1,ETHAL|MRVL
user_18042,3,ARRY|CPE|KNEBV|MTN|NTNX
user_28583,2,CRNCB|PYPL|SPOTF
user_9598,1,DOX
user_17106,1,QQQBU|RRC
user_1439,1,GD|SPYSE
user_3483,1,PATK
user_25942,1,FAANG
user_24583,1,ARK|LLY
user_1696,1,NVCR
user_26769,1,AMDI
user_26401,1,BKE
user_32422,2,LUVMA|NXM|SON
user_10344,1,VCOME
user_7232,1,ALT|CAJ
user_4531,1,BRO
user_1860,1,DPZEN
user_11918,1,GOOG|MAXR
user_33099,1,RDFNS|SPRT
user_1352,1,GBTC
user_30845,1,NFLX|WISH
user_18074,2,DIS|NVTA
user_28260,1,TSLAA
user_29396,1,OKE|URNM
user_1230,1,PRM
user_9297,1,NOVA|OSTK
user_32980,1,BABUL|CRSR
user_10757,2,SPPI|TTDGO|YETIT
user_13522,1,SCHDT
user_26145,1,HALO|TRRXF
user_12279,4,BLOK|DHI|NOC|SG
user_12575,5,BTCBR|BX|DFI|GMVD|LBC|TASK|WMTHO
user_20393,1,CPER|PIII
user_5422,1,SYA
user_9774,1,AAL
user_28887,1,ATKR
user_16192,4,GSK|MBWM|MSGE|NIOTH|SGMS|XOMHT
user_23799,8,ABNBA|APA|BKNG|FUVSO|ITW|NCLH|NIOWH|RMBS|SMCI|TYX
user_30259,8,ABBVW|ANTM|BIDUE|CMPS|HSY|KSSWO|NEM|PENN|PGR|UHOPE|WDAY|WEBL
user_24318,4,COINH|CS|LYFTC|NIOIS|WM
user_28069,4,CPIX|LVSTH|PROG|SMAR|SQ|TTDCL|XRP
user_24354,15,ABMD|ALLY|AMSWA|AZPN|BMBL|CAD|CASY|CNBS|DAR|GFSCH|GNS|KC|KR|MTC|OWHIC|PLUG|RMO|ROKUW|SLAB|SM|SOFIS|SONVY|TSLAG|UMG
user_29996,6,AEHR|AMDAD|ATVIB|ETHDI|HRI|LOWMA|NFLXL|PRTS|VZHE|YOLO
user_10494,4,BN|IOT|MEX|PG|SG
user_1296,3,AMD|ANET|FBREB|MMAT|XRX
user_26386,3,ANC|ARKKS|SKLZ
user_12420,4,ALLYB|AMRS|BRN|GEVO|META|QID|VGT
user_33490,3,RGTI|STRN|TSME
user_31794,3,ATVIB|KOMCD|NOK|PPC|SWIM
user_17355,2,CG|COST
user_18929,1,ULVR
user_26493,1,HOG|RFFUL
user_17084,3,DID|F|PUBMH
user_16079,1,DOOR
user_16027,2,FUTUE|MRVS|OSTK
user_14965,1,CM|ENBAN
user_27594,1,FXF
user_13207,1,NET
user_5355,2,BA|ESTC|FBTOT
user_23327,1,NUPAT|SPCET
user_25346,3,EBA|TSLA|VZ
user_25930,1,NKEWA
user_31077,1,DNFLX|RYT
user_11365,1,AAPLC
user_2995,1,BAHUG
user_30386,1,ISPO|MPC
user_23450,1,LUNC|USDC
user_26999,1,BBLN
user_10754,1,SCVL|TIP
user_11044,2,BCYP|F
user_27848,1,ROKU
user_16322,1,BETZ|WTER
user_21750,2,NIO|RLX
user_7264,1,CALLS|U
user_27826,1,CAAS
user_9931,2,ATEYY|CM|NLS
user_5691,1,EVCOI|ROKUW
user_30803,1,IREN
user_29742,1,CPE
user_29932,1,BCYP
user_5325,2,AMDLO|KO
user_3240,1,BRKBP|TJX
user_21369,2,DLTR|PYPL
user_18399,1,ETWO|TSLAV
user_14073,1,ESSC|LUNC
user_14737,1,ZMFAC
user_30350,1,ADAPL|MNST
user_28796,1,IMT|VZREI
user_14818,1,BMYHI|DLNG
user_15285,1,MRVS|SRG
user_25940,1,EC|GTBIF
user_11370,4,ATVIP|EFTR|NFLXO|PEB|SEBUY|SYA
user_26237,2,TDOCH|UWHAT
user_27829,1,ZTO
user_33950,3,AAPL|BTCMI|CASY|SYA
user_7319,4,AMDEA|CHWY|GTC|HQY|KHS|LUXE|RA|VZHE
user_5262,1,CRMPR
user_3574,1,IWMKE
user_32839,1,FARA
user_26061,5,CHWYN|CRUS|CTSH|DXY|SRG|ZPAY
user_9509,5,FBTHI|KRX|LIT|PXD|ROKUW|SUI|VYGVF|YELP
user_18419,2,CNQ|CRM
user_7805,1,DBX
user_2168,3,DOGEZ|IDT|LC|PSNY
user_15023,2,AMZNW|BANC|XPEV
user_28125,1,TCOM|TX
user_26757,1,MKC|STAGE
user_33516,1,SKY|WEAT
user_24000,2,APPLE|NIO
user_22443,1,GMREV
user_22264,1,MAS|WGOTH
user_19138,1,PCAR|PYPLS
user_33541,4,CFVI|LIN|MOWHA|PYPL|SWBI|XPEV
user_18591,1,MNDP
user_10415,1,KRVER|RDFNS
user_11254,1,ADAP|FBGUI
user_2351,1,CVSI
user_28566,1,NXTD|TOI
user_504,2,GDXJ|RIO|TLT
user_31324,1,MOHOW|PGPAS
user_512,1,AMDHA
user_22582,1,PRTY
user_11910,2,BAON|SCHG
user_32172,1,CDLR|TLSA
user_7760,2,BA|NTCT
user_24469,1,QQQYO|SOL
user_1094,1,DLR|MYOV
user_9,1,RVSN|UPSTB
user_33400,1,CCLES
user_22976,1,YY
user_22525,1,GOOGE
user_16692,1,MSFTM|PENNF
user_33564,1,VNQ
user_34073,1,BLCT|CTT
user_24946,1,FB|SEV
user_8260,2,MSFT|PBCT
user_27529,2,BX|EVGO|LAZR
user_16649,2,FERG|PAYC|SHIBD
user_165,1,LCIF|SPOTD
user_29828,1,CVET
user_9558,1,CLVS
user_23977,1,GMED
user_3073,1,TGTSE|USDP
user_33422,1,GOOGG
user_31644,1,DXYHT
user_16648,1,SPYLO
user_15655,1,RIVNC
user_4444,1,COSTW|PRNT
user_27182,1,IKEA
user_34287,1,QQQ|XLE
user_8868,2,BA|GENFL|TSLS
user_31600,1,ZII
user_26805,2,FAZE|SBAC|VZ
user_29850,2,ASOL|K|PG
user_30626,1,LMNDW
user_10317,1,XI
user_16686,1,GEGI|RDWR
user_24938,2,DISDR|LEG|RR|ZMFAC
user_31741,1,ADTX
user_13707,1,IBB|RYM
user_32923,1,NQ|UAMY
user_11919,1,APDN|GOGO
user_16678,2,AMD|COO|MGNI
user_28275,1,FBHTT
user_20251,1,CWH|HFWA
user_22999,1,ATEN|TGTDO
user_21415,1,CK
user_30026,1,FANH
user_170,1,SMR
user_29957,1,MIME|NADA
user_26107,1,NDAQ|NTR
user_9004,1,CUBE|YM
user_6897,6,BX|COINS|CSPR|DWAC|EXOD|FISV|IWM|MRNS|PLTRT|TMHC
user_32349,2,FDX|KONE|META
user_5860,2,AMD|ATYNO|PLTZ
user_227,3,BA|BX|JASMY|WRLD
user_15548,3,AMZN|CNICH|NIOFR
user_28891,3,BX|CRTD|SNAPS|VFINT
user_13227,1,HD
user_21699,1,COTYA
user_6600,1,STLA
user_9116,1,ABB|TTDCL
user_6568,1,AAPDS
user_13525,1,LUNC
user_23102,1,AMCLE|BAHUG
user_22842,2,DELL|GMEON|JCI
user_7572,3,AMDSH|PINSB|RTY|TWTR
user_10376,1,DGROC
user_30716,1,GENI
user_15922,3,AMCLE|AQN|GOOGD|LMNDT
user_13616,2,DRV|ENPH
user_28825,1,R
user_409,2,AUPH|GOCO|SGAM|ZCX
user_8278,1,SOC
user_32461,1,BRKS|TGTAP
user_26929,1,FBLET|NVEI
user_7516,1,XDC
user_24901,1,CHWYN|JAZZ
user_30998,1,BEN|CYBR
user_21277,1,CENN|SQHOP
user_28022,1,PYPLA|QQQTR
user_1022,1,FCFS
user_25364,2,SHOPF|ZMBEA
user_19680,1,FMBI
user_7437,1,CALLS|STLA
user_6700,1,NIOGO
user_32545,2,AVGOT|CRM|NTLA
user_12749,5,ATTOT|CRO|FTESL|SEDGD|ZM|ZWATC
user_30569,1,RR
user_17495,1,BTCPA|MRVL
user_16675,3,AAPL|NEO|NFLXL|SCHM
user_30885,1,CSPON|FOCS
user_10613,2,BYDDF|GNTY|IEF|VTI
user_13532,1,TELL
user_15347,2,ATUS|ENJ|FTX
user_22310,2,LTC|SIRI|USFD
user_7776,1,AER|BITOI
user_24866,2,AMZN|QCOMA|SGMA
user_23596,2,CELHB|NADA|VZ
user_21332,1,MULN
user_24843,2,GGII|LVS|NIO
user_4976,2,ROKU|TR
user_3607,8,ABNBA|AD|AMTD|AN|AUTL|BAS|FBWOK|KNEBV|KOOTH|NLFX|PGPAS|TSLAO
user_25351,2,C|JPMAU|STAG
user_10137,3,BBIOW|CYN|GES|XOMWI
user_8113,1,EXAS
user_19460,1,PENNN|WB
user_23720,1,JO
user_24523,1,AMZNQ
user_11739,1,AAL|TSEM
user_22431,1,DRI|WCN
user_29096,1,CEBOU|FAMI
user_9228,1,TSLE|ZINU
user_3379,1,NSAV|OVV
user_12643,1,AGYS|NCTY
user_4977,1,NIOS|NTLA
user_27354,2,CPRT|DIS
user_18036,4,GMQ|NFLX|UDR|VFINT
user_26850,1,APPLE|HITI
user_13337,3,AMTMA|LYFT|SON|TSLA
user_6688,1,GMR|MOB
user_33958,1,LAC
user_2946,1,AMG
user_7189,2,FI|NFLX|ZOO
user_22759,2,CULP|MCDEU|PAHC
user_20985,1,ZPAY
user_4380,2,BLNKA|IWMMO|VNOBL
user_11589,2,BA|KIBA|SOS
user_7657,1,GS|RUX
user_19567,1,AFRMB|SOFIB
user_18567,1,DSP|YETI
user_24988,3,GME|THETA|TREX|WSC|ZINU
user_10906,1,L
user_33769,3,AEO|EQNR|FSLRA|ZS
user_1240,1,GAME|RVPH
user_818,1,APX
user_19576,2,NEAR|PG
user_9626,2,AAPLD|XRP
user_9172,2,IFNNF|OXYBO
user_26352,2,AUR|FBTUE|NURO|YY
user_9099,2,CWEN|MAGT|PYPL
user_13286,1,QSSOF
user_19411,1,BBAI|SBUX
user_26451,2,EPAZ|SPT|XPEV
user_19606,1,ABNBM|IYT
user_19602,1,INTU
user_2034,1,FAZE|RGEN
user_33344,2,META|UPSTH
user_8314,1,JKHY|MX
user_19571,2,OSK|XPEV
user_12054,1,SPYCL
user_10682,2,BKR|SPELL|WHEN
user_6679,4,ENPH|WB|XOMHE|ZS
user_11920,1,RNGR
user_6098,2,CSPON|NFLX|NIOTH
user_7035,2,CP|TSM
user_11788,1,INTL
user_26156,1,IDT|MELIM
user_28527,2,AMDDE|MMMBU|NET
user_15072,2,ACHC|DOE|UPSTH
user_2894,1,VREIT
user_3875,2,CRUS|HMC|SUI
user_14414,1,GTSIF
user_27568,2,DDD|STRON|XPEV
user_793,1,QSSOF
user_913,1,ADYEY|ZIMPL
user_13840,1,EVO|SPYBU
user_26462,1,AAPLU|MDAYT
user_29947,1,ABBVT|MO
user_30854,1,JNJRE|UNFI
user_7102,2,BAESY|COST
user_24186,1,AFL|TZOO
user_33964,1,USB|YY
user_5013,1,ZIMAY
user_32327,2,PYPL|TSLH
user_20551,1,ACCO
user_7612,2,DLNG|DXT|MSFT
user_27052,1,KR
user_16639,1,SJM
user_23315,1,CRMD|VTG
user_31122,1,ETWO
user_28592,1,COTI|LMNDD
user_28417,1,LICY
user_8466,2,DIDI|LMTRE|ORCLA|SKX
user_20141,1,OIL|TLNT
user_12513,1,MGNII
user_9641,1,AAPLB|IEF
user_19364,1,DDOGE|FBBUT
user_24210,1,FATE|GDYN
user_14799,1,DAG
user_13774,1,ASTRB|BANA
user_4014,1,KDNY|TGTNO
user_6930,1,ANET|XPEL
user_14995,1,ABCL|FBLIZ
user_24301,2,NOC|SU
user_11762,2,PG|TCEHY
user_1417,1,SFIX
user_32229,1,PXD
user_2702,2,ASSA|GOOGG|PYCR
user_13254,2,NICE|VORBH
user_2482,1,BRK|NEM
user_24666,1,LUVFR|O
user_7852,1,AMDQ|CPNGJ
user_22498,1,MKLBL
user_12787,1,ZINU
user_31203,2,SG|TSLA
user_21907,1,PAYS|STZ
user_27077,1,AMDTH
user_34172,1,THEY
user_32177,4,FTMSA|METX|MSFT|PG
user_27404,1,BAHUG|PGNET
user_24512,1,STHE
user_22335,1,GANG
user_24311,1,POSH|RNGR
user_19686,1,LANC|UNF
user_31866,1,RUX
user_862,2,FBAT|SP|ZMGAN
user_2683,1,SBSW
user_9057,1,COMB|EIDO
user_18134,1,LMNDD
user_31271,5,AAPLQ|AIZ|AVGOT|BESIY|CYBR|GLNG|VISHA|WM
user_6722,1,FCXWA|SCHW
user_14704,2,AMDEA|LKMEX|NIO
user_635,2,BATT|CEIX|IFNNY|PXD
user_4427,2,MSTRH|TSM
user_7303,1,AFL
user_751,2,ILPT|META
user_6570,1,HDTHE|JAMF
user_12350,1,MRKFR
user_13049,1,CLVT
user_8295,2,DIS|SLAB|VSUPE
user_20518,4,CPI|TSLA|TSM|VZREI
user_30116,1,PLTRA
user_1170,1,CACC|CE
user_7255,1,ASX|RBLXH
user_29783,1,JCI|KRALL
user_8971,2,AMD|APRN|RWTR
user_29768,1,BEWI|NIOPU
user_17216,1,MAGT
user_16490,1,SLB
user_18891,1,SBUXJ
user_24919,2,BX|SIGA
user_13871,1,GPNBA|SYTA
user_1668,1,CHK|UKOIL
user_14319,1,DKNGD
user_24185,1,NFLXL
user_6545,1,ALPP|TBPH
user_520,1,BIG|VXAPL
user_34185,1,CYN
user_26817,1,DDOG
user_32734,2,BEEB|CLFAN|DIS
user_18019,2,NKEFE|PYPL|TWTRH
user_10416,4,AEMD|AGL|CARA|DVA|METX|NIO
user_33130,2,ARE|DRI|PG
user_5523,1,JUNGL|VXX
user_11140,1,CCXI|TRTN
user_27496,1,LECX
user_14059,1,HXL|SYY
user_1906,1,RS
user_14404,2,GOOG|OLPX|ROKUG
user_7154,1,KEY
user_29586,2,FBTHE|TSM
user_25275,1,CUBI|GOOGT
user_171,1,BABAC
user_33544,1,DEGEN
user_2955,1,CELHM
user_13739,2,CPRI|TSLA
user_9142,2,ENPH|MS|NOWTH
user_9451,1,APPSA
user_24233,1,SGH
user_6682,1,SPLK
user_32012,1,SQSPO
user_27847,1,COTYA
user_26217,1,EGLX|NFLXS
user_7783,1,KYNC
user_4966,1,CARR|TSMHT
user_19197,1,GMEZO|SLB
user_38,1,ANGH|ELS
user_28209,1,SSTLE
user_15732,1,COINW|PUBMA
user_33002,1,GWRE|SGML
user_623,1,SBFM|SPYLO
user_27262,1,PRCT|QQQM
user_9618,1,LCIDS
user_6826,1,KIBA|RAYVR
user_29727,1,LIND
user_11355,1,AVCT|PLTRI
user_18478,1,IPGP|RYH
user_30451,2,AMZN|PPG
user_17335,1,JPY
user_14979,2,INTC|OAS|ONEX
user_29299,1,GGG|GINUX
user_30345,1,BTCBE
user_13924,1,WMTHO
user_1474,3,ALBT|PG|SPYBO|VALE|VO
user_5391,1,LINK
user_8821,1,RYANH
user_370,2,BTCSQ|XPEV
user_24464,1,ALNY
user_18016,1,CVANA
user_6947,1,LCIDW|NKEMO
user_15036,1,JNJTO
user_29421,1,GOGO
user_29444,2,MQTHI|WPCWH
user_2751,1,KRTX|SHW
user_4101,1,ADA|LGVN
user_22518,1,SNV|WEAT
user_27462,1,BKE
user_780,1,HRB
user_380,2,CRM|ETHIN|KNBE
user_20246,6,AVID|BXDAN|CNC|EWZ|FIVE|FTAI|GOEV|LSXMA|NSC|UAMY
user_26463,1,MBUU|RICK
user_3135,1,NTCT|OLO
user_19332,14,AMD|BEKE|BTCBE|CTVA|DISDR|DISWA|FBTWI|FVRRO|PATK|PHM|PSNL|SBUXJ|SNDL|SPIRI|TR|TRTN|TSMPE|UNHEX|VGK|VISM|XOMBU|ZII
user_22700,2,BX|BYDI
user_5194,1,ALICE|HKD
user_24880,2,MSFT|TSM
user_27352,1,AMCLO
user_8726,1,NLST
user_21917,1,KRTX
user_3062,2,PI|PYPL
user_13849,2,BETZ|HONRE|IBM
user_2743,1,EQB
user_8741,1,AVID
user_18755,1,PAASH
user_33028,2,AMDMY|ZS
user_2745,2,KO|LOWWH
user_32607,2,BRKS|IJH|NIOGO|TR
user_25850,1,EMB
user_19607,1,CDLX
user_13465,3,HEI|META|TSLA
user_7251,1,GLD
user_21967,1,DDOG
user_7138,1,AAPLA|CRTX
user_19781,3,ASLN|COST|UMANY|VFIAX
user_11602,1,BMYHI
user_26919,2,INTC|SMOG
user_30528,2,C|MMMRE|OWUV
user_11748,2,ABTIN|VIOT
user_21009,1,NIOBU|ZPAY
user_27112,1,FAZE
user_2302,1,PANR|SMAR
user_32296,2,EXLS|HXL|LBC
user_15770,1,LCTHU|XRT
user_12837,1,AXU|MATLO
user_1685,2,MSFT|PFEFR|RBLXC
user_22780,1,PLAB|SCL
user_32882,1,KRL
user_27699,1,ABBVB|GLXY
user_18698,1,EGRNF|NSRGY
user_22032,1,TRV
user_12566,2,BAYC|ENPH|GRUB
user_22072,1,ABNBC
user_19846,6,CLBT|FBJUS|FBTUE|FSUGY|HCA|ISPO|SYA|UAVS|WEAT
user_3623,1,LMNDD|SABR
user_29657,2,ASOL|DISFO|OWUV
user_3610,2,AXP|CNSWF|SIRI
user_15629,3,CRM|JPMFE|VOOAD|WYNNG
user_699,1,NEEFO|RRR
user_8812,1,LANC
user_22181,1,AAPDS
user_5224,2,CHWY|MAFAC|SPGGR
user_1882,1,NXTD
user_7739,2,CPG|DGEO|ONCT
user_25482,1,MSFTP
user_17279,2,ADTX|NOC|QSSOF
user_17097,1,CRMDE
user_20834,1,FLWS|FTMSA
user_30633,1,SPCET
user_24470,1,DVN
user_5997,2,BTF|TM|VUZIE
user_23518,1,BIDUE
user_33842,1,NVVE
user_11469,1,SNY
user_17370,1,VMW
user_24928,1,ZSDAT
user_2591,1,MDLZC
user_1226,1,FSLRS
user_33668,1,O|PTLO
user_33183,1,BND|SYS
user_7596,1,METAN
user_25984,2,ARRK|ATVIA|DXT|RLX
user_11786,2,ENZC|LUNC|NDXIT
user_17699,3,CFLT|CNICH|ENPHG|FBETH|UPSWE
user_32463,1,EFA|TSLAE
user_11966,1,FBWIL
user_23405,1,MIOTA|NFLXJ
user_22839,1,CLF
user_24829,1,AAPLE|TDOCH
user_22893,3,CWH|DOV|MOD
user_18635,1,MDIA
user_6528,1,ANET
user_21471,1,ELY
user_1358,1,BAX|RSSS
user_14859,7,AMT|AMZNC|ATYCA|BTCBR|CI|CVS|MEX|REXR|SFOR|SGAM|TTC|VIR
user_13558,1,LUMN|MSCI
user_13729,2,MGA|PAYS|SKW
user_4544,2,AMCRE|JKS|SCHV
user_25861,1,HQY
user_2773,2,ATEYY|BTCNE|TREX
user_30010,2,AAON|NOC|WRBYD
user_12119,2,AMPG|AXSM
user_17256,1,CURI
user_5001,1,AMDLE|VCOME
user_33370,2,CISO|GOOG|LUV
user_769,3,ILST|ISIG|JBLU|LTHMP|XPEV
user_30167,1,COO|SASR
user_7177,1,DISQ|NXTD
user_6625,4,AMZN|BA|SEAND|XRX
user_13813,1,BILI|SPELL
user_32409,3,AMZN|APH|CRM|TWITH|XLFSP
user_4260,1,ACLS|HBAR
user_28185,1,PAYC|SHUEY
user_17113,1,DUK|UHOPE
user_27530,1,FBBY|SPYYO
user_12012,3,COINP|FUBOI|LIN|MSTRW|MYNAN
user_7499,1,LLY|UOS
user_18229,1,AMZNA|NIOLE
user_30,2,BYDDF|LINK|SGHC
user_20253,1,LSPD
user_24328,1,XMR
user_21781,1,QQQM|SAVAA
user_34088,1,LOWSE|VDADX
user_1615,1,EMBRA|XRT
user_11025,1,ICL|SRG
user_10313,3,AMZNU|GGG|KO|NIO
user_15896,1,BSMFA
user_18872,2,AMCRE|MST|NFLXA
user_4286,1,NVDAA
user_13954,2,CRM|UPSWE|X
user_7476,1,IONS
user_2408,1,DPSI|MSFTC
user_24403,3,AAPL|AMD|BEKE|CBOE
user_6854,1,GOOG|SNOWC
user_31818,3,ABNBO|AMD|AMZA|FROG
user_21639,1,NIOHT|VO
user_33705,1,SNDX
user_15549,1,AAPLN
user_15258,2,BN|NFLXA|PRTY
user_3941,1,RACEH
user_10099,1,WORK
user_34000,1,CHL
user_30847,1,BXHTT|IRM
user_25872,5,FISV|HDAPR|PYPL|SFTBY|SKX|TLTHT|TLTSH|VCAR
user_32118,1,NKEC|ZSLET
user_7274,1,ALBT|MSFTR
user_26803,1,NOVO|TWTRI
user_33239,1,LTHMP
user_33128,2,GOOG|VFC
user_1038,1,JNJTO|MRVL
user_21848,2,KO|NCR
user_9531,2,F|JNJ|XLE
user_575,1,INTCM|RH
user_21731,1,BABEA|RBLXL
user_32269,1,ENDP|FUBOI
user_4478,1,CARV|NLS
user_17140,1,LYB
user_26603,6,BILL|FBINN|FBTWI|IGU|JNJ|MMMAP|MSTF|PDDAN|XOMHE
user_3971,1,KOPN
user_19821,1,BOX|SAIC
user_17264,9,AAPL|ABNBM|CLX|GMED|HOG|MATLO|NOL|SCHL|SKLZF|SPOT|TSME|VNQ|WMTCO|WRK|XBI
user_5742,1,DVAX
user_16383,1,TGTNO|UTHR
user_15528,1,APE
user_31108,2,AMZNR|COSTJ|HAS
user_20220,1,BILLI|PPSI
user_9254,1,K
user_14772,1,CWEB|NVDA
user_3036,2,BX|GLXY
user_26117,1,COM|PRX
user_18011,1,RGLS|X
user_23574,2,GREEN|PG
user_2443,2,INFY|PYPL
user_33038,1,PDDAN|SCHDT
user_30156,1,HDCHI
user_14742,1,EPS|MSOS
user_11361,1,FSV|ZC
user_5807,1,MOGRO|PYPLS
user_23021,2,ATYNO|EVVTY|HOODM
user_25370,2,BTCSQ|DIS|ZOO
user_33743,1,HTR|OPCH
user_21684,1,SM
user_20168,1,WCLD
user_15143,1,HBAN|PAAS
user_19892,1,BACMO|WKHS
user_5761,1,GILD|ZSTIE
user_16776,2,FEG|MMM|TRV
user_18618,2,META|SOFIN
user_5788,1,UOG
user_9157,2,BABAU|EXEL|WTER
user_11751,1,TONR|TSLAG
user_33288,1,AUPH|INSG
user_21996,1,NFLXA
user_5725,1,ERIC|TSLS
user_24959,1,LUMN|MRNA
user_5779,1,BODY|SBNY
user_23769,2,CRWDD|MSFT|UXINC
user_24534,1,COTY|MAGT
user_8139,1,TTDEV|VLE
user_13775,1,MNMD|OLO
user_5747,2,AAPLS|BOXD|NIO
user_8048,1,ABTWH|DNA
user_19205,1,EDMAT
user_31679,1,ETHSE
user_19174,1,JNJ|PYPL
user_14870,3,CLBT|GM|NVTA|RBLXW|UVV
user_6552,1,APPS|RYE
user_12250,1,ASTR|XOMRE
user_24273,1,ALGM|CNQ
user_15073,1,EPAZ
user_25413,2,MSFT|PACW|PALL
user_5780,2,ADA|OSK|SU
user_17238,1,MUNIK|TSRI
user_5764,1,OSMO
user_14938,1,MS
user_3839,1,FBTHE|UPSTE
user_5611,1,ACON|TSLAV
user_23608,1,WKR|XOMBU
user_17874,1,ULET
user_6819,2,CVE|NIO|SHOPH
user_5999,2,GOOG|MSFTA
user_20474,1,NFLXI
user_5900,1,COVID|USAP
user_16457,3,BTCUS|TAN|UUUU|VET
user_9642,2,DUK|WELT
user_15722,1,TWTR
user_12136,2,BA|SOFIS|UTHR
user_9966,1,EA
user_16539,1,DISFI
user_8437,1,TENB
user_26143,1,BABYC|TWTRH
user_5026,1,FCXWA
user_30927,1,RGBP
user_13978,1,NSANY|TEVA
user_26429,1,SHV
user_29205,1,FBLAS
user_9822,2,MSFT|TLTNE
user_3924,1,RMBS
user_31414,1,BABEA
user_5954,3,BLK|CSCOA|LPTX|MRK|QRTEA
user_32260,1,DFS|RIDE
user_24510,1,CNQ|MUDRO
user_4201,1,RS|TIP
user_27261,1,XOMWE
user_5927,1,ABNBM|SHOP
user_1386,1,CACCB
user_13923,1,CRMDE
user_28322,1,TH
user_15840,1,IR
user_1175,1,NBIX|STLA
user_32309,1,AMDAP
user_22655,1,CRNC
user_19912,1,NDAQ
user_28938,1,GMED
user_17937,1,IWMKE|MP
user_22467,1,CHWYN|VNOMW
user_24964,2,DRVN|HSCS|TSLA
user_10520,1,ENJ
user_31254,1,PARAH|SPYTE
user_12094,2,ACLS|MSFT|RNDR
user_26300,1,ARE
user_6547,1,FMCB|IBM
user_30768,1,CHWY|DISCO
user_23747,1,ISRG|MDIA
user_3763,3,AMD|BLOCK|DIS|VWEDN
user_16507,1,BBIOW|DOCNA
user_25171,1,VYGVF
user_13547,1,AMR
user_21169,4,BURL|CAH|HCSG|MOB|SWCH
user_12007,1,APPSA
user_10884,1,NXP|PURR
user_13637,1,ABMD|DISDR
user_30480,1,PTONY
user_15961,1,COSTM|SABR
user_9823,1,GGPIH
user_16416,1,MA
user_27524,1,L
user_23548,1,UKOIL
user_3524,2,AAPLP|BJ|BNS|XL
user_20133,1,AAP|SPYTE
user_29735,1,METAE
user_21884,1,AVEO|TEVA
user_15283,1,GRAB|MYOV
user_18267,1,CRWDW|OPRX
user_6520,1,GHC|MTTR
user_22589,1,BFRI|SPYNA
user_28019,1,ROKUO
user_23631,1,HALO|SRTS
user_11074,1,KXA|ROKUO
user_27236,1,FET
user_13331,1,AMAT|BG
user_29723,2,BA|STX
user_6014,2,BBIGC|MSM|ZS
user_1001,1,LEVI|NCTY
user_3977,2,INTC|MCHP|VGROW
user_28217,1,NIOAL
user_11647,1,RYANH
user_23976,2,BABYD|CRM|FSM
user_9456,1,BTCNI
user_10055,1,SONM
user_2793,1,IMPP|PAAS
user_7469,1,FI
user_13750,1,RNGR
user_28734,2,AMX|BEKE|NOC
user_14822,1,ABNBC
user_28428,1,AZZ|WYNNW
user_24913,1,ENSC|SXTC
user_26860,1,SDC|SQHOP
user_5697,1,NVCR
user_18540,1,QCOMR
user_29915,2,FBULL|PSTG|TTDEV
user_25337,1,CRWDS
user_29912,1,DDOGC|XLU
user_2870,1,CHGGT
user_5375,1,LSI|SKX
user_11985,1,CRXT
user_14819,1,GBTC|SODER
user_27187,1,KDNY|UNG
user_29344,2,BTC|QNTJU
user_29343,1,LMTUT|VXXJU
user_29342,1,FOUR
user_29341,1,ASOFU
user_30743,1,BTCMI
user_29340,1,NKEWA
user_29339,2,DIS|FICO|LLY
user_29338,2,BILLI|ZS
user_1060,1,QQQSH|SPCE
user_5574,1,CVNAT
user_25013,1,NUPAT
user_12510,1,UNG
user_23690,30,ABBVT|AMBA|APVO|BBIG|BBRY|BBWI|BGS|BNTX|BOUV|BTUSO|CEI|CHHFI|COSTC|CRMPR|DKS|DXC|EVVTY|FBREB|FBWHA|FMBI|FXI|GDYN|GEF|HT|KODK|LOOKS|MULN|NIOCL|NOVO|PDSB|PTON|PTONB|PYPLB|QCOMJ|SHW|SMIC|SPYTH|TEL|TROWW|UCYBE|USNA|WMG|XLI|XMR|XON|ZSCHA
user_3480,1,IRBT|KRSOL
user_20669,1,PAGS
user_3081,1,DDD|LQD
user_2937,1,KLO
user_4345,1,RWLK
user_21133,2,EPS|HDHEA|RSSS
user_8622,3,ALLPE|DDOG|GOOGH|ITCI|MSFTO|TSLAM
user_22875,3,BKLN|BRKSO|CRM|MUTOD
user_16765,2,AMDSE|FBNOT|UOWN
user_23858,1,COMP|TSLAM
user_25601,2,AMD|RHCLO
user_21829,1,ARCCA|BOFA
user_23323,2,CHE|NIO|NUPAT
user_23998,1,BTCBE
user_25273,1,KDA
user_32538,3,AIT|FBPUS|IOTA|JNJPA|NIOTH
user_29978,2,CPRI|JPMFE|VZ
user_176,1,ETHSH|VLOSS
user_22607,1,CATLO|QQQPR
user_20833,1,SOLPL|VEU
user_2541,2,APAM|OSK|ZS
user_27276,1,CGCO
user_7982,1,ABCB
user_2308,1,CVXI
user_22068,1,TXNRA
user_21785,1,XRX
user_29616,2,HXL|QQQHT|XOMNO
user_26189,1,ANSS
user_22585,1,BTU
user_1751,1,MGNIL
user_24432,1,HSY
user_17319,1,D|SBUXW
user_15349,1,NASDA
user_11852,2,BEETS|HDAPR
user_16219,1,IPGP
user_24138,1,TLRY|WSO
user_10791,1,SHIB|SPCE
user_12940,2,MMMRE|PGJ|YOU
user_12924,2,CHE|XPEV
user_12826,1,OLED
user_13688,2,DOGE|META
user_2230,1,HRL
user_6226,1,BILLI|FBBIT
user_30875,1,BYD|JNJRE
user_22946,1,ILAG
user_861,1,PENNN
user_19299,1,ILPT|RMBS
user_14369,1,VYMDI
user_5079,1,BIGC
user_18525,1,LMNOP
user_27802,2,KBH|NOC|ROKUH
user_18468,2,INTC|XLNX
user_1845,5,AVLR|CSCOI|FBLAM|FBROO|GNRC|NIO|PAHC
user_24677,1,AAPLP
user_3964,1,AAPLQ
user_25108,3,CLVS|CSCO|MSFT|TRT|UBSMO|VFINT
user_16239,2,GMS|SPLV
user_25429,2,NIOCL|OPRA
user_26030,1,HTOO|NVTA
user_16247,4,AMZNG|FNKO|HLF|S
user_9192,1,XOMDI
user_30318,3,KHC|LVMHS|RIO|TXT
user_4649,1,CRNCB|FUN
user_22249,1,BIIB|LSI
user_13959,2,AIRS|KO|ROKUS
user_31288,1,BRN
user_4762,2,BWV|KO|SONY
user_8517,1,SMCI|ULTA
user_9747,1,KONOV|MTD
user_20865,1,MSGE
user_5652,1,DE|RUSHA
user_587,2,ABR|BA|SQHTT
user_13059,2,AMZA|FBH|WISHW
user_9415,1,SRG|ZMBEA
user_25988,2,BOUV|DIS|UFO
user_7732,1,NOKBR
user_4724,1,MMM
user_9515,1,TLRY
user_1807,1,RR
user_19478,1,ACO|KNEBV
user_31028,1,DKNGD|SBUXW
user_22854,3,COTI|DRVN|FND|GANG|HBAR
user_6711,2,AAPLL|META|MSTR
user_5243,1,VINCI
user_3254,1,LCIDW
user_30923,1,ADAP|CBSH
user_12718,3,COTI|CROX|DISCK|MKSI|PHMAF
user_12872,1,NEO
user_19675,1,AAPLQ|CRVS
user_5390,2,HES|TSLA|ZSHED
user_16263,3,AMD|COTI|PSFE|SAVG
user_3204,1,BANA
user_33354,1,JNJ
user_22968,1,FRSX|PHM
user_21619,1,ATKR|MMMOW
user_15204,2,BA|MKSI|NIO
user_28269,1,HCM
user_29388,1,FCEL|IMX
user_10012,5,FNGU|FRPHC|KO|MUGRO|NFLXP|WMG
user_21728,1,RIVN
user_688,1,COM|FOUR
user_16581,1,PYPLP|TTE
user_16466,4,DRVN|FANG|S|SHCR|SJR|TSLAG|ZG
user_9210,2,AAPL|FBGAM
user_33891,2,AXIES|BAM|SPYTH
user_25838,2,AKRO|DISFI|MSFTS|PDSB
user_11099,1,FTCH|NIOA
user_323,2,AAPL|COST
user_6752,2,SILVE|ZS
user_14689,2,BBY|GOOGD|SPWR
user_30526,2,ARLP|ETSY|MNDT|NETL
user_13291,1,SFIO
user_15095,1,ARCCA|HEINY
user_33009,1,MPWAL
user_6484,1,DGII|VEEVI
user_28790,5,BGS|CLFAN|CODX|INTC|MA|XON
user_7593,1,CBIO
user_16982,1,AD|ZTS
user_5080,2,BKCC|GOLD|SGH|TWTRI
user_13257,2,LUXE|TTDCH|YGG
user_18620,2,ATVI|MSFT|STBA
user_32568,1,FFIV
user_18753,2,SHW|SO|UPWKW
user_4990,1,CLVS
user_30123,2,BAC|GC|HBAN|WPM
user_603,1,SFT
user_24338,1,MCDMI
user_16949,3,CELHE|FMCB|INM|JNJOC|UPSTC
user_9749,1,NIOWH|SXTC
user_26954,2,COSTM|MKTX|VIG
user_31742,5,AERC|AIT|DRVN|FBHER|JOBY|RVPH|TOI
user_16412,2,AGRI|FOX|TSLA
user_28183,1,INFQ
user_21296,1,PTONJ
user_31756,1,SRTS|TROW
user_8549,6,ABNBH|AMLX|APRN|FMBI|STAG|TLSA|USD|UXINC|VRTX
user_16927,1,CVXUT|EGLXO
user_7464,1,QQQHT
user_7669,1,INFY
user_20699,2,AEHR|SIX
user_32849,1,LWLGE|RYTM
user_28695,1,JNJHI|MOMAY
user_26617,2,BX|IRMAD|PM
user_8636,4,AMD|CELZ|HIPO|HOOD|LKND|ONDS
user_14893,3,DFS|IMCC|NOC|PYPL
user_7037,1,NOCPH|SHOP
user_23726,1,AMDQ|NVDAT
user_3946,1,OIL
user_1839,1,FDX
user_14238,1,BLK|LIDR
user_23607,1,QQQPR
user_13276,1,BBIG|DWACW
user_30422,1,BTUSO
user_25056,1,LUCID
user_7315,5,BOKF|BX|CAR|NTFX|NUTX|TSMPE|WTRH
user_11231,1,ESCA
user_17991,1,BRUSH|CTT
user_20316,3,LIB|MTD|NETIT|PAVM|ROKUO
user_7194,2,ADA|ADP|QBTS|XLIGR
user_2051,1,SNAP
user_26965,2,PG|PGTEC|SONM
user_34178,1,ALL|OGI
user_2922,1,IAC
user_9367,1,QQQHU
user_13690,1,CHHFI
user_17941,1,PLTR|PYPLP
user_2095,1,SU
user_16967,1,HIBB
user_17420,1,COP|GSG
user_1524,1,HSBC|TCOM
user_8182,1,SM
user_8306,1,GMBL|RDIB
user_25677,1,OXYBO
user_18733,2,ATCO|VZDEC
user_20065,2,KLO|PYPL|SHPH
user_11889,1,BYDDY|CWST
user_8118,1,AMT
user_15422,2,MPWAL|STLD|TXG|WSM
user_647,1,VYGR
user_4102,2,CHRW|LVS|PG
user_9284,1,NEM|TMHC
user_25649,1,DMYQ|NKEMO
user_17378,1,LILM
user_9440,1,NEX|QQQHU
user_20116,1,DNUT
user_32187,1,SHELL|XLU
user_26565,1,GOCO|MNDY
user_23471,1,HYZN|USBSO
user_29406,1,UVIA|WES
user_2277,1,DMTK
user_5021,1,NUTX
user_18964,2,AMZN|CASTI|DEO
user_9342,1,ZSLET
user_2971,2,COINP|FOOD|MSTRH|TNR
user_28543,1,TSLAT
user_9776,2,AURA|SEAC|SKWS|YY
user_10586,1,VUZIE
user_9979,2,GMSOL|TSLA
user_25031,1,DAL
user_5430,1,GDDY
user_10504,1,ADSKG|HD
user_28352,1,SPYYO|VRPX
user_3230,1,PAASH
user_16876,1,SBUXB
user_5669,1,ATEYY|TIME
user_3108,1,ABBVM
user_12708,2,ENPH|KODI
user_28735,1,BOUV
user_4412,1,SPA
user_15507,1,BRCC
user_9222,1,CMRX|UDIGI
user_15027,1,EVO|ILST
user_11562,1,MSCI|ONTO
user_29102,1,FBNOT
user_11856,3,DCI|ELS|FBZOO|HSCS|HXSCL
user_11906,2,QQQPR|XPEV
user_7833,1,KIM
user_18438,1,SNOA
user_26315,1,FBEVE|WLL
user_9613,1,BNTX|QFIN
user_7006,2,PBT|ZS
user_13043,1,TLRY
user_21171,1,TSLH
user_11383,1,APRN
user_6742,2,DAVE|ENPH|RDIB
user_489,1,AMBAC|WTRH
user_16706,1,ANET
user_31217,2,PYPL|RCAT|XPEV
user_27860,1,MGNI|SIOX
user_2287,2,GWH|PG
user_31843,1,USFD|YOLO
user_31709,1,LEVI|MDLZC
user_12409,2,KO|NFLXN|TISI
user_11080,1,RSKD|SPX
user_28116,1,KOMCD|PLAN
user_32552,1,PAAS
user_24826,2,DKNGZ|OLPX|STLA|YCBD
user_14304,1,AMCR|EFA
user_3666,1,RAIN
user_4137,1,AURY|SFTBY
user_8274,1,LNG
user_23420,1,NVDIA
user_23894,1,PNR
user_20937,2,BOA|CIEN|ENPH
user_32278,2,HRZN|MSFT|TZOOT
user_30107,2,VSAT|ZS
user_2543,1,LVSTH
user_32902,1,AEP|VIG
user_19361,2,AMDCU|NFLXQ|SPCET
user_22240,1,BBWI|NETSO
user_14739,3,CKS|FLUXI|NTCT|ROP|SWX
user_5385,1,PETS
user_27068,1,AMDBU
user_15948,1,ATVIB
user_11433,1,UPSTH
user_10773,1,MGNII|NVIV
user_15727,1,LCID
user_8331,1,POWI|SPCE
user_4213,1,PHM|VOOAD
user_29986,1,UVV|VMOHN
user_9982,1,BURL
user_20928,1,AAPLR|TESLA
user_9433,1,SPGI
user_12272,1,GNUS
user_18785,1,WBER
user_25659,1,SWMA
user_27179,1,POWR
user_21417,3,B|CRM|NOC|ONCHA
user_9097,2,DOOG|F
user_9986,2,FBCOM|TCON
user_28228,1,BYDDY|TPH
user_26036,1,APPH|TNXP
user_24136,1,FBCOM|RBLXS
user_23508,1,SARK
user_21118,1,SYTA|TSLQ
user_24433,1,CHKPB|TSLAE
user_34142,1,OWUV
user_12658,2,INFQ|KO|SU
user_14358,2,BILL|NXM
user_25568,2,MOGRO|PARAH|VZ
user_11288,1,GFAI
user_26447,3,AXSM|ENJ|ERIC|FBTUE|NFLXP|STAG
user_23290,1,FBBEA
user_32532,1,LPTX
user_18340,1,EXPI|KOSS
user_2369,1,CRWDS|SAITA
user_18995,1,WSM
user_2396,3,GDDY|MA|MSFT|VCOCA
user_32804,3,CWH|DISWA|F|GFSCH
user_2854,1,PURR
user_5647,1,BOA
user_29179,1,CXW
user_8608,1,MIME|PPC
user_5379,2,ALLY|LCX|MSFTT|SGMS
user_18601,1,RBLXS
user_933,2,ASTS|ZSWHA
user_17491,3,BOND|MKC|NIO|PHIA
user_16584,3,ABBVB|GWH|SNA
user_19536,1,ERIC
user_16794,1,PATHD
user_24193,1,ABBVU
user_10807,1,VMOHN
user_10219,1,AIZ|CUBI
user_3024,1,ARCCA|POWW
user_8371,1,CLR|LIND
user_22907,1,DISCA|SPY
user_28599,1,IWM
user_29794,2,ARHS|RWLK|ZS
user_15265,2,AAVE|KO|RIOTW
user_11380,1,WKHS
user_30620,2,PYPL|SHOPC|SPPI
user_2225,1,IWMKE|MS
user_23766,1,DOCNC
user_7457,1,MTN
user_3565,1,ASMLW|INMDF
user_1261,1,HAL|MRVS
user_12073,1,ACBBO|CMA
user_19652,2,AMD|FBCHR
user_10112,1,SATL
user_23633,1,LMND|TM
user_204,1,NKEC|STAG
user_25319,1,EPRT
user_31334,1,STT|TECK
user_5695,1,JPMVA
user_27127,1,PRM|RYT
user_20945,1,CRMI|PDSB
user_879,1,BANC|RBLXS
user_21010,1,INTCT|MRVLP
user_25329,1,RUT|VGT
user_25090,1,AMZNB
user_26614,1,ATI
user_12429,1,EFX
user_8718,1,H
user_23359,1,ADI|CLF
user_21480,1,AMZNA|RBAC
user_28098,1,TTDHO
user_23495,2,BA|FITB|GNPX
user_18193,2,BLBX|PG
user_18936,1,BESIY|WMTHO
user_34306,1,CMPS|TCHEY
user_29546,1,JPMFE
user_2401,1,FFH|HFWA
user_25174,2,SST|ZIDAT|ZS
user_6471,1,JOBY
user_15503,1,AXTA|FTESL
user_27817,1,BAYC|FBTOT
user_28491,1,CBOE|MRNAW
user_31441,1,LECX
user_20567,1,MTD
user_14368,1,BG
user_20420,2,TSM|TWST
user_882,1,AFI|AI
user_14551,1,LULU|LUNC
user_4619,1,BLI|DXY
user_21586,1,ZION
user_20611,2,CME|META|QQQM
user_32657,2,NIO|OPRA
user_1565,1,ACON|SOSHT
user_10778,2,IOT|NIO|SCTY
user_22985,1,CRMGO|DIAHT
user_19289,1,AAL
user_19455,1,ARKG|OWILL
user_29435,5,APPS|GMMOR|JAZZ|NOVA|ROSE|SGMS|TSRI
user_13288,1,AIR|BRYYF
user_29405,1,ABNBM|AOSL
user_67,3,DGX|FBDOU|QSR|SPYBO|TCS
user_26006,1,BAND
user_1695,1,NOBL
user_7025,1,AMCGR
user_3916,1,BTCI
user_32893,1,WPC
user_11744,3,BX|CRO|FBCHA|NDSN|TITN
user_25313,1,SSTRE
user_8016,1,MSFTR|THMO
user_15229,1,LSPD
user_10024,3,F|HCC|SNOW|ZS
user_24223,2,DPRO|SNV|TSLA
user_17145,2,ETHAB|SMG|SPYAL
user_6895,2,ARE|BYSI|MSFT
user_3023,1,HCM|ROKUC
user_17565,2,HEINY|MSOS|QCOM|WRBYD
user_33055,2,BIL|PEB|ZS
user_11009,2,F|PCG|RYTEL
user_11461,1,BBI
user_27813,1,JACK
user_27443,1,DHR|RVLV
user_26222,1,LSCC|TMNA
user_21831,1,KAVL|SWIR
user_3818,1,FBDOU|PLDHT
user_3420,3,CTV|DM|DVA|ROKUW
user_8860,2,GOOG|QCOMT|QQQNA
user_4914,4,AEMD|AMZN|ENPH|INTC
user_18515,1,USD
user_12107,1,AERC
user_26761,1,FBCHR|VIXFO
user_7268,1,MOWHA|SU
user_17176,3,ANET|DISCA|EVH|PRVA|SHOPH
user_10011,1,NEGGI
user_8957,4,ATEYY|BAALL|BAS|CCWF|FBTHI|NIO
user_32875,1,CF
user_2942,1,BILLI|SBUXH
user_4133,1,CPRX|OTRK
user_3861,1,CDNS|CLR
user_1308,1,FET
user_2224,1,ABNB|SBNY
user_15389,2,KSPI|PT|TELL
user_19809,1,EGC|NDQ
user_21689,1,ASC
user_6891,1,NXP
user_23725,2,CMG|RELI
user_31530,1,YUM
user_1061,5,CRM|ENSC|FRPHC|GMQ|MMMHI|REV|SFIO|VMW
user_477,1,ALGO|OSTK
user_27137,1,IIPRR|USDC
user_29070,1,APDN|CCMP
user_25267,6,ACI|AKRO|COSTQ|DISCA|NFLX|NXGN|PFG|TSLAN|VFINT
user_288,1,CROX|REM
user_26374,1,MTD|PROG
user_5723,1,BULL|SNX
user_1236,1,BAX
user_8833,1,KNEBV|REV
user_9690,1,GPS|NOCPH
user_3799,1,ASAN|MSFTA
user_17710,1,BBAI|WISHT
user_10251,3,EPSIL|MKLIN|NFG|QCOM|VIG
user_8065,1,ILUS|MTCH
user_31601,1,DAVE|TALI
user_17360,1,FET|SGH
user_68,1,HUYA|WEBR
user_33109,1,ENSC
user_26436,2,F|NETIT|PG
user_6155,1,SBSW|ZSWHA
user_2161,1,RR
user_1613,1,PTONW
user_13243,1,BODY|CYN
user_8742,1,ATYNO|CNSWF
user_22774,1,LOVEL
user_19444,2,FBLIK|GIS|XPEV
user_23821,1,AOS|TRVN
user_12528,1,TCEHY
user_19039,1,DPLS|GEGI
user_8926,1,CDAY
user_30673,1,NVCR
user_29710,2,CRM|WGOTH
user_14640,2,KO|LESL
user_33384,1,SNOWI
user_10275,2,AMP|PHRRF|TLA
user_34133,2,MCDGA|PLTRC|SMLR
user_31371,1,BILI
user_4937,1,BAP
user_16352,1,PRU
user_10770,1,AMDMY|MRKFR
user_1018,2,BYD|GRWG
user_7310,1,BVXV
user_12127,1,PDDI
user_18153,2,COINY|NFG
user_26678,2,FBTHE|FINV|MCDEU|TNET
user_27768,1,BULL|NEGG
user_20504,1,WAFD
user_17474,1,TGTTE|XPEVS
user_30034,2,ELY|ETHAB|MTTR
user_4217,2,PNC|TSLA
user_9126,1,S|YM
user_3305,1,ACMR|URBN
user_24747,1,JPMHT
user_33945,4,GLNG|NVDA|STORF|VBUYS|XOP|ZMBEA
user_8198,1,LLYSH|SPYIF
user_18829,1,LMND
user_19293,1,SQALI
user_5517,1,LUNC
user_1634,1,NIM
user_2739,2,DPRO|LSPD|OI|WEBR
user_31007,1,AMDCE|HBAN
user_9200,2,CUBE|NFLX
user_30133,3,BTUSO|MSTRG|QQW|VRT|VWEWA
user_14297,2,AMDPO|MIOTA|SOPA|ZM
user_11018,1,IBB|PKG
user_18687,2,BOXD|HONHI|VWHAT|ZBRA
user_23904,3,KLAC|LCIDW|NFLXH|NNOXH|OAS
user_8417,1,FUBO|WBER
user_27111,2,CMGMC|NIO
user_23031,2,AFRMD|VZ
user_11567,1,NTFX
user_8751,1,FTMSA|TNET
user_16053,2,DIS|FNF|PPG
user_29320,1,ROKUS
user_886,2,CBSH|ZS
user_33638,1,MODIV
user_30042,1,BFRI|EXLS
user_28965,1,LYB
user_11249,1,ARLP|BND
user_24751,1,ANTM
user_22719,1,DOCNS|GGR
user_20854,1,ALC|CRSP
user_5874,1,CEG
user_15648,1,ADTN
user_20936,2,BA|NIOGR
user_95,1,ASML
user_32781,4,BMO|COSTD|EPRT|IT|MMMOW|QQQAN|VOLT
user_31439,4,BABAU|BATT|CSOUR|GOGO|NIOS|VXX
user_12465,4,GGPI|HOG|ISPC|KRSOL|SUMO|SXTAN
user_21456,3,ADTX|AMCLE|QCOM|SHOPC
user_17052,3,ITW|QNT|RGTI|XPEV
user_32045,3,BBIO|BPH|DGRO|ETHCY|RELI
user_21152,3,EXP|KKR|PAG|VCOCA
user_21539,3,APPSC|BMO|DVN|KOTHE|LKE|LTC
user_30939,3,CHKP|RDSA|SEA|WFCBO
user_32049,8,AYX|CHNG|CXW|EFA|EVH|HTR|IMRN|LRCX|LSCC|SABR|SWBK|THEY|TSLAM|TSP|ZSDAT
user_2582,3,ABBVB|COSTM|ESS|HOSKY|HXL|VYMDI
user_17354,3,ADM|CHPT|DISQ|SKLZF|XRT
user_5366,3,BTCBR|KMX|MELI|SEV
user_23642,4,EPIK|F|FSM|GWH|PM|PSLV|VISIO
user_24528,3,ENPH|MVVYF|PYPL|SEMER
user_6031,2,GWW|NOC
user_14202,2,KLAC|TIVC
user_24125,1,NTFX|SHOP
user_22472,1,KBR|SFOR
user_14481,2,DLRMO|EQNR|FBBIT
user_21115,2,JNPR|NOC|ZIL
user_29084,2,NFLXS|OTTR|XPEV
user_21117,1,EGLXI
user_30658,1,CCXI
user_14567,1,AGNC|AMCRE
user_10712,1,NVDAC
user_31428,2,AMCFU|BKH|SHOPC
user_7530,2,ABB|DXYHT|PG
user_24276,2,BX|CTRA|ORK
user_868,1,BOUV|DHI
user_8662,1,HCA
user_21101,1,SHV
user_25070,2,BRKSO|NOC
user_7433,2,AMZN|TREX|YCBD
user_3677,1,COHU|RCLWI
user_29590,1,GOCO|MCRT
user_6525,1,HAFC|SNOWE
user_31965,1,AFI|COSTI
user_26379,1,ALTO
user_23028,5,CMI|DISCO|GMT|IBEX|RCLWI|SONY
user_23306,1,CLFAN|IWMMO
user_4288,2,GOOGS|ONCHA
user_31678,1,COSTQ
user_33500,2,SPGGR|TXNWH|WMTSQ
user_17072,1,MJ|RMD
user_4314,1,CTVA|SAP
user_1228,1,COUP|SJW
user_27793,1,MSM
user_7363,1,MCHP
user_22668,2,AAPL|EGHT|ZDROP
user_22265,1,LSPD|TDOCA
user_21895,2,HCSG|MREO|USDP
user_10750,1,BABA
user_32242,1,PRFT
user_29293,1,CF
user_1791,2,F|PPLT
user_14861,2,BODYN|HEC|INTL
user_32462,2,MGNIO|NIO|ZOO
user_3066,1,OPRX
user_14910,2,INTC|YUMC
user_24351,2,CACCB|IVV
user_28205,1,JD|VZJUN
user_17485,1,MP
user_33806,3,MSFTO|RCLWI|UNG
user_8768,1,SAVA|TWTRB
user_22481,2,PG|VMC|ZIDAT
user_1390,1,CATLO|MSM
user_20015,1,FBREM|PGJ
user_8690,1,HOODT
user_19739,2,CME|DISCH|NFLX
user_14875,3,HRI|IWO|RGLS|SARK
user_12384,1,AUR|TSLAY
user_19916,1,ABCL|SOL
user_17007,3,BROS|HCC|PHUN
user_23626,1,ISPC|QCOMJ
user_27338,1,TAN
user_27320,2,AMATW|BA|VUZI
user_29688,1,FBDAI|NASA
user_858,1,SOFIB
user_1996,1,FLET
user_26181,2,AMDCU|RPRXB|SAITO
user_24415,1,LKND|REXR
user_21330,2,CRM|SPYOP|WRK
user_14187,2,FANH|META
user_6434,1,RAYVR
user_12651,1,TDOCH|ZMPAR
user_21188,1,GPC
user_18372,1,JNJRE
user_31189,1,RR
user_32746,1,CFG|ZSREV
user_31664,3,ARMK|STRON|TSLAO|UPWKW
user_29933,1,VTNR
user_21070,4,CPRI|IMPP|NKENV|PATK|PHM|XOMDO
user_26725,1,WYNN
user_10315,2,TLO|UPSTM|ZS
user_2395,1,GMEON
user_30295,3,CDLR|CE|MXC|SOUN|UA
user_20343,1,APPL|MYNAN
user_22023,1,DPLS|PARAS
user_21980,2,COST|INTCI
user_24722,1,SAVE
user_16653,1,TTDCH
user_13212,2,ORCLA|SEMER|WEBRW
user_6769,4,AAPL|CRNC|IDEX|LOW|PBIO|XOM
user_16659,1,BTCNI|CNS
user_5818,1,ADYEY|RGS
user_32171,1,HOODI|PL
user_21658,2,BABAW|NIO
user_27392,2,POWI|XPEV
user_33711,1,FBEVE|UDR
user_19374,1,QCOMH
user_5225,2,EQT|MSFT
user_29316,8,ALGO|ANET|BILI|CMI|EPD|GMEZO|MMF|RDBX|RDS|SHUEY|VIG|ZIL
user_20766,1,CHF
user_2784,1,VRT
user_10611,2,EURUS|MNDY|SGMS
user_15709,2,ENBFO|MDB
user_8953,1,NFLXR|TSLA
user_23372,1,NFLXS|URGN
user_11900,3,NFLXQ|NOC|XPEV
user_17005,1,MRVS|TIMEA
user_977,1,TFC
user_4557,2,AMDRE|NFLXS|UOWN|WAVE
user_3223,1,AYRO|PYPLH
user_22306,1,CPRI|OLO
user_6195,2,DJCO|FROG|VXRT
user_19408,2,KBH|TSLAJ|ZSAN
user_14140,1,ATEN
user_17771,2,NIO|PEP|PYPLB
user_3028,1,ALLG|FBH
user_15553,1,MTEI
user_9602,1,NOVN|VERT
user_28482,1,BTC
user_28820,1,CRMI|NWS
user_11200,1,NASA|SCO
user_27437,1,PGTEC
user_12886,1,BJ
user_23390,1,MSFTC
user_6419,1,VWHIC
user_17542,3,BSX|COST|HSDT|SQSPO
user_30138,2,ARMK|RYOSH
user_6214,1,CGRN
user_13124,1,ROKUU
user_5607,1,JBLUC
user_27720,3,KO|PSX|ZS
user_5441,1,TTDEV
user_24151,2,AMZN|AMZNB|GTLB
user_6046,1,BAS|CPRT
user_2411,1,MRAI
user_26284,1,CRMGO|MCDGA
user_29193,1,SJI
user_12468,2,FUV|GOOG
user_27824,1,BITO|SHOPH
user_15877,1,FTX|LILM
user_12369,1,VGROW
user_12271,1,EOG
user_33960,2,BIL|NFLXN|XPDI
user_32057,1,OIH
user_25691,1,ANSS|IWM
user_569,3,KO|MSFT|YFI
user_13539,1,VNOM
user_10800,2,ABCB|HSDT|LCI|NIC
user_13966,1,TRUP|W
user_19594,2,ELSE|ENJ|ENSV|RBLXW
user_12435,2,BX|DISDO
user_13664,1,DISTH
user_16926,1,ALZN
user_7047,2,NOC|PEBO|PG
user_10615,1,MAWAR
user_32284,1,BARK
user_4363,1,OCLG|SYN
user_4965,2,COST|TCEHY
user_24238,1,CCS|POLC
user_25882,1,BTCI
user_24792,1,SWPPX
user_1387,1,EDIT|OSTK
user_20720,1,CEI|SIX
user_19041,1,NXH
user_28798,1,ASTR|PENN
user_7877,2,AMD|CLF|QQQPR
user_13521,1,SWMA|XI
user_12087,1,CURI
user_6706,1,NBR|TGTAP
user_7564,1,SAVG
user_31368,1,ASMIY|QQQ
user_9705,5,AMDRE|AVGOF|DAVE|OMC|UNG|VVIX|ZIONT
user_10356,1,SHW
user_26921,1,CRSP|SCHDW
user_12830,1,ALPP|DISPA
user_29563,2,BA|BRKB|OIH
user_29717,2,DIS|FBREC
user_6277,1,MAWAR
user_29608,2,AMD|RCAT
user_18794,1,IOTA|PHARM
user_27633,2,GOOG|NIO
user_7854,1,AAPLN
user_33013,1,OLPXI
user_32088,1,GETY
user_15225,2,COST|EPAM|RBLXB
user_23794,1,IBB
user_26504,1,DKNG|FBSEQ
user_33005,1,ME
user_30593,1,BTUSO|COUR
user_19488,3,ACBBO|CRM|IOBT|POWR|SMCI
user_12281,2,DIS|INO|JNPR
user_30587,1,TESLA
user_8733,1,MILLI
user_24556,1,HIPO|LYFTC
user_23878,2,CRON|KO
user_28976,1,MTUM
user_13928,1,QQQSO
user_17463,1,PFE
user_1645,3,APO|AXIES|CHGG|NEE|PRM
user_9350,1,ABBVT|TNDM
user_5293,1,FBREC|JASMY
user_17557,4,AARK|AEM|AMZNR|BKX|IRNT|JWNBU|LUV|MIMO
user_30165,1,SCHL
user_15310,2,AGC|AMZNB|CDON
user_8495,3,AMZN|MPWR|TSM
user_32949,1,ZG
user_28948,1,MELIM
user_27333,1,JNJTO
user_26443,1,BITO
user_24074,1,FERG
user_19064,1,ARI
user_31224,1,GOEV
user_15109,1,CHHFI
user_889,1,FCAU|PYPLI
user_15019,1,CCIV
user_30289,1,CVANA
user_26492,1,BRKSO|CTSH
user_4010,1,GD|YUM
user_11813,1,JPMVA|RA
user_634,1,VUG
user_23059,2,AMZN|DDOGC|NURO
user_27145,1,APPL
user_32983,1,EFTR|SAIA
user_2381,2,BBY|META|NVDAB
user_32608,1,NIOS
user_26184,2,DAG|HCDI|HLBZ|URGN
user_28725,1,AMCLE
user_30234,1,NIOGR
user_28822,1,GOOD
user_30069,1,CRO|SPRT
user_27598,2,FSLYH|LITM
user_34105,1,STM
user_25934,1,CVET
user_17796,1,LITER
user_27108,2,APPSN|XPEVS|ZS
user_16705,2,IWMMO|VWEDN
user_20353,1,NKTX
user_26470,1,IT|PUBM
user_11497,1,XPO
user_12989,1,RVPH
user_10102,1,LMNDD
user_20647,1,ALV|NFLXI
user_20022,2,AAPL|SPT
user_12085,2,AMD|TALI
user_24745,1,LSXMA|MCKBO
user_33528,2,AUPH|KBR|MSFT
user_32563,3,CNK|DIS|KNBE|XBI
user_31511,1,FRPHC
user_1278,1,VERU
user_9167,2,BOUV|DGWHA|VZ
user_22001,1,ONDS
user_3392,1,MOS
user_32031,1,KC|WEAR
user_32534,2,AYRO|JPMAU|NIOBO
user_9828,1,GOOGL|NRSN
user_9195,1,CMGMC|FBBEA
user_32152,2,BX|WMTCO
user_32338,1,FUL|TM
user_29430,1,ZMDTF
user_33254,1,EW|MIMO
user_29786,1,APPSI
user_10025,2,CBOE|KO|NETL
user_17972,1,AAPD|XLC
user_15739,1,ABNBS
user_22728,1,GRVI|HX
user_10940,3,AAPL|GOOG|METAN|UBERT
user_21491,2,IBB|TSLA|VISHA
user_2289,1,ISPC
user_1039,1,ACN|INCY
user_5834,2,AAPL|AKAM
user_8439,2,OTTR|UNHDO
user_17957,1,SWBI
user_2172,1,ISPC
user_21125,3,BA|PINS|ZS
user_32241,1,ZTS
user_19250,1,DXCM
user_1174,1,ATYNO|THTX
user_19183,1,COO|NFG
user_19878,1,LKE
user_33758,1,HYPRO|NEVAD
user_6392,1,MST|PYPLL
user_33723,1,BLND|NIOAS
user_13886,1,WEN
user_30058,1,UCTT
user_14071,1,STORF|TSLAT
user_26230,2,GOOGN|KNBE|ZS
user_3324,3,AMCTH|ENPH|NVDAE|SNMP
user_27398,1,APPN|BNSO
user_34125,1,CYN
user_32430,1,DOGE
user_17220,1,TCEHY
user_13336,1,BKNGH|EVGO
user_19229,2,KO|RYANH|SQBEA
user_8515,1,BULL
user_30965,1,BRSH|MNGHT
user_27015,3,AMD|BA|PRVA
user_27442,1,OWILL
user_2328,1,CELHB|CXDC
user_21437,2,INTC|WAL
user_21509,1,GNL|PIXY
user_28675,2,NOC|PATH
user_17912,1,KED
user_10498,1,RNG
user_25369,2,PEPHT|SCHV|XPEV
user_6611,2,AMDLE|ILAG|OIH|TGL
user_1364,1,ARKQ|TSRI
user_4193,1,ATUS|SHLS
user_20456,1,AGL
user_7559,2,LIN|VZ
user_20030,1,KKR
user_32008,1,NVDAT
user_15912,2,BX|MAGT
user_17702,2,AMZN|PIXY
user_25205,1,AMCGR|SHOPD
user_21796,1,SDS
user_22198,1,AMDLO|NKEBE
user_17312,3,DUK|EBA|SMH|TSCO|TXNCO
user_20950,2,FLOK|MATLO|TPL
user_7873,1,KFY|LYXE
user_2597,1,MCK|VB
user_31249,1,GDDY
user_1171,1,CAD
user_13605,1,NRBO|SVFD
user_2872,1,TOL
user_5958,3,CRM|DDOG|NOC|TSLAR
user_33135,2,BNGO|NIO
user_10707,1,SHOLE
user_21625,1,ZSTIE
user_4153,2,DOT|TDOCI|UCHIN|UFO
user_28458,1,NOCIS|RBLXB
user_28153,1,KLAHT|MPWR
user_1251,2,COST|IKEA
user_24059,2,ACON|WF
user_27783,2,ENPH|PNC
user_26157,2,NIO|TKAT
user_29667,1,ULONG
user_32866,2,CYRN|KO|PROG
user_19078,1,ANSS
user_2778,1,TMUS
user_1738,1,MOD|QCOMJ
user_13421,2,ENPH|MILE
user_28506,1,BIDU
user_33222,1,NU|NVCR
user_26336,1,VSUPE
user_710,1,MMMAP
user_5117,1,UBER
user_34038,1,FTCH
user_23076,1,FSM|VAND
user_3596,1,RA|UXINC
user_29251,1,HSDT|SYNC
user_7865,1,METAS|USWS
user_20230,1,KBNT
user_15559,1,ATVIB|TWNK
user_21289,2,BOO|PG|UOWN
user_8555,3,GME|NIO|PG|SIOX
user_22913,1,FICO
user_15249,2,ARKO|DISDR|VIAC
user_22721,5,AMZNG|CRVS|H|NICE|OXY|P|PTLO|SSTLE
user_20563,2,COSTB|SQHTT|TCOM
user_22188,1,ENPHC
user_30496,2,LOGI|NQ|NSAV|TLSAQ
user_3138,4,DAX|ERIC|GLXY|IREN|ISIG|SAVAB|TSLAY|VEON
user_15456,2,ASX|EMN|MSFT
user_24580,1,RGTI
user_6683,1,SJT|XLU
user_15598,1,GRBK
user_26904,1,MMMMI
user_10949,1,HUM|RES
user_3260,2,META|TSLAK|ZTS
user_15696,2,BRKS|FRT|WRLD
user_22737,2,BRCC|DDD|VUZI
user_22112,1,BJDX
user_9704,1,HBAR
user_4346,1,DCFC|SST
user_26152,1,IMPP|SSTRE
user_10413,1,SOUL|VRTS
user_29031,1,MSTF|RSKD
user_16449,1,SEV
user_16186,2,BAENT|NIOAS
user_31748,1,CARA
user_16191,1,CEEK|NRSN
user_11791,2,CVET|SHOPC|SODER
user_26852,2,BABAI|POWW|PROSY
user_18682,1,DDOGE
user_783,1,CAMT
user_19774,1,NIOBO|PAYC
user_5815,6,ATCO|BILI|CAMP|CECE|DISNE|FBUSE|GMR|INCY|PBF|SAVG
user_14134,1,DPLS|FNGU
user_24213,18,AAPLT|AFRMI|AMDHA|APA|AR|ARKKS|BCTX|BOKF|COINY|EXPE|FSK|GOEV|HEC|LTCHT|MMMAN|ONON|PEP|POWI|PUBMH|RRGB|SCHDD|SEAC|SHWGR|THO|TOL|UPSTO|ZSANA
user_5853,2,DKNGD|HRL|REXR
user_7600,1,DVAX
user_1049,1,NVDAM
user_11428,2,BX|KBH|LMFA
user_26104,1,NFLXB
user_118,2,NBR|POLA|PYPL
user_28774,1,DOE|INFY
user_19375,1,INSG|SQBEA
user_24794,1,MKLIN
user_22850,1,SMSN
user_20633,1,KCAL
user_1050,1,AIZ|AMKR
user_1673,3,DIS|STUDY|TRTN|VZ
user_6027,1,BABAE|TIVC
user_10379,2,FBPEO|HTZZ|PYPLB
user_23464,1,ACB|BAI
user_14023,1,SESHO
user_12713,1,ROKU|WING
user_32342,1,AB|TREE
user_30806,2,ABT|BIDUE|NFG|PGR
user_26240,2,AMD|ODIVI|SGH
user_7164,3,CMC|DLO|PAYS|VORBH
user_13654,1,TRIT|XPEVH
user_3923,2,AAA|BL|BOC|VIX
user_1052,1,JJC|WRBYD
user_4861,3,FTDR|INTC|MILE|NIO
user_7362,2,NIO|SOFIB|YM
user_27431,1,ADA|KOOWN
user_30013,2,CHPT|GOOG|PLTRE
user_6713,1,AMCNI
user_22074,1,SCTY
user_19481,2,CKPTR|NFLX
user_11264,2,AMZN|MUDRO
user_23060,1,AIV
user_6008,7,AAPL|BGFV|BODY|DXT|GLBE|PLTRI|PYPL|SCO|SNY|SPYRE|WEBL
user_25778,1,FTCH|NKLAQ
user_14621,1,DUK|QRTEA
user_10748,2,MRVS|OSTK|TSM
user_21591,2,MJ|NOC
user_10033,2,MAGT|PG|RSKD
user_15467,2,CDON|F|IRTC
user_32295,2,IVA|VTNR|XPEV
user_7747,4,BA|CVX|EPRT|NIOHA|PDDAN
user_24935,2,TSLA|WEBRW
user_13955,1,CRMPR|VRTI
user_33901,1,SMSN
user_28992,1,NVCR|VISL
user_28085,1,INTCR|LUXE
user_4327,2,CTVA|META|VTV
user_21130,1,SFIX
user_5777,1,SKLZF
user_9746,2,BA|VUZIE|ZSWHA
user_9188,1,INTC
user_16257,2,MXL|XLNX
user_29456,1,CVNA|PERI
user_5798,2,ABBVM|AUST|SYS
user_30182,3,DKS|FBPAS|MRAI|OSK|SODER
user_13357,2,CBRE|CMA|FXF|PETZ
user_18109,1,ARHS|SGH
user_32196,1,EA
user_34120,1,CTIC|UPWKT
user_28222,6,AVXL|C|CACCB|CORN|ETHDI|JNJ|NVO|RYTEL
user_20334,1,KOPN|UMG
user_27924,1,VLOSS
user_16731,2,MSFT|ORA
user_16168,1,GMAPR|XPEVH
user_531,1,DEO|XPDI
user_9860,1,IMT|LLY
user_15075,1,BKH|HUT
user_12480,2,DIS|GE
user_6391,1,SIDU
user_24167,1,RBLXS
user_28608,1,DKNGC
user_15987,2,JD|JPMNO|KMB
user_20349,2,GOOG|SAFE|ZSANA
user_14962,1,SARK
user_30924,1,SIRI
user_12834,1,PENNW
user_24207,1,TSLQ
user_5097,2,ANTM|F|MOFEB
user_26031,1,RMBS
user_27892,1,SNAPC|VNOMW
user_24345,1,APDN
user_17762,2,HCSG|RDFNW|ZMDTF
user_28955,6,BABAM|CDLX|CMRX|HGV|JACK|NFLX|SEV|TIMEA|VALN|XFRI
user_29784,1,SGFY|VEEVI
user_30637,1,BPH|VMW
user_22389,2,AMPG|DIDI|VUG
user_32912,1,GLXY
user_1080,2,TSLA|VIEW
user_12477,4,BODYN|GMETH|HOLES|KRL|NA
user_1320,13,AMD|AMDCI|AMGN|BUD|CSTAR|DKNGD|DX|FNKO|GFAI|MKTX|NIOAS|NKEB|NNI|RBLXW|TSLAK|UXIN|VFOCU|VTV|XBI
user_11925,1,BLOCK|SQSPO
user_5917,3,ANTM|COSTJ|IKEA|NETIT|NVR
user_23681,2,NOC|RIBT
user_13138,1,MSFTD|RTX
user_26885,1,OSMO
user_22079,2,F|SMH
user_15890,1,CXW
user_30619,1,AGL
user_25920,1,KLO
user_26160,1,COP
user_15591,1,PENN|TXG
user_29574,1,FXI
user_487,1,VIG
user_21258,1,GOOD
user_23220,1,TSLAB
user_21013,1,ALZN|AMDWH
user_16072,1,APPSV|FRBA
user_14338,2,BA|REGN
user_12485,1,DISCB|ZSAN
user_2064,1,ANC
user_478,1,EDIT
user_23304,1,NSC
user_23744,1,GTO|UHTTP
user_33942,1,AVID|TWST
user_28941,1,APVO|INDO
user_9933,1,EDIT
user_16068,1,MELIC|ROP
user_27485,1,UFO
user_28549,1,AVGOF|NET
user_23672,1,AXTA
user_29674,3,BABYD|CBRE|DISCK|SYN
user_23431,1,MSTRH|SPGGR
user_16434,1,JWN|UAA
user_5901,4,COUR|EV|JNPR|KBH|OWILL|SATL|TSLA|ZMFAC
user_3466,1,POWW
user_15383,1,FBTUE|IFNNF
user_1958,1,IRMAD
user_29486,1,PENNW
user_29022,2,AESE|DOCUH|GGPIH|PURR
user_18277,1,REALM|SVFD
user_29350,2,F|MARK
user_23206,1,MUDRO
user_12768,1,COINP|ESCA
user_20683,3,AAPL|FUTU|MSFT
user_23097,1,INSG
user_5891,1,FFND
user_29919,1,MARVI
user_15847,3,ACNDA|EVGO|MMMWH|THTX
user_21803,1,EOG
user_23808,1,YETIF
user_28465,2,FBTHE|TNX|ZSWHA
user_5333,1,BKNG
user_26776,5,DNA|ETHDI|SAITA|TSLA|VIXFO|VZ
user_33172,1,MSGE
user_33063,1,NOVA
user_7452,2,CRK|TSLA
user_21497,2,HPNN|QYLD
user_6371,2,ENR|LSXMA
user_28916,1,BP
user_29595,1,EXPR
user_9003,1,EXPI
user_22398,1,EFX
user_15339,1,NUCON
user_21542,1,IMBI|MOHOW
user_6888,1,TBT
user_32091,1,NFLXA|NYT
user_18643,1,USHE
user_11881,1,DBGI
user_1118,3,HES|HNTAM|SAFM|SGML|SMLR
user_23764,2,COVID|MET|UNH
user_4146,1,GDYN|RAIN
user_18291,3,INTCT|LFIN|META|NEEWH
user_6011,1,NVAX
user_1823,2,DIS|ULVR
user_18589,1,COSTH|SMG
user_14063,1,DJIFR
user_5799,1,SEDG
user_11616,8,ABNBW|ACN|AMDHT|CPNG|IMRN|KRBN|LKE|LSXMA|QCOMR|RUN|SNAPX|TWTRA|UBSMO
user_32669,1,BTCMI
user_23111,2,BX|IP
user_23112,2,AN|CORN|DISWO
user_24993,1,DUOL|NOBL
user_23473,2,DDOGE|GLW|TGL
user_4002,1,ULTA
user_25242,1,BEWI|LC
user_31984,1,DV|IBB
user_21880,1,FERG
user_1097,1,DTST
user_30791,1,BTCNE|RDIB
user_9290,2,PM|ZIDEF
user_26261,1,BL|HUBS
user_16718,2,PYPL|VLO
user_23143,1,SOL
user_28947,1,MDB|TM
user_29660,2,DIS|SQBEA|TWTRH
user_5289,1,MMMHI|TSLAY
user_17408,1,BRKS|VFC
user_22075,1,BRPM|HUYA
user_29222,1,AI|WMTBE
user_4848,1,FET
user_6656,1,DISEN|PTON
user_9476,1,WMS
user_25060,1,CS|NVDAH
user_26716,1,C
user_3744,1,ENSC
user_23615,1,LRCXF|PRNT
user_7887,1,BILLV|DISPA
user_3502,2,BILI|PYPL|UCTT
user_4523,1,PENNF|WMTCO
user_10149,1,NVDIA
user_26697,1,FICO
user_25827,2,FCAU|TSM
user_12904,1,FTESL|NEGGI
user_10444,1,ADI
user_16238,2,BOX|DFEN|MILE
user_8772,1,BTCHT|ICNM
user_3975,1,TXT
user_591,1,NCTY|PM
user_30607,1,CMCS|TRIN
user_31346,1,TNDM
user_31307,1,ALLK|ASIX
user_24498,1,AMZNP|BOND
user_33828,2,AMZN|EW|LSXMA
user_10121,1,MIOTA
user_4512,1,ASTR
user_31002,2,AXPGO|DOV|GOOG
user_6239,2,BZ|IWMBU|META
user_1763,1,RVLV|VAND
user_8572,2,FBUY|STARS|VZ
user_34257,1,CKS
user_9954,4,ABBV|CUBE|PBIO|SPELL|UHAL|W|WBAST
user_30934,1,NTNX
user_23496,1,PI|UFI
user_26248,1,FMBI
user_21583,1,NKTX
user_14835,1,AMDEA
user_12454,1,BKKT
user_1162,2,AMZN|MDBWA
user_2385,1,BXHTT|OHICO
user_2444,1,NDSN|XPE
user_33907,1,FBLIZ|PATK
user_15245,1,ATXG
user_27713,1,FBSEQ|QFOR
user_23467,1,ANC|BRK
user_33919,1,RRR
user_24487,1,ARKF|FBHS
user_19342,1,RDWR
user_225,1,SHOPH
user_14644,1,MOTEC
user_32815,1,DRI|EDIT
user_23655,1,NDA
user_25715,1,PARA|SOFIB
user_17206,1,MDAYT
user_28719,2,AMDRU|CRM
user_27124,1,BBIOW|VOSO
user_31262,1,KNEBV
user_15297,1,FTNT|QQQVI
user_20188,2,BOKF|FBLIZ|OPEN|TSLAW
user_28484,1,FBIN
user_28385,1,IFNNY
user_20161,2,IT|TERHT
user_23873,1,SWMA|TGTAP
user_11933,2,COSTJ|GOOG|SKYH
user_24604,1,STORF
user_31560,1,LESL
user_11125,1,TXT
user_18939,2,MSFT|SKYH
user_15103,1,NDSN
user_30454,1,QFOR
user_19313,3,BSW|CNBS|FSV|MULN
user_27626,1,MULN
user_14794,2,ALT|GOOG|ZII
user_3430,3,CHNG|COST|ZS
user_15376,2,NKEC|UBSMO
user_2074,1,BASE
user_10780,1,HYG
user_26857,2,EMBRA|UXINC
user_13252,3,ARMK|BA|COST
user_14313,1,CUBE|PLTRA
user_8253,1,VIG
user_29114,2,PG|TEAM
user_17499,1,TENB
user_22708,2,GOOGN|NVDIA|SPOTE
user_8019,1,GGR|UNF
user_26858,1,TXNWH
user_29838,1,IGU|MREO
user_17758,1,AVGOF
user_17267,1,TWITH
user_33361,1,METAN
user_20097,2,FIVN|IMPP|SARK|WOLF
user_16081,1,LVS
user_5145,1,ORCLA|TGL
user_33439,3,ALL|EXAS|JMIA|NNN|RMBS
user_2527,1,BANA|FBMEA
user_5560,1,BTCI|RBLXL
user_14667,1,GOOGE
user_18777,1,BCEL|XRT
user_31034,1,MNG|MRVS
user_30364,1,VYMVA
user_12996,1,OCGN|VVS
user_13500,2,APPSI|FI
user_28680,1,APA
user_30005,4,BAM|PERI|RIOTW|TBPH|TSEMH|WIX
user_3726,1,SPOTE|VIOT
user_13169,1,CALA
user_18639,2,COSTM|CRM|HUYA
user_11493,3,CHKP|CRM|DDOGC|FNGU
user_31434,2,AMD|SAVA
user_18432,1,WSO
user_3038,1,AGC|VRTI
user_14171,2,AMZN|PEPTE
user_34180,2,BANC|EWT|XPEV
user_25644,1,VLE
user_28990,1,GTSIF
user_25396,2,QQQM|TSLA
user_22752,1,HRTZ|UVV
user_30870,2,BLNK|HMBLI|PLTRE|TDG
user_14666,1,MDBWA
user_9841,1,HT|SNDX
user_20394,1,VEEVI
user_30106,1,PFG
user_24372,2,DIS|VLO
user_24349,2,GGR|INFY|NEGGI
user_25128,2,ATYI|BBIH|SYS
user_18087,1,LMTRE
user_33488,2,BX|SYR
user_28709,1,CFVI|QCOMR
user_27045,1,MRNAW
user_31889,2,MSFT|RUNSH
user_27057,1,DOE|IEA
user_21238,1,ASTSB|SOFI
user_30269,1,ESTC|IMCR
user_5572,1,BANC
user_1188,2,ALZN|CVNA
user_19806,1,WFCBO
user_12075,2,AAPL|DCP
user_1258,1,BBIOW|GMT
user_23367,7,AAPLL|AFRMA|BBIOW|CTRU|DXY|INTC|JPY|LITER|PLTRI|SWPPX|UNF
user_29372,1,AARK|VGT
user_397,1,CAST|GWW
user_27964,1,GOOGP|SWKS
user_1023,1,NRBO|RSKD
user_10007,1,CME|MARK
user_4917,1,BRCC|UPWK
user_22166,4,APTY|GVSI|MPSOL|NIONI|REGND|XRT
user_22923,1,PLTZ
user_25959,1,ATVI
user_2590,3,NOC|QQQHU|VALEC|ZS
user_24584,1,FBK
user_741,1,WEBRW
user_9918,1,IFNNY
user_15928,2,OXYBO|RAD|XLB
user_32972,1,PRCT
user_24156,1,ADGI|ASLN
user_21952,3,CTT|INTC|XPEV
user_29935,1,FXYHO|GHC
user_22534,1,IIPR|ITCST
user_1771,1,PSFE
user_33424,1,TTOO
user_4082,1,APX|JBGS
user_23409,1,ACBBO|AVGOF
user_23043,2,SHLS|TPL|ZS
user_8061,1,LAC
user_1288,1,RUNSH
user_22386,1,SWIR
user_19344,53,ADV|AMDHT|AOSL|BABYC|BAYC|BENE|BPRM|CAR|CGCHT|CK|CPB|DD|DDOG|DGEO|DHI|DVN|EGLD|EJH|ELS|ETHSH|FBREB|FCEL|FL|FLIKE|FND|FOX|GMS|GNPX|GOGO|GRMN|GST|GWH|HKD|HUSAL|HUYA|JBLUC|JJC|LEV|M|MAS|MCDMI|MERC|MKC|MOS|MPSOL|MYNZ|NINE|NOVO|NVDAV|NVVE|OMCL|PAYC|PENNW|PFF|PPLT|PYPLT|PZZA|QCOMH|RF|RUT|RVNA|SASR|SCHV|SHPH|SJT|SOXL|SPXWI|SQSNA|STILT|TGT|THSET|TLNT|TSCOB|TWITH|UAA|UPWKW|USAC|VCOCA|VNOBL|VZMAR|WB|WISH|XOMWE|XPEV|ZIMAY
user_17063,5,COINY|DUSCA|EVH|LW|RICK|SHOPC|WIX|XPE
user_29237,2,AMDPO|TSLA
user_20460,4,AMZN|DRIO|LOOKS|NFLXR|OIL|RPRXB|SEAC
user_24211,4,AFRMH|ANGH|BF|CWH|GALA|ME|SHAK|UVXY
user_13790,1,MET
user_29955,2,BX|ROSE
user_21322,1,LTCHT|ZPAY
user_32940,2,CRWDT|ELONQ|TRMR|TSLAR
user_2730,1,BEWI|NOWTH
user_25879,1,TGTTE
user_18125,1,ACHL|ETN
user_18379,3,BKR|DISTH|PLTZ|SFIX|SQSNA
user_33233,1,NWL|POSH
user_11729,1,GT
user_18358,2,PYPL|SPYOP
user_25837,1,CNC|TSLH
user_32134,2,BKR|MELIM|NIO
user_14267,1,TD|UVV
user_1206,1,PLYPL
user_18839,1,WAL
user_27738,1,OWUV
user_18262,1,RDWR|TASK
user_21304,2,AAPLW|BA
user_11138,1,LLYSH
user_8475,1,TVISA
user_31129,2,AMP|GOOGP|KO
user_27457,1,MMM
user_30324,1,SONY|UFPI
user_6858,1,IRNT
user_25139,2,CCWF|F|PTONJ
user_7646,2,ASIX|JKHY|QSGRE
user_15423,1,ABBVT
user_32512,2,AMCTH|KO
user_32436,2,AMZN|AMZNA
user_457,2,NFLX|REALM
user_20454,1,ACMR|SPYAL
user_9193,2,ENPH|GALA|ZPAY
user_27884,1,MERC
user_20290,4,BA|HEC|MSFT|WELL
user_30134,1,ALT|ROKUN
user_26734,1,PVH
user_2058,2,ATCO|NFLX
user_16778,1,EBA
user_27844,1,QBTS
user_22422,1,VCAR
user_4503,1,BLCT|DSIGR
user_12972,1,BUD
user_7443,2,NWN|QNT|TDY
user_21428,1,FBJUS|TNET
user_24664,1,IR|JO
user_15939,2,FSK|LCIDW|TSLAJ|TSRI
user_1641,4,ACHL|AEMD|ENDP|IFF|INMD
user_33849,2,AAPLG|MEX|TSLA
user_23612,1,PHMAF|TSLAQ
user_10523,1,IEI|KIBA
user_12529,1,HEI|ORK
user_30126,1,ALEC
user_7759,2,DGROC|RIOTW|UPSWE
user_3504,1,IGU
user_5581,1,BROS|ZINU
user_9266,1,GSL|SOS
user_4885,1,GANG
user_16544,1,ABNBH|NNN
user_141,1,ELAN|SFINT
user_4783,1,SIBY|UBERT
user_7523,10,ADI|AEM|ANDE|BOA|CDMO|CE|EE|FDS|GMVD|GTO|KOTHE|KSU|MGNIO|RAIL|SPOTR
user_10526,2,INTCS|TSLA
user_28239,2,NFLX
user_20715,2,ENPH|GINUX|HDTOP
user_12462,1,QCOMT|VRAWH
user_29266,1,RIVIA|TSLAD
user_33224,2,AMZNV|TSM
user_16503,1,RAYVR
user_6459,1,PLDHT|VVERI
user_880,1,NIOAS|THTX
user_18683,1,EGC
user_25114,1,TTC
user_25898,3,ABCB|PYPL|SEBUY
user_5598,2,MSFT|ONCT
user_21264,2,COST|NOCPH
user_6831,1,DSIGR
user_3696,1,DISHU|PACB
user_5587,2,CPG|CUBE|VOO
user_6156,1,ALLK|RPRXB
user_7855,2,TSM|VWED
user_10555,1,EFA
user_22147,2,INTC|WISHL
user_2415,1,ILST
user_11622,3,DKNG|FRHC|SNDL|VEON|VTSAX
user_26481,2,BUD|COST|COSTQ
user_29740,1,ASAN|SM
user_2649,1,JMIA
user_30061,1,CVNAS|UWHAT
user_14880,1,CLH|SVFD
user_17799,1,OPEN
user_1921,1,BMO|GPN
user_9577,1,PAHC
user_30921,4,AHT|MANA|NFLX|NIU
user_3859,1,EVOK|POW
user_8855,1,EPRT|SPY
user_14535,2,F|NFE
user_26748,1,MTD|WIRE
user_1646,1,TENB
user_28572,1,IPGP|SMICY
user_6676,5,CAMT|FAMI|KO|NET|TCEHY|UHOPE|VXAPL|XOM
user_23147,1,AMSWA|LEN
user_6505,3,AGNC|META|MSFT
user_30993,2,NOC|PTRA|TAP
user_9227,1,NFLXA
user_10353,1,COINS
user_6917,1,BRCC|GOGO
user_21499,1,CDAY|ODIVI
user_27859,1,CS|UNF
user_31804,1,CALA|KBNT
user_29618,2,LEN|MCDMI|NIO
user_25390,1,AMZNI
user_22120,1,ATYHO|SBSW
user_2203,1,CUBI|XPEV
user_6793,1,DKNGD|NVDAI
user_24705,1,NIOWE|RERE
user_1747,1,MREO|MSFTS
user_756,1,BEE
user_21475,1,GIS|SLAB
user_46,1,PRX|STLD
user_22632,5,ARKW|AURA|BACMO|DIAHT|JD|LBC|NTFX|PPSI|SOLPL
user_3654,2,COINH|GLNG|PYPLG
user_10461,1,NIOAL
user_23818,1,CASA
user_3974,1,MSFTT|TSLAL
user_18332,1,USWS
user_1315,1,WCN|WDAY
user_26444,1,VERT
user_15684,1,SMIC
user_23662,2,AMDDE|COST|FSUGY
user_19511,1,OCUL|SHOPS
user_8266,1,ARCH|MNDYA
user_28812,1,XDC|YUM
user_24359,1,CIEN
user_25192,3,AAPL|NOC|REXR|WHEN
user_24842,1,SBUXT
user_11995,1,ES
user_30866,1,SOXL
user_11028,2,CXDC|NOCPH|WGOTH
user_30004,1,WMS
user_26313,1,NNOXI
user_23997,1,DJIA|TROW
user_21956,1,ARES
user_27104,3,ALLYB|DRUG|LCIDS|OIL|WGO
user_5591,3,CDON|ETSYC|HLI|NKEI|SMCI
user_11475,2,GOOG|SEAND|TSLAW
user_33404,1,TSMHT
user_2386,1,D|EVBG
user_4786,2,MPWR|PEP|VSATO
user_34193,1,NCR|PACW
user_4308,1,EFA|RDS
user_19992,1,IFNNY
user_32321,1,ZI
user_108,1,MKC|PETS
user_29366,2,DWACW|MSFT
user_26269,1,LMNDW|XVG
user_29522,2,MNDYA|TTOO|XMR
user_15088,1,TNXP
user_28800,1,KC
user_33684,2,ABB|COSTW|GWW
user_8576,1,JAMF
user_19908,1,ADM|POET
user_31062,1,AMDI
user_15814,1,INTCS|SAVAA
user_3218,1,STRN
user_2013,1,NNOXH
user_16535,1,SMIC
user_23802,1,DRTS|VMW
user_23891,1,FSUGY|SFIX
user_19098,3,CRWDD|ENTG|HOODT|MBWM|VIG
user_14324,3,BKNG|COSTQ|CYBL|ECL|VREIT
user_16617,3,CSU|LUVFR|MRKFR|NWN|WM
user_5162,2,GO|NIO
user_30971,1,ABBVT|VMC
user_28603,1,INTCH
user_30654,1,AERC|LCIDS
user_4701,1,CELHE
user_11769,2,DIS|IMCC|SBLK
user_30265,1,PL
user_30662,1,ARGO
user_7915,4,ABBVR|CSPON|ENPHW|FND|MRVLP|SQB|STAGW
user_10227,1,GILD|SNAPS
user_33203,2,DAG|DISTH|ZS
user_1711,2,DJCO|MNST|TSLA
user_11203,2,CNQ|FBSIM|SAM
user_6814,1,EVOK|TQQQ
user_3714,1,GLNG|TH
user_32385,1,NTNX
user_30072,1,ASANF|IKEA
user_13722,1,FUBO
user_6775,1,CBOE
user_2966,1,PSTH|YFI
user_8913,1,BBIH|MKL
user_14375,3,ATYCA|COST|KO
user_2451,1,UAVS
user_18391,1,HSCS
user_31198,3,CRM|SSNAP|TWTRS
user_30582,1,AERC
user_34034,3,AFRMB|MSFT|NFLX|NXTP
user_28856,1,FOSL
user_17886,2,FOOD|LVMHS|MKLBO
user_32246,2,PRE|TSLA
user_27121,1,CTVAD
user_22041,1,VOOAD
user_27563,1,EDIT|FXYHO
user_4305,1,AFRMH|CLFHT
user_28857,1,SKY
user_11715,1,INM|PGTEC
user_16468,1,RRC|ZIDEF
user_24945,1,APPLE
user_13894,1,MPW
user_5851,2,AMZN|DIA|KSS
user_1888,2,HAFC|MILLI|TSLA
user_21242,2,CHKP|VZ
user_2258,1,VLE
user_6750,1,GDRX
user_19509,2,AUST|KEY
user_32609,1,MTN|VNOBL
user_23540,1,HCSG|NTLA
user_5127,1,DDD|KIM
user_30631,1,TX
user_15303,2,CLVT|CRON|XPEV
user_31605,1,ATUS|FCXWA
user_2607,1,SGML
user_25949,1,LOVEL
user_18902,1,DDOGE|IBB
user_23601,1,ANGO|APPH
user_28028,1,HAL|TSLQ
user_18068,1,HXSCL|TTC
user_18645,1,DPRO|ENSV
user_30970,2,GMESU|SCHB|SPXU|ZMBEA
user_14069,2,AN|BLOCK|NVDAB
user_13444,1,PYPLR|TIVC
user_26640,2,GGII|NOC|WSC
user_29938,1,LMTJU
user_8356,3,FI|VZ|ZIONT
user_25548,1,FHN|MUDAV
user_9224,1,UHOPE
user_2021,1,DLO
user_24174,2,BURL|CSOUR|WMTHO
user_10885,2,COST|PHUN
user_1858,1,CACC
user_6177,1,FBGET
user_19127,1,MDAYT
user_6754,1,COINS|IONQ
user_28824,1,FBTOP|VIXFO
user_9821,2,AMDLO|PYPL
user_18251,1,EDU|UDIGI
user_25766,1,ADV|SHOPS
user_22382,1,FXYHO
user_2085,1,FTAI|GLJ
user_33812,1,TRTN
user_18588,1,SRG
user_431,2,NETCL|NOC
user_22221,2,CASY|DIS|GSAT
user_29257,1,HYMC|NUEDG
user_21284,1,FBINC|IIPRR
user_27289,1,MNGHT|SPG
user_13767,1,QQQM
user_16654,1,GRWG|PYPLT
user_18216,1,TELL
user_13033,1,AMATW
user_30696,1,AURY|NXGN
user_3418,1,LICY|QRVO
user_3715,1,NNOXH
user_27610,1,FUBO|NKENV
user_29033,1,KEY|VNQ
user_22193,2,AMD|UBER
user_29887,1,AGRI|VRAWH
user_6850,2,BOC|DJIA|PPG|VSUPE
user_27246,1,SCHL|ZINU
user_11174,3,ACMR|AOSL|FBSEQ|SPCET
user_16721,1,BSW
user_16645,1,RBLXS
user_32986,1,GTBIF
user_2002,2,AAPL|CVS|OZON
user_15703,1,BACLI|FBBUT
user_31481,1,AFL|YETIF
user_19432,2,AMDMY|PG
user_31655,1,NRTB|RWLK
user_1875,3,AVGOF|DOCUH|PG|WISHW
user_13982,1,ROKUS
user_26206,1,VNOM
user_680,1,MYNZ
user_22210,1,PANW|URA
user_9018,1,SHOP
user_5342,1,FE
user_33588,8,ABNBS|BACMO|MNDP|PG|PLNHF|RA|SNOW|SSTRE|UCHIN|XEL
user_1414,2,HIBB|INTC
user_24839,1,SATL|TNET
user_32654,1,STBA
user_18275,1,BYM|SIX
user_5235,2,APPS|INTC|SWX
user_21387,2,AAPL|AMPG|SUNW
user_7101,1,GEVO
user_30291,1,NYT
user_8955,1,TTDMA
user_17813,1,XLC
user_6894,1,RVLV
user_33094,1,SNOWC|WNS
user_12424,1,ACLS
user_5447,1,TXT
user_25907,1,LIHTT
user_91,1,MDLZ
user_4895,1,KYNC
user_10372,1,NVCR
user_1777,1,BANC|DAC
user_8614,1,IHI
user_30434,1,FLOKI
user_32258,1,UNHC
user_20660,2,ATHM|SAND
user_4579,1,COUP|LUVMA
user_3985,2,GOOG|LIN|RIVNC
user_27982,1,TMNA|UAMY
user_19825,1,AMOV|CMGMC
user_33816,1,EVBG|HUTME
user_27985,1,GOVX|TXTM
user_26141,2,CBSH|DOCU
user_28035,1,NCR|PENNW
user_832,1,SPOTW
user_11573,1,KRX|OTECH
user_25772,2,AXP|BTCNI|KIND|SSNAP
user_1056,5,AABB|BAALL|IHT|OMI|TRMR|TWLO|ZS
user_25821,2,NIO|RHCLO|TSLAF
user_16707,1,BODYN|NTR
user_16017,1,MTD
user_32960,1,CYRN|PANWB
user_284,1,ASSA
user_27629,2,AIV|BKX|GFSCH
user_26480,1,VTG
user_5923,1,MARS|SCHDB
user_13830,1,RDW
user_17927,3,BA|CRM|PGSOU
user_13313,2,DGROC|ELONQ|MRNAB|NU
user_30273,1,MOD
user_21318,1,ASANF|PINS
user_16317,2,BANC|SIGA
user_26733,1,CLAR
user_27255,1,NVTA
user_16381,2,AMZN|MSTR|ZMBEA
user_12567,1,RUN|VVS
user_5412,4,APOG|AUB|AWR|FBWHA|GAME|JBLUC|ROKUE|Y
user_5175,2,INTC|UOS
user_16433,1,UPSTC
user_3950,1,AMRS|ZCX
user_1535,1,AVTR|VET
user_9171,1,AFI|TRTN
user_33862,1,GRWG
user_33972,1,BF
user_22680,2,ABEV|GREEN|LUCD
user_12410,1,BJDX|FBLAS
user_13353,1,FBCHR
user_16022,5,BA|CCIV|ENBAN|KLAHT|NVDAR|PGY|UHTTP
user_15965,2,EPIK|IRM|NEWR
user_21804,2,AMZNO|JNK|PLUG|PT
user_9711,1,AIR
user_15214,2,FBLAS|STILT|TSLA
user_27701,3,FCAU|SNOA|TTDHO|USDC
user_29909,1,FTM
user_7962,1,CTVA|EDR
user_17938,1,FANTO|SMSN
user_12803,1,TSLAS
user_11898,1,FBHER|PLTRE
user_11371,3,GOOG|TSM|WPCWH
user_31785,1,BTU
user_2961,2,DAR|INFY|OWILL|SRC
user_15199,1,EVGO
user_26037,1,AMDME|BAWAT
user_10751,1,SBOX
user_29537,1,GC|NFLXD
user_12444,1,STARS
user_34056,1,DNA|ZI
user_15537,2,AAPL|ILST|SIDU
user_7107,1,ISIG|MCDOC
user_17331,1,UPSTI
user_30697,2,AMD|DOCUF|SNE
user_126,1,MOTEC|SOFIS
user_1716,2,COST|CSX|ZS
user_30105,1,RKT
user_5045,1,MTCH
user_8425,1,MSFTS
user_12724,2,BAESY|BK|GOOG
user_3112,1,IIPRR|WOLFA
user_30267,1,GWW
user_9868,1,BTF
user_28529,1,UPSTC|XOMHE
user_1975,1,ANGO|IWMMO
user_1947,2,CVANA|ETHSE|HTZZP|MCDOC
user_29296,1,BRPM
user_25185,1,AMCLO
user_13684,1,CXO|EBON
user_16743,1,SLV
user_20120,2,KRBN|NFLX|STORM
user_34318,1,CULP|IMPP
user_32257,1,SCHM
user_28629,1,PANW|SLB
user_1753,2,COST|PNR|VFIAX
user_7609,1,ANKR
user_9186,1,ATVI|MCK
user_31758,1,ZWATC
user_20584,1,BTUSO|XON
user_14813,1,CBRE
user_484,1,BKNG|HULU
user_24297,1,METAT
user_22314,1,GDYN|QNRX
user_27733,1,APPH|STRN
user_32837,1,PHMAF
user_3706,1,PAVM
user_16483,2,ABNBW|CUBE|NVIV|PAYC
user_12536,3,AMZNH|ARK|MGM|TSLA
user_3669,1,OI
user_33902,1,NWS
user_11090,1,BTCUS
user_15931,2,DEDEC|PG
user_2679,1,PHIA|VYMVA
user_24056,1,TDY
user_21140,1,EQR
user_13695,1,APOG|FSR
user_33918,2,SPGGR|XPEV
user_14437,1,STEM
user_829,1,AAPLU|MTP
user_29619,1,IWMKE
user_1604,1,DTST|PRCT
user_4233,1,SAFE
user_3250,1,ZION
user_21158,1,CCLES
user_12913,3,AMD|ENPH|GMEDI
user_16517,1,ACWI|BZFD
user_14793,1,BNSO|YETIF
user_28912,1,SKYH
user_18675,1,QQQYO
user_9714,1,CMRX
user_5160,3,DIS|EQB|RYH|VZ
user_30024,1,AZZ|PYPLH
user_8529,3,GAME|GOOG|NFLX
user_21925,1,ZI
user_16928,1,FBEVE|NVDAV
user_21059,1,ULET
user_5536,2,INTC|KDP
user_9080,1,DOLE|FBREM
user_32943,2,ANC|CIEN|RACE
user_19925,1,QSGRE
user_25196,1,BRCC|IRMAD
user_9741,1,GDDY|SWBK
user_29355,1,AIR|VICI
user_14821,1,ATTOT|MSFTI
user_5505,1,ASOL
user_819,1,CMI|GOOGG
user_2257,2,AMZN|IMBI|MEDP
user_2907,2,BA|BABYT|MSFTO
user_20581,1,BABAU|FIGS
user_20921,1,DLR
user_24358,1,NUEDG|TOI
user_17615,1,GLNG
user_947,1,DOGEZ
user_8216,1,GME|LMFA
user_32353,1,AMPL|ATAI
user_28827,2,AMZN|FAF|FNGU
user_17111,1,VCOCA
user_15577,1,FBGET|GFS
user_11291,1,MDBWA|UDIGI
user_22594,2,CRDO|ZS
user_9890,1,COIN
user_2281,1,ARES|UKOIL
user_18627,1,NXTD|RAIL
user_13708,1,FLOW
user_32393,1,CRWDW|FAZE
user_10434,2,ASANF|GOOG
user_33463,1,GOOGP|MJ
user_11460,1,AAPLA
user_9158,1,VRA
user_27101,1,BABAT|MAA
user_33923,1,LRCX|LVSTH
user_1304,1,NVDAD
user_6426,1,APLD
user_11897,1,AAON
user_14740,1,ASX
user_33039,2,LIT|NOC|UNHC
user_18301,1,ALLK|RUSHA
user_20292,1,AMZNV
user_21038,1,HUBS
user_21,1,URA
user_26187,1,ENSV|PALL
user_20825,1,DSP
user_330,2,META|SONM
user_13706,1,OCUL|WEBRW
user_31606,1,AMZNC|MPSOL
user_15049,1,BTCMI
user_6879,1,CRMD
user_6386,1,PSH
user_15772,1,FRT
user_6623,1,DISCA
user_31719,2,BX|KC|WTER
user_21972,1,IGU
user_26105,1,VIXFO|ZC
user_12769,1,UPSTA
user_2139,1,BANA
user_24529,1,TME|WFCBO
user_5576,1,AAPD|LPTX
user_3511,1,UMANY
user_4657,1,CS|TSLAJ
user_11571,1,LITM|SMIC
user_27005,1,OLED
user_31980,2,NFLX|TSLH
user_22869,1,GLNG
user_34144,1,CDAY|VTV
user_23710,1,ASMLH|VRAR
user_25188,1,ACNDA|CHL
user_4022,2,AKRO|DEA|NOVN|QID
user_8141,2,IDXX|KO
user_12756,1,APO|MQ
user_6154,2,AMD|HYPRO|STORG
user_2985,4,BBAI|FSTX|GOOG|PTPI|VZ
user_208,2,RUT|TSLA
user_24717,1,OMCL|SJM
user_33117,1,MQTHI|SBUX
user_24981,1,CE
user_17666,1,PEPTE
user_5383,1,SPOTW|ZG
user_14181,3,FBHTT|MSFT|RGEN
user_30890,1,TISI
user_28360,1,VFI
user_29119,2,AMDLE|CRNCB|PG
user_6045,1,SFT
user_7869,1,HALWE|MTEI
user_11216,2,BA|TEVA
user_33687,1,STNG|WYNN
user_14383,1,CVE
user_19247,1,PERI
user_4118,1,ASAN|GEBRF
user_16537,1,GDS
user_30507,1,AAPLO|AOSL
user_17732,3,CARA|LRN|OHICO|RVLV|SEV|TWITH
user_18424,1,FUTUW
user_23890,1,FINV|SIOTH
user_19494,2,CRM|EL|RGNX
user_31995,1,DXY
user_21797,1,REM
user_28987,1,WING
user_2355,2,AMAT|VZ
user_9681,1,FBINC
user_21459,1,DENN|UBER
user_29018,1,AAPLM
user_21867,1,ATGE|WAL
user_13529,1,DISWA
user_31648,1,APRN|ATVIA
user_18479,1,NWS
user_20057,1,UNHC
user_3616,2,JPMVA|XPEV
user_3624,1,NEGG
user_18170,2,ATD|FBSEQ|ZS
user_23006,1,FUN
user_17750,2,CIEN|IONQ|NNI|ONB
user_15037,1,MELIM|TNP
user_14440,7,AMZNV|ARKKR|BABAT|CRIS|GLJ|MVRSA|PLAN|SAND|TSLAD|VGT|WTER|XIL
user_30707,1,CMGMC|JKHY
user_2629,2,FBINS|FBTHA
user_6173,1,MSM
user_14943,1,CROX
user_19654,1,ZION
user_7832,1,AMTMA
user_14055,1,HDAPR
user_24446,1,GMEGL|YGG
user_10158,1,PLBY
user_4703,1,GPS
user_20678,2,CGCHT|STZ|TRV
user_8006,1,TSAT|TSEMH
user_16441,2,HSDT|PTLO|XPEV
user_14418,1,GOOGN|VWEWA
user_17163,1,BOFA|KMB
user_10394,1,XL
user_32288,1,LVS|XLC
user_29860,3,CMA|INTC|IRMAD|KIM|USBSO
user_26320,1,ADYEY|SMR
user_22130,1,SBUXB
user_3712,1,SHV|SOSHT
user_10069,2,F|NBR|STHE
user_16124,1,AMZND
user_5172,1,DELL|PGR
user_22415,1,AMC
user_23274,2,ELON|IP|NEAR
user_16353,1,FMC
user_15930,1,VFINT
user_22736,1,ANKR|TSCOB
user_12113,1,JNJPA|WBA
user_11037,2,BA|DCFC
user_19338,2,ENSC|GOOGT|YELPW
user_1614,1,OPRA
user_21640,1,MSFTS
user_28197,2,ARKO|EVGO|NKENV|TRADI
user_6358,1,MJ
user_29408,1,VRTXO
user_12168,2,JOBYH|PARA|PYPL
user_20485,1,CVM|KBR
user_321,2,SPT|TPL
user_30741,1,UAA|WST
user_28200,2,AXU|BYM|ESSC
user_3909,1,CHGG|GMETH
user_4249,2,CHPT|ENPHW|LTHMC
user_33761,1,MNST
user_9809,2,GEWED|HBAR|MMMBU|VERT
user_8015,1,AI|PYPL
user_5519,1,DOV
user_14937,1,CSPR|DE
user_34153,8,CPNGJ|CSVTI|ENVX|H|HRTZ|IONS|IRTC|KOTEC|NXGN|OGI|QYLD|STBA|TIMEA
user_8591,1,CCLES|ISPO
user_16376,4,ABB|AIT|ENR|HAL|ICNM|VSUPE
user_16915,1,KRVER
user_4943,1,COINM
user_23885,1,VWEDN
user_30031,1,CCIV
user_2186,1,FBCOM
user_10030,1,ARKO|ROG
user_18160,1,LESL
user_4507,1,SWIM|TJX
user_10183,1,AMDME
user_681,3,AGNC|APRE|INFY|TTDGE|XLI
user_20375,1,MUDAV
user_17134,1,MARA|NOW
user_7791,1,NIOAS
user_13639,1,DBGI
user_29263,1,BTF|USFD
user_10772,1,RDBX
user_14999,1,JNJDO
user_33091,1,CSTAR
user_13259,1,KMX
user_10766,2,EL|MSFT|NFLXW
user_792,1,MOMO
user_10310,1,ABBVW|HSDT
user_29361,1,AMZNR
user_23436,1,KDA|LWLGE
user_5746,1,AKAM|RIVNS
user_11608,1,DB|OPORT
user_28018,1,ORK|PARAS
user_6468,2,CAMP|INDO|MGA|NFLXD
user_20807,1,PYR|UWHAT
user_15740,1,BCYP|STNE
user_4605,1,SQSPO
user_5292,1,VWEDN
user_25921,1,LUV
user_6458,1,AFRMI|NAVI
user_24284,2,META|RVNA|SOX
user_23694,3,ENZC|PTOND|PYPL|VRTS
user_30782,2,AGG|XPEV
user_33382,3,AAPL|MCDEU|TSM
user_24992,1,FVRRO
user_8100,2,CEG|MRI|PLDHT|VRSN
user_20862,2,BAESY|MSFT|SMFR
user_26778,3,FTAI|MTTR|NOC|TCS|UNHEX
user_32216,1,SYR|ZMPAR
user_298,1,EWT
user_20019,1,FBLIZ|GOLD
user_13772,1,PRNT
user_13661,13,AMDSH|ASANF|BROS|BTC|CHWY|FBEVE|FBREM|HCP|IDEX|INAZ|LMFA|MELIF|PIN|QNT|RHCLO|RIVNT|ROKUD|VWAGY
user_33832,1,JAMF|SASR
user_14162,1,CHHFI|DAVE
user_5353,2,BLBX|BNSO|FQ|MSFTP
user_6242,1,ETSYC
user_2343,1,EWZ|ICE
user_14705,1,AAPL|SBUXW
user_23669,1,BLNKW|OXYBO
user_17958,1,RS
user_28232,3,FLOKI|LIGMA|MKTX|SIDU|SNAPF|UNHEX
user_9573,2,AMZN|GFAI|GRUB
user_25064,1,AMDCU
user_7807,1,APOG|RIVN
user_11765,2,AAPL|AMDVI
user_29945,1,CHD|CRIS
user_856,2,APRN|INTC|RWLK
user_7688,1,HULU
user_5914,1,LTUM
user_30250,2,COST|RIVNC
user_31645,1,LRCX
user_17891,1,AMDHT
user_511,3,AAPLA|CMG|CRXT|MAGT|NOL
user_4062,1,AMDVI|ODFL
user_23684,1,FAMI|FAST
user_5915,2,CNC|NOC|PHRRF
user_23671,2,ALGO|RACE|SGH|VTR
user_9321,1,CYBR|F
user_27212,1,TSEMH|XLE
user_19452,1,SKLZF
user_31085,1,ABNBM
user_30025,2,GOOG|TSLAY
user_1827,1,AAPLH
user_20545,1,CRMD|NNOX
user_24126,1,BBIOW|FBBEA
user_7841,1,FET|GSK
user_25059,2,CCL|DCP|MPSOL
user_23712,1,VRTXO
user_8455,1,LOWSE|POOL
user_32776,2,AAPL|AIRS|TGTDO
user_21127,1,RIVIA|SHOPD
user_19646,2,F|FUTUW|VAND
user_2528,1,HALO
user_17902,1,AMDMY|VINCI
user_10645,1,SJW|TTDEV
user_24766,1,RES|SPOTR
user_971,2,BENE|NFLX
user_16403,1,ITA|NVDAH
user_33148,1,WSM
user_32378,1,BTTX|ENBFO
user_14717,2,PG|SYA
user_21126,1,EGHT
user_13089,1,SYNC
user_3400,1,PAYS
user_9549,1,OMCL|SGH
user_32236,2,AXPHT|GOOG
user_26838,1,MDBAL
user_11870,1,AMZNL|BTCNI
user_30375,1,GNUS|ZSCHA
user_15186,1,QNTJU
user_20510,1,DISTH
user_8381,1,DISEN|NFLXY
user_33512,3,KRTX|URNM|WEJO
user_31745,1,HEINY|IAS
user_23038,2,LNG|RDBX|ZS
user_18217,1,CDMO
user_1473,1,BRKSO
user_30125,1,BRKNE|HUBS
user_29229,1,CG|URA
user_22491,1,JACK|NSAV
user_6272,1,MRVI
user_32518,2,AEHR|NIO
user_19638,2,ASTR|AUDI|VUZI
user_5341,1,BSC|SMICY
user_16626,1,JD
user_17019,2,ABTIN|PG
user_17766,1,DISCK|EXPI
user_7302,1,SKLZF
user_128,3,AAPLK|CLR|EXPR|OMCL|PYPL
user_11845,1,FBSIM|PUBMH
user_16525,1,RL
user_13190,1,CCLWA
user_21085,1,AARK|NXTP
user_17749,1,WIX
user_22610,1,COM|PSTG
user_14744,1,AGR|SAM
user_11486,1,KNEBV|OPK
user_21663,2,IVA|NFLX
user_23202,1,DISCO
user_17863,2,ALK|NOC
user_17498,1,DVN|NFX
user_12634,1,ACHC|GD
user_1935,1,CRWDW|CVET
user_18455,3,AEP|EEM|SAVAA|TSLAV
user_29958,1,ABM
user_24706,2,ARKF|ILUS|INTC
user_27601,1,TPR
user_9545,1,SPG|TSLAP
user_20276,1,NXRP|UKOIL
user_10881,4,AMZN|BLNKW|KNX|OSTK
user_25047,1,CMI
user_18001,1,JBGS
user_7778,1,BIG
user_12405,1,BABYT
user_31320,1,MANU
user_25725,1,ULONG
user_12983,1,SONY
user_6553,1,AMDNO|FIS
user_20238,2,PERI|TTDMA
user_26412,3,BA|HRI|NIO
user_30895,2,KO|XLNXR
user_8562,1,EAR|SQDAT
user_16842,1,BROS
user_17739,1,KTB|SYFDI
user_17118,1,SWX|UXINC
user_21801,1,FNF|IFF
user_25025,2,QFIN|SGAM|TD|URNM
user_18469,3,GFS|NVDAD|PACW|SPELL|TWTRT
user_13557,1,DD
user_18893,1,CKS
user_497,1,BODY
user_20025,1,FHTX
user_14058,1,QQQAN
user_6824,2,KKR|NKEI|YOLO
user_21487,2,AESE|KO|PAAS
user_22409,1,BOA
user_729,1,NBR
user_9190,1,CAMT|GOOG
user_2108,2,NASA|XOMRE|XPEV
user_33283,1,CMRX|ROKUO
user_31246,1,IMXI|UAA
user_17421,1,SHW
user_13755,1,NCNO
user_18312,1,COM|TTC
user_11227,1,SPXLA
user_12626,1,CMGMC|QQQYO
user_28730,2,HOODM|KWEB
user_33190,1,JEPI
user_24035,1,CLX|UMG
user_22717,1,AZNAN
user_32989,1,HFG
user_32993,5,AFL|AMDCU|BA|CPNGJ|LSI|PLYPL|TWTRS|VZREI
user_16106,1,CTSH|ONEX
user_8464,1,BABAW|UVXY
user_7144,1,DISHB|OVV
user_3006,1,TEL
user_15760,1,WIRE
user_30884,2,ACBBO|TSEM
user_28030,2,BA|CMGMC
user_18870,1,QNRX
user_2037,1,MELIC|TTE
user_33129,2,ADC|BBI|BILLV|HULU
user_2869,2,H|NOCPH|TSM
user_25183,1,BYM
user_30101,2,BAC|WB|XPEV
user_14488,2,AUPH|DUK|FUL
user_20828,1,IINN|NNN
user_14763,1,TD
user_34321,1,ENBFO|MSTF
user_24815,2,COST|NBR
user_25522,4,CRWDH|GLD|IKEA|MDBAL|PHR|PTONY
user_2263,2,AMZN|QQQBU
user_16258,1,GSAT
user_31291,1,BAWAT
user_394,1,SASR|TSMC
user_17281,1,BXP|SPCET
user_26693,2,DEO|F|YGG
user_16214,1,FBSIM
user_14507,2,AAPLI|DOOR|GS
user_25709,1,APLD|BIL
user_1931,1,PPG
user_27948,1,ZRX
user_34325,2,CSPK|EVBG|TWTRI
user_27655,1,CG
user_2092,1,DUK|NOVO
user_6179,2,MOMO|NIO|SMFR
user_11548,2,HCSG|KO|QNTJU
user_14571,1,ZBRA
user_9921,1,FOXA
user_29218,1,GNRC
user_8340,1,NDA|VOO
user_31131,2,CENN|EVOK|HXL
user_12843,3,ARK|HEINY|IGU|LMNOP
user_6707,2,THC|ZIONT
user_9976,1,ASH|IRMAD
user_23407,2,COSTA|EVH|QQQSH
user_28104,2,CELHM|NETA
user_6066,1,ASANF|MMMRE
user_30497,1,AMTMA
user_5024,1,ONDS
user_1953,3,GOOG|GT|SNAPF
user_21092,1,KBR|UPWKT
user_16004,1,BABYD|SMR
user_30146,1,DOCN|MOHOW
user_19679,1,GILD|UWHAT
user_22605,2,FBP|NYCB|PYPLR|SHW
user_13020,1,MATIC
user_2388,1,DATS|PH
user_1632,2,COSTS|CRM|UAN
user_1855,1,NOWTH
user_7468,1,LCIDW
user_2847,1,KBNT
user_276,2,CELHC|F|REXR
user_16990,3,AMZNF|BBIGC|CREE|GDYN|PENN
user_593,3,CB|GILD|MTN|TQQQ
user_32689,2,DJCO|PG|YGG
user_27299,1,MSIND
user_6524,1,VIEW
user_6276,2,HOG|KMB|PRU|TLT
user_18205,1,OTRA
user_5859,2,BATS|CRMDE|SEV|WBER
user_21123,2,GOCO|SBSW
user_10607,1,BANA
user_10225,2,AAPLH|HONHI|NEVAD
user_8558,1,CAH|CRWDS
user_31940,1,ABBVB|TSLAP
user_6133,1,PANW
user_31873,1,SAVE|SE
user_9399,4,CHEF|MFC|OTTR|SCHL|VIXFO
user_20150,4,BBI|CHTR|EXPRE|MSTF|NVDAC|PEBO|PGJ
user_3203,1,BRKA
user_14697,2,MSFTD|ROKUN|SNAPS
user_31871,3,AMDWH|ASMLW|AVGO|GNPX|SNAPS
user_20693,3,CNS|DISHB|JWM|STILT|WTRH
user_9100,1,XMR
user_29549,1,CHL
user_23839,1,CEIX|MCHP
user_682,1,EGLD
user_25536,2,BEAMC|CVXI|UBS
user_32684,1,CLVS
user_19684,3,DKNGZ|PSNY|VZ
user_29940,2,GOOG|VLON
user_23325,1,FOXA
user_4389,2,GOOG|SIRI
user_12290,1,ARCH|PCTC
user_15561,2,CRLBF|PG|SBUXW
user_33484,1,FUVSO|GGPIH
user_9416,1,CPRT|PDFS
user_43,1,GOOGM
user_21492,2,DISCH|GRNQ
user_9592,1,DEGEN
user_21448,1,AJG
user_16978,1,FCEL|SPYYO
user_8905,2,GOOG|SYTA
user_29044,2,BTCBE|BX
user_21476,2,CRM|NKERB
user_31418,2,LTCHT|SCHDT
user_13266,1,CHKP|SOLO
user_15673,1,HEC|SKW
user_17316,2,AAPL|CRSR|RAYVR
user_27806,1,LEA|XPR
user_13087,1,AMKR|APPSI
user_4106,1,TSLAF
user_15763,1,TSLAR
user_18921,1,PHG
user_3685,1,OP
user_2902,1,ILPT|RGBP
user_29160,1,FMX|PTONR
user_19999,1,OR|SWCH
user_16691,1,MVIS|VOOAD
user_12293,3,OTTR|TSM|YCBD
user_16420,2,CFVI|KO
user_15128,1,HCDI|SEMER
user_19860,1,AAWW|EXPE
user_1063,1,FRBK
user_22520,1,CRWD|PHMAF
user_1283,1,BETZ|COSTB
user_26872,1,ALTO|RA
user_24639,2,AFRMI|F|MKC
user_20614,1,ASMLH|RNDR
user_968,1,BABYC
user_2267,1,RHCLO
user_1233,1,FHM|OLPXI
user_25276,2,PG|UPSTB
user_31900,1,GTC|TENB
user_8017,1,DRI|ENPH
user_32670,1,PRU
user_8498,1,FCX
user_6099,2,CHK|EPAZ|F
user_8064,1,PHRRF
user_8310,1,TENB
user_11795,1,RGEN|YM
user_1071,1,MRO
user_9277,3,CRM|META|REM
user_9322,1,CMCS|LHX
user_19676,1,CLFD
user_27407,2,MRAI|ULTA|XPEV
user_20348,2,ROKUA|XPEV
user_20713,1,CBSTR|ULET
user_4794,1,CBSTR|WCN
user_10850,2,ALT|AMCRI|ETHCY
user_30411,1,CAMP
user_4411,1,CHD|MRVS
user_11490,5,BACMO|CEG|FRSX|GE|GMBL|JCI|MVVYF|UMANY
user_47,2,AJG|DEA|DPSI|MNDYA
user_17015,1,O
user_21984,3,AGL|ALTO|FBSPE|FLUX|QQQYO|RS
user_17851,2,DBC|F|STRAV
user_4472,1,SWX
user_20209,1,NLY
user_867,1,AUDI|PRCT
user_26323,2,BJ|COINS
user_32581,2,ADV|NOC
user_24609,1,GMVD
user_25103,1,RUNSH
user_17502,2,AA|ENPH
user_10614,1,RYANH|TTDMA
user_24731,2,DIS|MAFAC|TSLAS
user_28590,1,AMTMA
user_32310,1,GRUB|HOSKY
user_18360,1,DDOG
user_23352,3,DISDR|IOTA|SQHTT|TZOO
user_26519,1,LWLGE|MDVL
user_3192,1,NVDAS
user_18658,5,BAT|ET|FBH|GAME|KNOP|METAN|PALL|PRM|SPY
user_9083,1,UUUU
user_25264,2,BEKE|CRNC|PSH
user_13832,1,NNN|VOOTH
user_218,3,INFQ|NVR|SABR|SPRT
user_1376,1,VYGVF|ZWATC
user_17700,1,MSTRG|WBA
user_8091,1,BKNG|NOKBR
user_16497,1,PROSY
user_8,1,MTCH
user_22480,1,GO|UNH
user_31485,1,TWTRM
user_15676,2,AMDCI|CSTM|META
user_573,1,DOGO
user_25873,1,PDDI
user_6153,2,DMTK|EGC|LMTJU|SPYLO
user_7641,1,XOMHE
user_26349,1,CIEN|VFC
user_6902,2,HON|PLAN|TPL
user_32742,1,MNDYA
user_11978,1,ITW|SPWR
user_11276,2,ENJY|ENPH|UPSTA
user_7950,2,KO|SLAB
user_18695,1,FUTUW|TAN
user_3195,1,VIAC
user_2394,1,DCRC|UBI
user_20002,1,IRMAD
user_24462,1,SUNW
user_29603,1,LIND
user_30762,1,GINUX|SAMFR
user_7652,1,PYPLN|SPWR
user_20769,1,EXPRE|GEGI
user_13796,1,VXAPL
user_18443,1,DPRO
user_1676,1,TSLE
user_17014,1,JJC
user_23822,1,SQAI
user_6298,1,DRUG|SIRI
user_29810,3,AMD|BON|CRMOR|VWHIC
user_12209,1,APX|ATTOT
user_7299,2,NOC|XOMHT
user_12490,1,PANW|VRAWH
user_26233,1,NUPAT|UHTTP
user_20185,2,AXS|VYMVA
user_17478,1,MSFTO|TITN
user_18622,1,BSC
user_2568,2,DXCM|VZ
user_12681,2,HRT|META|UVXY
user_21197,2,MXC|PYPL|QUBT
user_10308,1,LVS
user_20125,1,ELONQ|MAIN
user_14691,1,GNRC|ISIG
user_8513,1,RBLXA|SPLK
user_8063,1,JOBYH|SLAB
user_14786,1,PLTR
user_23025,1,GETY
user_23114,1,AMTD
user_7617,2,AVBTH|PCG|SUNW
user_15415,2,AMDNO|DUK|MKLBO|RBLXL
user_9942,1,DDD
user_8854,2,BTCNE|CWST|PARA|RMD
user_8298,1,EXPI|HPQ
user_23948,1,KED|VVV
user_4891,3,BA|FBTHA|STORF|VVERI
user_33691,1,CIEN|VIXLE
user_20752,1,VCAR
user_4517,1,KRTX
user_33327,1,ENPHW|LVMHS
user_166,1,CWEB
user_28979,1,ARKKS|NIOPI
user_3449,1,CVXUT|DISCB
user_20042,1,PGTEC|ROKUH
user_1249,5,APVO|CRON|GRWGF|IINN|LNR|VZ|XPEV
user_9755,3,AAPL|ARE|NOC|XFRI
user_15207,1,SPOTR
user_33250,1,CLH
user_2959,1,CVXI|NBR
user_30855,1,FVRR|GLJ
user_84,1,OKE
user_32835,1,RLX
user_5116,1,HDCHI|PRM
user_7503,1,FBSEQ|UAMY
user_6252,2,ENPH|NOCPH
user_29483,1,BAX|BLBX
user_10694,1,AMDHO|PLTRI
user_20395,1,QQQHT
user_1856,1,MIME
user_24399,1,IRM|LUMN
user_10655,2,ATYHO|YETIF
user_22404,2,BABYC|MSFT|TBLT
user_25579,1,ORA|PVH
user_10654,1,APLD
user_2125,1,FINV|WFCDE
user_633,1,LEA|PVH
user_15538,2,DGROT|GRMN|VZHEA|WELL
user_22255,3,AMZN|ATYNO|FCXWA|PXD
user_26674,1,RUX
user_18095,3,ATVIP|FBBUL|NIKOL|OP|TXT|UOS
user_24124,2,EIDO|MPSOL|RACE
user_32002,1,FAMIF|VTSAX
user_15637,1,NOVO
user_325,1,DISHU|HFG
user_4129,2,AAPLG|NVVE|REM
user_5307,1,APPSN|FROG
user_18331,2,AMD|AMDWE|IMMX
user_9244,2,ALLG|RELI|SQAI
user_32717,1,CTRU
user_15375,1,ASC|RACE
user_8402,1,MU
user_1945,1,CEI
user_21507,6,ANVS|CBSH|MMMAN|MSOS|NXST|PSEC|SHOPR|SOFI|V
user_29272,6,BTC|CDAY|CRWDE|DOE|FDN|LYB|PATHD|QNTJU|VLE
user_8122,1,BRKA
user_26951,1,EL|FBTUE
user_3984,2,AMD|ROKUC
user_13392,4,CLX|DHR|GCT|MSFT|SPXLA|ZIMAY
user_6457,1,EXPRE|UPSVI
user_17507,1,LYB
user_8262,2,ALEC|XRPHT
user_7999,1,WST
user_23355,1,KOTEC
user_32439,1,ROKUH
user_14721,2,ATEN|NOC
user_19204,7,COSTJ|CPRX|DG|FRPHC|MNGHT|MRNAH|PXD|RFFUL|TRUP|VV
user_17631,4,ENSC|FI|RY|SBLK|UFI|VLE|WKHS
user_31024,3,AMZNP|CRK|HHC|PYPLC|ZOO
user_17067,1,CSCOI
user_10029,1,EGLX
user_31472,3,BSW|CLPT|FTAI|INTL|NIO
user_29471,2,BX|FBGAM|SWK
user_15701,1,OPCH
user_6299,2,AAPL|CWST|MRNAW
user_23162,2,AAPLT|BAI|META
user_31422,1,HLT
user_22649,1,BLOCK
user_23384,1,FHN
user_797,1,ENDP|GMSOL
user_11999,1,DKNG
user_7903,1,NOCIS
user_21006,5,AEO|INFQ|SMR|STRR|TSEM|UTHR
user_26393,1,LNG
user_8659,2,SNX|TSLA
user_29294,1,DAL|DFENT
user_11838,2,GGR|MSFTP|PYPL
user_13008,3,BA|RR|SWK
user_13360,1,QQQ|SCHDB
user_13910,1,RBLXL|RFFUL
user_14829,2,BA|TEL|VERU
user_21014,1,OTTR
user_4698,1,NOL
user_7967,1,MSFTA
user_8050,2,DRTS|LVMUY|PGNY
user_2766,1,PRPL|XPEVB
user_15991,1,VCOCA|WBD
user_30483,1,TSLAK
user_31118,2,BEAMC|RIVN|SG
user_3522,1,FERG|LMT
user_20267,2,BRK|NFLX
user_20076,2,CDTX|NIO
user_18376,1,FB|PLBY
user_3306,1,AXPGO|SG
user_21787,1,XLY
user_16341,1,SFT
user_25871,3,CL|F|SQBEA
user_30425,3,AMDWH|MOV|MSCI|SSEMI
user_12275,1,AZN|DIDI
user_24161,1,TRRXF|TZOO
user_21449,6,AAP|ASAN|AVGOT|FTAI|IMXI|NXPI|SCO|UNA|USD
user_3209,11,AAPLJ|ABBVR|ATVIB|BARK|COM|COSTM|CRO|ENB|GEVO|GM|GOOG|HES|IOT|METAH|UNHDO|UPSTE
user_26153,3,AAPD|CHPT|SYF|VORBH
user_28649,6,AMZNS|BESOF|DRUG|EPAZ|ESCA|EVCOI|HOG|UNHDO
user_12450,6,AAPL|AVXL|BMRN|BTCDI|INSG|IWM|MGNIO|NAKD|XOMDO
user_21862,14,ADGI|ANKR|BJ|CCATE|CTAS|DOCUH|DOE|EGC|ENPH|ENTG|FBCHA|LTCHT|MKLBL|MRVS|NOWTH|R|USDT
user_29321,6,ANY|BBAI|BTCMI|LBC|QYLD|SHCR|SPYNA|ZTS
user_30506,6,AZN|BTTX|CLX|LYB|PETZ|PGPAS|PKG|SQHOP|TAP|WDAY
user_19148,7,ABBVM|AMDLO|BACBU|FBEVE|GEF|HYMC|INTC|OVR|SHPH|TTDMA|ZOO
user_13013,5,ASMLW|BMBL|DOCNS|EPAZ|NWN|RKLBS|SI|UPS
user_30192,5,ATKR|FIVN|GWW|HFG|PFEFR|WYNN
user_29609,7,BON|FBTUE|GLD|IDEX|JBHT|PLAN|TNX|TRADI
user_7984,3,DDOGC|DPZEN|PWR|TSAT
user_33762,3,ABM|G|MAXN
user_22644,2,BRKNE|ILMN
user_11303,3,ABR|PDFS|UFING|VNOBL
user_371,4,ABBV|FRGE|META|PHMAF|RHCLO
user_18038,12,ALGN|BIDUE|CRXT|CSPR|DY|FTNTO|IMXI|KINGS|META|MKLBO|NEGGI|OPORT|SEA|SGMS|STORD|VZHE|VZHTT|WDAY
user_30074,2,SBUXB|SNOWI
user_22142,2,SYS|TRIT|UAMY
user_15521,2,KINGS|KLO|SUMO
user_24511,2,AAPLD|SKWS
user_14454,3,AMDBU|CRM|EL|FBK
user_16408,1,MTP
user_17110,1,NFLXJ
user_14153,2,LANC|SPYYO
user_23109,1,GLD|MMMOW
user_31350,2,DIS|EQUIX|MAGT
user_11756,1,IFF
user_2127,1,LVMUY
user_8347,2,ABBVB|BMBL|CORN
user_11183,2,POSHY|QSGRE
user_20792,1,ROKUG|ZIDAT
user_31979,1,PROG|SNAPC
user_11755,1,INVE|TD
user_23902,2,CRM|DOCNG
user_30646,1,DRVN|HRB
user_25091,1,FBBUT|NVIV
user_14733,2,BEE|SON|VZ
user_22964,1,NBIX
user_5143,1,MARK
user_26630,1,CVM|QQQAN
user_11513,1,PPC
user_12341,1,NFLXA
user_31482,1,AESE
user_17227,1,VXRT
user_8103,1,BAC|BLBX
user_28051,1,ARRY|NIOIS
user_9334,2,BKU|NKEBE|TMHC
user_20773,1,CPRT|FUV
user_456,1,ETHAL
user_14867,1,PINSU
user_26211,1,PINSB
user_9761,1,PSLV
user_13969,1,AAPLT|MSFTM
user_9194,1,HSY
user_9049,1,HDWHA|SGMS
user_29377,1,DOT
user_27907,1,JNJRE|PSA
user_7690,2,KDP|NIO|XLNX
user_13406,2,CXW|RBLXE
user_22054,2,EXR|NOC
user_32209,1,FIVEY
user_3534,1,DISWA
user_7118,1,BKLN|TSMFI
user_23553,2,AMZN|AXTA|NETIT
user_20605,1,LITER|RNR
user_27171,1,FTNTT|MC
user_20145,2,AAPL|JNJTO
user_22718,1,ALLY
user_13719,1,GOEV
user_22276,2,LIND|RBLXC|RIBT
user_28061,1,IRBT
user_15397,2,AAPLA|NFLX
user_17082,1,AAPLS
user_17428,1,DOGO
user_16167,1,USDP
user_20658,1,RYT
user_21357,1,JD
user_14520,4,EOG|GETY|GMREV|NUE|PRTS
user_1534,1,CDTX|SPYAL
user_27838,1,IRTC
user_13239,1,CHE|STBA
user_26623,1,DSP|LTHM
user_21865,1,EXPR|TEVA
user_34186,1,GETY
user_30918,1,BBAI
user_24441,1,RA|SIX
user_33800,1,ABBVD|FXI
user_18201,2,F|GT
user_6740,1,EWBC
user_22996,1,BRCC|COMP
user_6645,1,BTCNI|MDAYT
user_15768,1,NRSN|VBUYS
user_30968,1,DCBO|SNTI
user_21174,1,A|SAITA
user_28871,1,UOWN
user_14025,1,SNOWI
user_10959,1,FBETH
user_270,1,SUMO
user_19874,1,SBUXW|SONO
user_31531,1,FBUY|QQQSO
user_29876,2,BACBU|VZJUN|XPEV
user_2491,1,AQN|UPSTA
user_29691,1,GOLD
user_13131,1,ENR
user_175,1,XM|XVG
user_31697,1,BTCNI|SLI
user_7423,2,NFLX|TSLL
user_33414,1,DDOGA
user_10095,1,COINY|SAP
user_27586,1,ROKUG|SPYOP
user_27087,2,ENPHW|ENSC|FSUGY
user_30183,1,AMZNU|GOOGN
user_16908,3,AMZNQ|GMQ|KLIC|TSM|V
user_20455,2,AVEO|BXP|NFLXA|SNOW
user_1041,2,AMZN|APPSC
user_60,1,CKS
user_23664,1,OIL
user_15450,1,FEG|SONO
user_10768,2,ATH|SNAPS
user_31673,2,AUB|ESCA|LEG|RDS
user_18634,2,GRUB|JPEX
user_14597,1,DNFLX
user_22748,1,CBSH|EMN
user_21255,1,ONEM|PTONJ
user_15514,1,SBUXT
user_1687,1,NIOFR|VREIT
user_6890,1,PGNET
user_21386,2,GSK|TEVA
user_14064,2,DGROC|KO
user_18583,2,ARRK|NSANY|XPEV
user_18054,1,DCBO|INM
user_16599,1,AMCRE
user_16866,3,AMZN|CPIX|ENPH|GPS
user_1666,2,DOE|INTUO|MSFT
user_4196,1,CKS|NVDAA
user_4559,1,ALGM|WKR
user_11743,1,I
user_27632,2,AWS|XPEV
user_25073,2,HDHEA|UPSTB|WEBR
user_1970,1,KOOWN
user_16672,3,GOOG|MILLI|WSO
user_26827,1,FBINC
user_16858,1,ALICE|RDW
user_15280,6,CHRW|CSCOA|GENI|HTCR|MOFEB|PRTY|ROP|TR
user_12195,1,CPBCH
user_17757,6,AAPDS|ASOL|BTCNE|COST|FBZOO|NLS|SABR|VTSAX
user_12618,5,AAPLM|BRUSH|CSGP|DAL|ELON|EVO|GMEZO|MSFTS
user_897,1,TSLAO
user_27090,1,AAWW|APVO
user_14633,1,OR|TSLAG
user_12194,2,AMD|CROX
user_10695,1,DOBO
user_6609,2,COLD|CRM
user_6695,2,CASTI|CRWDS|ETHSH|VOSO
user_22910,1,NUPAT|TXNCO
user_12814,1,STORB
user_18941,2,COST|SOL
user_25121,1,HTCR
user_28909,1,CASA
user_3731,1,ALNY
user_4315,1,SPXTH
user_10207,1,FBFIN
user_30047,2,EDIT|GCT|RDIB
user_26573,1,BKKT
user_32083,1,PDFS|ROKUH
user_8345,1,AMEH|GDYN
user_7917,1,CUBE
user_25122,1,FNGU|MEDP
user_25392,1,FBZOO|TTC
user_28927,1,APPSI|PRX
user_33959,1,UXIN
user_10796,2,GRAV|NURO|WCLD
user_14505,1,TREE
user_22995,4,COMP|MVRS|ONEM|PANR|SMCI|TSEMH|VISHA
user_13022,1,POWI|PYPLI
user_33207,1,CP|ETH
user_24832,1,AMDME
user_4684,1,HUT
user_10182,1,AURY|EPSIL
user_1375,1,INTUO|WISHT
user_28376,1,MTUM
user_16385,2,HDTOP|MOBQ|TSLA
user_27394,1,QQQOV|XVG
user_25830,1,EGP|ZIDAT
user_26527,1,SJM
user_8133,1,TRTN|XLFSP
user_15274,2,ENPHM|SQBEA|VZ
user_4381,1,NSANY
user_15883,3,AGRI|CCATE|HLF|SHARE
user_19066,1,FANTO
user_1843,1,CVNAT
user_8681,1,WPC
user_4697,1,AYLA|PURR
user_874,2,IDT|MMC|NLY|PAAS
user_9336,1,QQQDI|QQQFO
user_28521,1,ENDP|TTDMA
user_16806,1,PTRA
user_17272,1,FBH
user_25456,1,ALLG|K
user_12861,2,GRNQ|VUG
user_33061,1,BNS|TTDMA
user_34082,1,GNENF
user_28105,1,U|VFI
user_7330,1,PVH
user_33933,1,FOOD
user_6685,1,BBIGC
user_10775,1,OLO
user_18382,1,ACLS|NFLXD
user_1980,1,CYBL|SITM
user_381,1,CEIX|FBHTT
user_22145,1,GOOG|SPYBU
user_7848,1,BAENT
user_26673,1,NVDAB
user_18914,1,FBHER|GD
user_11590,1,BKCC|RKLB
user_28180,1,FBINC|JO
user_31829,1,QQQHU
user_7229,1,IVV
user_11674,2,DIS|MOHOW
user_31039,2,IONQ|TSM
user_30705,1,EMB
user_11258,1,JPMNO
user_25812,1,IRMAD
user_32282,1,OKTA|PRQ
user_25277,1,BBBY|TSLAA
user_15545,1,SPYOP
user_30395,1,HEC
user_29503,1,RPRX
user_8541,2,COST|NEE
user_16370,1,MSFT|WEN
user_14624,1,CHKPB
user_2120,1,TDOCI|TIVC
user_31899,1,AB
user_12240,1,HCSG|JNPR
user_13319,1,AMZNI|MOFEB
user_12151,2,EC|WFCDE|ZS
user_9835,1,BXP|SNOW
user_7558,1,ATXI
user_15236,2,BBIO|FBSIM|PARAH
user_31789,1,MCKBO|SPCE
user_20884,4,APLD|COSTD|CRMOR|FBAT|TROW|VRTI
user_7153,2,PIII|VZ
user_32173,2,MP|OTRK|TMHC
user_2118,1,SGHC
user_15240,2,CLX|RACEH|TZOO
user_32174,1,AMPS|ANSS
user_28661,2,GMEON|LIBER|TSM
user_18970,1,GMEZO|SKIN
user_2440,2,ELON|KLAC|KO
user_29898,2,GOOG|SCHL|YCBD
user_32277,1,SOFIH|TWTRS
user_3921,2,AVAX|TER|ZS
user_1546,2,AAPLB|MSFT|SNAPT
user_21593,1,FIS|FSLR
user_4993,1,AAPLF|FTAI
user_18530,1,MSFTW|VIR
user_32126,3,MSFTW|PDDAN|PG|TSM
user_27491,2,AMD|BX|CVSI
user_13236,2,EPS|NOC
user_3874,3,ATEYY|LMNDS|LSXMA|SGMA|TWLO
user_5387,2,AIZ|ENDP|IWMBU
user_7765,1,HOLD
user_3285,1,THEY
user_17514,1,COINM|RYANH
user_12869,1,ENS
user_15144,1,WMTBE
user_6709,2,LTHMC|PNR|RHCLO
user_12132,1,TGTDO
user_23896,1,FAF|NDQ
user_23131,1,MIME
user_11150,1,DJIFR
user_30403,3,GOOG|NKERB|PYPL
user_22169,1,ALGM
user_10719,1,CSTAR
user_13757,1,ABNBA|WKR
user_9867,1,TSLH
user_19978,1,JNK
user_12433,2,GRAB|MGNIL|ROKUN|TSLAK
user_4960,2,FITB|ZS
user_11487,1,NFLXA
user_16476,1,AAPLO|SHOO
user_12875,1,ENTG|NKEFE
user_22448,1,MTP
user_16729,1,CISO
user_19723,1,CD
user_26394,1,GPNBA|QCOMT
user_26689,1,USBSO
user_13001,1,EVFM|LGVN
user_16520,2,F|WING
user_6072,2,KO|ONOV
user_32951,2,GDYN|NFLX|XLNXR
user_25992,1,FBZUC|MUDAV
user_29036,1,STAA
user_14424,1,FTNT|PHRRF
user_30627,1,CEIX|NVDAN
user_12201,1,SFM|TASK
user_3423,2,ADSKG|BNDX|MSFTM
user_11136,1,BTCWA
user_638,2,BAP|ETHDI|NXST|ONB
user_13006,2,APPL|TSLA
user_25176,1,AMZNG
user_9443,1,BENE|QCOMR
user_6852,1,NFG|VRAR
user_23379,1,ALV|MSFTS
user_20425,1,ABCL|TWTR
user_15651,2,INTC|PCAR|TSLAW
user_9723,1,BXHTT|EMR
user_23622,1,BP|DSP
user_28946,1,SBUXI|TBT
user_15163,1,CALLS|FTMSA
user_34031,2,AMD|COSTC|STLA
user_31228,1,GOOGS
user_3131,1,MCDOC
user_14560,2,ANKR|DVN|GDYN|OFG
user_13575,1,HALWE
user_21314,1,TNP
user_7552,1,CHKP|FLUXI
user_23106,1,PDDWH|SHAK
user_16335,1,JO
user_22094,1,NEGG
user_2211,2,GSK|MIGI|NFLX
user_12918,1,INND
user_30832,1,BYDI
user_14930,1,TRU|TSEM
user_9394,1,AFRM|VRTI
user_19701,1,BAHUG|DOCNC
user_6212,2,DIS|DOOR|LQD
user_9420,1,EA|MAIN
user_13997,2,EDU|INM|MSTRG|PLNHF
user_25914,1,NLS|NUCON
user_13380,6,DOCUF|DVY|LSPD|MC|NUCON|PG|UCHIN
user_12900,1,TGTTE
user_4775,2,REGN|TBT
user_21580,1,METAT|XAU
user_14601,1,BBI|KRL
user_2950,1,COLD
user_30750,1,HCCI
user_11637,1,CUBI|PNC
user_21537,1,UPSTC
user_11253,2,SONY|STAGE|TTCF
user_21617,2,CDNS|COTI|MRTN|TGL
user_1520,1,VFI
user_17308,1,ADP|DXC
user_4799,1,KRL|MTUM
user_8571,1,CSPON|DISDR
user_14848,1,SCO
user_4785,2,NOC|RWLK
user_23985,2,AAPL|HCA|SNTI
user_2571,1,SCHDD
user_2636,1,CCCX|LUCD
user_23388,1,CWH
user_21650,3,CCJ|IAC|SITM|STAA|XPEV
user_7524,2,AAPLG|GPNBA|LUNA|SWAV
user_32821,3,ALLY|GOOG|TNXP
user_689,1,EDR
user_19853,1,CNSWF|PDSB
user_11825,3,EQIX|ITCI|KEY|PLTRI
user_31427,2,KO|LMNDD|TLA
user_29635,2,COST|DVY|PNR
user_7182,1,SPGGR
user_12300,1,QS
user_17621,1,HCA|OVR
user_3228,1,ANY|DCI
user_25625,1,GMEGL
user_24241,1,BAESY
user_30679,2,COSTA|NFLX
user_12486,1,DOCU
user_14096,2,ATXI|BPRM|HLF
user_25968,2,BSC|CRM
user_28620,1,AYLA|LNR
user_24266,1,FTAI|TIP
user_34053,2,NIO|PDFS
user_32756,1,PGR
user_8407,1,PARA
user_14764,1,NXP
user_26089,1,PRVA
user_26958,1,HGV|SDC
user_27350,1,ACI
user_703,1,NICE
user_28425,3,ANSS|ATVIA|CRM|DIA
user_181,1,FARA
user_10431,3,AMZN|DIS|MCD|PAYC
user_14113,1,TGT
user_18027,1,CVNAF|EPRT
user_3604,4,AFRMD|AGC|COINS|COLD|MNDT|NXTD|RIBT|TOMB
user_14843,1,ABBVD|LOWSE
user_31633,2,GOGL|SYR
user_27323,6,AMD|AMZNI|AXSM|EFX|ELAN|IONQ|NFLXW|SOFIH|SPYLO
user_28137,2,CRM|OWILL
user_22187,1,DLO|WRLD
user_26703,1,QQQHT
user_17079,2,META|SBUXA
user_29449,2,AMDI|MELIM|XPEL
user_25154,1,ATZ
user_14014,1,YNDX
user_32402,3,BKNG|CRWDW|GWW|MTB|NVDIA
user_29821,2,BX|NWN
user_7081,1,ZSTIE
user_14759,1,SSEMI
user_12621,1,JAZZ|RBLXA
user_9600,2,TDOCI|TSM|UNI
user_1782,1,EPS|ZIONT
user_2917,1,STBA
user_30131,1,FBLIK
user_19003,1,SBUXI|VZJUN
user_20013,1,CMC
user_12183,1,CSPK|ZPLUS
user_20382,1,ASOFU|CNS
user_21632,1,CSCOA|MELI
user_11154,1,BK|LIN
user_597,1,BABAC|BILI
user_34157,1,AAPLF|NFG
user_2883,1,COSTH
user_20822,1,COUP|CRK
user_28593,1,AVID|VLNS
user_2787,2,DUK|RCI
user_32263,2,SCHDW|SCHG|WKR
user_14353,1,KRALL
user_2645,2,FDX|HRZN|PYPL
user_2767,1,SQQQ
user_22994,3,AMD|ERIC|HTR|VTNR
user_6653,1,COINA
user_30195,1,ASMIY
user_26032,1,SODER
user_19485,1,IGSB|QQQM
user_31078,1,AUDI|MA
user_20580,1,JUNGL|OIH
user_20139,1,NEEWH|STT
user_993,1,CECE
user_22099,1,DISCO|UDR
user_21275,1,CELHC
user_9078,1,WMTSQ
user_33538,1,FTS|GRWGF
user_2585,1,GOOGH|UNFI
user_6148,2,CRXT|NKEMO|NUE|TSLA
user_11147,1,BIIB|FXI
user_31568,5,BGFV|NEM|NOC|NRG|RAIN|RDFNW|UNHDO
user_19201,2,MANUH|NFLX|OPRA
user_4886,1,F
user_30935,1,GMMOR|JWA
user_13460,1,KONOV|RUN
user_22801,1,G
user_12138,1,WMT
user_12786,1,MOMAY
user_5284,1,HA
user_15706,1,EUFN
user_3307,1,MSTRW|VVIX
user_28094,1,NOKBR|ZMDTF
user_32520,1,MATIC
user_23298,1,CAG|EPRT
user_26193,1,CCWF
user_21789,2,DAVE|ENPH|VWED
user_33870,1,VW|XRP
user_2866,2,ENPH|GILD|PHR
user_7327,2,AMDMY|RVIN|ZS
user_14552,3,CRM|DIS|SPYNE|VGID
user_31649,1,CSPON|LNG
user_21342,1,AMDQ|LIDR
user_34266,2,LTHMP|ZS
user_28961,1,TNP|TNR
user_902,2,AMD|KOOWN|TOR
user_24159,1,AFRMT|BEN
user_24118,1,QSR
user_5773,2,COST|VWHIC
user_22544,1,BBAI|FANTO
user_6408,1,PL
user_4006,1,QQQHT
user_29085,1,AMZNF|SWBI
user_13696,1,AKLIH|LGVN
user_27281,1,CLX|YELP
user_1203,1,SQAI|TTOO
user_28152,1,FIVEY|PEBO
user_9472,1,HALO
user_20994,1,HOLES|NIOWH
user_19907,1,CELHT|IMMX
user_21375,1,BPOP
user_29256,1,DDOGC|VALN
user_10381,2,INTC|WEBRW
user_21346,1,GRTX|VOSO
user_13379,2,CLAR|WMTBE
user_17182,1,PPC
user_27644,3,HAS|HOSKY|INSG|PFF|XPEV
user_9359,1,MSFTO
user_4795,3,BEEB|CPNGC|OKTA|UHTTP
user_23594,2,ANET|AR|XPEVH
user_9077,2,EVCOI|INTC
user_619,1,LUNC
user_1820,1,MYNZ
user_11821,1,QQQSH
user_27732,3,CXDC|ENPH|SKLZ|SPGI
user_4293,1,DFENT
user_10398,1,QQW
user_15562,2,ASH|SPGGR
user_422,1,CKPTR|MTP
user_28470,2,RMBS|SLV|VZ
user_5073,1,PATH|PLTZ
user_1543,2,CRM|SPPI
user_12773,1,QQQOV
user_9255,3,CVNAS|PYPL|UNHIF
user_16158,2,BRN|CKS|MCDRE
user_5796,4,ATEN|CVNA|INND|RBLXH|TREE|ULVR|UPST|VWED
user_5790,2,NIOPI|NSANY|TSM
user_24905,1,JUNGL|MGNII
user_6253,1,TSLAK
user_3368,1,DAG|F
user_15685,1,VEA
user_4974,3,INTC|MSFT|TSLAQ
user_32939,2,APPSC|VZ
user_19939,1,ATXG|SSTRE
user_34285,1,PI|X
user_5055,1,KOSS|LMT
user_28573,2,KSSWO|NOC|VUZI
user_15801,1,PHARM
user_10821,1,FLET
user_4470,2,BLNKA|KO
user_16588,6,ANF|AUB|CPE|DAG|GRTX|MCDMI|PINSU|THMO|TIVC|UPSTD
user_11676,1,AVXL|BX
user_7100,1,AAPLF|GMETH
user_26643,1,HMBLI
user_5195,1,LSXMA
user_26598,2,ATYCA|TSLA
user_33206,1,UDR
user_30704,1,COP|LUVFR
user_19531,2,NIO|UOWN
user_10606,1,KLEE|LCIDW
user_16275,1,TLTHT
user_9479,2,FCAU|MSFT|TX
user_22192,1,CP|TISI
user_23775,1,BYDDY
user_8586,3,APPSV|BILL|HDPRE|TFC|XPO
user_25309,1,CPRT
user_27257,1,UPSTC
user_15628,1,FBNOT|RIVNT
user_5924,1,GRTX|JWNBU
user_21915,2,SHOPS|XPEV
user_1552,1,NVMI|PBR
user_34273,1,FBNOT|PMFEB
user_28691,1,EPS
user_30817,1,GTLBB
user_27729,1,PATH|USDP
user_17953,2,HONHI|MSFTC|NVR|PRE
user_8178,1,CHEF|MNST
user_24292,1,GNPX|PIK
user_31841,1,WIX
user_13412,1,JASMY
user_30672,1,ABT|MSFTG
user_13956,3,BTI|GOOG|ONCHA|PPLT|PSLV
user_15454,1,BABAC|CELHM
user_9132,1,CIEN
user_12538,1,APX|NFLXE
user_6537,1,IBB|KTB
user_15700,1,FIVEY
user_21082,1,CCLWA|JPMAU
user_25976,1,AMBA|IINN
user_5667,1,VFIAX
user_28989,1,IBEX
user_33115,1,AMZNQ
user_30453,4,ABNBC|AMD|COST|HAS|PYR|SQ
user_14958,2,BN|LBRDA
user_14132,2,DISTH|META|MXC
user_5372,1,PARAS
user_27429,2,DCFC|NIO
user_16816,1,JWM|QQQHU
user_25753,1,CMRX
user_10330,1,XOMHT
user_25123,1,CISO
user_33755,1,AXTA|KEN
user_5973,1,BBIH
user_6784,1,CRNCB
user_5395,2,NFLX|SCHG
user_31455,1,NSRGY
user_10191,1,AMDBR|RNR
user_5675,1,MAFAC|WFCDE
user_14780,1,STAGE|VRAR
user_543,2,AAPLQ|NVDAD|RIVNA
user_25324,1,KOCRE
user_15968,1,DISCB
user_23685,1,FQ|HCA
user_23307,1,NIOAL|PL
user_7418,1,PYPLC
user_24060,1,INTUO
user_1826,1,ROKUF|VYM
user_28504,1,CVXUT
user_1252,7,COINM|LOWMA|MOS|OTRA|SEAND|TIVC|TSMAU|UDIGI|WB|WBAST
user_833,1,EVFM
user_33057,1,UAA|UFO
user_279,1,FDX
user_32915,1,SPYOP
user_27285,2,DIS|SMOG
user_14289,2,CHKP|TWTRM
user_23073,1,EXEL|SNY
user_25244,1,MUGRO|TTOO
user_29920,1,MRKFR|USNA
user_34181,1,BACBU
user_4013,1,BEETS|BITO
user_18840,1,IVC|SPGI
user_15465,2,AAPL|RENT
user_5710,2,FB|TSMC
user_13916,1,ACO
user_22975,1,FCFS|ROKU
user_15136,1,AAWW|HCC
user_9963,1,TDOCH
user_18977,1,NU|UPSTH
user_28230,1,DKS|UKOIL
user_28270,1,UAA
user_10001,1,SBLK
user_16556,1,TSLAN
user_7785,2,CRM|NIC|SUMO
user_5418,1,ARKF|PEPTE
user_5884,2,CZR|FTCH|NKEMO
user_13996,1,BABAE|RDFNS
user_34187,1,AMDAP|EWBC
user_526,1,COSTD|EFTR
user_15784,1,LGVN|RHHBY
user_6844,1,SFM
user_11130,1,PRX
user_10967,2,BA|KINGS|LC
user_25229,3,BX|KO|SPACE|SQM
user_18200,1,CARV|DISCA
user_20957,1,EQUIX
user_30737,1,ALLG|INTCT
user_6532,1,SPXTH
user_11375,1,ARLP|UNI
user_30770,1,NVDAA
user_14008,1,VORBH
user_21930,1,NIKOL|NVR
user_9512,1,CFLT
user_23344,2,ACON|BILLV|DIS
user_28669,1,HUTME|TTCF
user_13874,1,BSC|MRVL
user_29797,1,GANG
user_14339,1,ALLG|LAZR
user_29596,1,COUSD
user_5087,1,EQR|RIOT
user_7202,1,CRIS|FFND
user_28795,1,NFLXJ
user_27238,1,STRAV
user_1124,1,IEI|SKWS
user_13878,2,DUSD|TSLA
user_4215,2,GC|ISPO|ZBRA
user_4836,3,DOLE|GSAT|PARAS|TSM
user_19962,2,ADA|FET|MSFT
user_229,2,BBIG|IONQ|XNO|YELP
user_194,2,DWACW|XRPHT
user_27046,1,BKX
user_33262,1,AN|QQQ
user_32224,1,IRMAD|SMG
user_14099,1,ETHSH|INTL
user_23970,4,FRC|MOWHA|NWL|OCGN|PRVA|SNOWC|VZRET
user_13809,1,QQQ
user_21602,1,COSTM|FBWHA
user_6934,2,JPMAU|NETSO|PLTRM|TERHT
user_19867,1,EFX
user_27482,3,AMZNT|HYG|KO
user_24071,2,CRM|KOOWN
user_19762,2,TGTTE|WB
user_23787,1,MYOV
user_3684,1,AXPHT
user_13093,2,ENPH|HXSCL
user_24095,1,TISI|VXRT
user_18368,1,QQQOV
user_19705,1,BMY|RMBS
user_27791,1,BLNKA|TRTN
user_19170,1,ATOM
user_30712,1,OWUV
user_22454,1,LMNOP|OSMO
user_19752,2,BABAW|SHWGR
user_15078,1,ULVR|WEJO
user_2327,1,CSOUR|XLK
user_4080,2,AAPL|APOG|XPEL
user_12025,1,LILM|SSTRE
user_5029,1,NQ|TSLS
user_10736,2,BEETS|DIS
user_3708,1,FFND
user_22529,1,SNTI
user_27702,1,BNTX
user_2864,2,DIS|FLOK
user_22366,1,ATEN|HMBLI
user_15596,2,FCXWA|SPOTF|TWLO
user_20814,3,COST|DCFC|LITER|ZSANA
user_29163,1,CNI
user_22002,1,VET
user_9215,1,NFLXI
user_34128,1,GD|TSLAU
user_22853,1,ATGE|HX
user_10424,2,BESOF|ZS
user_30489,1,BNB
user_4488,2,DCBO|MEDP|MSCI
user_10797,2,AAPL|F|LMTJU
user_11822,4,ACHC|CURI|FBPAS|NEP|SPXLA
user_16251,1,AKAM|OI
user_3933,2,IRM|UDR|ULTA
user_6105,1,BTU
user_10710,1,SEAND
user_23083,1,TIMEA
user_31281,1,INTCV|RVLV
user_25995,1,IREN|OP
user_16255,2,MSFTC|NTNX
user_1408,1,BSMFA|FBLIZ
user_10450,1,XMR
user_16118,1,GMSOL|SPYCL
user_24435,1,ZIMAY
user_23443,1,AKZOY|SPYLO
user_30370,2,DPRO|LOGI|PRCT
user_8184,1,AIR|RMBS
user_13419,2,AAPL|AAPLI|QSGRE
user_5296,1,LOWSE|VFC
user_21788,3,AMPH|AUTO|DUK|TNR
user_22593,1,HDCHI|NOW
user_2480,1,TSLH
user_31116,1,FBBUT|HBAN
user_13675,1,HSBC|ZEN
user_16262,1,MVRS|SHOO
user_17576,1,ZC
user_10485,1,FBPUS|NFLXN
user_11823,1,QQQVI
user_7577,1,AMDRU
user_8730,1,NILE
user_5306,2,AMD|GOOGH|VIXLE
user_11667,3,DISDO|LANC|MODIV|SNAPS|UPSTB
user_3290,7,CRM|GRBK|MREO|MRVS|SWPPX|TRU|TWLO|VO
user_5272,1,CPIX|TMUS
user_33917,1,WMTDI
user_4097,1,MYNAN|ZOO
user_19550,1,AMDVI|UNI
user_26299,1,ETHIN
user_29072,1,IONS|XFRI
user_33627,1,MTTR
user_18969,1,QNTJU
user_27922,1,ALBT|CHE
user_8949,2,NIO|XPE
user_25478,1,MGNIH
user_32156,1,SYNA
user_8596,2,ABBVB|HTCR|TIGR|WE
user_28049,1,DJIA
user_4476,1,AMZNP|NVS
user_28736,2,PG|SWAV
user_9773,2,BA|DLRWH|STSS
user_18770,3,CAJ|DISGO|JO|LYFTC
user_1345,1,ON
user_18790,1,FBTWI
user_19167,1,FTCHW|KNX
user_5377,1,GOGO|SPIRI
user_15269,1,MVRD
user_25036,3,BLOK|SCHD|TSLA
user_32089,1,AVGOR|RGBP
user_29469,1,EURUS|UNHEX
user_27593,1,NEX|VZHEA
user_16987,1,CTT|W
user_27611,1,CLOV|DINO
user_12070,1,DEA|OHICO
user_32859,1,HT
user_8308,3,BEN|LTSLA|TMO|WAVE
user_29812,3,COST|CRM|MCHP|TSMC
user_14475,1,KNBE
user_30976,1,JEPI
user_12123,1,BESIY|TTDCL
user_27756,3,MOMO|PYPLT|RDWR|RUSHA|THCA
user_26484,1,ELY
user_11472,2,NKTX|PEPRE
user_11817,1,BILLV|ZIMPL
user_14659,1,ASOL|JWN
user_29707,1,EVO|FRSH
user_4372,1,ANTM|DTSLA
user_26013,1,DEGEN|ETH
user_15488,1,AGRI|LRN
user_17429,2,AZN|AZZ|UOS
user_683,1,CHL|ZPAY
user_420,1,VIXAT
user_31920,1,CELHE
user_24085,2,ADBE|MSFTE|VZ
user_32259,1,COIN|TTDCL
user_10530,3,AAPLE|ABBV|ABR|AXTA|BOUV|COSTA
user_27839,1,JPM|MRNAW
user_16964,1,CLR|RH
user_20370,1,VNET
user_33865,1,MNG
user_28250,1,GTBIF
user_26546,1,GRWG
user_22295,2,KSSWO|LWLGE|NIM
user_31931,2,NIO|NUCON
user_10861,2,BKX|ROKUN|ZS
user_13789,1,ACN
user_19050,1,DISDR
user_16897,1,BIL|SAMFR
user_9268,1,GOLD
user_30760,1,HUSA
user_25260,1,JNPR
user_3986,1,TSLAA
user_10822,2,BRO|F
user_18552,1,NIOLE|WISHL
user_16965,1,RENN
user_16992,2,LAD|MSFT
user_4195,1,CRWDH|CRWDT
user_2466,2,ENPH|QQQNA|TTOO
user_25109,1,CRTX|ITCST
user_15436,1,VIEW
user_13413,1,IMMX
user_30777,1,LVMUY|MS
user_7462,1,UPSTM
user_32328,6,AAPLC|BEE|GNTY|KDA|OTLY|SCTY|UNFI|VRTXO
user_9695,1,SGFY
user_26301,1,VUZI
user_6969,1,CLH|MMMOW
user_5817,2,CHF|ENPH|TERHT
user_9635,1,ENPHC
user_1573,1,JAZZ
user_13743,2,GANG|PYPL
user_14093,2,BARK|PYPL
user_24375,3,BFRI|DOMO|ETH|SOFIH|SPYMA|ZIM
user_21483,1,CHKPB|SBUXT
user_2370,1,DLNG|UNP
user_26348,1,SIWED
user_33171,1,MRVI|NWN
user_21377,1,NANO
user_1541,1,ARLP|KRSOL
user_24371,1,AEMD
user_7647,2,GOOG|VIAC
user_10843,1,SCHG|SWAV
user_17095,1,METIS
user_9605,2,DIS|EVO|MANA
user_30861,1,PRX|SPY
user_13714,1,CSLLY|RCI
user_27349,1,CAAS
user_17445,1,PCTY
user_24471,2,MCDEU|MUGRO|SNAPT
user_20347,1,AXU|CCL
user_6539,1,FSM
user_30788,1,SQSPO
user_13906,1,NKEMO
user_3244,1,PGNET
user_28130,2,ARLP|DPRO|QQQOV|UAVS
user_9518,1,CHPT|FE
user_18602,1,GD|PURR
user_3639,1,BAMSO|COSTA
user_33390,1,DGEO
user_5276,1,LESL
user_12519,2,ARHS|BA|RENT
user_31905,1,ROOT
user_16225,3,EMR|ENPH|SFIX|TOR|ZTS
user_1464,1,FOCS
user_10214,2,CAMP|XPEV
user_9960,1,RENN|RYM
user_8120,1,AGRI|WF
user_7296,1,GMEDI
user_2969,1,CATFR|NLST
user_13060,2,HRZN|PYPL
user_1467,2,NCLH|NFLX|TXTM
user_8428,1,DEA|WELL
user_29455,2,BA|IVZ|TWTRA
user_1462,1,GNS
user_10365,1,ENSV|IMPP
user_16625,2,BA|NICE|TBK
user_11327,2,MRKFR|TAN|XPEV
user_15690,1,IEF|ZOO
user_1461,1,BCTX|MRIN
user_5477,1,COINA|VAND
user_1463,1,ATLAS
user_21124,1,RNG
user_11831,1,BEKE|RTXMO
user_1466,1,OSH
user_12066,2,DIS|TUR
user_22838,1,ACWI|MFST
user_27067,1,SCHDB
user_5707,1,NKEBE
user_4964,1,ANKR|BAMSO
user_414,2,STORM|TSLA
user_1465,1,FBCHR|QNTJU
user_6825,1,AAPLN|SCO
user_15246,1,LFUS
user_1048,1,TSLAK
user_6413,1,EOG|FISVB
user_28380,2,ANGH|META
user_10565,1,QRTEA|WMTDI
user_9461,2,BND|GOLD|XPEV
user_12217,1,CHR
user_16575,1,FSLRA|VWEWA
user_10517,1,APRN
user_8951,1,LNR
user_2662,1,GOOD
user_8229,1,BUD|PGJ
user_18254,1,TRIT
user_1112,2,AMD|DOOG
user_22775,1,ARK|WYNNW
user_2240,1,TRIN|VFC
user_17606,1,ABEV|HTOO
user_2661,1,IRMAD|TROWA
user_18238,1,HOG|NASA
user_17251,1,LNN|USBSO
user_5178,2,JNJPA|LVS
user_18253,2,MELIC|MSFT|POLA
user_13891,1,MSFTN|ORCLA
user_17618,1,CK|MMMAP
user_2410,1,MTVR
user_905,2,GWW|SPYMA|VZ
user_481,1,COSTQ
user_29311,1,POWR
user_30481,1,GTC|XOMRE
user_23621,1,WELT
user_23951,1,CKPTR|THETA
user_28002,1,CHRW|SPX
user_22293,1,IIVI
user_27058,1,FLR
user_12858,1,NEGG
user_4620,1,D
user_30051,1,FRSX
user_23005,2,NETI|XPEV
user_14837,1,IONS
user_4142,1,NXH|RLX
user_25208,1,BLK
user_11942,2,NFLX|SWBI
user_13226,1,VUZI
user_10061,1,EC|JWNBU
user_24962,2,AMZN|PAASH
user_27599,1,MUWHA
user_22729,1,PYPLA
user_21141,2,CRM|EDR|NETI
user_32813,1,SEMR
user_7624,1,KRBN
user_26531,2,COST|ENVX|SPYTE
user_16045,1,FBSIM
user_23348,1,TYDE|VMOHN
user_2587,3,AMPH|KOOWN|NET|NVAX|WTRH
user_8921,1,FBLAS
user_12647,2,SIWED|SPYTH|VISIO
user_1693,2,ILAG|KOPN|TSLA
user_6442,1,SNAPC|UOG
user_30674,1,ABBVR|NKENV
user_9422,1,NIOFR
user_27830,1,BPRM|PL
user_1305,1,CRSP|UNA
user_25308,1,RIVN
user_30473,2,F|OHI
user_160,1,AHT
user_11824,1,JPMFE
user_4835,1,TSLH
user_6163,1,FVRRO|RDIB
user_538,1,CYN|SOUL
user_1728,1,DRV|VZHEA
user_12660,1,KOMCD|SQDAT
user_32658,1,ABNBB
user_16107,1,ABBVF
user_28412,1,AMG
user_11888,1,FBFIN|RKLB
user_11747,3,AMDEA|EUFN|NRTB|OWUV|VNOM
user_24547,1,CWT|RERE
user_7525,1,HUSA
user_30317,1,BTC|HUSAL
user_33985,1,LTHM
user_23243,1,DISHB
user_18541,1,UOS
user_33903,1,ETHIN
user_32326,1,ABCB
user_14026,2,CTSH|HTZZP|MRNAW|SNY
user_6595,14,AAPL|ALL|AVAX|AVLR|AVPT|CLVS|ELY|FE|FI|FSTX|LIB|MAXN|MSTR|NWS|PINST|POOL|POWR|PYPLI|SAVAB|SLAB|UAVS|ZWATC
user_3959,1,SCHD
user_33179,1,NEEAR|WMTDI
user_9282,1,QQQNA|TALI
user_9538,2,SHOPC|SMCI
user_20674,1,SPYOP
user_30413,2,AXNX|ZS
user_32315,1,ABNBM|DKS
user_24404,1,WEAR
user_10322,3,ET|GMEGL|MSFT|PGR|SJT
user_1198,1,CASY
user_26057,2,FRSX|TBPH
user_33205,1,BRN
user_32516,1,DISRO
user_6616,1,NOW
user_33752,2,GOOGS|HEC|PG
user_32427,1,LRCX|ROKUS
user_10331,1,PYPLS|SLAB
user_32521,1,URA
user_2268,1,AFL
user_15445,3,ATVIB|BBIH|CSGP|LCIDW|VUG
user_2141,1,FIGS|TXN
user_29097,1,BLNKW|MAWAR
user_22674,1,KIND|LYB
user_29518,1,BIDU
user_6842,1,GTLBB
user_16848,2,DIS|GLJ|UHTTP
user_34283,1,CVANA
user_16667,3,ALLYB|BLNKA|CAMP|PKKFF|VLNS
user_24134,1,RSP|ZG
user_33307,1,BTC|VZMAR
user_3224,1,BTCPA|COTI
user_25211,2,BA|YUM
user_23801,1,IPGP
user_11055,6,AMBAC|BOND|FXY|LOW|MKLBO|NVDAE|PCG|SAVG|UNF|UOS
user_7701,1,SPCE
user_4769,1,HFC|IMRN
user_26576,1,DENN|MSFTD
user_14247,13,AMDDE|BCYP|CELHH|CPE|CXO|ENPHW|IMPXH|KEN|LGVN|MMMAP|ONCT|QQQHT|RBLXB|SJR|SQAI|SQALI|UPSTA|USAP
user_11736,1,CB
user_6225,2,KO|ULVR|XOMDO
user_20059,2,BTU|NOC
user_2476,2,AWS|CDLR|IRNT|WIX
user_20978,1,PENN|WFG
user_9373,1,AGG|FBWHA
user_27305,2,NUCON|XOMRE
user_2291,2,PYPL|SOS
user_4860,1,HAIN
user_12305,1,RYH|WISH
user_11442,1,AXON
user_4267,1,CDAY|STAGE
user_13055,1,CB|WMTBE
user_18313,3,AVCT|MTVR|NIO|RNR
user_29861,2,LTNC|NOC|PHM
user_23748,1,ENLAY|MSTRH
user_9648,2,CPIX|MCRT
user_30905,1,AAPLD|TTDSO
user_18561,1,URNM
user_26505,1,MAFAC
user_16188,1,MMMAN|RBLXW
user_30060,2,AMD|FBREC
user_6862,1,SNV|SYK
user_7716,1,ARRK
user_20845,1,PYPLN|ROKUG
user_1649,1,IIPRR
user_7670,1,ELAN|STEM
user_31576,3,ADAPL|ONKIN|RIO|SWIR|ZSANA
user_32160,1,PHR|RBLXH
user_8633,1,DOCUF
user_14761,1,COINW|SBFM
user_14159,1,AAPLH|BTF
user_29946,1,NFLXE
user_23656,1,STRON|WMTSQ
user_1991,1,CNS
user_21244,3,ACNDA|DRV|GENI|GOOGS|LVMH
user_23931,1,PIN
user_33134,1,AURA
user_26071,1,SOUN
user_12167,1,DLR
user_30512,1,BANC|TECK
user_8750,3,META|NIO|OPORT
user_30445,2,COST|LTUM
user_3049,1,CRK
user_19859,2,AMD|BODY|SSNAP
user_26129,1,STORF
user_32636,2,SFTBY|VZ
user_11787,1,JD|TSCOR
user_32825,1,GNL
user_10253,1,RIO
user_28570,1,ENVX
user_13475,1,STX
user_30172,2,ECL|GIS|VZ
user_2616,1,SQAT|VUZI
user_14327,2,CCJ|NUE|XPEV
user_24305,1,GWRE
user_16177,1,AVBTH
user_12812,1,ZSTIE
user_13024,1,CULP|SHW
user_22315,1,WILD
user_15477,2,ENPH|LMNDT
user_5448,1,DISRO|PLTRE
user_22316,1,BBAI|VZMAR
user_8725,3,AMD|DIS|SOLO|XOMWI
user_8194,3,AMZN|BE|TSLA|TSMFI
user_24302,1,FCFS|TLTHT
user_30272,2,AAPLS|INTC
user_6899,1,APPSA
user_28551,1,KLAC
user_5105,1,LCTHU
user_24619,1,FBEVE|WFC
user_5408,1,CCWF|LRN
user_22016,1,AGR|TEAM
user_21799,1,PSNY
user_7447,1,ALB|FI
user_15439,1,INND
user_13154,1,HMBLI|PZZA
user_2359,2,IMPXH|MSFTO|PANR
user_29134,4,HITI|LCIDW|NVDAM|SHCR|VNOM|WNS
user_7780,1,VXXJU
user_30469,1,QQQAN|TSLS
user_33664,1,IFF|MTCH
user_14341,1,GGII|PG
user_10763,1,SOX
user_29189,10,CEEK|CKPTR|CNVA|ENVX|EVO|FBROO|FRT|HA|MMAT|NDX|PLD|ROKUD|SAIL|TX|UDIGI
user_17070,5,ET|FAST|PSEC|RWTR|SOFIB|TWTRI|VEEVI|XL
user_21167,7,AFRMI|BLND|BRKA|COINM|DISHU|DUSD|GRWGF|LBRDA|MAXR|QQQPU|USD|WSC
user_29313,5,BJDX|EB|FBCHA|FBMEA|GOOGN|LVMHS
user_25252,6,AUR|CMGMC|DFI|GNPX|NIO|PAGS|PLBY|TSLE
user_20314,5,ATER|BRO|MSFTD|NIC|OD|RDSA|TSLAM|VIEW
user_30708,5,ARKO|BAK|BKSY|DISEN|JNJB|KRVER|OMCL|THO
user_28023,5,APPSI|APRE|BBIH|BN|BP|BTI|IOT|UA|YOLO
user_34328,5,BLDR|CRNC|LBC|PRVA|QNT|SIBY|SOLHT|X
user_11538,5,AAPLT|CVXUT|DOGO|EXPI|POET|SNAP|STAGE
user_7733,1,AMDVI
user_28348,6,ARE|BCEL|BLNKA|FBBY|INTCH|KINGS|PG|VIX
user_20673,5,BABUL|CHHFI|JNJDI|RIVN|TWTRB
user_31722,5,AZZ|BAWAT|DORM|HEX|ONEX|PEB|SDC|VNOBL
user_26446,5,AMDLE|LOVEL|MERC|MNDP|NOBL|PLTRC|QLYS|TGT
user_31772,5,BKE|COINS|COSTW|GME|MGNIO|MMMMI|PH|TONR
user_12157,5,ALIF|CENN|COHU|FBGAM|FRPT|GSK|NADA|PRU
user_21113,6,BOKF|BRKBP|COST|DCP|FAMI|LILM|PGTEC|TXT|UFING|WOLFA
user_15418,1,PIXY
user_10945,2,HUBS|LRC
user_21675,3,BX|GFSCH|ROKUD|RRGB
user_7324,2,BYDI|VMC|VNOM
user_6,2,MEDP|NDAQ|NVS
user_9563,1,BACLI|JNPR
user_9880,5,ARVL|IWMBU|LIHTT|STAGW|STORG|TSLA
user_10900,1,WGOTH
user_30215,1,AN
user_22167,3,AMZNI|FHM|FRGE|PRNT|TSLS
user_4441,1,JD
user_3414,1,SOL
user_28439,3,AMZNN|BA|CRMI|EEM|PINSU
user_30057,1,TFC|TTDHO
user_26723,1,CVXI|DRNG
user_651,1,AFRMD|ARCCA
user_21686,1,VMOHN|XPEV
user_2525,1,METAE
user_7731,1,WB
user_4241,1,CULP|ORPH
user_8902,2,CHKP|ENPH|VTVT
user_22647,1,WBER
user_27032,1,LMNDS
user_3876,1,EDIT|JNJTO
user_5622,2,AMDLE|ATHM|BENE
user_20231,1,EBON|LUNC
user_33603,1,FLR|FTS
user_10506,1,DOGO|SLAB
user_4653,4,ATAI|DISDO|MIME|TSM|UOS
user_6176,3,SYY|USAC|VZ
user_16120,3,AMDHO|NFLX|PLTRE|TPR|VALN
user_23453,2,CARA|XPEV
user_5632,1,ETSYT
user_3713,1,DJIFR
user_17896,2,SENS|TDY|XPEV
user_24586,2,AMZND|PYPL|ZPAY
user_12413,1,TXTM
user_12663,1,INTCV|WMENE
user_26957,1,PGR
user_14031,1,APPSV
user_23953,1,BTQ
user_27085,2,BKLN|ENPH
user_16220,1,AAPU
user_28579,1,BLK|FBI
user_15720,1,EGLXO|VIXLE
user_23486,1,SGAM|TDY
user_760,1,TDOCH
user_17138,1,BASE|LIDR
user_7979,1,LUV
user_34232,2,AMR|NNOXI|NRG
user_24307,1,GNENF
user_8448,1,IREN|SPELL
user_16827,1,DOW|OWUV
user_17892,2,AMDTH|NINE|PTRA|SONY
user_21681,1,PRVA
user_18380,2,ABNB|CHNG|SU
user_10929,1,CLF
user_32897,1,NVDAC
user_14017,1,FTM
user_7494,1,TMUS
user_14361,1,PLYPL
user_26065,1,FSV|SPXU
user_13587,1,SLV|YEXT
user_4596,1,IBEX|TSLAA
user_4442,1,AAPLI
user_26325,1,QQQVI
user_20809,1,FTESL
user_5063,1,ADI|MPW
user_24948,1,VVERI
user_32131,1,CPRIT|HOOD
user_11011,1,IMPP
user_3002,2,AAPL|XNO
user_25847,2,MCDCO|VZ
user_28365,2,MSFT|XDC
user_1837,3,ANC|CMPS|FBREC|FDS|HXSCL|NVDAM
user_29818,2,AAPLE|AAPLH|BAP|UFO
user_33803,1,SOFIH
user_25296,2,ARKF|TSLA
user_33253,2,PG|RBLX|RIVNT
user_26955,1,RUNSH|TLRY
user_19117,1,NTAP|OSH
user_3422,2,BYSI|GFAI|NIOGO
user_22426,1,PRVA
user_29302,1,CPER|FBSIM
user_30065,1,HAL|MARVI
user_8859,1,HDPRE|XRPHT
user_8196,2,FRC|HTR|LTHM|PURR
user_29885,2,CHHFI|DPRO|GOOG
user_6802,1,IFNNF|PRFT
user_22876,2,NKEC|PG|VERU
user_24762,1,SKYH|SYYSO
user_7599,1,BTCMI|VWEWA
user_23169,1,NVDAT|QWT
user_19116,3,BIDUE|ESTC|FBINN|ORCLA|SE
user_18749,1,AMCTH|PAASH
user_33782,2,KO|SP
user_6329,1,LKND|SCHA
user_9198,1,ZSLET
user_22554,2,AVGOR|CAH|TGTTE
user_30297,1,VOLT
user_31618,1,EQUIX
user_1528,1,ALV
user_11943,2,AMZN|CRNC
user_10650,5,COINW|CSGP|CYRN|MYNZ|ROKUG|STUDY|ZSAN
user_27162,1,BTBT
user_3532,1,WW
user_20723,1,ABBVU|BLK
user_31273,1,INTCS|PRX
user_13700,1,NCNO
user_29745,1,BMBL|VISIO
user_2676,1,SJR
user_16569,1,ASTRB
user_14746,2,NOC|STZ
user_31639,1,CTIC|JWM
user_1533,2,META|NOCPH|TER
user_26229,2,GLNG|PG
user_25339,1,DUK|SAITO
user_14244,2,ALBT|CDLX|META
user_23326,1,LOWMA|NETCL
user_3336,2,HTZZP|MDIA|PYPLH
user_5192,1,HKD|SPYTE
user_24350,2,BX|TSLAE
user_19805,1,OLPX|TRVN
user_26106,2,AMZN|QRTEA
user_32565,1,RDDT
user_16082,2,BKNGH|TSM|WPM
user_17187,1,CAMP|FBINC
user_5545,2,AQN|CAG|IEP|UBS
user_21729,2,AXIES|META|NOC
user_24383,1,LUXE|RBLXS
user_15129,1,LMTWE
user_26340,2,NQ|PARA|QQQVI
user_10760,1,MOBQ|MSFTC
user_31081,1,NEO
user_6028,1,JNJPA
user_22934,1,WELL
user_11374,1,ROKUW
user_29733,4,ABTIN|FND|KIBA|SGML|UOG
user_2489,1,AMATW|BSX
user_16674,1,FL|WORK
user_16278,1,EVVTY
user_27116,1,PUBMA
user_7052,1,ARES|ASANF
user_5438,1,PAYC
user_19620,1,GK|SEA
user_11312,1,FVRRO|OKTA
user_133,2,NNOX|PG|SOFIN
user_1867,1,GRTX|OWUV
user_89,1,PBT|ZNGA
user_23767,1,SINCH|VRA
user_9138,2,APTY|HON|OKE|WSO
user_5805,1,BSFC|MRAI
user_4899,1,GNTY|GPC
user_15901,1,ZSEV
user_6369,1,FBGUI|HCSG
user_11000,3,GNS|IWMBU|SXTC|XPDI
user_1021,1,ULVR
user_32274,1,ABNBW|APVO
user_12617,2,BBIOW|NKEFE|TSM
user_7863,2,GGPI|VZ
user_4771,1,COUSD|GEO
user_16557,2,NFLXR|ROKUG|ROKUW|SNOWC
user_23958,1,JBLU
user_11165,1,ATVIP
user_30826,1,SGAM
user_27704,1,SCTY
user_29973,2,PXD|REM
user_20682,1,HULU|TXTM
user_14522,1,ARKKS|CNICH
user_2376,1,SMR
user_20169,1,ORGN|WDC
user_34277,3,AMD|CRM|ENPHC|OAS
user_1661,2,BWV|NEXT|NIO
user_29259,1,NBIX
user_21655,2,FIVN|PGR|SPYCL|VW
user_21310,2,BANA|INVE
user_30751,1,HUM|PLUG
user_28977,1,ANGH
user_19209,2,CS|EGP|TOELY
user_1388,1,APPSC|CK
user_7808,1,OCLG|TXG
user_12846,1,CPRIT|ZSREV
user_29752,1,UOG
user_3948,1,LILM|SIGA
user_9036,1,CFLT|RDBX
user_9717,2,BABUL|DDOGA|PYPL
user_21438,1,BAESY|OPRX
user_23356,1,HTOO
user_34007,2,AMZNU|CHR|KOAUG|VLO
user_10924,1,ZTO
user_9724,1,EVCOI|VSCO
user_31814,1,VLON
user_22590,1,BOND|UMC
user_2481,1,INTCM
user_390,1,EMBRA
user_26797,1,CRMD|GBX
user_30145,1,VISIO
user_21213,2,GINUX|META|RENN
user_26621,1,ASAN
user_19320,1,USDJP
user_24154,3,FBIN|IS|MPC|MTEI|OLN
user_16894,1,GMPW|NBIX
user_26288,1,CHEF
user_7862,1,ENJ
user_6452,1,TOI
user_6415,1,CRWDD|HMBLI
user_27003,1,DXCM
user_17462,1,JCI|TBLT
user_4718,2,DOMO|HSDT|LUCID|MYOV
user_5273,1,KXA
user_34154,1,VNTH
user_6567,1,FRPHC|KHS
user_984,1,WGOTH
user_9163,1,AAPLT|TVISA
user_28980,1,ACCO|PACB
user_1284,1,SPOTR
user_9053,1,MELIC
user_31791,1,GPS|SPYBU
user_1104,2,DISDR|MSFT
user_11505,5,CPI|INTL|OSMO|PTRA|SPHB|TOR
user_32735,2,BA|NOCWE
user_19569,1,HTHT|JPM
user_25245,2,MDBAL|TONR|TSM
user_20338,1,MP|QS
user_34207,1,APOG|UXINC
user_10505,1,AKRO|PROSY
user_19579,3,BX|NOCWE|SHV|XOM
user_3346,2,DIS|UOS|WCLD
user_9977,2,ATD|CMGMC|COST
user_13016,3,AAPL|BN|LUVFR|NKEMO
user_26559,2,IS|NIO
user_11973,1,WMTSQ
user_12774,2,LMNDW|LVSTH|NOC
user_12188,3,CSU|DAR|FLUXI|STBA|ZEN
user_29793,1,IDXX|ZTO
user_3848,2,NOC|STUDY
user_6389,6,ADM|BBIO|CVNAS|EUFN|HUSAL|KFY|SAND|TIVC|USB|WAFD
user_19557,2,BX|COUSD|FRPHC
user_28415,3,COST|MARS|NFLX|RICK
user_18722,1,ALLYB|BRKBP
user_18906,4,GREEN|INTCS|OR|ORPH
user_11464,1,TSATM
user_19663,1,TOELY
user_17367,1,DEGEN
user_27373,1,AARK
user_25278,1,NUPAT
user_13339,1,CHK|RKLB
user_27001,2,FLOK|PSH|YETIF
user_15682,1,ORA
user_641,1,AAPLG
user_7757,1,SCHB|WMS
user_9524,2,MSFTP|NEEWH|VRPX
user_15504,3,ENR|NAVI|NIOIS|TERHT|TESLA|TOELY
user_14540,1,UFPI|ULTA
user_6119,1,EAR|FRZA
user_4344,2,FBUY|SCVL
user_23077,1,BTCNE
user_7651,1,ANKR
user_8303,1,CDTX|VSAT
user_30589,1,AAPL
user_20910,1,CREE
user_26306,3,CPNGC|FI|SHV|SJM|TIA
user_26676,1,CDLR|METAH
user_11035,1,BRYYF
user_30549,2,BATT|ITW
user_12203,1,SAITO
user_15966,1,DOCN|JNJOC
user_34326,3,ABBVT|GST|NKEBE|NVDAN|WAL
user_7416,1,SCHG
user_27510,1,WJEFF
user_3258,1,ABEV
user_15015,1,NIO
user_14749,4,BSMFA|CGCO|FTESL|ILV|SYY|Z
user_18577,2,CPRIT|GOOG
user_34197,1,CSPR|STORD
user_9178,1,OMC|WLL
user_21110,1,SMIC
user_7067,1,MAXN
user_32947,1,CELH|EB
user_9957,1,PKI|XOM
user_18599,1,UPWKW
user_32599,1,CULP|RENN
user_18506,2,KEY|SBNY
user_15219,1,FRSH|OHI
user_23649,1,PRE
user_15213,1,FUL
user_10869,1,ALZN|MARK
user_29276,1,BAYC|ETHE
user_10830,1,ACWI|FVRR
user_32444,1,CHKP
user_2613,2,JKHY|NEP|PYPL
user_3856,1,QCOM
user_16634,1,OPRA|PSH
user_9392,1,AZERO|HYG
user_30606,2,DIS|OMI
user_32329,2,MPW|ZS
user_4815,2,HNST|MSFTI|MSFTN
user_5212,1,ADAPL|TLTNE
user_10641,1,CRMPR|MELI
user_13516,1,CBIO|LMTRE
user_28770,2,CAD|CRM
user_5827,2,AAPLD|BLNK|KO
user_15252,1,ALC|BB
user_5514,1,PLAB
user_14931,2,BAON|KO
user_32635,1,PYPLS
user_5271,1,LUXE
user_19019,2,BX|KTTA
user_29680,1,PEPTE
user_32829,1,VYNT
user_7653,2,CRM|TSLAC|UNHEX
user_17856,1,BKH|ILAG
user_3963,2,CDAY|FOUR|KO
user_34319,1,SVM
user_8499,2,LESL|NRTB|TRMR
user_31903,2,AMTD|ARK|DISNE
user_8316,1,CVANA|ROKUW
user_15443,2,CLFHT|GOOG|SWBI
user_2908,1,ANSS
user_32594,1,ATYI|TSCOE
user_11182,3,AOSL|GME|HDC|VZRET|XVG
user_20206,2,BABAM|KBH|MSTRG|NVDAR
user_1051,1,KDP
user_29457,1,NTR
user_11348,2,FARA|IIVI|NFLX
user_26884,1,NFLXC
user_9183,1,BAI
user_8785,1,ALLK|STZ
user_3464,2,ASLN|TSM
user_3248,1,SPYTE
user_6019,1,GRVI|MOB
user_15461,1,DUK
user_32405,1,VOOTH
user_6720,1,GMETH|GST
user_8344,1,RGNX
user_24197,1,FSLY|GREEN
user_32481,2,ARKQ|CRM|SPWR
user_24781,1,FBJUS
user_8364,1,SOC
user_33429,3,COINM|PYPL|XPEV
user_19457,1,JPMHT
user_20112,1,GOVX|NKLA
user_27161,1,AMDWE
user_6378,1,NRBO
user_9105,1,FTX
user_1758,1,INM
user_6779,1,JD
user_9712,1,SPYRE
user_32157,1,DISFR|MVVYF
user_24678,1,SINCH
user_14512,1,RPRXB
user_10516,1,RAYVR
user_13519,1,AARK
user_4075,1,HOODM|STAGE
user_31045,1,FBSIM
user_13136,1,COINP|LTUM
user_27219,1,NFLXR|QS
user_3439,1,QBTS
user_12588,1,AMLX|ZG
user_28552,1,BABYT|SPY
user_6322,1,BZFD
user_17357,2,RFFUL|SNV|UAMY
user_27531,1,AKZOY
user_24288,1,TX|YFI
user_25074,1,ATHM|MARA
user_15100,1,APPSV|FERG
user_492,1,LGF|SMG
user_6417,1,AFRMD|AVCT
user_31892,1,VOOAD
user_28750,2,INTC|XMR
user_2964,1,PEPHT|SHLS
user_14637,1,ESS
user_18569,2,META|TDOCA
user_6485,3,LKND|MSFT|NIONI|PG
user_9176,2,BX|FUV|KSS
user_29547,1,UPSTD
user_8617,1,AAPLU
user_17205,2,ABBVR|IVZ|TGTDO
user_25202,1,CBIO|TMNA
user_1561,1,MMMHI|SOS
user_7658,1,ABBVU|CALM
user_25806,1,IP
user_13922,1,FVRR|TNXP
user_13732,1,LULU
user_30873,1,GME|MGNIL
user_27606,1,MAS
user_16115,1,SPYBU
user_16700,2,DXT|KIM|PRVA|XFRI
user_11766,1,PEBO
user_4334,2,DIS|V
user_608,1,BSMFA|FBINN
user_11455,2,AMDRE|CRM|EUFN
user_31811,1,RIDE|TMDX
user_29883,1,GRMN|NIO
user_10636,1,OCUL
user_17617,1,FSV|XLE
user_28198,1,LINK|TDG
user_5393,1,NLFX|PIK
user_20849,1,ATY
user_29216,1,AVTR
user_29024,1,RGS
user_31859,1,ALV|XOMNO
user_2759,1,TPR|ZNGA
user_22137,2,INVE|SBOX|VZ
user_16514,2,CMG|DOGO|PTRA|VGID
user_31308,3,AURA|BABYC|ORGN|TSM
user_32198,1,AERC
user_8866,1,GRAB
user_21685,1,LOGI
user_31333,1,PHRRF
user_28560,1,CENN|TMDX
user_18286,1,LNR
user_2753,2,HOMB|INTC|KBH
user_27091,2,JNK|NOC|SHOPD
user_34111,2,ENSV|PRPL
user_8613,1,CRMHE
user_3393,1,CALM
user_23425,1,OWUV|WKR
user_11483,1,BND|NSANY
user_11111,3,AIR|ATCO|OPK|TOL
user_32063,2,BAS|HOLE|PLAY
user_17475,1,NUCON
user_8449,1,CARR|NIOAL
user_20172,1,CRWDE|RDW
user_4983,1,NVCT|TXT
user_21105,1,CSPON|NCNO
user_5431,1,WJEFF
user_22786,2,IP|PYPL
user_14045,1,ORCLA
user_18152,1,CRWDG|CRXT
user_3302,3,CULP|MAN|PIXY|TWOU|XOMDO
user_22882,1,FBDOU
user_32239,2,KO|PAAS
user_10874,1,INFQ|PRE
user_8127,2,F|LEG|YUM
user_21665,1,RDIB|WTRH
user_33193,2,AAPL|PUBM|WMT
user_28503,1,DISHB
user_21036,1,GMREV|QCOMT
user_21301,2,CRXT|VZ
user_17659,1,ABNBS
user_29782,1,NEEAR
user_24237,1,SBOX
user_2336,1,CIVX|VTWO
user_31958,2,AMZN|FISVB
user_3679,1,BASE|INAZ
user_8724,1,HOODM
user_11708,3,PBRSO|SCHDW|VWAGY|XL
user_18230,1,AMCFU
user_33076,2,ILPT|QS|RSX|SON
user_33372,1,TLTNE
user_11284,1,CMA|CME
user_3594,1,DJCO|KOCRE
user_3191,2,F|FBWIL|RDW
user_24944,2,DIS|OXY|PHARM
user_18069,2,DISNE|OWILL|PYPL
user_13802,1,KONOV|SEA
user_24995,1,FICO
user_11880,1,IWMBU
user_1299,1,ADP|TIMEA
user_740,1,CM
user_33210,2,CLBT|F
user_12752,1,BAS
user_31651,1,HYRE|UVXY
user_17731,1,RR
user_8708,1,WCN|ZCX
user_19778,1,MSCI
user_5886,3,FMC|HONRE|SLABW|SYA
user_27002,2,BAS|MNG|SQALI|VOO
user_22867,6,AMZNS|AVTR|BAYC|FBHOP|HTOO|MPC|PG|PPG|WH|XOMNO
user_13491,4,BA|CPRT|CRM|FBAT|PYPLI
user_33610,1,WH
user_12522,1,GTBIF|SPYTE
user_13563,1,AGG|SNOA
user_24040,1,DOGO
user_32504,1,AEM|OCUL
user_13730,1,SM|SYA
user_21503,1,CPRI
user_31335,2,BX|VWED
user_33948,3,GOOG|NKEMO|WB
user_7317,1,NFLX
user_30570,1,GSL|VIX
user_30302,2,FHTX|NVDA|SHOPC
user_22076,1,WDC
user_32411,15,ADSK|BASE|CDTX|COUP|CRMPR|DEDEC|DOBO|EBON|FANTO|HGV|INTU|KOMCD|LILM|MKLBL|NUTX|OLPXI|PLUG|PYPLD|SCHDT|SLI|SNAPS|UEVS|ZS
user_24570,1,UNHIF
user_33132,1,BTCPA
user_30516,1,FBIN|NOCIS
user_8068,2,NVEI|SCTY|SMICY
user_2963,1,MSFTR|TRVN
user_13384,1,ATYI|CRWDW
user_27740,1,ALLG
user_25747,1,DY|EVCOI
user_20515,1,MYNZ
user_10050,1,FRGE
user_14397,2,HYRE|MCHP|VCOCA
user_9502,2,AFRM|MSFT
user_24348,1,BAENT|TTDCH
user_30230,1,APX|UMC
user_28162,1,PARAH
user_14296,2,AAPLB|FDS|ONTO|SHARE
user_32535,2,BRSH|MRTN|VYMDI
user_18728,2,ARKKS|LUVFR|NETCL
user_27840,1,ABNBB|DOV
user_1073,1,DOX|HHC
user_18430,1,RTXMO|XCUR
user_27616,1,GMED|OGI
user_12026,1,NSANY
user_1457,1,DISHB|TREE
user_7072,1,SMG|TSMFI
user_15977,2,F|MUGRO|SUMO
user_23086,1,AAPLG|CHRW
user_24834,2,PG|TSLAM
user_8072,1,CNM|VTV
user_25002,1,RUN
user_12125,1,AMRS|SGMS
user_28533,1,PLBY
user_33195,3,BA|F|POWI
user_11659,2,ATXG|NIO
user_18882,2,APDN|MSFTM|VXRT
user_12796,1,EIDO
user_3844,1,NFLXH
user_28693,2,BSC|HLF|HOLES|JAMF
user_27523,1,GSG|RIOTW
user_24463,2,KOOTH|MODIV|NOC
user_32410,1,A
user_30482,1,AVY|GTLBW
user_19333,3,AMZNV|BAESY|MELIM|SBOX|SG
user_6437,1,AFI|UAA
user_12753,1,GNPX|STT
user_23581,6,APDN|APPSN|BTCPA|CHPT|FISV|HONRE|REGN|ZTS
user_20708,2,GOOG|ONDS
user_24681,1,UAA
user_5052,1,FBP
user_23113,1,ADSKG|USAP
user_14019,1,GES
user_1806,2,CPER|DOCNC
user_3930,1,KOMCD|WIRE
user_15978,1,BNDX|MRKFR
user_21018,1,AAPLW|PCTY
user_29093,1,PH
user_13473,1,AZN
user_2592,1,VINE
user_28752,1,OPCH|TOST
user_10753,1,BLOK|ENSV
user_11127,1,MSCI|SHOP
user_23502,2,BKLN|TSLA
user_11019,2,IINN|LUNA|NIO
user_15024,1,FYBR|LICY
user_966,1,EPIK
user_21354,1,BRYYF|RRR
user_8929,1,MRVLP|PZZA
user_7262,1,METAH|TSLS
user_30491,4,CG|CPRI|DIS|HTTZ|HUT|QQQPU|SGMS
user_8497,1,TISI
user_12030,1,HDAPR
user_18129,1,VWHAT
user_27441,2,CUBE|MRNAH|PYPL
user_24524,1,TRRXF|TSLAF
user_16530,1,ESTY|FBDAI
user_10462,2,AMDDE|COST
user_21112,1,TSLAD
user_30833,1,SMSN|UBER
user_1667,1,ARKK|INTCT
user_23668,1,AMTMA|ASH
user_28952,1,CAG|PFE
user_19252,2,IRM|JBHT|SAIA|XPENG
user_6233,1,GINUX|QCOMW
user_24153,1,ES
user_335,1,AURY
user_23673,1,PRTS
user_27938,1,DTST|MVIS
user_20197,1,MCO|PBRSO
user_9603,2,AMZN|SCTY
user_5288,1,TSLAA
user_23182,1,NEE|OR
user_2531,1,FIGS
user_10853,1,SMR
user_27872,2,DELL|STX
user_15826,1,NVDAS
user_16832,2,AMZNH|EWZ|HX|ZG
user_10,2,MSFT|NEEFO
user_23324,1,CHR|MP
user_6197,1,EQT|NASDA
user_6780,1,FBYOU|TRTN
user_2082,2,COIN|META|PSNL
user_22747,1,CUBE
user_7818,1,CARG
user_29803,2,SNOWC|TSM
user_16119,3,BBY|HSY|NEP|RUN|SJI
user_30404,1,ONDS
user_14109,1,AMZNB
user_29739,1,INTCR|NVDAS
user_5926,3,DEGEN|EDR|GGR|INTC
user_15805,2,AEMD|OAS|VZ
user_23807,1,HOG
user_16600,2,CRM|WYNN
user_1532,1,CMCSA|FBHER
user_11268,1,NXST
user_31731,1,SNAPF|TSLS
user_15691,1,APPLE|NIU
user_19369,1,ALNY|SWBK
user_28676,1,EXLS
user_27869,1,TECK|XLP
user_17776,1,FUTU
user_5209,1,CEL|EXAS
user_11149,1,TCEHY
user_17174,1,BWV|SYA
user_16546,1,AMDSE|FCXBE
user_21052,1,AAPLN|RVLV
user_8639,1,PHR
user_30441,1,AGNC|Z
user_26566,1,BAON
user_5905,2,AAPS|APPSH
user_26324,1,STEP|THMO
user_21581,1,BEKE
user_12173,1,HLF|MPSOL
user_30242,1,PAGS|QQQOV
user_22559,1,GPC|TNXP
user_7357,2,GOOG|MIME|SPYBU
user_1395,1,TSLAJ
user_28981,1,CAD|ZCX
user_17010,1,CLOV
user_30693,1,ACWI|AVY
user_22606,1,MGNI
user_2228,1,DUOL
user_25327,10,AAPLM|BEAM|DIA|IEF|IMPXH|LTHMC|MCDGA|MGM|MZN|NVDAB|OLPX|PLAY|SCHDD|SHOPD|SNV|TSLQ|UPSWE|WEBR
user_16285,1,BAS|ENBFO
user_948,1,AMZNQ
user_26329,1,HRMY|MCK
user_24833,2,CHF|VZHE|XPEV
user_12317,2,DIS|ROKUG|TSLAT
user_6257,1,MRNS
user_28623,1,BRUSH
user_33047,1,FMC
user_12854,1,COM
user_16021,1,VRTS|WEBL
user_4970,2,COST|WW
user_4897,1,DISHU|ZII
user_21407,1,CVNAF
user_6573,1,NNOXH
user_17135,1,LINK|NEE
user_31752,1,HYPRO|MSTRW
user_25099,2,AVEO|VZ
user_2932,2,BTQ|KO|SEAND
user_843,1,LTUM|VZ
user_31222,1,MANU
user_22483,3,ARKF|ATHM|AVXL|MTTR|TNP
user_16910,8,AIRS|CMRX|CVS|DFI|EEM|FYBR|GENI|LMTUT|META|NCTY|NIO|WNW|XHBGR
user_23718,2,FBBUL|UCHIN|VTI
user_21182,1,FE|FLUXI
user_3898,4,AAPL|CIFR|IFNNY|PAAS|QID|XOMHE
user_15385,1,TRIN|VYGVF
user_1332,3,COSTM|FBBUL|FSLY|GLJ|UPS
user_17183,1,TBK
user_28420,1,CLOV|G
user_15641,1,MUDRO
user_3657,1,QCOM
user_4639,2,BVXV|KBNT|PG
user_15579,1,SPXLA|SYS
user_33507,1,CSPON
user_11192,2,CGC|MX
user_13828,2,APA|PG|SJW
user_26753,1,BABAD|FBK
user_3457,1,NTRS
user_18982,1,JNJB|KINGS
user_14462,1,KIND|MSFTI
user_22648,2,AMT|COINY|SEAC
user_31448,2,COST|FCFS
user_15976,1,CHKP
user_31646,2,ELONQ|META
user_21003,1,BANA
user_1169,4,DIS|DLRMO|LILM|SJW|SWPPX|XPEV
user_8235,1,MRVLP
user_21328,1,XPEVS
user_10470,1,NFLXA|TWST
user_14167,1,VRAR
user_23273,1,APP|VXX
user_20687,3,APE|BYDI|GTLBB|LYFTC|PINSB
user_7740,2,AKAM|LVMUY|MUGRO
user_1971,1,MKLIN
user_7335,1,SPIRI|ZSSEM
user_31749,1,TSLAV
user_17409,3,ATVIB|CMPS|GTBIF|HDHEA|META
user_11982,1,SIRI
user_5228,3,AIZ|CSVTI|F|PLUG
user_12717,2,BAON|TSLA
user_18573,1,EQUIX|MCDCO
user_32199,1,BILL
user_3300,1,MNMD
user_16404,3,FC|KO|VLO
user_18461,3,GFS|LUVMA|ONB|UOS
user_33421,1,HMBLI
user_16567,1,CSTAR|ETSY
user_8649,2,BTTX|MDVL|NIO
user_23813,1,PTONB
user_33741,1,KHS|SYTA
user_9770,1,VNQ
user_4486,12,AMDAD|AMZNV|BANC|BXP|ENS|ETSYC|FBHS|FOX|GWH|IWM|JETS|MDB|MSFT|NIOAL|NIOAS|PETZ|SCHW|SEMER|TTWO|ZMFAC
user_6569,1,ABNBW
user_13390,2,DGX|TSM
user_25640,1,FRSH|JNJDI
user_25936,2,COST|SQB
user_4662,5,CNC|NIOAL|PATK|TSLAW|ZS
user_26796,5,ABNB|ARKQ|AVY|F|NIOPU|ROOT
user_32936,1,SAVE
user_112,1,BLK
user_18897,1,DKNG
user_32990,11,AFRMD|AUPH|AVID|BTI|CCJ|CL|COM|CVX|FUN|GFAI|IGSB|JPEX|THSET|USB|ZG
user_24847,2,BX|VREIT
user_30632,2,MEDP|MOTEC|RYTM
user_12322,1,ABCL|FVRRO
user_13028,1,CPBCH
user_32830,9,AMZNM|DKNG|EQB|FBGAM|FNMA|LMNDT|METAF|PZZA|SOLPL|SPLK|VTR|VTRS
user_23968,1,DRUG
user_15695,1,DINO|KODI
user_14049,4,COVID|JNJDI|NVVE|SRC|TSLAP|Y
user_32223,1,FBP|SPLV
user_33656,2,LRC|QQQPU|XPEV
user_18514,1,SODER|UNP
user_1128,1,ACO
user_20171,1,USDT
user_3513,1,BLCT|PAYS
user_15960,2,BLBX|ENS|TTE
user_2548,2,IONQ|SBAC|VOSO
user_29158,2,SXTAN|XLB
user_18930,1,LCX|LMTUT
user_9184,1,MRVL
user_10527,2,COST|SPYBO
user_18549,2,F|ONCHA
user_12737,2,KO|XRPHT
user_30740,1,CRMGO|UNG
user_23009,1,RBLXW
user_5511,1,BTC|SOUN
user_3940,1,CRWDT
user_13570,4,AMD|FTS|HEC|SBUXT|SNOW|SOPA|SOSHT
user_12979,1,SQALI
user_20820,1,FBROO|INDI
user_27747,1,IYT
user_5104,1,FBCHA|TRT
user_31564,1,MSFTR
user_13651,1,GC
user_16266,1,BANA
user_20896,2,FRGE|NOC
user_2665,1,TRUP|XLRE
user_32704,1,MSFTN
user_12254,1,MCKBO
user_13992,1,SAFM|UPWKW
user_1189,1,SPLV|UNA
user_5626,1,FWONK|GMQ
user_22279,1,ASIX
user_8895,1,CYRN
user_16857,1,FAZE
user_7762,1,AERC
user_11612,1,ADM|XOMDO
user_29677,1,GRUB|XIL
user_12404,1,AVID|ITA
user_232,1,DOCNA
user_25894,2,EEM|GDRX|GOOGN|TELL
user_22621,2,ENPH|VINE
user_25891,1,JWA|SODER
user_19756,3,ALBT|COST|HNTAM|UAL
user_29226,1,VWAGY|ZIL
user_25181,1,NTLA
user_23369,1,NVDAV
user_26346,2,BTCBR|LVMHS|RAYVR|WRLD
user_4849,1,DOMO|TPL
user_9898,2,TLT|ZS
user_21215,2,DMTK|FAST|WNS
user_17754,2,AMG|PLAB|TSLA
user_7667,1,NIOWH|OTECH
user_21441,1,G|PBT
user_29696,1,ALB
user_21830,2,HTHT|VRTS
user_33932,2,ALLPE|NCTY
user_7792,1,NFLXR
user_23967,1,FBULL|IDXX
user_14941,1,SITM
user_29087,14,ADSK|CLFHT|COST|DAL|DDOGC|DNUT|FANH|FBDAI|FMX|HALO|IOTA|MSTR|MTVR|NFLX|RVNA|SONY|TSLAC|UL|UUUU|XOP
user_7539,2,AMZNM|MSFT
user_25301,1,KODK
user_31906,1,GMAPR|IQ
user_516,1,HCSG|PDFS
user_2357,3,FBLAM|KO|XOM
user_32497,1,SPXTH
user_12731,2,BKKT|ENPH
user_32056,2,COST|LRCXF
user_18631,1,PYPLP
user_12582,1,TPR
user_33343,1,UMANY
user_5282,1,CCJ
user_3443,2,ARKQ|BIG|MRNAH
user_17439,1,ADTX|KIBA
user_4413,1,ROKUF
user_26660,2,META|NIO
user_19195,2,BA|ES|SAVE
user_33665,1,UNI
user_346,1,AMZNI|YUM
user_31917,3,CAD|CHHFI|GTBIF|PSNL|SPYBO
user_5122,1,ENPHC|ORPH
user_31923,1,FLOW
user_21235,2,BKX|MSFT
user_27542,1,CXW|TWTR
user_16494,1,RDBX
user_24737,1,ASTSB|HTR
user_34173,1,BANA|ZOO
user_11738,1,ERIC|LUCID
user_9246,1,SPXC|TOELY
user_25330,1,FTM
user_3091,1,XFRI
user_12578,1,PSNL
user_7480,3,TSM|UDMY|XPDI|YOLO
user_20364,1,SPLK
user_18236,1,IVA
user_16901,1,CMCSA|MJ
user_16957,1,SPOTR
user_32788,1,STNE|TSLH
user_31563,1,WMB
user_18285,3,META|TME|WISHW
user_29834,1,LTNC|ZM
user_20738,1,KBR|NVDAT
user_8028,1,LILM
user_21541,1,SNY
user_595,2,MOMAY|NEE|SNA|VCOCA
user_23624,1,UPST
user_18166,1,FXYHO|TXNRA
user_30962,1,SIOX
user_19635,2,BLDR|FUL|INTCH
user_14146,2,CEIX|XPEV
user_22304,1,KTTA|THETA
user_30243,1,LTHMP|SHARE
user_27635,1,RMD
user_19709,2,QCOMR|VZ
user_22300,1,DWACW|FRPHC
user_19491,1,CCLES
user_19199,1,KSS
user_1995,1,DRI|NKEBE
user_15959,1,IVR
user_28129,1,CRXT
user_19396,1,LC|WILD
user_3150,2,KO|SHV|VCOME
user_14967,1,GENI|UPS
user_5633,1,BLNKW
user_24390,2,AMD|DAX|VVERI
user_18961,2,MARK|TSM|TWNK
user_25310,1,MDLZ|TWST
user_13855,1,DFI|SHOPD
user_13078,1,VFIAX
user_15396,2,CSIQ|F|UTHR
user_7208,1,BTCBR|DGX
user_29881,1,COSTB|FTS
user_16060,1,FDN|LOOKS
user_24987,1,CHKPB|RMBS
user_26122,1,INTCM
user_16421,1,LSCC|SEV
user_29399,1,BMRN|NIOS
user_12379,1,AMCLO|MRTN
user_20093,1,RY
user_25852,2,AMZNF|SQAT|VZ
user_20704,3,DJCO|ENPH|NIOBU|URGN|XLK
user_24373,1,KKR
user_31972,1,COUR
user_6960,3,DSP|EWBC|IGSB
user_7308,1,AMPH|FUBOI
user_7285,1,EFA
user_30611,1,INND|QCOMA
user_4484,2,ADA|DIS|JACK
user_25563,1,ATXI
user_23768,3,AMP|AMZN|AYX|DINO
user_32248,3,ABNBO|CHD|COUR|FBFIN
user_28285,2,IOT|MTD|NCTY|RS
user_18657,1,FITB|LMNOP
user_21040,1,HULU|TSLAY
user_6949,1,QQW|SKW
user_23779,3,GFSCH|MA|MRVI|SNY
user_23957,2,IMBI|INTC
user_33339,1,ESTC
user_8666,1,REM
user_9324,1,NOW|SMICY
user_7584,2,CRON|INTC
user_24224,1,SNAPT|SNOWE
user_25450,1,NLS
user_11783,1,CVSI|SOL
user_10708,1,PLDHT
user_20511,1,BRN|CAH
user_548,1,AMPL
user_24613,2,EEM|NOC
user_15099,1,AMEH|OVR
user_30475,1,FFIE
user_31159,2,ATI|RWTR
user_4991,1,AMCFU|MTC
user_27415,1,TSLAW
user_29411,1,RENT
user_24582,1,AR|EMBRA
user_33405,1,CTIC|QQQSH
user_25206,2,ENPH|FUVSO
user_12936,2,AVTR|CBSH|DOOG|EPRT
user_29143,1,HMBL|PTE
user_27688,1,FLR|SYS
user_2553,2,PYPL|TSLS
user_10789,1,MSFTH|TGTDO
user_11283,2,ANY|D|UNH|XIL
user_27940,6,CTVAD|DLR|EV|NFLXN|ONEM|TLO|UOS|XPEV
user_10094,3,CMA|DOGO|XLM
user_32544,1,RGBP
user_16314,1,RGS
user_28405,3,AAPL|DRTS|NXPI|TLSAR
user_30368,1,CAAS|DXT
user_22682,2,BAC|ZS
user_29171,1,MSGE
user_6004,2,IRNT|KRALL|MSFT
user_28408,1,CSPON|PLD
user_11447,1,ACHC|FRHC
user_27159,1,QID|ZM
user_1617,5,DIS|SPLK|SPYLO|TSM|ULET
user_32549,1,BABYD|PCTC
user_3070,1,COSTM|SPGGR
user_29382,4,AAPL|IFNNF|IRTC|MSFT
user_12460,3,AAPL|ARI|FBTOP|NFLX
user_33298,1,SJW
user_5601,2,AMD|BSC
user_11345,1,OTLY|WEBR
user_274,1,ARRK|TSCOE
user_30247,2,CLBT|DIS|GANG
user_22455,1,PRTS
user_23171,1,FAST|RUX
user_17402,1,CG|PGNET
user_1836,1,ARCCA
user_26936,1,COUP
user_12969,1,ANCTF
user_139,1,LCIDT|VYGR
user_4646,1,FIVN|PYPL
user_3973,2,LEVI|PG
user_717,1,DSIGR|FBZUC
user_23232,1,OCUL
user_22378,1,TGT|TTC
user_4432,1,TONR|ZMFAC
user_33456,1,CS|FCFS
user_25492,1,AZZ
user_6563,1,DOCU|GGII
user_2114,1,GGG
user_6849,1,APH
user_3381,5,BOFA|DRNG|EXR|FBIN|PBF|SEAND|SMAR|VCAR|VZREI
user_5410,1,QQQ
user_22114,1,SHCR
user_15941,1,CSIQ|DRTS
user_32773,1,MTTR
user_22659,1,DISNE|VTV
user_30610,1,TTDCH
user_22891,1,AAPLT
user_15379,1,CEBOU
user_22894,2,AMZN|HCDI
user_12690,1,CVNAS|PFEFR
user_34314,3,METAH|NLS|UFO
user_19473,2,AMZN|XLK
user_21800,1,FSM|QQQHT
user_20671,1,SYTA|VFINT
user_3011,1,NEEFO|TASK
user_226,2,IKEA|LKE|NET
user_12967,1,KOPN|PRE
user_24557,1,AMGN
user_22437,1,AGYS|MODIV
user_27561,1,LGF
user_8447,1,CLFD|KSSWO
user_28548,1,SILVE
user_24691,3,ENPH|LEN|RELI|TTE
user_18877,3,DMTK|SPYAL|SSNLF|WAT
user_8721,4,BEE|DISFO|GCT|HRT|MAIN
user_11207,1,IBEX|VISHA
user_18673,2,AXNX|IIVI|TSLA
user_13306,1,KISHU
user_134,1,WF
user_10532,1,IVC
user_33106,2,INTC|SPOTE
user_26009,3,AMD|BABAU|NFLX
user_13786,1,IWMMO|PAAS
user_14750,2,HLBZ|PRX|TSCO
user_22319,1,BYSI|XFRI
user_2905,1,ANGH
user_13251,1,EPAM|SOX
user_32352,1,PYPLI|VREIT
user_12323,1,DXT|HNTAM
user_2091,1,CSU|UFING
user_22778,1,PI|POET
user_673,2,LBC|NVTA|XPEV
user_10597,2,ENTG|HT|SFM
user_23421,1,PARA
user_27575,2,BRPM|COST|WEJO
user_17701,1,BOX
user_7395,1,HALO|PCG
user_15179,1,FTAI
user_27483,1,QCOMR
user_32888,1,EVCOI|NSANY
user_21882,1,ZII
user_5814,2,AMZNI|BA
user_8193,1,CDON
user_18365,2,AIV|BA
user_29573,1,DISFR
user_4827,5,DRNG|GRMN|NCTY|RWLK|SPYNA|WISHL|XLFSP|ZTO
user_11294,1,GWW|TZOOT
user_17006,1,GENI|NETL
user_13029,2,BAND|DUK|PG
user_13612,1,CRNCB
user_32812,1,FBZUC
user_20728,1,AMDWH|UBERT
user_11059,1,CLBT|METAE
user_25374,2,APPSI|LVMH|PYPLC
user_13960,1,FLR|WOOF
user_32823,1,EPRT
user_3775,3,AMSWA|BX|PG|XLC
user_30557,2,DIS|LYV|MCDGA
user_5877,2,AMZN|IEP
user_7271,1,DOGO|KOOTH
user_18318,1,DJIA|SWPPX
user_27436,1,RIOT
user_1735,5,FR|GGG|IMXI|NCTY|PKG|TDOC
user_19828,1,CBSH|ZRX
user_4570,2,BX|ENSV
user_8597,1,BRKB|SQSNA
user_17472,1,ASTS|SMCI
user_19085,2,DECON|WMT|YOU
user_8452,1,LIND
user_20565,3,MSFTA|QQQAN|SG|UPSTC|XOMNO
user_28544,1,STBA
user_30930,1,DGX|IAC
user_5255,1,CP|MAA
user_16146,1,DLTR
user_26334,3,AAPL|ANET|LCIDS|XPDI
user_21408,1,ARCCA|PEBO
user_9090,1,NIOHT|ZTO
user_12831,2,CMCSA|NFLX
user_3695,8,ABNBW|BKH|EMR|IRM|MOMO|PRVA|SEDG|SQSNA|STLD|TSMAU|USDC|ZSLET
user_26537,1,COSTQ|MOWHA
user_23308,3,COO|EMBRA|INTC|PRQ|UPSTI
user_33487,1,DOT|SARK
user_5222,2,HUBS|PYPL
user_4496,2,BAND|LNG|SYNC
user_20991,4,AR|AVCT|CEEK|KRSOL|MTB|SAIL|TREX|ZC
user_22933,2,BYM|CACC|JPMVA
user_7622,1,INTCV
user_33596,2,CRM|MEX
user_13,1,PLTRA
user_25186,1,MRIN|NIOPU
user_10876,1,OMCL
user_5663,2,TSLA|XRX
user_29750,1,GGII|GHC
user_10816,1,TD
user_17108,1,ASML
user_12502,1,HRT
user_3299,1,NVDAC|VFC
user_3576,1,EPAZ
user_19099,1,RIO|UPS
user_10848,1,PSNL|SCHW
user_13734,1,GMLI
user_6587,1,SOFIB
user_26680,1,SPOTR
user_13183,3,BCMH|BRN|DPZEN|HUTME|KBH
user_31041,4,ATCO|COST|EBAY|IBB|PPG
user_9721,1,ACB
user_11774,1,AXU|DWACW
user_25833,1,VRAWH
user_8917,1,ATKR|GMAPR
user_25580,1,NEGG|SLABW
user_5991,1,WMTSQ
user_14591,1,STNG
user_32889,1,BE|FBTWI
user_10261,1,GDRX
user_14735,2,SHCR|TSM
user_11360,1,SMCI|SNAPX
user_26998,2,ABBVU|NCNO|ULTA|XAU
user_9844,1,HFWA
user_6012,1,TGTDO
user_31063,1,IAC|MILLI
user_34201,1,SHIP|SO
user_7125,1,CCS
user_2220,1,GOOGT|JWM
user_1907,1,INO|SQBEA
user_3887,2,SPY|XPEV|ZIONT
user_19389,1,VW
user_3156,1,QYLD|TXTM
user_21447,1,FBIN
user_9403,1,FSLRA|PALL
user_18102,1,SAVG
user_10584,2,DRVN|NFE|TEAM|WEN
user_13075,8,AEP|ANKR|CCI|FANH|FLGT|GPN|HAIN|HOG|ILV|LCIF|MSTR|PBCT|VVV|WMTBE
user_20643,1,MMM|SEA
user_19543,1,DGROC
user_1538,1,HONRE|TTDGO
user_7439,1,NFLXI
user_556,1,BAESY
user_5155,3,ALLG|CUBI|FRPHC|KO|VRT
user_30084,1,NCLH
user_28737,1,LEA|NEAR
user_8069,1,QWT
user_32264,5,AMZNO|CMCSA|DVY|REGN|SFT|SHARE|TSMHT
user_9484,1,CSGP|UNHHO
user_10286,1,TSLAH
user_17196,4,HCP|KOCRE|MAN|SIVB|THSET|WDAY
user_29300,4,CVNAT|DOCNG|KDP|SCHB|SI|SYYSO
user_18342,4,AEP|BLNK|JNJRE|NAVI|SGML|XOMNO
user_31201,4,BZUN|CELHT|ETSYC|TD|VTV
user_9239,4,DINO|NFLXB|SPOT|SPXU|XHBGR
user_26121,2,SFINT|STX
user_20668,4,AXIES|BABA|DKNGD|MNMD|OTRK|SIDU
user_21879,4,BITOI|CTSH|ET|FL|KRSOL|UBERT
user_758,4,GOOGE|NIOHA|NIOWE|VEEV|XLIGR
user_2596,4,ATHM|FISV|MSTR|ONDS|PLBY|SMLR|TSLAQ
user_6490,4,FVRR|JWN|SSNLF|WAFD
user_4352,4,BNSO|PSTH|SOUN|TMO|TSLAN
user_19153,1,SCS
user_25627,1,RDS|VRPX
user_29017,1,SLGG
user_4884,1,LKND
user_28339,1,ABBVT
user_22424,1,COSTS
user_9893,1,CHF|VFC
user_295,1,METIS|SNPS
user_12386,6,ADYEY|BON|ETHAL|LITER|MAS|MATIC|MSFTE|OTRK
user_17692,1,ALL|MVRSA
user_157,2,BRCC|NIO|TIMEA
user_25189,1,AFRMD|LYFT
user_5880,1,THMO
user_15636,1,FC|RA
user_20572,1,AIG|THO
user_5983,1,XI
user_18435,1,BUD|FNF
user_2083,1,BENE|FBTHI
user_30849,1,ATGE|FND
user_32564,1,XELA
user_7063,3,IOTA|RIVIA|THMO|VOSO
user_395,1,CORZ|XLY
user_3102,1,TSLAO
user_19156,1,STRN
user_7683,1,GST|RYE
user_20618,1,INTC
user_9075,1,NNOXI
user_20501,1,DOCS|SPELL
user_21313,1,RACEH
user_33688,1,OKTA
user_18076,1,XRP
user_33881,2,ANY|SOPA|SQM|WORK
user_27059,1,FIVEY
user_12725,1,CAD|NVCR
user_22261,3,ACLS|AYRO|CGCO|HRTZ|UMG
user_2545,1,ZMGAN
user_13195,1,CGCO|SAIC
user_25635,1,LMNDS
user_25634,1,KODK
user_17930,2,FND|GMREV|PYPL
user_27641,1,BKU
user_31050,1,TSLAQ|UHOPE
user_20174,3,ENPH|NFLXP|TSM
user_27937,2,AMDDE|AMZN|PT
user_14428,2,DISCK|GOOG
user_15516,1,PLTRH
user_8759,1,ABNBS
user_10964,1,NRSN
user_3811,1,BTF
user_14470,2,JPMFE|TREE
user_16711,1,QFOR
user_19146,3,AIRS|FBTUE|NNN|QQQSO|WBER
user_30361,1,AMR|PEBO
user_12391,3,GM|LGVN|POLA|SPOTW|VINE
user_25878,2,FIGS|HUYA
user_31611,1,XLNX
user_16791,1,IRTC
user_10421,3,HOLES|KRBN|PG|VYNT
user_19377,1,GILD|PEPHT
user_15191,1,TYX
user_13806,1,APA|FSV
user_13472,1,CNICH|STT
user_33877,1,STORF|TWTR
user_14455,2,FOX|GLNG|NFLX
user_23914,1,APTY|TBT
user_21098,1,HNST
user_28345,1,DAG
user_11050,3,ALEC|CRWDW|FSTX|TOELY|USHE
user_16334,1,BABAB
user_3061,1,SNOW
user_3333,1,ENJY|OP
user_25965,2,INTC|WFG
user_3807,1,MCRT|SHELL
user_8589,1,KBNT|MOTEC
user_26770,2,GME|VO
user_23121,1,AAPLO
user_32978,1,NOV
user_27890,1,GST
user_10744,1,COSTB|GLXY
user_10540,2,TSLA|TWOU|WFG
user_1872,1,BBBY|RBLXB
user_19140,1,AABB
user_22151,1,FBSIM|TXN
user_31665,2,ALBT|CSOUR|IJH|VZHEA
user_7825,1,CELHC|ETSYC
user_27275,1,OI|OWUV
user_15390,1,PLBY
user_32445,1,BLBX
user_7726,1,MMMWH|SCHB
user_2575,1,CPBCH|UBERT
user_14950,1,CRMGO|MTN
user_774,1,SPYCL
user_28284,8,AFRMT|AMBA|APPLE|ARWR|CFLT|LIBER|PSA|RL|TDOCA|UVXY|VOO|VTR|XLFSP
user_28559,2,SXTAN|VYM|ZS
user_33593,1,ACON|XLC
user_11173,8,ADTX|KSSWO|MARK|MKL|NDSN|NQ|NVDAD|OIL|RYE|XPR|YELP
user_998,1,AGRI|MSFTH
user_21144,2,IVA|NFLX
user_31967,2,NIO|XLNX
user_21122,1,LIGMA
user_32050,1,SM
user_31982,2,AMD|MKC
user_111,1,ENBAN|XPO
user_23087,1,DNFLX
user_12719,1,FTNTO
user_7099,1,COSTJ|RGBP
user_6247,1,WAT
user_11430,1,CELH|TOMB
user_29050,1,CPRI|SNAPF
user_5693,1,HFG|XOMWI
user_12304,1,ABBVF
user_25068,1,MRKTH|SNAPF
user_33645,3,AAPL|GOOG|PSA
user_26569,1,BZFD|MDBWA
user_12003,1,IFNNF
user_32862,1,CD|HNST
user_22380,1,WOLF
user_28370,1,GME
user_13208,1,MRKTH|ULONG
user_7549,1,NOVA|TSCOR
user_3208,1,LOW|UPRO
user_3403,1,VIXLE
user_7955,1,CXW|RVIN
user_27021,1,LFIN|RIDE
user_4611,2,BX|MELI
user_24188,1,LCID|PAVM
user_31671,1,FTHUR|IMCC
user_21254,1,SESHO|TSLAA
user_27293,2,APH|VTV
user_25901,1,BABAB|FB
user_3452,2,NETSO|PYPL
user_16401,2,ARRK|DDOG|TGL
user_14210,2,RYTM|VFINT
user_33263,2,BA|HRTZ|VOLT
user_19706,1,RAYVR
user_15634,1,IKEA|NA
user_21420,2,KO|NVDAI
user_23614,2,EIDO|PG
user_12008,9,AMD|AMZN|ARCH|CRO|DISDO|DISNE|KIM|NAVI|OWUV|PG|POSH|QQQYO|SOLHT|VCOCA
user_6114,1,VFOCU
user_18997,1,LMTRE|W
user_25917,2,AAPL|AGL
user_14605,1,MGNIH
user_1819,2,BOND|JPMAU|PYPLB
user_29699,1,SOLHT
user_1784,1,AAPLD|SCVL
user_25427,1,GNUS
user_2478,1,SRC
user_28773,1,APTY|ICNM
user_16025,1,SPELL
user_34212,1,NVVE|PTONY
user_25550,1,RYT
user_3543,1,REM|VYMVA
user_21710,1,QQQNA|UONE
user_26811,2,DIAHT|GNL|KTB
user_3384,1,LSCC|SQBEA
user_33863,1,DDD|ZSHTT
user_11672,1,ABBVU
user_31359,1,GMEDI
user_19182,1,EXR
user_22433,1,TROWA
user_7748,1,JOBY|MELIC
user_8457,1,ACMR|BLCT
user_12736,2,AMZN|KKR
user_16305,1,FTMSA|TGTTE
user_22751,2,NEGGI|VZ
user_29734,1,QSGRE
user_17310,2,DEMOD|PERI|SUNW
user_26935,1,WMTDI
user_2632,1,COINH|UPSTB
user_4341,2,CALLS|INTC
user_22124,1,NFLXC
user_14684,1,INTCV|PIII
user_27726,1,ABBV|VISL
user_23366,1,FBZUC|MYNAN
user_7364,1,SWBI
user_19678,3,ENPH|GTSIF|IONQ
user_359,1,COSTD
user_5132,12,AGRI|ANY|APPSC|DECON|DMYQ|ETD|FBUY|FSLY|HKD|JCI|MAT|NIOWE|PYPLN|SHUEY|SMR|SONO|SPIRI|SPYOP
user_4206,1,AMDVE
user_19463,3,GOOG|LOWSE|META|VNOMW
user_33957,1,ASTSB|NVDAI
user_19591,1,DISCA|TTD
user_19561,1,CATSE
user_32384,3,LOVEL|PYPL|XLE
user_10325,1,BACLI|SHCR
user_6693,1,ZIM
user_8568,2,EC|RBLXA
user_15306,1,RYT|SPGI
user_22083,2,FXY|JAMF|UMANY
user_12874,1,JPM|UOWN
user_7961,2,KEY|MOTEC|NIO
user_23542,4,BYDDF|DOLE|IEA|ILUS|LCIF|PACB
user_19539,2,AAPL|VGROW|WRLD
user_18505,1,AMTD
user_29066,1,RCL
user_22018,1,AZERO|DXC
user_32652,2,AD|GOOG
user_17515,1,RLX|SMH
user_13798,1,CHL
user_16912,1,LSXMA
user_18932,1,QCOMJ
user_25306,1,DENN
user_32775,1,COHU|PKKFF
user_8458,1,SHARE|YFI
user_29292,1,VALEC
user_1141,1,COSTH|HUSAL
user_31569,1,FIS
user_2094,2,ROKUO|TSLA
user_15226,1,CMGMC|IOBT
user_22402,1,MSFTP|TRU
user_22159,1,WMTHO
user_1913,4,FBMEA|GOOG|GOOGH|NFLX|ZS
user_6582,2,COMB|JNJRE|TROW
user_9047,2,ALLG|LMNDW|SNAPF|TSLA
user_24364,1,ALV|CEIX
user_19508,7,AURY|FBLIK|FTESL|HTR|NIOPU|ORLY|PGY|STILT|TPL|TSEMH|TSLQ
user_15221,5,BKLN|CD|HDAPR|JBLU|MMMRE|RIVN|UDMY
user_23072,1,PYPLB
user_27454,2,ENPH|MQTHI
user_7172,3,BX|DCI|MTP|RMD
user_21565,1,GTBIF
user_13929,1,AVGOR|FBTWI
user_33352,1,KBH|SNX
user_1628,1,MCDOC
user_16780,2,BANA|NVO|UBI
user_8203,1,JO|NLSN
user_11401,1,ANGH|SONY
user_28664,1,AER
user_28495,1,VORBH
user_33218,1,BARK
user_17444,1,GOLD|WMTHO
user_7501,1,FARA
user_18917,2,CASY|PMFEB|VIR
user_5561,1,CELHE|TSLAO
user_5456,1,NEM
user_13045,1,AXP
user_2944,1,DHR|FBBY
user_12868,1,MBWM|WNS
user_5146,1,PBIO
user_15096,1,RIVNC|VSCO
user_29906,1,CSIQ
user_34077,5,MRI|MTN|NFLXQ|OWUV|PANR|RDW|TSLAJ
user_15410,1,ANTM
user_20417,1,ADSK|POOL
user_678,1,FUN|VALE
user_11124,1,LTHM
user_20182,1,F
user_29060,1,BMRN|WPC
user_15152,1,HIBB|PAG
user_18667,1,METAT
user_1898,2,ONCHA|UBS|WEBR
user_9560,2,ASX|NVIV
user_8368,1,GCT|UXIN
user_18014,2,DDOGE|HES|INTC
user_5318,1,VRM
user_12797,2,CVNAS|ENPHG|WAFD
user_13653,3,AMZNI|INTCR|MET|MMMWH|ZIDAT
user_20803,1,POSHY
user_26223,1,XLB
user_11026,1,BRUSH
user_18101,1,INSG
user_28545,1,MOBQ|VEEVI
user_22280,1,WMTHO
user_13520,1,AEP|ATTOT
user_23125,1,APTY|COINP
user_10073,2,AYLA|VZ
user_2675,1,PM
user_20118,2,PAVM|TSLA|ZSHTT
user_29048,1,CLX
user_10208,1,JNJPA|NIOGR
user_345,1,TSCO
user_32303,1,CPNGC
user_26508,1,PANR|TWTRA
user_18390,1,DD|TMNA
user_17470,1,DIAHT|TUR
user_27637,1,BL|CNS
user_31102,1,AMDCI|TARO
user_1682,2,DIS|UNA
user_27527,1,LMT
user_19960,2,MANU|NFLX
user_18148,1,EFTR
user_14727,1,CAAS
user_22769,1,PPSI
user_10902,1,DLR
user_16576,2,ENPH|UMAYB|UPS
user_31378,1,DGX
user_8361,2,NRBO|SWPPX|XPEV
user_6006,2,OPEN|PYPL|SQALI
user_25420,1,NTFX
user_4296,2,BSW|HYPRO|UVXY|Z
user_28741,1,AMCFU|CALLS
user_16160,4,APRE|CKS|CSTAR|MAS|VWED
user_1914,1,MKC
user_22661,1,DD|TSLAR
user_18017,2,DX|FXAIX|LTCHT|TSCOB
user_17807,2,CBIO|PG|SUN
user_23755,1,CRWDE|GMT
user_24700,1,BAALL|CDMO
user_23089,1,AAPLI|TSLAC
user_9878,1,WISHL
user_20636,1,UA
user_27853,1,BKKT|IMCC
user_20429,1,DISCH|ULET
user_25919,1,BEWI|SBUXB
user_23556,1,FBGET
user_31723,1,ALGN
user_15679,1,PEP
user_26252,1,AAA|STNE
user_34240,2,AMD|VXXJU
user_33012,1,FOUR|SWCH
user_15034,1,AAPDS
user_15138,1,LOWWH|TSLAV
user_30300,1,STZ
user_10419,1,FBGET
user_5702,1,CCXI|CS
user_29507,1,ETHHT
user_28518,1,VMEO|VRT
user_16509,1,CHKPB|ZSHTT
user_30087,1,FANTO|TLTSH
user_10599,1,ATLAS|DGWHA
user_25315,2,MSFT|NIO
user_11406,1,ASTSB|RKLBS
user_14792,2,NAVI|VOOAD|XPEVS
user_13401,1,WDAY|WFCBO
user_14272,1,BOND|BSW
user_31613,1,SCTY
user_4336,1,SGMS|TTDMA
user_29092,1,BOFA|MNDT
user_2442,1,ITCST
user_32283,1,TDIVI
user_1723,1,AYRO
user_27638,1,BODY
user_5426,1,ONTO|TXTM
user_1892,1,FR|X
user_14057,1,VLON
user_29844,1,ZPAY
user_18535,23,ANVS|APPS|ATTO|AUR|AXS|BTCBE|CHL|CSCOI|DORM|DPZ|EURUS|EW|FAANG|FBTOT|FCXBE|FEG|FIS|FWONK|GIS|HLBZ|HTTZ|JPMNO|MCDCO|MGM|MMMHI|MX|NNOXH|NOC|OKE|PYPLN|RUNSH|SPXLA|SQAI|TLTSH|TSME|UBS
user_4291,2,CVS|EGLDQ|NVR|QQQPU
user_7216,1,NLST
user_6718,2,AMD|BRKNE|PXD
user_32227,1,KSPN
user_17347,2,ALBT|HDHEA|ITA
user_21778,1,QS
user_20816,2,DIS|SFIO
user_4530,1,DB|HII
user_24006,3,GK|IKEA|MDAYT|NOC|SFTBY
user_27553,2,MVRD|NIO
user_20819,1,AMDSH
user_30837,1,IRMAD|RDFN
user_32441,1,WAT
user_30046,2,DIS|GMVD
user_4803,1,HRB|VGID
user_2735,2,BX|NIOST
user_22704,1,NOBL|SHOPD
user_19028,1,TCON
user_33118,4,CHKP|GBTC|HALWE|HOLD|TLT|YOLO
user_10362,1,PACB|WPCWH
user_20282,1,ESTC|PATK
user_26247,1,WGO
user_6138,1,CPRI|GTLBW
user_29856,1,AGL|CSTM
user_17590,1,IMRN|RUX
user_23915,1,MATLO
user_16070,1,HLT
user_27834,1,PEBO|UNHHO
user_7419,1,IHI|PCG
user_28081,1,CDLX|KOOTH
user_34059,1,NXPI
user_26185,1,AAPS
user_34258,1,SBUXA
user_26491,1,AUTO|RUSHA
user_26956,2,BRKNE|ENPH
user_25637,1,CATSE
user_34230,4,AMDST|CNQ|DEA|MCHP|MRAI|RDBX
user_28065,1,RIOT|VRAWH
user_29941,3,AMPL|DKNGH|FBCHA|NIO|VRAR
user_19725,2,AMZN|CHX|TGL
user_18615,2,DCFC|HCP|STORB
user_12954,1,FUL|PYPLR
user_9264,1,CS
user_19393,1,JOBY
user_30796,2,DIS|LCX|LULU
user_20340,8,ALB|BCYP|DOV|EWT|FAANG|JWNBU|OLN|TSLH
user_30856,1,IBB
user_22178,1,DBC|NFLXQ
user_957,2,MOGRO|NFLXY
user_9281,1,SFTBY
user_28134,1,FTDR
user_22185,1,HUBS
user_9288,2,F|HRZN
user_13009,2,CHR|RBLXC|SQDAT
user_19348,1,MOBQ|UBERT
user_22351,1,TSLAO
user_31404,1,CALLS
user_7012,2,ONCHA|SQHOP|WNW
user_25228,2,MSFT|QRTEA
user_5470,2,PKI|VZ
user_21089,1,UUP
user_7626,2,PBCT|VXAPL
user_1006,2,CRM|NFLXL
user_21656,1,APE|OXYBO
user_27571,1,TSLAU|WSO
user_8098,1,CLVT|UXINC
user_27981,1,MNST
user_31231,1,NOC
user_13018,2,ARKF|BRKNE|UPWKW
user_11803,2,MSFT|UCHIN
user_18564,2,CELHH|COSTB|LUV|Y
user_16744,1,BILI|NFLXR
user_11270,1,CPNGJ|HTZZ
user_16084,1,NNOXI
user_21425,2,VZ|WST
user_16905,1,IRNT
user_28213,1,BNGO|IVC
user_10304,1,COINS
user_17314,1,QQQSO
user_25496,1,FBTWI|WYNN
user_19945,5,AMDWH|CENN|CORN|GOLD|QQQAN|SAVA|SI
user_19433,3,CRTX|HULU|LEA|WDC
user_29848,1,ATHM|EE
user_19014,1,BBIOW|BOFA
user_9311,1,KLEE|PTONB
user_4499,1,CFVI|STRR
user_12401,1,DDD|IDXX
user_8688,2,ANCTF|GOOG
user_7249,1,FBSEQ|ZII
user_25417,3,COST|CRM|ROKU
user_22792,1,EXR
user_9355,1,FDXGO|TSLA
user_12865,2,COST|TSLAD|UOWN
user_9623,1,VXRT
user_10065,2,CEI|SGAM
user_3456,2,INTC|OHI|VWEWA
user_29477,1,V
user_7162,1,CACC
user_10922,1,AIRS
user_27766,1,MSFTI|PZZA
user_20134,1,URA
user_30351,1,DKNGD|SHEL
user_20612,1,FBH
user_6767,3,ADA|CME|JPY|POLA|USDJP
user_24828,5,AMZNN|CPG|FVRR|LECX|SCTY|VNQ
user_2844,1,BATS
user_2099,3,HXSCL|INTC|MUDRO|SSEMI
user_20736,1,PXD
user_898,1,UDIGI
user_32941,1,CPE|GEWED
user_17350,1,AMPH|FBYOU
user_22812,2,OCUL|TSLA
user_34192,2,ABNBM|ATOM|PYPLN
user_1125,1,FBHER
user_24017,3,AMAT|FTDR|LIBER|PFG|XLB
user_22260,1,CCJ
user_29934,1,NLSN
user_3741,1,BBIG|HCC
user_5522,1,PYPLL|SMAR
user_2664,1,VEEV
user_11691,1,CRTX|RBLXH
user_26898,1,ADA|ROPE
user_20130,1,UXIN
user_23700,1,CSPK
user_26108,1,ROKUD
user_8716,1,QQQOV|XLNX
user_12652,1,AXON
user_17303,1,AMN|NET
user_31953,3,BA|BEEB|LVS
user_32048,2,PCTY|QRVO|VIG
user_5763,1,WISHT
user_13718,1,CSIQ
user_10777,1,CI|NVDAV
user_11971,1,EDR|ZINU
user_9450,1,AXTA|CELZ
user_29357,3,ATI|HEX|LOWSE|UPSVI|VALEC|VYNT
user_19032,1,EPIK|NIOFR
user_6104,1,JPEX
user_30118,1,OWUV
user_31877,1,LQD|URNM
user_26494,1,DKNGD|FBSIM
user_7681,3,MOBQ|SPOT|VOOTH|XPEV
user_32557,1,AURA|JPM
user_33469,1,ROL
user_15762,1,APOG|ENSC
user_26291,1,DDOGA|PINSU
user_25086,1,QFIN|UONE
user_6409,5,ASLN|BASE|IMBI|ROKU|VFOCU|WPC
user_2640,2,CRM|GEBRF
user_2513,2,FCEL|GOOG|SPOTT
user_18121,1,ABNBS|FAMI
user_11953,2,CSTAR|SCHDB|SOSHT
user_27932,1,DTST
user_5809,1,SXTAN|VEON
user_32808,1,FSK|XLNX
user_31017,7,AOSL|CDSG|JUNGL|LRC|METX|NAVI|TWITH|WING|XPEV|XRX
user_23575,1,ILST
user_6265,2,NSAV|POLC|SPYMA
user_23589,1,WSM
user_27744,1,EXEL|NET
user_5240,1,ON
user_26287,1,LVS
user_15652,1,NVDAR
user_562,1,ULET
user_6511,1,CTRA|ON
user_32200,1,VIXFO
user_18871,1,CSPR|NEO
user_4669,2,AVLR|UPWKW|WMTCO
user_10703,3,BX|EGLX|MUSA
user_14636,1,ARKO|COO
user_12824,1,ADAP
user_27432,1,VVIX
user_17363,1,NFLXL|SPYNE
user_8862,1,DRV|HYPRO
user_24076,1,AIT|VYGVF
user_7922,1,ATKR|WKHS
user_29118,5,ATXI|C|IQ|MQ|SPYPL|TIME|TXN|WELT|XCUR
user_11594,1,CYBR|TBK
user_9939,1,PLUG
user_5297,1,LTHMC
user_15551,1,PYPLD
user_8123,2,F|M|WM
user_31190,1,UPSTM|ZSHED
user_9935,1,EW|NOV
user_17252,1,FBREB|ROKUU
user_1347,2,CRM|PYPLG|RVPH
user_16487,2,AAPL|DISQ
user_30217,2,NDXIT|TSLA|TZOOT
user_7971,2,META|PPSI
user_6864,3,BABAC|META|VZ
user_12576,1,NOCIS|SIX
user_32560,1,EPAZ
user_12714,1,AMDHT|STIP
user_33151,2,BA|DOCNA|NXPI
user_11405,1,CM|SPXWI
user_19278,2,HUT|JNJDO|NIOS
user_15718,3,ALC|RGTI|SPELL|URBN|ZSEV
user_14953,1,APPSH|BF
user_12558,1,MGNIL
user_11137,1,BPRM|SOFIS
user_4103,1,AMZNN|MSFTD
user_16287,1,CFB|DAVE
user_26730,1,CTRU|UDR
user_15533,2,BABAW|UBER|XRT
user_29798,1,MVRS|RYTM
user_18799,1,MCO
user_18624,2,AMDSH|ETHAB|IS|SNX
user_10221,1,ETHAL
user_322,1,XLF
user_32175,1,AAPLP|UPRO
user_4079,1,NFLXR
user_16,1,OKE|TUPHT
user_17509,1,BRO|GRWGF
user_33757,1,ARRK
user_18531,1,SIX
user_32712,1,ROKUW
user_5082,2,ASIX|FANH|GMESU
user_32683,2,FBHS|FLUXI|NOC
user_24253,1,RGS
user_2824,1,UVXY
user_2666,1,SPOTE
user_20901,1,CSU
user_30178,3,ALLY|BA|DJCO|GOOG
user_26702,1,BESIY|WMTDI
user_12860,1,VMEO
user_15490,2,MCDCO|UNHC
user_15171,1,JCI|LRCXF
user_10194,1,ABEV|X
user_31411,1,STARS
user_33641,1,WRBYD
user_22222,2,FTM|VZ
user_32184,1,NTLA
user_29789,1,HSY|RBLXB
user_33669,1,CEIX|STOR
user_33698,1,AMCNI
user_8405,2,AMD|QCOMT|RPRXB
user_8717,1,CALM
user_4959,1,MGNIH|PD
user_13530,6,CACC|DBC|DKNGD|GAME|GSAT|LOVEL|MATIC|MU|SHW
user_1210,1,FBTOP
user_11726,2,FIVE|IBKR|SAFM
user_20568,6,BLK|ETHIN|FTM|JNJ|NFLXL|PLUG|PYPL
user_20240,2,AQN|INTC
user_33461,2,ARKG|BX
user_20124,1,HXSCL|VZMAR
user_25398,3,AMD|CRM|KOAUG|PZN
user_4671,1,USD
user_1924,1,MAFAC
user_5590,1,VEEVI
user_4997,2,AVBTH|PLTRI
user_30149,1,CRM|GGG
user_33068,2,ENPH|FRC|PI
user_31744,4,ALGM|CRMHE|ISPC|MDBWA|NUOTH|RBLXE
user_9617,1,LOWSE|SIOTH
user_14274,1,CELHM|ENBAN
user_7944,2,FCFS|SVM|TSLA
user_19937,1,SPLK
user_12948,3,AAVE|CFVI|KOSS|NKEI
user_7904,2,CRNCB|NFLXL|NUTX|UXINC
user_33409,1,AVPT|XEL
user_32865,1,TSLAY|WPM
user_7426,1,ENPHG
user_5948,1,MSM
user_18623,1,FANH|ROPE
user_8671,1,EVCOI
user_6363,2,GEWED|GLJ|LMNDT
user_8881,1,BAM
user_19300,2,AMZN|MSFTE|UPSTA
user_21427,1,CRSP|NFLXP
user_14388,1,ZMPAR
user_17293,2,PATK|SNDL|TOELY
user_20409,2,AAPL|BAYC|GOVX
user_4924,1,SPXW|VNOMW
user_11527,1,ATYI|UPSTO
user_21069,1,AZPN
user_25603,2,CDAY|HRZN|WMENE
user_20964,2,DOBO|MSFT
user_10350,1,JJC
user_26384,1,NIC|SATL
user_10493,2,APPSA|PCG|WELT
user_19448,2,AMDAD|GBTC|LIBER
user_4,1,RTX|SHY
user_1079,1,CLX
user_26035,2,PYPL|ZSLET
user_9086,1,AMR
user_7920,1,COIN|SPXC
user_3754,1,AAPLL|PXD
user_16717,1,AVT
user_20789,1,TWTRH
user_27434,1,WFC
user_17591,1,CCCX
user_12678,1,MTN|VOO
user_32803,2,CIEN|GO|SMG
user_12056,1,GT
user_18986,1,OPEN
user_611,1,BEETS|PLTRI
user_18450,1,USO
user_31180,2,ALICE|SI
user_27039,2,CRSR|LTNC
user_5004,1,AABB
user_5831,2,CRWDD|PYPL
user_18462,3,BEEB|TSLA|VZ
user_12591,1,FBHOP|LGVN
user_14648,1,AMCRI|DATS
user_26612,1,PGJ|YELP
user_10177,1,CLX
user_32964,1,PSTH
user_15307,2,FUTU|MOMAY|PG
user_23249,1,ATZ|SDC
user_11109,1,DRUG|FRBK
user_5564,1,CLAR|LMTUT
user_27208,1,HDCHI
user_27533,1,NXH|UPS
user_28541,1,SJI
user_25459,1,TWTRI
user_2300,3,AMD|TRRXF|TSLA|ZSANA
user_17946,1,HBAN|PGSOU
user_31547,2,BA|SWBI|VRTX
user_10292,2,AAPL|CHTR
user_23995,1,AMPG
user_20379,3,NIO|POLC|SIBY|TSLA
user_26486,2,DIS|KDP
user_11139,4,AUST|DECON|DV|HII|LOWWH|LYFT|VRAWH
user_22528,2,BPH|DIAHT|SAFE
user_28036,3,CVXI|GGPI|UPSTB|VZ
user_22162,4,AFRMA|BABAI|BBWI|FBDAI|PRTY|PSLV|STILT
user_30967,1,MCDMI|TSCOB
user_24831,2,MPC|MSFT
user_1542,1,GWH|XLFSP
user_32341,1,SKWS
user_27421,2,GMR|VLOSS
user_10676,2,AMDLE|BABAT|BIG
user_20339,1,BMBL
user_2063,1,AURA
user_21814,6,DGII|DJCO|ENPHG|F|INAZ|NETCL|NXP|SIBY|SOLO|UL
user_20610,1,HCP
user_25159,1,IS|MREO
user_33025,2,AAPL|COINH
user_21384,1,TTDHO
user_22274,1,AMAZN|MSTRH
user_18471,1,DIA|DXCM
user_19468,1,DGROC
user_6746,1,LKMEX
user_2475,1,ALLY|JJC
user_30574,1,DOCNC
user_29176,1,COSTB
user_14367,1,HYLN|MSFT
user_12943,1,KED|TASK
user_4782,1,DT
user_31708,1,ZM
user_12782,1,XOMNO
user_31284,2,AMDCI|BIL|WRBYD
user_13566,1,SQQQ|TWTRA
user_27708,2,CALA|GMLI
user_16440,1,ESSC
user_10459,1,CHKP
user_5772,1,BAM|OIL
user_8632,1,LIND
user_7186,1,GMED
user_5016,2,MSFT|TTDCL
user_13835,1,NIOA
user_4161,2,QNT|TSLAB
user_8486,1,USAC
user_19818,1,WM
user_16256,1,AA|VALE
user_10801,2,BAI|BIL|NFLX
user_32180,1,ISPC
user_21064,3,AGRI|DWAC|MSOS|OFG|RKLBS
user_30384,2,AMOV|AMSWA|OCUL
user_27393,1,CKPTR|NIOFR
user_19580,2,META|SPY
user_6774,1,PYPLD
user_21982,2,BNDX|INND|VALN
user_28616,1,CNK|ZNGA
user_12937,1,SHARE
user_4469,1,ABBVM|UXINC
user_32267,1,GMEDI|NURO
user_5534,1,NANO
user_19415,4,BYDI|DFEN|GNTY|INTU|OPORT|REV
user_27687,1,BRCC
user_17064,3,CDSG|IMCR|MGNII|OR
user_24444,1,UEC|UPWKW
user_27078,1,APPSN
user_22367,1,MOFEB|PM
user_30285,1,GMEDI|PERI
user_27763,1,AMDVE|ROSE
user_16993,1,UST
user_21989,1,ABBVD
user_4007,1,XHBGR
user_25113,2,HTOO|TSM
user_23034,1,MOHOW
user_5526,1,BITO|PGY
user_27486,1,MDBAL|MIGI
user_21937,1,LKE
user_21819,1,XPEVH
user_30828,1,KOTEC|PRE
user_21904,1,ATVIA|SQDAT
user_2463,1,VIEW
user_2065,2,CCI|DVA|ISPC|OPEN
user_23875,1,SYF
user_16953,1,CAST
user_12097,1,PCAR
user_20651,1,PDD|SIOX
user_17510,1,INTCR|LITER
user_14013,1,AZERO|SFIX
user_6487,2,CHRW|SGHC|VZ
user_28638,1,SEAND|VWEWA
user_16316,2,SONO|TXT
user_5975,1,KHS|SINCH
user_5556,1,JAMF
user_12031,1,PTONW|PUBMH
user_3500,1,CWEN|MRTN
user_7677,1,UPSTD
user_7615,1,PUBM|SHIB
user_3271,1,FSTX|H
user_12154,1,ADM|TWTRS
user_16970,1,TNX
user_28550,1,BABA|COSTJ
user_16554,1,COINH
user_15885,2,EBA|ZS
user_18517,1,AXIES
user_23634,1,JNJ
user_29594,1,IINN|NVDAI
user_3442,1,BTCSQ|SYTA
user_20402,2,AMDVE|GMEHT|NVMI|PYPL
user_33097,2,COST|UBI|UBS
user_10291,1,LNR
user_27984,1,SOFIH|TTDMA
user_19233,1,HDTHE
user_13200,3,AMD|BAK|PG|VOW
user_2066,2,PENNW|TNR
user_13229,1,ETD
user_1442,1,RGNX
user_18815,2,LBC|NFLX|ZRX
user_28631,1,WCN
user_5108,2,BA|EMBRA
user_16578,2,BODYN|CULP|NOC
user_21031,2,DOE|META
user_14050,1,ZEN
user_31489,2,FBLIK|NIO|TOR
user_15012,1,URGN
user_13991,2,VWEDN|ZS
user_22879,2,AAPLA|GK|VCOCA
user_25069,1,DAL|FAMI
user_11293,1,AMZA|FOSL
user_33249,3,CATFR|CEG|EVOK|FLIKE|UFPI
user_10491,2,TSM|VWHAT
user_9850,3,AMD|IAC|PG
user_18176,6,AXP|CAD|CHX|DJIFR|FBFOC|IWO|LYB|SJT
user_9998,1,GMEON|SPYBI
user_2345,1,CBOE
user_15154,1,AMDCU
user_17670,1,RPRX|VLOSS
user_12442,1,BABAE|BAHAV
user_21295,1,BAK|CLFAN
user_15139,2,GMS|OXYBO|VFOCU
user_26889,2,CRM|MANU|TBLT
user_29129,1,BRKSO
user_23110,2,ADTN|OPRX|XRPHT
user_28119,1,CHKP
user_18088,1,WMENE
user_31347,1,WMENE
user_27518,1,ATYNO|GETY
user_28971,1,SMFR
user_25835,4,CRIS|EAR|IAS|KSPI|MTP|ONEM|PYPLC
user_30853,2,COSTE|F|SPX
user_26022,1,TROW
user_20532,1,BLI
user_23728,1,RVPH
user_3057,1,DOCNG
user_9002,3,ALBT|INTC|TSLA
user_29632,1,SU
user_11320,1,ABBVC
user_32018,1,AERC|FXI
user_33818,1,JNJRE
user_23208,1,WMS
user_18233,1,AMZNB
user_8176,1,ATLAS
user_28012,1,AVGOT
user_22081,1,ZUO
user_3816,1,DOMO
user_6987,1,LMT|TSME
user_29200,1,FTESL
user_21647,2,RTY|TSCOB|TWTRS
user_28375,2,AAPL|MYNZ
user_3286,1,TNDM
user_21824,1,DOCU|RUX
user_17287,3,AEMD|BA|PG
user_17105,1,IVC|MSFTE
user_28723,1,EXEL|LRC
user_19275,3,HFC|LVMUY|PLTRA|SHV|SQAI
user_15165,1,FBHTT|KO
user_3989,2,COST|HOODT
user_7694,1,AAPLO
user_22807,2,AAPL|SPELL
user_6777,2,AMZN|ROKUO
user_1770,1,DE|IRMAD
user_11887,1,TIME|U
user_28314,1,BRKNE
user_27455,1,MGNII
user_3546,1,HT|UOG
user_34248,2,ETSY|SG
user_12962,2,CRM|DISFR|PRTY
user_18889,3,AQN|CHWY|CLFHT|IRM
user_27814,1,RDFNW
user_32668,1,CTVAD|WAT
user_19862,1,GRAB|QCOMR
user_25281,1,GEO|INCY
user_31784,2,ESS|INO
user_21965,3,F|FBWHA|PYPL|SWIR
user_4599,1,CAAS
user_8380,1,ASIX|SAND
user_18119,2,ASTS|INTC|VCOCA
user_12378,1,PTON
user_10732,1,BRG|MDB
user_1046,1,PRTS
user_4438,1,APPL|BILLI
user_23800,1,CRLBF|CRWD
user_31832,2,EA|SPYTH|XPEV
user_14442,1,ELON|JNJRE
user_8883,2,APPN|BA|REGND
user_12225,4,AUPH|DQ|ENPH|FMCB|PYPL
user_29090,2,FRHC|MDAYT|NIOHT
user_263,2,MNDYM|NIO|URBN
user_11062,1,BPOP|JOBYH
user_22873,1,PCTC|RSSS
user_27252,2,AAPL|DMYQ|TLRY
user_8427,1,GDS|MTUM
user_21502,1,ATUS
user_15531,1,PTE
user_30076,1,GNUS
user_21608,1,SPYPL
user_22117,1,AMDTH|TER
user_8215,1,MARA
user_18554,2,AMZN|CDLX|LVS
user_20080,1,PHM
user_21221,1,IIPRR|OMI
user_27769,1,JPY|WF
user_31128,2,EPSIL|VZ
user_27040,1,NFLXA
user_1014,1,ANC
user_31578,1,GBX
user_26000,3,AMZN|AMZNQ|MSFT|VSCO
user_28658,1,BBIO|WLL
user_1114,2,LUNC|TMO|TWTRI|VUG
user_14127,2,FRHC|LMNDD|STRR
user_8997,3,ADI|PATH|PYPL|TSMAU
user_10387,1,APPN|HRL
user_14380,1,BSW|LOOKS
user_18503,1,APVO|PEBO
user_22436,1,METAN|SYNA
user_4598,1,VZMAR
user_32887,1,BIL|IKEA
user_18194,1,ATY
user_29773,1,GVSI|SST
user_5557,1,FBINS|HYG
user_13553,1,PZN|VDADX
user_32524,1,CTRA
user_26437,1,RBLXB|SPX
user_11100,1,CISO|NEGGI
user_245,1,PINSU
user_18976,1,KMX
user_7554,2,AXNX|INTC
user_2887,3,MVRS|RGEN|ZSLET
user_30821,1,RPRXB|SGMA
user_28850,2,GNENF|MSFT|PARA
user_15867,1,RIVNS
user_25338,1,AKZOY|RSKD
user_17451,1,ACNDA|COINY
user_20470,6,COHU|CTV|EGLXO|HCCI|PG|PINS|QNTJU|REXR|SKYH|STX
user_32639,1,BAND
user_11478,1,AAPLK|GDS
user_2657,1,MAFAC|PAAS
user_31184,1,AKRO|JNK
user_10054,2,DISTH|ENPH|ZION
user_7713,1,CNC|DISFI
user_19760,1,LVSTH
user_5335,3,GT|IDT|MEDP|NIM|OVR
user_29485,1,PBR
user_5107,3,BAHUG|DNA|HAFC|KO|SHOO
user_26245,1,CWEN
user_21700,1,OIL
user_1154,1,FRBK
user_31139,1,CMA|DISDR
user_21968,1,AMZNW
user_12506,1,MGNIO|XON
user_1274,1,DAR|IIPR
user_21614,1,GMMOR|HSDT
user_21795,1,BIG
user_4283,2,C|CASA|MGA|OMC
user_3025,1,NXRP
user_216,1,AMZNL|FBHS
user_11121,2,TERHT|UHOPE
user_27871,1,ESCA
user_23312,2,CRM|NKERB
user_9390,4,AMLX|BB|IIVI|SONY|VZ
user_25773,2,IJH|ZS
user_2185,3,BAS|GOOG|VZ
user_33315,2,AMZN|CNM|OLN
user_4450,1,UUP|XPO
user_19855,2,ATD|BA
user_21262,1,BNSO|NEWR
user_18199,1,CVNAF|MUDAV
user_4829,1,APPSH|PLYPL
user_10954,2,AMDTH|SGAM
user_20439,1,ZSAN
user_27951,1,NTLA
user_22884,2,TSLAB|VZ
user_30355,1,BAALL|RGS
user_24533,3,CWEB|ZPAY
user_31253,1,BENE
user_24091,1,FBTOT|LMTWE
user_12328,3,ALLYB|CUBI|NBR|PPC
user_13398,2,AMP|COST
user_30834,1,SEDG
user_5995,2,INTC|MRVLP|PUBMA
user_28766,1,TROW
user_4492,1,CTRA
user_33522,2,BTCDI|FUL|SENS
user_28682,1,ACCO|WFCBO
user_22837,1,CCXI
user_4930,1,AMZNW|RVSN
user_802,1,RYANH
user_23387,1,DOBO|RSSS
user_27836,2,AMDAP|AMZN|GILD
user_17541,1,VTWO
user_8018,3,AMDWE|ARKG|CRVS|NVAX
user_2925,2,FOOD|TOMB|VLNS
user_9000,1,PKKFF
user_5604,4,CGCHT|CSTM|FIVN|QQQSH|RENN|UFI
user_9958,2,CGCO|NOC|VCOCA
user_11077,1,AMC|YUM
user_26601,1,F|GFSCH
user_20558,1,DOCNA|STORM
user_4285,6,AMPG|ASLN|DGWHA|MRI|MUGRO|QCOM|RIO|RMED|TRRXF
user_14646,2,META|RBAC
user_8106,2,AAL|TSM
user_6786,1,BON
user_15194,1,TSLAT
user_7901,1,LRCXF|UVV
user_19728,1,BABAW|SPIRI
user_14538,2,INTC|NCTY
user_33925,1,AMCRE
user_3955,2,DIS|SLABW
user_32802,1,BAC|DCFC
user_26120,1,FR|YETIF
user_24644,2,DISH|PYPL
user_21414,1,ATXI|TSCOB
user_27489,1,FFH
user_26765,1,MAXN
user_1939,1,NEAR
user_15866,1,SPYBU
user_4256,1,NIO|SPXU
user_22627,1,KNEBV
user_28997,5,AMT|ASTSM|ENPHG|KO|USAP
user_17645,1,CRMD
user_1713,1,GTLBW
user_28944,1,ESTY
user_9646,1,XCUR
user_6773,2,COST|ZSANA
user_30951,2,NOWTH|PTRA|VISHA
user_10847,1,FBULL
user_21693,1,EPAM|RERE
user_14762,1,FRHC
user_24096,1,COLD|COSTA
user_6538,2,EGHT|MPWR|POET|SVM
user_14476,2,DINO|FBWHA|LVMH
user_7336,1,ANCTF
user_19889,3,AMZN|BASE|KBH|LIBER|MRKFR|TOR
user_17647,1,PFEFR|SPYBO
user_29825,1,ARRK
user_10893,1,STOR|TLTNE
user_2588,1,RDSA|VOO
user_15206,1,RIVN|TRUP
user_7770,1,EEM
user_14789,1,ABBVF
user_24612,1,NEWR
user_2413,1,BBIGC
user_28070,1,MRIN
user_8187,1,MGNIO
user_9513,1,ATYI|RDSA
user_1701,2,GEBRF|GES|NIO
user_21556,1,GIS|SFIX
user_12349,1,QSGRE
user_6227,1,ATAI
user_8213,1,MPWAL
user_10250,2,ABCB|FQ
user_7834,1,PAVM|RVNA
user_20036,1,DISIF|DTST
user_13958,1,INTCH|TTDMA
user_25142,1,ENZC
user_12500,5,BMY|EXPI|LI|RBLXL|SEBUY|SNDX|TLSAR|WWATC
user_8535,1,SKLZ|VRTXO
user_13231,1,APDN
user_31589,1,JASMY
user_34299,1,LEN|NXST
user_31340,1,MQTHI
user_4375,1,BFRI|ZMBEA
user_15177,1,AAON
user_5826,1,CARG
user_11067,1,UONE
user_27519,1,UMG
user_12592,1,CCWF|TR
user_25912,1,HALWE|LMNDT
user_19018,1,POET|SIBY
user_33759,1,DOOR|UVIA
user_3915,2,CRM|ENJY
user_6162,2,BSX|CSCOA
user_22219,3,GDDY|INMD|WNS
user_17931,1,SPYNA|VSAT
user_16215,1,CSVTI|MSFTA
user_12766,2,AMZN|SHIP
user_7305,1,MDIA
user_20017,1,REXR|TTOO
user_12758,2,FCFS|IZRL
user_8129,4,CMRX|DHR|KO|PG|RDDT|ROL
user_17075,1,AMDHO
user_3009,1,MCDGA
user_21066,1,UVV
user_17875,1,ARKKR
user_14825,1,GOOGH
user_6909,1,RDS
user_30562,4,AMZN|CHGG|DOCNC|FDX|HTR|TWTR
user_15675,2,F|LIND|WYNNW
user_2842,2,AFRMT|CAR|OR
user_2924,1,MZN
user_10433,1,GGG
user_25311,1,TCON
user_28449,2,AAPL|GDDY
user_6171,1,RIVNS
user_29804,2,ABNBM|BKX|CLVT|RIVNA
user_12832,1,MRVLP|TGTTE
user_33681,4,ABBVU|ALGN|ENPH|SKWS|SON|TGL|VW
user_26341,3,DRI|OHICO|TMO|XLP
user_29640,3,AAPLJ|MRVLP|RCAT|VUG
user_3095,3,AFL|TQQQ|VBUYS|VZRET
user_14344,1,AUST|NETA
user_2067,1,WWE
user_16722,1,LTNC
user_31702,2,MSFT|STRN|VTR
user_5619,1,BMYHI|TSLA
user_27386,3,ABM|BBI|LMFA|VEA
user_33287,2,INTC|LLYSH|SIOTH
user_14687,1,ANET
user_16814,1,BEAM
user_29015,1,CELHT|UEVS
user_26468,2,ASML|IRNT|SPYNE
user_33031,1,FRC|PAYC
user_21418,1,LEG|NIOIS
user_30573,1,TRADI
user_6941,1,WE
user_18310,2,JPMNO|TSLA
user_20214,2,BITF|LMNDD|STORF
user_27636,1,NXGN|XPR
user_32129,2,ALBT|AMDBU|FSUGY|SEDG
user_9967,1,AZN|NFLXO
user_2210,1,RVIN|TSM
user_32595,1,VWEWA
user_30652,1,WEBR
user_13905,1,BETZ
user_18221,1,AMX|ATYCA
user_33720,1,AXPHT
user_26467,1,MELIM
user_32925,2,INTC|VIR|XOM
user_31465,2,COST|DRI|MAGT
user_27771,1,FBTOT|INDI
user_26080,1,DLR|GMS
user_17235,1,VTWO
user_10572,1,NNOXH
user_11349,1,TPR
user_5722,1,BVAXF
user_7060,1,PYPLS|SCTY
user_660,1,TSEM
user_18363,1,OTTR|VLO
user_30677,1,GGG
user_7787,1,BTCNE
user_6778,1,NETA|NVDAB
user_115,1,SAVAB
user_13448,1,FRPT|SHOPC
user_23479,2,CSCO|CUBE|RBLXL
user_10068,1,CAAS|LGF
user_29303,1,QQQYO
user_23122,3,AIV|EPD|PG|TSLA
user_6052,2,F|MTCH|ZSHTT
user_22767,1,TOL
user_23030,2,BA|STEP|XOP
user_18759,1,ETWO|MVRSA
user_17839,1,LAD
user_30721,1,MST
user_6317,1,CELHE
user_22257,1,ENB|MCK
user_25266,1,ATHM|RICK
user_32053,2,COSTB|DIS|LCIDC
user_2382,1,FEG
user_22548,2,MUDAV|XPEVH
user_15014,1,NOK|WAVE
user_24509,1,BBBYH|CAAS
user_15657,1,ACI
user_20513,2,AAPL|SQBEA|TDG
user_31265,1,FSUGY|NSRGY
user_30550,2,ETHE|SAVG|SOFIB|TSLE
user_5503,1,LFG
user_16723,1,ELY|JAZZ
user_31538,1,NAVI
user_29976,1,PRTS
user_26459,1,HMBLI|NDSN
user_22504,3,AMDBU|BSW|DIS|FBTOP
user_16703,2,MTUM|PG|VGID
user_9385,1,FMC|SWKS
user_4040,1,DWAC|HOLES
user_16702,1,RVNA
user_17483,1,UOG
user_17248,1,AWR|NCTY
user_19125,1,FBREM|WBAST
user_32931,1,IT
user_28650,1,PYPLN|SIX
user_28207,1,SPHB|VIAC
user_5169,1,RIOTW|WING
user_13173,1,ITW
user_15518,1,ARK|BBIH
user_29389,1,MPC|VRTX
user_18311,2,DIS|RIVNC|WISHL
user_4856,5,ANTM|ATVI|CCLWA|DEMOD|MGNII|NYT|OTLY|SHPH|TSCOR
user_30095,1,CBOE
user_31065,2,KO|PINS|PLAN
user_30829,1,CP
user_8207,1,XLIGR
user_23377,1,TTCF
user_21444,1,AUTL|MDBAL
user_28564,1,UUUU
user_9418,1,LMT|SAND
user_1627,1,IR
user_26926,2,BA|NADA
user_20048,2,BX|EWZ
user_11129,1,AA|SPYSE
user_9069,1,CS|PCTC
user_26365,1,AI
user_28456,1,STORG
user_15009,1,FBINS
user_8474,1,DTSLA
user_31690,2,DISCK|GFSCH
user_19783,3,GRAV|TSM|WCLD
user_33011,1,DISFR
user_30979,2,BAESY|CRUS|VFINT
user_14130,3,CRWDG|SQAI|UWHAT|ZTS
user_15004,1,LMNDS
user_31687,1,AWR|VRX
user_25774,1,SPX
user_29816,2,ITCI|NOC
user_31681,2,AGR|MCDCO|NOC
user_32128,1,AMDNO
user_18845,1,MGNIO|POET
user_8773,2,IMPXH|PYPL
user_27735,1,FCEL|JNJ
user_20297,1,SNOW
user_31586,1,SP|ZMGAN
user_32578,1,SPY
user_2260,1,IDT
user_24868,2,BRKA|COST|MUGRO
user_25815,1,SU
user_27767,1,HPE
user_18789,2,FRBA|UDMY|XLI
user_16640,1,PKG
user_29939,2,HCDI|LIN|TESLA
user_11818,1,ATVIA
user_1551,1,FC|MCDGA
user_24653,2,DISFO|TXTM
user_5606,1,HAS
user_12702,1,SYN
user_8223,1,NVDAN|THMO
user_14531,1,VUG
user_13868,1,AAPLC|GRAB
user_31670,1,PTONY
user_7698,1,PINSU|VERT
user_9055,1,NILE|TTDSO
user_18866,4,AMZN|BX|SPRT
user_24145,2,SPYBI|VMW
user_26768,2,AMZNO|SON
user_13787,1,ATD|STILT
user_17680,2,AMD|ETWO
user_20598,2,SNOA|USFD
user_30179,2,ATGE|F|VTI
user_15869,1,VB
user_6618,3,CRWDW|LNG|MICS
user_27382,1,ADC|IMBI
user_34113,1,LFUS
user_13622,1,SHOPF
user_24640,1,FOSL|MP
user_9832,1,CBSTR|HDWHA
user_7147,1,CHTR|NKEB
user_11884,1,NICE
user_17274,1,GME|NWS
user_8815,2,AAPL|CBRE|KTTA
user_26191,1,XRPHT
user_16098,2,BULL|GVSI|PYPL
user_3262,1,AIRS|VLNS
user_13764,2,VREIT|XPEV
user_18058,1,AERC|ZMDTF
user_9085,1,KCAL|ROG
user_33454,1,FBLET
user_26449,1,LTHM|SHOPD
user_69,2,KO|UPWKT
user_16574,1,VFI
user_9494,1,MOS|VRTS
user_74,1,CCI|CDTX
user_28363,1,NXRP
user_15028,1,FSM|WAVE
user_8874,1,FMC
user_26322,1,LOVEL|UVXY
user_21060,1,ROKUG
user_14752,1,FOOD|NOCWE
user_22773,1,BKR
user_18972,1,FTDR|MPSOL
user_21329,2,MEX|PYPL|RWTR
user_21690,1,AMDFU
user_5322,1,DBGI
user_9095,2,PYPL|PYPLS|STIP
user_18104,1,AAPD|QCOMA
user_26650,1,CZR|TSLAD
user_22101,2,NEP|XPEV
user_9995,3,ENPH|NIO|OFG
user_29238,2,BA|COMB|SOLHT
user_12804,1,AAPLO
user_5003,2,NFLX|ZSCHA
user_9544,1,USFD
user_238,3,ESSC|INTC|UDR|ZS
user_7891,1,CRXT
user_14036,1,MVRD|NCNO
user_24022,2,CURI|FNMA|GOOG
user_13548,1,NASDA
user_20590,1,FBJUS|QQQNA
user_8891,1,PSEC
user_11709,1,LYFT|ZIL
user_16737,2,FLOKI|NETCL|VZ
user_4866,1,TGT
user_10382,2,F|MDLZC|ZMDTF
user_24117,2,DPRO|INTL|META
user_22635,1,BAESY|CRNCB
user_604,1,ARE
user_373,1,GEWED|SOUN
user_22284,1,BKNGH|PSTH
user_15392,1,CRMI
user_3772,3,AAPLH|BAK|NBR
user_22450,2,COSTE|RVPH|SYA
user_29000,3,CMGMC|MUSA|NIO
user_24492,1,BF|INSG
user_26879,2,TTDEV|ZS
user_22614,2,BACMO|PLTRE|RKLBS
user_33441,1,VRTX
user_14846,1,CHR|MSI
user_15794,1,TXT
user_15185,1,FBLET
user_31446,1,KXA|QCOMR
user_9225,2,DG|TNR|WGOTH|ZNGA
user_17723,1,BKNGH|IGEX
user_5362,1,UNH
user_6398,2,DIS|HUSA|REALM
user_15509,1,BBY|IDT
user_25777,2,GSG|NLST|SKX
user_4864,1,LOOKS|NN
user_23127,2,NNI|QQQ|RNDR
user_3380,2,DASH|MULN|SCVL
user_3901,3,BA|BMO|BTCNE|PDD
user_16318,1,PARA
user_7844,2,AMZNW|FOCS|TIGR
user_6142,5,DASH|DIS|EGLX|LMTWE|MNGHT|OPORT|SPWR
user_30880,1,LNN|NUOTH
user_253,2,CSCOI|KO
user_4516,1,CCIV|NEXT
user_30402,1,SKIN
user_27858,1,SMH
user_7057,1,CPG|UBER
user_30641,1,QQQBU
user_5156,2,BILLV|FXF|MP|NEEFO
user_6318,1,FTNTO
user_16823,1,EVONO|POWR
user_15016,2,SYY|TWITH|WEBRW
user_26330,1,FBEVE|IWO
user_26473,1,ROG
user_14302,1,PYPL
user_14971,1,FBETH|INTCF
user_20367,3,COST|HYZN|KO|SAVG
user_21563,1,AMZNS
user_10782,1,CRIS|MODIV
user_32346,1,SWIR|VVERI
user_10660,1,AMTWH
user_7883,3,NIO|SBUXW|TSCO|TSM
user_24990,1,ABBVD|CPRIT
user_21577,1,ARRK|MTUM
user_11103,2,BAOS|HA|LVMHS|TWNK
user_14903,2,LMNDW|TLT|UTK|WBD
user_17139,1,TPB
user_3788,1,CWEB|GLXY
user_20435,1,ZCX
user_8079,1,FTNTO
user_30586,1,LNR
user_10489,1,TDOCH
user_17322,1,TTOO
user_848,1,DKNGH
user_25788,2,DEO|NA|NIO
user_23241,1,TSEM|VYGR
user_735,1,BCTX|BITOI
user_19848,2,NVDAI|RUSHA
user_11696,1,KRL|NASA
user_15232,2,ASAN|BTCNE|CI
user_13753,1,HIPO
user_15625,1,FBWHA|RNG
user_20995,2,AAPLE|FBZOO
user_20721,1,COSTA
user_33751,1,LCI
user_8410,1,IDXX
user_31487,1,MOWHA
user_24486,1,RYT|ZIDAT
user_5615,2,AMZN|BAND|TSLAB
user_22336,1,AVXL|MKLBO
user_23751,1,TARO
user_26442,1,GMQ|ZWATC
user_9179,3,BA|FUBO|SHOPD
user_14423,2,BA|NVAX
user_415,2,CHRW|NOC
user_22288,2,GOOG|TLRY
user_18556,2,ARVL|NFLX|VZ
user_537,1,TRUP|U
user_26279,1,ANF
user_20642,4,AAPLT|DLNG|EXPI|GGPIH|PRNT|QQQVI|SKLZ
user_16199,1,FXF|ORETA
user_21818,1,ONCT
user_30909,1,SAM
user_20983,1,CEEK|ILAG
user_5666,1,HON|OTTR
user_20388,1,ATVIP|BTCPA
user_24518,1,QQQTR|VZ
user_15771,1,DGII|HOODM
user_21426,1,EAR
user_17244,1,BASE|IIPR
user_13233,1,FBLAM
user_33170,1,VFC
user_9344,1,GWH|MRKFR
user_31087,2,GDRX|PG
user_21743,1,DEMOD|DLR
user_8912,1,CVET
user_26220,1,MMMAP|TRRXF
user_17047,1,SWIM
user_326,1,KIND
user_19496,1,ABMD|V
user_10157,1,ABT|KONOV
user_22058,1,WJEFF
user_34085,1,ANDE|LFUS
user_25349,1,GMEHT
user_4083,3,JPMD|LCIF|NVDIA|PBRSO
user_32434,1,TTDSO
user_33692,1,QQW
user_28715,1,ET|PZN
user_14452,2,AFRMD|AMZN
user_6203,1,OXY|XOMHT
user_32335,1,HTZ|UPS
user_7880,1,FLWS|SLV
user_25678,1,AUTL
user_20010,1,ALPP|ZDROP
user_18867,1,FUTU|NUEDG
user_14121,2,DIS|KDA
user_10122,1,ACHC|KONE
user_27066,1,AMZNV
user_14973,1,FHM|RIBT
user_3869,1,INTCS|MSFTD
user_301,3,ARES|NFLX|PG|PLTRC
user_24542,1,GEF|XOMBU
user_24054,1,NVIV|TDOCA
user_21987,1,BNDX|HOLE
user_2437,1,ZSREV
user_26308,2,OAS|TSLA|WMTDI
user_12609,1,AVY
user_25401,1,FRC|PSTH
user_13601,1,YNDX
user_1281,1,ABNBO|UVIA
user_30148,2,ALICE|DKNGZ|ZS
user_14942,1,AMDRE|FBBIT
user_6157,1,TJX
user_3492,1,BABYT
user_28147,1,SBSW
user_26616,1,IRM|RDDT
user_598,1,CVX|PRNT
user_21303,1,DISFO
user_3638,1,DCRC|FRPHC
user_16865,3,AFRMI|NKLAQ|VXXJU
user_25721,3,ADP|COINH|EXPI|HYG|RYM
user_5010,1,FAMIF
user_6993,1,APPLE|BWV
user_25295,2,BIG|COUP
user_30700,3,AMD|CRM|PT|VZREI
user_5836,2,FTDR|HTZZP|KO
user_2198,1,AMPS
user_22373,1,DISCO
user_25199,1,GNTY
user_10961,1,LSI
user_2450,1,WEBL
user_32487,1,AMDVE|LIB
user_34148,1,PRVA
user_5186,1,UNP
user_27676,1,ALICE|BL
user_25326,1,HALWE|TLT
user_12806,1,VSAT
user_33659,1,VRTX
user_19984,1,FFIV
user_1835,1,AMZNG
user_7702,1,AMDVI
user_17422,1,POLA
user_11262,2,NOC|TWOU
user_21505,1,RACE
user_31185,1,KTTA
user_29903,1,GETY
user_21746,2,BKKT|PD|PYPL
user_14734,2,NFLX|SSNAP
user_4550,1,CHNG
user_13535,1,BG
user_19546,1,CMGMC|SIBY
user_33550,2,GPC|SITE|SPXWI
user_11141,1,RENN
user_33053,1,MS
user_8377,2,BBBYH|DNFLX|GPN
user_22733,1,QQQTH|ULTA
user_25927,1,ACMR|TERHT
user_33290,1,FBH|HDCHI
user_3994,1,HUSAL|NNI
user_18704,1,CMA|IYT
user_14352,1,CRSR
user_4318,2,AMZN|NIOGO
user_32953,1,MSFTD|SGFY
user_8826,1,EW|MTD
user_13754,2,BA|SFOR
user_10544,1,SWK|USNA
user_16174,1,EXPI
user_12813,2,AMZN|GMSOL|NFLXO
user_27465,2,SNAPS|TSM
user_5351,1,NIOWE|WSM
user_58,1,MKC
user_4817,1,MSCI|XOMHE
user_21878,1,ENBFO|VNTH
user_26496,1,AMDWE|TCEHY
user_2769,1,AMDSH|RNDR
user_4362,2,ENPH|OHICO|ZIDEF
user_26483,1,ASTSM
user_15583,1,METAS|WISHW
user_25612,1,HOODI|METAF
user_25058,1,PINSB
user_30231,1,PANW|SEMER
user_26144,1,MTTR|SPYLO
user_955,1,TSLAY
user_19492,1,ABNBO
user_16808,1,WMTDI
user_2190,5,DAG|EGLD|ENBAN|SOLPL|SSEMI|TSLAA|VXN|VZREI
user_13549,6,AMPS|BITF|CGCHT|FI|GRUB|JKS|SEMR|TSM
user_13713,2,AMZN|DRTS
user_8362,2,IPGP|MDBAL|PKI|VMC
user_30015,1,ORPH
user_20459,1,BBIO|NIOBU
user_8365,3,IMPP|INCY|JBLU|PSTH|RSSS|TASK
user_1070,2,XOMDI|XPEV
user_6590,3,AKLIH|NEP|NFLX|XPENG
user_34270,1,CCCX|DRUG
user_12945,3,AMD|DIS|GNTY
user_9270,2,TSM|TZOO
user_12511,2,AMDRE|DIS|STZ
user_21806,2,CGCO|GLBE|SFINT|SIOX
user_13598,1,IEX
user_5618,1,ONB|VZRET
user_5934,1,CWEN|DEMOD
user_19157,2,DIS|MSFTN|XBI
user_3424,2,DISWO|FSTX|XLRE
user_24020,1,BULL|XOMHE
user_20045,1,BAP|INVE
user_6354,2,AWK|EPAZ
user_23619,1,ABBVD
user_11618,1,GLJ
user_1987,1,ILV|SMAR
user_17282,1,MMC|SQSNA
user_32632,1,SCHV|VFI
user_20303,1,UHAL
user_16615,1,NXM
user_16145,3,AMD|COSTE|CRM|RAD
user_30902,1,AMDLE|LIGMA
user_23032,1,OPRA|ROKUH
user_25340,1,LPTX
user_14332,1,MDVL|PLDHT
user_13176,1,ACON|LCID
user_9696,1,AVBTH
user_15881,1,CARV|ENSC
user_15542,2,META|RTX|YM
user_3462,1,BEE
user_21949,1,RBLXE|SEDG
user_1655,1,RBLXA
user_2397,1,KDNY|UPSWE
user_13877,2,AOSL|BA|USWS
user_28627,1,ADDYY
user_18252,1,BK|LEV
user_31019,1,JO
user_29448,2,CDSG|CLPT|EXLS
user_2823,1,CALLS
user_27712,1,MPSOL|RBLXB
user_28315,1,DLO
user_8598,1,VISM
user_21226,2,SBUXI|YEXT
user_12232,1,SBSW|USBSO
user_31735,1,OCLG
user_12448,3,AOSL|CRTX|CVXBA|NIOHA
user_12163,2,GGII|QRVO
user_12503,1,BP
user_28993,2,BPOP|META
user_941,1,WBER
user_15497,3,MAR|MMMAP|MVRSA|TROWW
user_25350,4,AAPL|GRWG|MARK|NIOFR|PLUG|ROKUA
user_26164,1,WILD
user_13054,1,DISIF|MANU
user_10512,1,APVO
user_1159,1,EPAZ|PYPLC
user_23935,3,ALLG|CNICH|KR|NA|SAVA
user_29214,2,FBZOO|GEO|WILD
user_1618,1,FBYOU
user_20365,1,VTV
user_327,2,AMATW|CCS|ETD|GOOGS
user_19388,2,MTUM|ZS
user_31226,2,CNC|PG|TROW
user_9865,1,GEVO|ISRG
user_27325,2,ABR|AMZN|AMZNL
user_3331,1,AMDST|GEVO
user_3653,1,SQ
user_9972,1,YOU
user_12255,2,COTI|ENPH
user_9064,1,GT|LOW
user_936,2,BA|EJH
user_9054,1,MCD|REGND
user_7372,1,KLAC
user_15066,1,TWTRH|USBSO
user_18026,1,EDMAT|LGVN
user_20211,1,GRIM|STHE
user_7515,1,ARKKS|BBI
user_500,2,CF|NIO|SOLHT
user_2028,3,META|NEE|SEV|XBI
user_32506,1,AMKR
user_17897,1,HOODM|TAP
user_3288,1,CCMP|FBDAI
user_15777,1,BP
user_28546,1,XLIGR
user_11681,1,UUUU
user_10819,1,ARES
user_4011,1,BMBL
user_6910,5,ABBVC|ABBVU|BOA|HYPRO|INTUO|MPSOL|XLIGR
user_24900,1,DTST
user_33276,1,DOCUF|JNJTO
user_18114,1,UPWK
user_7860,1,MATLO
user_21676,2,KRSOL|NIO
user_12723,3,BESIY|KO|PG|POLA
user_17697,1,HPE|MOS
user_27444,2,LANC|TSM
user_4064,1,ARCCA
user_28182,1,AOS
user_9333,1,FBFOC
user_4055,1,NIOFR
user_5752,1,CNSWF
user_18047,2,PGR|RVSN|SNTI
user_10166,2,MRNA|ROKUH|VZ
user_4998,1,OTTR|PDD
user_21944,1,GSK|SPYYO
user_11329,1,CATLO|PLYPL
user_18090,1,NKLA
user_3094,1,L|OI
user_27500,1,TSLAP
user_13141,1,EB|FIVN
user_26976,1,ESCA
user_28985,1,PLDHT
user_5774,3,DIS|ENPH|HEINY
user_21042,2,ENPH|GOOGG
user_9354,1,LYFTC|WEBR
user_9098,1,ESTC
user_21161,1,AMZNI
user_11826,1,ESSC|MRIN
user_27706,2,CVXI|INTC
user_5776,1,MARVI
user_15068,1,FBYOU|MOMO
user_24536,4,DIS|DORM|RRGB|SAFE|TLSA
user_11210,1,SYR
user_29777,1,ARKKR|BBY
user_28007,2,KO|WMT
user_7493,2,QQQ|XPEV
user_23578,1,HTZZP|SAVAA
user_20008,2,META|STAGC|TLRY
user_31093,1,NOK
user_3863,1,JMIA|VWHAT
user_27998,1,AAPLC
user_1981,1,GRIM
user_10116,1,HMBLI|PLTZ
user_32663,3,AXU|DNA|TSATM|VZ
user_31747,1,KRNT
user_10023,1,LLL|RUX
user_22749,1,ZSANA
user_4973,1,JNJDO|SOSHT
user_18550,1,RF|XLP
user_23876,1,COSTC|XOMRE
user_9987,1,GBTC
user_9189,2,DISTH|GGII|LCID|LLYSH
user_31570,2,BIDUE|DIS
user_12428,1,TALI|YELP
user_32122,1,TSLAN
user_6026,1,AD|ENTG
user_26014,2,NFLXO|QQQVI|STM
user_27146,1,AMZNO|AVGOF
user_14335,2,AUST|MERC|TROWA
user_26183,2,ASIX|GINUX|L
user_3486,1,CELZ|PANWB
user_29536,1,HSBC|WEAT
user_11694,1,BAMSO
user_21132,1,SMIC
user_14273,2,CRM|DOGEZ
user_601,1,CNBS|RIVIA
user_11126,1,SGAM
user_391,1,FCX|MMMGE
user_28384,1,SLAB|SWPPX
user_5182,4,AMDVI|ASIX|BROS|HUM|PEPRE
user_32166,2,TSM|ULONG
user_12265,2,ENPH|LUMN|TLA
user_31013,1,PRVA|SPPI
user_23504,1,VNOBL
user_4459,1,AI
user_20085,1,AMZA|KHS
user_2105,1,TMDX
user_33478,1,XLF
user_13864,2,AMD|MGA|PYPLS
user_9027,1,NOWTH|ZMDTF
user_24445,1,NLST
user_6126,1,AMDVE|GSG
user_28516,1,IGEX|KRTX
user_26683,1,NEAR
user_19829,2,COST|NETSO|SPYNE
user_27220,1,ANY|GRIM
user_25284,1,HTZ|UBERT
user_6865,1,EXOD|GFAI
user_6631,2,KODK|MMAT|ROKUU|XOMHE
user_5061,1,FVRRO
user_14970,2,DNA|DVA|ZIMAY
user_20805,2,AMDWE|BA|QFOR
user_7606,1,ONEM
user_17947,1,LC
user_27075,1,ABR|MMC
user_20260,1,SCHL|ZPAY
user_402,1,NLSN
user_17328,2,NOC|RAIL
user_34164,1,AERC
user_30292,2,EEM|GENFL|TBK
user_389,1,BTCNE
user_26550,1,ZSHED
user_5920,1,ENZC|SOL
user_16862,2,CRWDD|NIOCL|XPEV
user_5059,1,TTDEV
user_15183,1,YY
user_6548,1,LUV
user_571,1,ENPHC|ETHIN
user_7827,1,JJC|SCL
user_14051,1,APP
user_26928,1,ESTY
user_28344,1,DGRO|NIOWH
user_697,1,DISFO|GOOGT
user_4956,2,ALLYB|SITM|SPYIF
user_11481,2,INTC|OSTK
user_24896,1,CKS|KOAUG
user_29914,2,AKAM|GOOG|NVMI
user_21506,1,ADSKG|UVIA
user_22116,1,CL|GBX
user_33504,1,HIBB|ZSWHA
user_10209,2,BAI|PFEFR|UOG|URBN
user_29917,1,FBMEA|MOTEC
user_14288,2,CRWDG|I|MTB
user_9382,2,AMD|KDP|VYGR
user_32485,2,LSK|PBRSO|TIGR
user_30283,2,MSFT|ROIUC
user_21453,3,HUTME|SHOPR|SPYRE
user_32546,1,CINF|UTHR
user_24648,1,FHTX|WWATC
user_25076,1,DKNGC|MAN
user_354,1,CARR|FBYOU
user_1192,1,SARK
user_28739,1,PIII
user_5388,1,UUP
user_16435,1,FIVE|ROKUU
user_25265,2,AAPLS|ENPH|ZI
user_31960,1,STORB
user_10354,1,LWLGE
user_24171,2,CAH|CRM|VIXFO
user_15378,1,TOI
user_14224,1,DKNG|SFINT
user_31858,1,ARMK|FBREB
user_20976,4,HTZZ|INTC|NXTP|STORD|TSMHT|USAP
user_10428,1,BESOF|GPN
user_5258,1,BILLV|NLS
user_28256,3,AMX|CE|LOGI|NFLXE
user_11615,1,OLED
user_2062,1,TSLAS
user_29676,1,NIOTH|VTRS
user_25602,1,AMPS
user_2811,1,AAPLG|ONOV
user_5163,1,INTCT|LCIDW
user_13506,2,ABNBB|DPZEN|LYXE
user_15981,2,ABCL|INTC|O
user_7906,1,JAMF
user_17289,1,BNGO|WMTDI
user_22055,1,ENR
user_13551,2,ENPH|SNAP
user_16406,1,HBAR|SBSW
user_13763,1,DUOL
user_32927,1,AMDNO|VFIAX
user_12984,2,COST|FBINS|RBLX
user_622,1,ADYEN|HUBS
user_21333,3,ARE|BLI|WMTCO
user_6160,2,DEDEC|KO|RACEH
user_18463,1,CWEN|SUI
user_18826,4,CMG|GMESU|GOOG|IIVI|SAVAA
user_31998,2,BBLN|MVVYF|RDDT
user_18222,1,BPH|SASR
user_19702,1,SNOWI
user_5022,1,DTSLA
user_5180,2,BX|KHS|TLRY
user_2404,1,CMPS|IMBI
user_26433,1,PGJ
user_31983,1,EXEL
user_32661,1,CRMDE
user_4426,1,APPN
user_15639,2,BA|BITO|RGNX
user_28371,2,AMD|HNST
user_29520,3,BK|MRVI|SCTY|UVXYT
user_9067,1,FBDOU|FBPAS
user_12302,2,DENN|F|RSP
user_19763,1,CRNCB|ICE
user_28611,1,BEN
user_9111,1,IWMBU|MSFTG
user_13052,1,SIX
user_31813,1,AAPL
user_8675,1,HD|UONE
user_30139,1,PTOND
user_19823,2,KRX|TSMPE|UNA
user_28605,1,BITF|DOW
user_28027,2,IGEX|STAGR
user_23702,5,COSTI|ENBFO|FERG|HDWHA|HOLE|NXST|OHICO|UA|WES
user_2742,1,FTMSA|KRL
user_13303,1,BABYT
user_7083,1,RCAT|VTG
user_23892,2,DIDI|NUCON|WIX
user_25832,1,LIND
user_18460,5,ABCB|BX|PG|PLAN|TSM|TWTRT
user_27886,1,JMIA
user_12802,3,FBINN|HOLE|SITE|VFOCU
user_32994,2,AMDCU|CRMD|IAS
user_3101,1,BBAI|COHU
user_8777,1,OMI|SWMA
user_7645,1,BRCC|SWX
user_31310,2,DIS|LGF|SCHD
user_9936,2,BYM|EDMAT|INMDF
user_3751,1,CDLX|KLEE
user_16562,1,PYPLL
user_30748,1,NFLXL
user_25575,2,BP|ICL|URBN
user_24741,1,EB|SCVL
user_1938,2,MARS|MIGI|VZ
user_13761,1,DAVE
user_10332,1,BPH
user_13074,1,ATVIP|FANTO
user_27079,1,IVA|WSC
user_19107,1,CCLES|VUG
user_18992,2,AMD|TWNK
user_13640,1,NFX|PLAY
user_8888,1,BUZZ|LTCHT
user_18604,2,APPSV|BX|WEAR
user_3143,2,IOTA|NOC
user_761,1,ASH|BABAC
user_16268,1,BASE
user_15609,1,NVS
user_14326,1,CRO
user_15124,2,PRPL|VREIT
user_12589,2,CHD|PYPL
user_22735,1,SAND
user_5198,1,FBINS
user_15708,1,PINST
user_12441,1,UAVS
user_30193,3,AMD|HALO|HSCS|PG
user_24890,1,WJEFF
user_31463,1,SG
user_20912,2,ALT|ONTO|UVV
user_26038,1,COTY
user_9559,2,ABMD|HYZN|TSLA
user_16272,1,AAPLN|BRKA
user_21391,1,CVE
user_254,2,FRC|GOOG|PGPAS
user_34163,1,PDDWH|RKLB
user_20561,1,BSC|FBDAI
user_4183,3,ETHHT|JBHT|NFLXO|SHIP|TSLA
user_6681,1,KKR|RYOSH
user_23172,1,CLF|NLSN
user_21993,1,ATH|BASE
user_25157,1,MNDP|PFEFR
user_24039,4,AAPL|MSFT|STIP|ZS
user_26208,2,PYPL|TMO
user_28248,1,BABAM
user_25623,1,AMDHO
user_23456,2,AAPL|CRO
user_5246,1,MMMWH
user_14694,1,PLTRA
user_19294,2,CELHM|GOOG
user_12738,1,SHOPC
user_26626,1,FUV|LNN
user_9541,4,DOX|F|FBINS|GSAT|LTNC|SKWS|SNY
user_10570,1,COINS|DISFO
user_27645,1,EXPRE|TGTDO
user_9260,3,DENN|SCHDB|SPYAL|TXTM|UNF
user_26862,1,BESIY
user_23237,2,COST|TXT
user_31915,3,BX|INTU|JEPI|LUV|NKEFE
user_25800,2,AMPG|BBBYH|SJT
user_19881,1,AMDTH|KBH
user_6002,1,LKMEX|SHOPH
user_32007,1,MGNIO|TIVC
user_18494,2,ASMIY|CRNCB|UPSTM
user_503,1,MGNI
user_12593,1,CDAY|TREE
user_8817,1,EVONO|SOFIS
user_26557,1,TROW
user_15464,1,NOVN
user_13606,1,ATYHO|AZNAN
user_8503,2,AMD|VOOTH
user_33778,1,CCLWA
user_32291,1,FBTHI
user_26075,1,APPSH
user_30554,1,AMC|NVDIA
user_16178,1,ARCCA
user_9715,1,AGNC
user_8739,1,ARE
user_22291,1,TMHC|XOMRE
user_16092,1,HCCI
user_9716,16,BRK|CAJ|CHK|DORM|DXT|FCFS|FTAI|GSK|HFG|KIBA|MAGT|MCK|OWHIC|PAAS|PFF|PLDHT|RBLXL|SBUXI|SGML|SHCR|SMG|SWMA|VVIX
user_11088,1,TIGR
user_12451,2,BYDDF|HOLD|PG
user_26654,1,DSP
user_10626,2,SQSNA|TSLA|TSLAW
user_10497,1,MU
user_26720,1,AMDBU
user_9785,1,TGTNO
user_33502,1,KSU|RYF
user_39,1,ASMLH
user_29183,1,DGRO|MANA
user_32722,1,CELHM
user_29705,2,FWONK|NFLXN|TSCOR
user_433,1,LUNAH
user_20426,1,KWEB
user_32728,2,DG|NIO
user_20601,1,SPXU
user_10492,2,DWAC|ENPH|TXT
user_14343,1,BTCUS|NXP
user_14199,1,GTBIF|VMC
user_6968,1,C|MAS
user_32757,1,TRV
user_19954,1,CHF
user_34292,1,CLH|KSU
user_34226,1,CVET
user_8392,1,MPWR|UL
user_25608,1,FAANG|METAS
user_17204,1,DOCNS|ISIG
user_26465,1,NEEWH|VCOME
user_22330,1,AR|GGII
user_3206,1,AMZN|CVE
user_24204,1,GTC|LRCX
user_12019,2,BX|CME|CRM
user_25578,1,AUTL
user_6319,1,GST|SXTC
user_9146,1,AFRMB|RNG
user_10474,1,RIOTW
user_30764,2,ENPH|ZMGAN
user_6971,1,NIOHT
user_27914,1,KSPI|NTES
user_16504,1,FIVE|IGU
user_694,2,BEWI|ZS
user_1498,3,DIS|F|JNJTO|SJW
user_24385,1,BCEL|JNJHI
user_20285,1,SHOP
user_4660,1,DFI
user_13843,1,DLO
user_18414,1,CSCO
user_10089,1,MAWAR
user_22153,1,WELL
user_2348,1,MCHP|NIOCL
user_332,2,MAWAR|NIOLE
user_28894,1,BEN|UDIGI
user_5347,1,SLABW
user_28443,2,IVR|MSFT
user_17611,1,TX
user_26347,1,TKAT|WCN
user_33559,1,CAR|PTON
user_2703,1,PRTY|SAM
user_5100,2,AMD|CHR
user_21820,1,UFO
user_31849,1,ABMD
user_24098,1,APVO
user_21727,1,GRTX
user_32767,1,MRVLP
user_7195,1,HRTZ|SHIB
user_14523,1,TUPHT|XOMRE
user_22200,2,NOC|OVR
user_24780,3,ANY|CRM|NIO
user_4772,1,DRTS
user_18371,2,QQQSO|TSM
user_9362,2,COST|ELONQ|REGN
user_30878,2,MCD|MKSI|PYPL
user_22969,1,APPH|TRIT
user_22095,1,NIOPU|TGL
user_30827,2,COST|NA|SNOW
user_29725,2,OI|PG
user_34103,1,DOE|NSC
user_31703,1,STBA
user_6730,1,DISWA|UNHHO
user_30381,1,ZRX
user_11354,1,ACHL
user_29004,1,KLIC|SHOPS
user_31800,1,ALL|AMZNV
user_15006,1,EJH
user_26698,1,KOCRE|MAGT
user_22204,1,BEAM
user_18654,2,BLND|NIO
user_6315,2,ITA|NFLX
user_1204,1,EC
user_8130,1,PLNHF
user_1985,1,SODER|WAVE
user_19852,1,NETI
user_26250,1,BTCI
user_28112,1,PYPLR|XLY
user_7413,1,ATD|NFLXB
user_26878,2,INTC|TSLAQ|TWITH
user_17600,1,DASH|KINGS
user_9387,1,SNOWI
user_11891,1,AMZNB|CL
user_5457,2,COSTB|PYPL|TDIVI
user_1139,1,CCJ
user_26335,1,MELIC|SIBY
user_5317,2,ENPH|LEA|VRAX
user_29824,1,AGYS|FISVB
user_17995,2,AXS|CHF|GMED|SBSW
user_19644,1,MREO|SYA
user_8367,1,NWN
user_4787,2,AAL|PG
user_33340,1,MKSI|MS
user_12960,1,FSLRS
user_30235,1,RBLXB
user_19025,1,BVXV|WISH
user_22141,2,AI|NIO
user_29487,1,KRSOL|QSSOF
user_26939,2,ARKQ|GOOG|MLI
user_24275,1,NBIX
user_20270,1,PRCT|TSCOE
user_97,1,IVR
user_19866,1,SGAM
user_6049,1,FRHC|PGTEC
user_30919,1,ASML|PACW
user_260,2,VLO|VZ|XLB
user_1293,1,MOWHA|YNDX
user_29177,2,AMZN|IVR
user_33192,2,AAPL|K|VZRET
user_4407,1,ZMPAR
user_24447,1,BYND|HIBB
user_19280,1,BRKB|CELHB
user_16735,1,AAPLG
user_9005,4,BARK|BITF|COMP|DMTK|GILD|INSG|TCHEY
user_24703,2,BACMO|FR|NVDAC
user_28811,1,HDTOP
user_13925,1,KDA|NLST
user_33395,5,AMDCI|AZO|HAFC|HALWE|HEINY|ORCLA|POW|SNV|WOLFA
user_13374,2,AMD|WMTSQ
user_32796,1,PNC|WAVE
user_7522,2,APPSA|CALLS|SSTLE|SYN
user_24418,1,ORGN|TSP
user_5302,1,NEVAD|OI
user_7247,1,SONVY
user_1108,2,MUSA|NASA|TRV
user_9965,1,XFRI
user_11113,1,DFEN|IRM
user_7237,2,FBREC|INTC|VALN
user_19074,1,IEF|KNEBV
user_4680,1,BTCSQ|TSEMH
user_25641,2,NXST|PYPL
user_29368,1,FISV
user_20602,1,KONOV
user_16694,1,FEG
user_8697,1,BLCT
user_27004,2,KO|LIND|MKC
user_13449,1,NFLXS
user_16411,2,ILV|LVMHS|ONEX|STT
user_29960,2,PYPL|SCHDT
user_21763,1,CTAS|DPZ
user_4306,1,NWS
user_33887,2,AGRI|GOOS|STAA
user_21545,1,OSH
user_20727,1,JWN|SNAPC
user_27318,1,SI
user_1327,1,KODI|NDXIT
user_8211,2,NIO|NIOIS
user_21844,1,AMZNQ
user_32672,1,MUDRO|PTOND
user_33626,1,COSTQ
user_22451,1,ATZ|BNGO
user_3701,3,BVXV|GGG|NIOGO|NKEBE
user_9788,1,TAN
user_17397,1,CELHH|PCTC
user_8320,2,BKCC|UHAL|VYM
user_27242,1,CRMDE|R
user_28787,1,CELHB|PFEFR
user_26846,1,CRLBF
user_11944,1,AIRS|REV
user_17039,1,RDFNW
user_86,2,META|NIOFR
user_8174,1,SCHB
user_25215,3,ETHIN|PYPL|RRC
user_10598,1,AMP|MMMHI
user_15412,1,ROG|YY
user_2621,1,BKCC|COSTC
user_9408,1,ZC
user_21716,1,NVEI
user_6614,3,AIZ|CYN|MGNIL|TTE
user_25049,1,DV|TJX
user_4972,1,SHOPS
user_22871,2,CLPT|PATHD
user_6309,1,EB
user_4177,2,CACC|NETA
user_172,1,OPORT
user_9902,1,MCO
user_31329,3,F|JNJRE|NOC
user_23328,1,SNOW
user_14461,1,NIOSH|SPYLO
user_27849,1,PRTS|SPYTH
user_29846,1,BWV|SIRI
user_5350,1,LCX|XL
user_13911,1,WTRH
user_18989,1,MTB
user_17684,1,IWM
user_8250,1,UNP
user_27035,1,ALLK|IRTC
user_375,2,LHX|MDAYT|QQQM
user_15510,3,AJG|AMDLE|FI|RCAT
user_5476,1,CMRX|ONDS
user_8578,1,BABAI|PSTG
user_2196,1,DASH|SAVG
user_30601,3,BA|IMT|SYS|TSCOE|UPSVI
user_23792,1,HUBS|IVC
user_5537,1,AMZNN|NEGG
user_7270,2,AAPU|GO|NUOTH|PLAN
user_30258,2,IVA|ZS
user_5102,1,MRTN
user_25831,1,AMCR|HDHEA
user_1399,2,AMD|CELHB|ENLAY
user_278,1,MSTR|TEVA
user_24601,1,BZFD
user_22045,1,NIOCL|ROKUO
user_25596,1,AMR|TSAT
user_29239,1,BTCUS|IONQ
user_17455,1,VGT
user_22298,1,RPRX
user_7949,1,MILLI
user_24647,1,CTIC
user_7338,1,BUZZ
user_2605,1,EMB|FUBOI
user_15788,2,GRAB|ZI|ZS
user_17682,1,METAF|XLE
user_6692,2,COST|MOB|NFLXB
user_26578,1,AMDRE
user_32876,1,SPYLO
user_33579,1,AZNAN|ZS
user_11660,2,AMD|DTST
user_27580,1,LTC|SYS
user_24593,3,KO|LIDR|OXYBO
user_15893,2,AAPL|INVE|SMR
user_31096,1,PSFE|VTI
user_32493,1,LUXE
user_15512,1,MELIF|NTFX
user_10053,1,EVH
user_2030,2,EVFM|STBA|TER
user_25671,1,NDX|PEPTE
user_12237,2,BMYHI|CEI|PTONW
user_3895,1,ABBVT|XPEVB
user_34149,1,EXPRE|MRNAB
user_27846,1,PAASH
user_16030,2,NVDAV|TALI
user_12771,1,INO
user_29908,2,CPE|NFLX
user_6326,2,BA|DPSI|TNXP
user_27545,1,AXON|VERT
user_11568,2,ENPH|MST
user_27544,1,CLFAN|NEX
user_4299,1,LFUS
user_27910,2,HOLE|OMCL|VZ
user_5645,2,BTI|ENPH
user_30035,1,PPLT|TD
user_28923,1,KOCRE|SU
user_8304,1,K|XLFSP
user_25520,1,MMMAP
user_21833,1,CARG|VXXJU
user_31806,1,RIBT|VIAC
user_32211,1,ENVB|HX
user_27861,1,SITE
user_14670,1,ENLAY|RYT
user_22417,1,BABAM|CRMI
user_21300,1,FBFOC|SITE
user_18578,1,SFT|VRTI
user_31021,1,XPDI
user_14142,2,EVFM|META
user_15295,1,FTM|USBSO
user_27792,1,GNPX
user_9924,2,ENPH|MP
user_22716,1,MAN
user_7750,2,BETZ|OPCH|STAGC|WAT
user_15973,1,AKLIH
user_772,1,CGCHT|POSH
user_4950,2,ALIF|CRM
user_2935,1,PRTS
user_7252,1,TXNCO
user_789,1,BBIH|DVAX
user_29591,1,HMBLI|ITCST
user_7230,1,DOGE
user_10258,1,FERG|FROG
user_14047,1,DOCU
user_19982,3,CNM|KO|NIO
user_22580,1,AVGOR|ZM
user_9180,5,BOUV|EVCOI|PHG|ROKUH|RVNA|RYOSH|SNDL
user_27306,1,FBGUI
user_7160,1,TMDX
user_10992,1,LBC|VVV
user_584,2,CRWDH|GLJ|XPEVB
user_4929,1,AGG|OPK
user_24221,1,NDX|OCUL
user_6365,2,LMFA|TUR|WIX
user_131,1,CRMDE
user_23994,1,AAPU|ABNB
user_2841,1,AMCNI
user_28144,2,INFY|NIO
user_21532,2,DISDR|INTCF|ONTO|SIVB
user_15481,1,WEBL
user_21233,1,TWTRT
user_28886,1,ISPC|TSLAN
user_15916,1,AMPL
user_7241,1,BABAU|TSMC
user_32752,1,CHWYN|SQHTT
user_22673,1,S
user_8994,1,SMG
user_6848,1,ARK|CSTM
user_24472,1,CCCX|GMS
user_9087,3,BN|CDAY|GOOGG|META
user_25885,2,META|PEPTE|TUR
user_7458,2,BABAD|ONEM|WYNN
user_30520,3,AUTO|HYRE|PMFEB|ZS
user_19453,2,MDIA|TLRY|ULONG
user_3882,2,GNTY|HCCI|SUMO
user_23735,2,NTNX|ORCLA|USDC|VRTX
user_25416,2,IMBI|SCHDT
user_18575,2,ET|OR
user_30493,1,PYPLI
user_2663,1,CELHH|LIGMA
user_3465,8,CFG|CHWY|CLPT|CXO|DT|FRZA|HFG|LYFTC|NIOAS|NSRGY|TAN
user_8544,1,HRL|IRTC
user_3556,1,DISWA|NIOBO
user_9908,2,CIVX|COSTW|NOC
user_20962,2,NDAQ|SONM|TPH
user_23351,1,LTUM
user_713,1,CRWDG|NOVO
user_10111,2,DFEN|SEV
user_23924,4,AMZA|AXPHT|CHGGT|COST|SKIN
user_32880,1,CALA|COIN
user_28390,1,CVM|GK
user_28972,2,SABR|TSLA|XLI
user_20155,2,GLW|TSM
user_20250,1,ABCB
user_28647,1,MCKBO|SAVAA
user_27150,1,PUBM
user_3942,4,CRM|HCDI|NXGN|RDIB|VISIO
user_5000,1,APO
user_2149,1,INFY|RMD
user_1765,1,ITCST
user_25698,1,BRQS
user_16889,1,PGJ
user_33258,1,CMCSA
user_29526,2,MCDCO|PYPLG|SPCE
user_25111,1,CAD
user_20888,1,MCDCO
user_15005,1,FBCHR|NVDAS
user_29990,1,AFRMA|CMCSA
user_4368,1,APX|ZG
user_5813,2,ELY|WMTBE
user_31123,1,MAXN
user_28414,1,ZSCHA
user_23987,2,EMBRA|META
user_29631,1,MRKFR
user_31766,1,DGX|NQ
user_4015,1,MOWHA|WFC
user_14748,1,NOV
user_17905,1,CDLX
user_1468,2,BA|DOX|VNET
user_20359,3,ARI|DFI|EQB|PAYS|TZOO
user_7211,1,NETA
user_12018,2,EXPR|FBLET|VSCO
user_16185,4,CWEN|HIBB|STRN|THCA|WYNNG|ZSREV
user_15155,1,JNJDI
user_20714,1,DJCO|THC
user_30110,1,AUTO
user_19880,1,BFRI
user_5548,1,CYBR|DASH
user_10151,1,UPSTH
user_1536,1,EVONO|STAA
user_988,1,MTN
user_3096,1,AFL
user_5332,1,COST
user_28924,1,WFC
user_26692,1,SHELL|TWTRH
user_30143,1,AMDAD
user_20770,1,DOGO
user_285,1,AAP|TIME
user_11068,1,SOUN
user_30360,1,HOLES|ULVR
user_34039,1,MARA
user_20346,1,ORLY|STARS
user_33032,1,CRSR|PYPLB
user_26917,1,ADYEN|BBRY
user_16211,2,ABBVU|BITO|GCT|TWTRI
user_24067,1,AZN
user_9555,1,APVO
user_27620,4,ADA|AGG|CCMP|CMCS|FE|FEG|HII|PYPLH
user_13030,2,AZERO|KO
user_23604,2,OMC|WYNNW|XPEV
user_30484,1,ARMK|DFENT
user_19712,1,CTV|EIDO
user_1448,1,DXT
user_33702,2,MSFT|WMTHO|XLNX
user_16304,1,AAPLK
user_31213,1,MFST|TWOU
user_2007,1,CDSG
user_31032,1,POLC|RCI
user_22036,2,COST|PGTEC|SITE
user_10448,1,AMDVE
user_14088,1,MCDRE|QQQTR
user_510,1,MU|ZS
user_7745,1,CMRX
user_28445,1,MGNIO|PSX
user_3247,1,AIV|SCO
user_27295,1,APPSA|SAM
user_15898,1,FBREC|INTCF
user_23330,1,BABEA|MAT
user_31549,1,BRKS|FQ
user_17522,2,AAPL|NEE
user_16636,1,WMTDI
user_15119,1,PRCT
user_23900,2,PBCT|PG|RDSA
user_5005,2,AMDHT|AXP|LMFA|POOL
user_10478,1,REXR
user_25941,1,AMZNB
user_18384,1,TMNA
user_6344,1,FIVE|IOT
user_16637,2,AMD|BACMO|FFND
user_4789,1,ANET|OHI
user_28596,1,COSTA|IIPR
user_23130,1,BBAI|SSNLF
user_101,1,BABAE
user_32420,2,BK|NTES|SWBK|TIME
user_1509,1,FMC|GMREV
user_19521,1,CPRX|MFST
user_13311,2,FMCB|SAIA|ZS
user_22919,1,WYNNW
user_11535,1,KNOP|THO
user_25975,1,ATYCA|RIDE
user_30476,1,AIR
user_27351,1,MS
user_10357,2,NIO|PTOND|SPYSE
user_24195,2,AAPL|EVONO
user_29496,2,DJIA|KO|LNG
user_31663,3,DISWH|F|SQHOP
user_12038,2,AMDBR|CRIS|SAIL
user_13085,3,CRM|LSXMA|MAXR|NFLX
user_21196,1,FEG|NOC
user_4342,1,GBTC|VWEDN
user_10888,1,AAPLI|PBR
user_13391,2,BTCDI|KEN|RUX
user_33494,2,NVDAG|PPC
user_10156,1,MMF
user_28902,2,BA|EBA|MGA
user_2023,1,ACI|EBAY
user_4482,2,AMDAD|MST|SAITA
user_5605,1,SIRI
user_11804,1,BSX|FBBIT
user_32579,1,PZN|VVS
user_10443,3,CEI|META|SOUN|VZ
user_13850,1,THMO
user_25231,1,LIN|SYK
user_4278,2,NEAR|ZS
user_29578,1,CRWDS
user_14328,2,AMZN|FOSL|SPIRI
user_24982,1,NNOXI
user_18197,1,BAWAT|NIOWE
user_12089,1,CCCX|MSTR
user_8898,1,FBFIN
user_34050,9,ACCO|AUPH|BKR|DAL|HALO|ISPO|JPMD|MMC|MUDRO|PBF|RBLX|RDS|VYGR
user_27283,1,DDOGA|RIO
user_14227,1,VRAX
user_30177,1,AMDCE|SNDX
user_16151,1,AMCRI|ETHAL
user_16135,1,DISWA|NIOPU
user_29926,1,FUL|RS
user_10729,1,BLKIN|CSPR
user_25712,1,VSUPE
user_11297,1,AAPLM|LNG
user_3846,1,AMSWA
user_2770,3,FBHTT|IQ|NOC
user_30987,2,AAP|PAVM|UXINC
user_32214,1,CCLWA|INO
user_24183,1,PZN
user_5841,1,CRWDE|PDDAN
user_11378,1,ADYEN
user_1262,1,MMMHI|TTDGE
user_3698,1,TLSAR
user_24228,1,FAMI|LUCID
user_4178,2,ENPH|MO
user_8942,1,NEEFO
user_26772,3,TSM|VRTI|VZ
user_12548,1,ETHDI|VZREI
user_18223,2,IBB|LCID|XCUR
user_32457,2,AAWW|LITM
user_9361,5,BKSY|KLO|PGY|PIII|THTX|UMG|UNHEX
user_13681,1,BL|RDIB
user_28156,1,MARK
user_30784,2,ENPH|SITM
user_30872,1,ANF|FTCHW
user_24112,1,MMMHI|VRAR
user_29287,1,OCLG|TTOO
user_1132,1,KOAUG
user_18796,1,BBIO|BRCC
user_24499,1,COM|NIOGR
user_34119,3,IMPP|ME|PYPL
user_25384,3,AAPL|COUP|GMEDI
user_14692,2,FFIV|ICE|PAVM
user_30747,2,MSFTE|MUTOD|NFLX
user_4474,1,PD
user_3559,2,BACBU|F
user_1435,1,CMG|JEPI
user_21514,1,LBRDA|MMMAP
user_10679,1,CPNGJ|SIMO
user_8939,3,AOUT|NTCT|VZ|ZRX
user_25167,2,PG|RS
user_21966,2,GCT|SOS|SP
user_14150,1,FBTHE|MICS
user_22897,1,FANTO|OMI
user_24400,1,GMETH
user_1706,1,AMDI|IDEX
user_3249,1,FLOKI
user_26861,2,DDOG|HTR|OTLY|SPOT
user_30595,2,CRMDE|GMED|NIOFR|SYTA
user_10643,1,FYBR|MSFTS
user_10407,1,SPYYO
user_26914,1,NIOSH|SPYRE
user_26042,2,BA|PTONJ
user_26843,2,NFLX|TRV
user_2322,1,AMZNV|XLV
user_29599,1,CPI|STHE
user_32583,1,SPXLA
user_19691,1,PTE
user_27473,1,PENNN|SBUXH
user_27367,1,CAAS|GRUB
user_10125,1,NK|STORG
user_2671,2,TSM|UVXYT
user_187,1,TNDM|VIXLE
user_6356,1,AMAZN
user_30752,1,ABTIN
user_16189,1,CPB|RYTEL
user_13199,1,ALBT
user_16499,1,DISWA|FFND
user_24269,1,SWX
user_17814,4,CDLR|GOGL|HLT|NCLH|NLSN|YOLO
user_6429,1,AAPLT
user_29337,1,BAND
user_26257,1,OKE|ZTS
user_27640,1,BAT
user_20289,2,NFLX|XOP
user_8577,1,RR
user_28043,3,DIS|KIND|NOC|VTWO
user_2615,2,BRKS|WRK
user_23245,3,PYPL|SSTRE|TIP
user_28624,4,AERC|AMDVI|BOA|HTZ|JPMVA|STIP|ZSHED
user_31269,5,APX|CMA|CSVTI|HA|JBLU|MILLI|SPYAL|ZWATC
user_28865,1,SNOWC|UPSTE
user_6024,1,BBLN|COTYA
user_32013,2,F|OP
user_24502,2,NFLX|USDJP
user_31680,1,AUB|BLNK
user_1741,1,BAP|TKAT
user_10449,1,IHI|MEDP
user_13822,1,SU
user_22080,1,ENVB
user_33760,1,TEVA
user_32872,1,CMA|POWR
user_19885,1,STT|UPSTA
user_31517,1,EE
user_30879,2,DOX|ENPH|SRTS
user_17764,1,ATLAS|EW
user_12028,1,MA|NFLXR
user_20307,1,BEWI|MOS
user_1181,1,DPZ
user_14877,1,LTHMP
user_2984,1,BTCMI
user_21178,1,CLF
user_9343,1,GLD
user_23689,1,VOOTH
user_8339,2,DISPA|F|UNHC
user_27357,1,LUMN
user_19642,1,FQ
user_25653,1,HYLN
user_6095,1,PER|SNMP
user_696,1,CCWF
user_2424,1,STAGR
user_16803,1,HRZN|PYPLS
user_28084,1,DOGE
user_20345,1,RBLXS
user_8251,1,ASTSM|MU
user_33552,1,BTQ
user_11053,1,AAPLB
user_31367,1,CPE|CYN
user_15453,1,NIOGR
user_33366,1,AVLR
user_4072,1,CSPON|PIN
user_30196,1,GWRE
user_33433,1,CARV|NFX
user_27379,1,MRAI|NFLXT
user_28351,1,PSEC|XPDI
user_28421,5,FUN|IMCR|PM|PYPLN|SOC
user_15813,1,AUDI|ET
user_4259,1,ABBVC
user_31783,2,KTTA|NFLX|NOC
user_32072,1,GRBK
user_30910,1,LCIDW
user_25977,1,WEN|WWE
user_11626,1,AZZ|TXNRA
user_21292,1,NOCPH|SSEMI
user_2717,2,ENPH|NN
user_33410,1,BBIGC
user_32762,1,VRTXO|VYGR
user_26345,1,GPC
user_29950,1,ZII
user_21910,1,EOG
user_14524,1,AMR|P
user_23625,2,AAPL|APD|VRTI
user_10161,1,MDLZC
user_33623,1,AFI|LTUM
user_6224,1,AMZNL|GEVO
user_21931,1,NFLX
user_8261,1,DNUT
user_5301,1,TMNA
user_32254,1,ETSYC
user_1077,1,BENE|TWTR
user_30416,1,USHE
user_18642,1,AMZNR|OCLG
user_10119,1,JNJOC|NEEWH
user_7674,1,DLO|OP
user_28123,1,LEN|TSLAA
user_28645,1,ARKQ|FOX
user_32416,1,KRL
user_33523,1,JPMVA
user_23188,1,NFLXW
user_13641,2,AMZNF|BP|BX
user_1517,1,BP|DDOGA
user_16829,1,AMDSE|EMN
user_8247,1,OAS|OPORT
user_4207,1,AVGO|CELHT
user_10798,2,MAXN|MC|WISH
user_24786,2,TSLAM|XPEV
user_27425,1,KXA
user_33342,1,CPNGC|POLC
user_22024,1,NIOPU
user_2272,1,MOHOW|VFI
user_16605,1,IP
user_12856,1,UAA
user_21963,1,WH
user_4830,1,DLNG|NLST
user_19727,2,GEBRF|MSFTN|PYPL
user_10059,1,AMCLO|AZERO
user_23248,1,AAPLH|NYCB
user_31952,1,ADA|CPRI
user_3107,2,AMD|FBTHA
user_28368,1,NETCY
user_342,1,MCHP|PDSB
user_17703,1,VEU
user_13203,1,BTCI|SAIC
user_1211,1,ULTA|ZSCHA
user_2786,2,AAPL|IWMBU
user_15502,2,BX|NNOXH|TWTRS
user_8945,2,APPLE|CS|HNTAM
user_2789,1,LVMHS
user_24460,1,NCTY|XOMRE
user_14668,1,LYV|QQQTR
user_6922,1,HDHEA|SIGA
user_31943,2,OZON|TSM
user_3027,2,ETH|MRNS|TSLA
user_11388,1,DIS
user_30547,1,ELY|GOGO
user_27943,1,ZTO
user_14151,2,DIS|TSEM
user_2754,1,FERG|MOWHA
user_5188,1,PRVA|PTONY
user_33201,1,AIZ|CLVT
user_995,1,SNA
user_23300,1,LCIDS|QNTJU
user_30299,1,ASTSB|IWO
user_959,2,FRBA|UBER|VZ
user_30811,3,AMZN|DIS|OMCL
user_19033,1,CELHC|NXP
user_14265,3,BTCDI|DFEN|TLSAR|TSP
user_12310,2,APPLE|PDSB
user_13496,1,ENDP|METAH
user_26002,1,EGRNF|ESS
user_9713,1,AUR|NIOGR
user_29231,2,RGNX|TR
user_5099,2,EAR|TOL|VZ
user_26295,1,PCTY|WNS
user_26285,1,SYY
user_22486,2,ENJY|SEAC
user_29514,2,AMCTH|XPEV
user_20746,2,DBGI|GPC|MDB|NLS
user_960,3,HTOO|NOC|PG|WELT
user_1026,1,TSHAR
user_22696,1,CLR
user_25461,1,PDSB|SKLZF
user_258,1,FCFS
user_19297,1,ARES
user_29587,1,BTCMI|FXAIX
user_10938,2,CG|LEV|TSLA
user_21186,1,BMRN
user_28622,2,CPNGJ|NFLX
user_20663,1,AA
user_24200,2,LKND|UAVS|VZ
user_21057,1,STHE|VGT
user_32442,1,BILI|WFCDE
user_3634,6,BKLN|CAT|CDLR|CYBL|CYRN|MGNIO|NEO|SFINT|VVERI
user_31793,1,NVDAH|STNE
user_29544,1,CENN|RENT
user_3590,1,CLFD
user_3515,2,CMGMC|SQ|ZC
user_6516,1,LTSLA
user_32985,1,WNS
user_12270,3,GOOG|LANC|PEB|SPOTR
user_11653,1,RY|TIA
user_22177,2,APE|BRUSH|CRM
user_32527,1,FUV
user_3597,1,BLKIN
user_32443,1,WOOF
user_31874,1,BTCMI
user_23311,1,NXP
user_25915,1,KCAL
user_11123,1,SNOWC
user_3595,1,ROKUH|WFCDE
user_22186,1,LUV
user_5568,1,DCP
user_22571,1,ANCTF|TWTRS
user_16712,2,AMD|FMC|VTR
user_18174,1,AMDHO|STLA
user_14845,2,AZPN|DEMOD|QCOM|UNG
user_22429,1,AMCRE
user_6948,1,B
user_28672,1,CHNG|GGPIH
user_6161,1,AESE
user_3087,2,ATTO|CULP|DPRO|FIVN
user_25963,1,HONHI|JPMAU
user_24094,2,AGRI|ZMFAC
user_13294,2,BRO|PG
user_4400,4,AIR|BAS|PYPLP|TREX|WFC|WMS
user_33536,1,MAIN|MAR
user_26021,1,DOT|SONVY
user_27191,2,INTC|MAIN|RRR
user_19841,1,INM|TCEHY
user_19868,1,MUDRO
user_9845,2,AMDRU|AVBTH|MOB
user_21734,1,UPSTB
user_10610,1,GOOGL|TSN
user_20979,2,COST|SNV
user_34151,2,ADSKG|MKLBO|XPEV
user_32881,2,GPS|NIO
user_15797,1,CPRIT|LMNDS
user_20462,1,SCHDT|SGH
user_3092,1,NIOBO
user_3298,6,KHC|LPTX|NXRP|PINST|QWT|SOPA|SQSPO|TIP
user_25564,10,AGR|ARHS|ASOFU|CRK|CVSI|GO|MAFAC|MKSI|MST|PGNY|PYPL|TMO|TQQQ|TWTRR|WRK
user_15077,1,ATYI
user_23812,1,AZERO
user_2728,1,BIL|BKLN
user_21706,1,ROKUS
user_33326,1,IONQ
user_16184,1,COMP
user_8224,2,PG|PINST|SCHX
user_6335,3,BTU|RF|RYM
user_9432,2,ARCH|KOTUE|NIO
user_18051,1,MCDGA|RPRX
user_16885,1,PBRSO|VO
user_33707,1,DSP|L
user_15462,1,AMDME
user_6737,1,IRNT
user_22025,1,AFRMT|PENNN
user_9278,1,FBHTT|SITM
user_23490,1,AMD|EVOK
user_13698,1,FFH|PTLO
user_14035,1,BMRN
user_20113,1,ANVS|PNC
user_6481,1,FBWIL|MAXR
user_6360,1,NFLXR
user_19713,1,DEA|DOCNG
user_17598,1,DIS
user_31713,1,AAPDS|BBBY
user_16130,2,BLBX|ZS
user_8110,2,AAPLH|PG|UAMY
user_33260,1,WMTHO
user_27173,3,ATZ|CASTI|CHKPB|DLRMO|IONQ|LIFIN
user_5370,1,ADC|FBHTT
user_7894,2,BMY|MSFT
user_24152,1,AMPH|RICK
user_14091,1,IOBT
user_5300,1,FBGUI|TDOCH
user_5014,1,GREEN
user_11429,1,OPRA
user_13318,1,SNE
user_18436,1,JD
user_21849,1,MUNIK|NFLXD
user_29845,1,AAPLO|AMR
user_34182,3,ALLYB|AMD|FAMI|SCHD|TNP
user_4454,1,TSMC
user_15824,2,APPSC|ARES|DOCNG
user_28615,1,LNN
user_8238,1,COINH|SOLO
user_407,1,MSFTS|NVDAD
user_19615,3,BTCUS|GOOG|JNJOC|OLPXI
user_4807,2,INTCI|PGNET|PIII
user_25462,2,ACI|INTC|SYYSO
user_27418,1,ETHAL|SHWGR
user_7346,1,CHPT|SPYRE
user_11853,11,AAPLM|AMDCI|CRNC|DUSD|EXLS|FOOD|GEFIS|HYLN|ICL|IGSB|IMCR|KSPI|MSIND|NKTX|PYPLG|SIBY|TIME|TSLAI|TSP
user_33649,1,BMBL|KEYS
user_10175,2,AAPLH|F|NKEFE
user_1957,3,ANSS|REV|SPGGR|TSEMH
user_20779,2,LCTHU|M|MNST|NVCT
user_17173,1,HFC|VIG
user_30218,2,KO|MXC
user_29325,1,CFB|NVDAV
user_14736,1,CCLES|SONO
user_5749,1,APPH
user_16682,1,OPCH
user_17906,2,AMZN|TENB
user_33655,2,TSLA|ZOO
user_9772,1,PAAS
user_10204,1,RGBP
user_7611,1,CIFR
user_7482,1,FFIE|PHIA
user_6123,2,ENPH|MELI|XPDI
user_2223,2,META|SBUXJ
user_31089,1,PGPAS
user_24024,1,AMZN
user_28097,2,CNTX|META
user_22738,1,AMDLE|SEV
user_21855,2,BEETS|VZ
user_15166,1,MZN|TPR
user_22282,1,W
user_27564,1,ARKKS
user_14337,2,GK|INTC|IONS
user_5190,2,GOOGE|OTECH|XPEV
user_10193,1,ARRY|FHN
user_2747,1,BACBU|GOGO
user_8935,1,HYMC|PVH
user_25160,2,AMZN|PLBY|VEU
user_19370,1,NIM|ZSANA
user_5771,1,NKEMO
user_11827,1,IVC|MSM
user_21341,2,CTIC|IMRN|TXNRA
user_27511,1,GLNG
user_23342,1,DOBO|TMHC
user_19734,1,BRKBP
user_17885,2,CZR|LWLGE|MSFTR
user_28274,1,PFEFR|VCAR
user_18584,1,CARV
user_8348,2,CSTAR|KOTHE|LIB
user_26498,1,FBLET
user_4601,1,AMDHT|SKX
user_29792,1,BSX|BYM
user_400,1,FCXWA
user_7193,1,CI
user_30966,1,VNQ
user_27012,1,PNR|UDMY
user_4677,2,ALC|GOOG
user_10187,1,BATT|WDAY
user_33177,1,OKE
user_22232,1,DEA|FXF
user_5237,2,EMR|GOOG|IBEX
user_22385,1,MAN
user_22791,1,VRPX|WTRH
user_20023,1,DRV|LYFT
user_8145,1,SJR
user_3722,2,SIOX|YETIT
user_13773,1,ABNBC|SPLK
user_29234,1,HAS|HTR
user_24958,2,DISGO|FIS
user_15969,2,ABBVU|FBCHA
user_28177,2,CPG|INTC|ORLY
user_21575,2,FBZOO|HOODM|RY
user_5200,1,ENB|PLYPL
user_28330,2,SOS|ZS
user_16029,1,UOG
user_28132,2,MXL|RH
user_5371,2,GEFIS|NFLX|VWED
user_5894,1,MGNIO
user_17911,1,ZOO
user_33678,5,AMZNN|CLF|CTIC|INTC|MERC|ROKUW|TWST
user_33311,1,PYPL|UMC
user_11850,1,FBLET
user_32162,1,SBUXW
user_32106,1,LNN|NVDA
user_1016,1,DG|HAFC
user_27375,2,BA|CSGP
user_5928,1,RCLWI|VUZIE
user_5716,1,AERC|NFLXI
user_1801,1,EMR
user_28788,1,DWAC|NEEFO
user_3681,1,WMG
user_9166,1,CTT|GCLT
user_27898,1,CAG
user_545,1,DEGEN|SCHA
user_14276,1,RSP
user_23679,1,NEGGI
user_6502,2,ASMLH|F|LHX
user_12693,2,TSLA|VLTA
user_24323,1,SNA
user_6690,1,AIV|DISEN
user_24087,1,SPCE
user_24777,1,FBI|VAND
user_13550,1,DG
user_11635,1,AMDEI
user_13658,1,DISGO
user_20196,1,DINO|PYPLI
user_14277,1,DUK|GMED
user_37,2,BLI|FBPUS|TPR
user_29997,1,LVSTH
user_11282,4,ENPH|PYPLS|TSLAD|VOOTH|Z
user_11785,1,TU
user_34014,1,GMEZO|VYGR
user_27775,2,AUTL|COST|WFCBO
user_17924,1,ATEYY|IRM
user_5726,1,JNJ
user_21791,1,ABBVT
user_18039,1,PACB
user_31575,1,MILLI|SCHDT
user_30678,1,BEE
user_4122,1,STORG
user_1396,1,SHLS
user_10417,1,PAGS|RNDR
user_24818,1,BAND|BSMFA
user_13642,1,EBON|WMTDI
user_22349,1,FR
user_14968,1,HDHEA|HRL
user_29136,1,FBUSE
user_11532,1,O
user_14842,1,KO
user_350,7,CRVS|DISEN|ENVB|FBAT|HX|ILV|KOOTH|TTCF|WFCBO
user_17603,1,EDIT|FTESL
user_251,2,BYND|SBLK|VZ
user_13936,2,PNC|UNFI|XLNX
user_18910,1,BGFV|LUVFR
user_22020,1,ENJ|JPY
user_2059,1,DAX
user_12078,1,ALB|MOWHA
user_28003,1,FOUR
user_13474,1,ARLP|IDEX
user_25952,1,IKEA
user_13845,3,ENPH|SSNAP|TTDCL
user_10818,1,BRQS
user_20103,4,ATH|BANC|CHNG|GMT|SNDX|ZIDAT
user_17323,1,G|PHMAF
user_32561,1,DCBO|MGA
user_6092,1,TIGR
user_33336,1,HIBB
user_24478,2,CCWF|INTC|TCON
user_24695,1,GOOG|LMND
user_13105,1,ACCO|ATER
user_16763,1,NIO
user_25765,1,NTLA
user_18595,1,DLO|ZBRA
user_29348,1,AGYS|STAG
user_1303,1,PLUG
user_8162,2,DISEN|HEI|YY
user_20573,1,HUT|KNX
user_9668,1,MET
user_9674,1,LAZR|ROOT
user_32398,1,CMI
user_18499,1,AR
user_31817,1,AUST|SBUXH
user_8248,1,RYH|UBSMO
user_33489,2,COST|HRL
user_16405,1,NIOFR
user_33272,1,AVGOT
user_25254,1,CLFHT|PRPL
user_28828,1,METAE
user_27370,1,CAT|LNN
user_1550,1,EDMAT
user_24411,2,AWR|ISIG|LUCD
user_15020,1,AAPLU|BRCC
user_9505,1,AUR|JBLU
user_32354,2,APP|GOOG
user_18448,2,PPLT|SIVB
user_32967,1,EEM|EGRNF
user_19618,1,CODX|NIKOL
user_9614,1,HTZZ
user_14539,1,XPEVH
user_4376,1,SNTI|SSNAP
user_6106,1,DISWA
user_33328,1,PGPAS
user_19677,2,AAPU|IRMAD
user_31888,1,DFEN|ZWATC
user_22754,1,ZME
user_7772,2,BA|KOOWN
user_30376,1,SAVG
user_32975,1,IDEX
user_18243,1,AMCLE
user_26910,1,DDOGE|SGMA
user_16114,1,LRC|SESHO
user_27049,1,SST
user_8154,1,SONY
user_4971,3,AMZN|GRUB|NFLX
user_3018,1,DOE
user_20913,1,BTCSQ
user_29805,1,FBINS|TAP
user_27613,1,KIM|PAYS
user_20266,1,WPM
user_28227,1,GRAB
user_14589,2,DATS|INTC
user_11311,1,BRO|GMED
user_24132,1,MSTR|QCOMT
user_21479,1,AWS|XRX
user_31777,1,TDY
user_24823,1,AAPLA|SPYBO
user_29523,1,ABCB|CTRA
user_5839,1,SILVE
user_6834,2,AUPH|IVR|LVSTH|THETA
user_20905,1,DOGE|NFLXP
user_33946,2,CWEB|INTC
user_6714,2,LTC|NFLX
user_32963,1,AZERO|MCDRE
user_17727,1,CARR|MGNIO
user_31945,1,INTCR|NFLXE
user_32339,1,MO
user_2484,1,ITW
user_24765,1,RYE
user_17239,1,FBPEO|UNA
user_28242,1,APPSH
user_7123,3,AMD|AXS|DIS|MGNII
user_28721,1,IVV|MAA
user_1475,2,AAPL|RDSA
user_29089,1,DISEN|XHBGR
user_16781,2,APE|HOSKY|PBF|WMB
user_18512,1,KOAUG|LMTWE
user_24162,1,SOFIB
user_32995,1,SPIRI|XPEV
user_26176,2,BAI|INTUO|VWHAT
user_10409,2,CVET|DBX|INTC
user_15668,1,COSTI|QCOMR
user_8290,1,ADSKG|COSTS
user_10689,1,NRSN
user_26067,1,NEGGI|VIEW
user_26173,1,NXPI|YY
user_29242,1,FSUGY
user_29653,2,DXT|FXYHO|HUYA|PLAB
user_12772,4,FBNOT|LCIDC|MAIN|WFC
user_19152,1,POSHY
user_3966,1,BACLI|FDN
user_8738,2,BRKA|LFG
user_19934,1,SGHC|WYNNW
user_12638,1,KRTX|LCI
user_7691,1,AMDCE|RYF
user_28435,1,CPRX
user_14119,2,COST|COSTH|RBLXC
user_2719,1,OC
user_33587,1,A
user_16005,1,COINA|DOCNA
user_464,2,APPH|BXDAN|CRMDE|TTC
user_33197,1,MS|TGT
user_26311,2,CRM|KONOV|PETZ
user_16234,1,SFIX|VTRS
user_16300,1,KBNT|NXH
user_26735,1,KSU
user_22150,1,WRLD
user_31401,1,CPRIT
user_7729,1,COMB
user_31556,1,SHLS|UAA
user_27663,2,GOOG|IMPXH|SOX
user_32645,2,FFH|HPNN|TSLAK|VRX
user_18690,1,PII
user_6527,1,CDLX|SMIC
user_31173,1,SONM
user_4613,2,BEWI|HUYA|LUXE|UHOPE
user_32855,2,SHOPD|XPEV
user_4736,1,CGC|TSLAA
user_2316,2,ABMD|DHR|GOOG
user_8635,2,KERN|VZ
user_32685,1,ACO|NVVE
user_28515,2,ARHS|DIS|LUNC
user_12181,1,AMCLE|CARA
user_26620,1,EV
user_9001,2,IINN|META
user_14575,2,IRBT|MFC|PYPLS|ZG
user_96,2,SIVB|USAC|USAP
user_26547,3,CUBI|NIOWA|TRV
user_14894,3,AAPLM|CBSH|CNS|KBH
user_11307,2,ONON|SNAPX|TOST
user_17709,1,GMQ|ZI
user_10587,2,BX|QNRX|XON
user_8982,1,NCR
user_28126,1,TARO
user_16902,3,CHF|DISCH|HOODM|LVMH|SCHM
user_17823,1,OSMO
user_15693,2,MSFT|PRFT|WPCWH
user_2366,1,QQQDI|VTI
user_20272,1,BTCWA|VRTI
user_23239,2,IOT|KC|WBAST
user_1873,2,HLT|TH
user_33450,1,AAPLM
user_11958,2,LCIDW|LINK|MCKBO
user_3968,2,ALLPE|BA|GOOS
user_31209,1,COSTI|XPENG
user_1734,1,AMDEI|GANG
user_11218,1,HTZZP|VFIAX
user_18987,1,ABCB
user_22149,1,FDX|LMTWE
user_13191,3,BA|BAALL|TRUP
user_25376,2,ASIX|PYPL
user_11837,1,MNDT
user_18860,2,COST|RBLXB
user_28836,1,MQ|TGTDO
user_11089,1,HBAR
user_25129,1,APPSI|SKY
user_11229,1,MAR
user_9745,1,BTCHT|NEE
user_23095,1,VZREI|XPEVB
user_25388,1,CPRT|NOVA
user_25050,1,OLN|VRX
user_6579,4,ROKUS|RYOSH|SBUX|TSM
user_20136,1,OR
user_34220,2,IRTC|JJC|VZ
user_19920,1,HYMC
user_1637,1,SPXW
user_14090,2,DISPA|ENPH
user_31916,2,AMDQ|KOTUE|RDBX
user_26538,1,MP
user_14853,1,AAPLS|PTLO
user_23966,1,TSCO
user_6555,2,HGV|NOC
user_17989,1,EWBC|SHOLE
user_9959,2,AMZN|FAMIF|UUP
user_32766,1,NRSN
user_8570,1,LITER
user_10596,1,FAZE
user_17315,1,COSTA|CSLLY
user_4074,1,BIDUE
user_27614,1,NIOFR
user_6627,1,MUDRO|USB
user_4035,1,FBPEO
user_17389,1,VRM
user_28863,1,XLFSP
user_9743,1,POET
user_20734,1,EQB
user_11106,1,CARG|SLV
user_11937,2,CDLX|CRM|SCHG
user_15291,2,DIS|XOMRE
user_18603,2,BX|RHHBY|UNHIF
user_8411,2,AEMD|CCL|NOVA|REV
user_11045,2,AAPL|ARVL|CVSI
user_17578,2,DLNG|PYPL
user_20932,1,M
user_32484,1,USHE
user_33357,1,NOCIS
user_21155,1,JNJB
user_16299,1,CHPT
user_26367,2,CRWDE|OPK
user_27845,1,CARS
user_16112,1,RGS|RVIN
user_22418,1,BRK|NTES
user_25846,1,DGROC
user_31076,1,SHPH|SPOT
user_5979,1,LAC
user_17035,1,SMCI
user_9567,1,AMDQ
user_15496,1,NIOAL
user_32548,3,PGY|RH|SPPI|VZ
user_2178,1,RUNSH|UPSTI
user_20222,3,ASH|F|TLTSH|UPSTB
user_6906,1,SHY
user_8784,2,AAPL|GINUX|ORPH
user_2177,1,VRM
user_17318,1,FTCH
user_6977,2,BLK|EXOD|XPEV
user_32305,1,NK
user_1563,1,SPPI
user_20299,1,ZIDAT
user_28641,1,BILLI|LUXE
user_25066,1,CCIV
user_23950,1,NIOAL
user_11196,2,CVXBA|IINN|SCHL
user_8931,1,CPB|PBR
user_17058,1,TLTSH|TSAT
user_12706,2,LYB|TSLA
user_23101,2,FUV|MSFT|VLOSS
user_31950,1,LEN|WGO
user_12276,1,TTC
user_1611,1,KERN|SSEMI
user_2209,1,IWO
user_30816,1,AAON
user_16793,1,MDB
user_30844,1,THC|TSMPE
user_15290,1,AAPS|JBLUC
user_2241,1,KIM|TWTRM
user_231,1,MRIN|SDS
user_32771,1,O
user_10953,1,FDX|WNW
user_23361,1,BKU|FBWIL
user_11629,1,WDAY
user_4580,1,ARKO|ROP
user_19262,1,STIP|VTSAX
user_7171,1,HPE
user_6981,2,FBIN|OSMO|VZ
user_31332,1,FLET|MKTX
user_25799,2,EDIT|MOMAY|RDDT
user_6903,2,META|MOHOW|VZHTT
user_12140,1,LIN
user_24776,2,AMD|NVDAB|QNTJU
user_4451,1,LTHMC|ZSANA
user_8168,1,FBPUS|MQTHI
user_934,1,OPORT|RWLK
user_9962,1,CLX|PMFEB
user_15544,1,POWW|Z
user_22823,2,BHE|DIS|ZSCHA
user_2546,1,AVXL
user_9783,2,BX|ENTG|TSP
user_18234,1,VOOAD
user_27882,1,RIVNA
user_20843,1,HSY
user_11041,1,MOD|USDJP
user_572,1,FUBO|INTCV
user_27746,1,ABB|HIPO
user_28655,1,DAG|RVPH
user_33160,1,CECE|SATL
user_12807,1,FSTX|GRUB
user_31099,1,APVO
user_18916,1,LC|WIRE
user_28848,1,DCP|EPAZ
user_8707,1,SWKS
user_2003,1,AMLX|BTCDI
user_4455,1,RSX|ULTA
user_15604,1,NVMI|PLYPL
user_24508,1,ABBV
user_3212,1,PGTEC|RWTR
user_22947,2,AVEO|MRNA|SINCH|UPSTH
user_4828,5,AAPL|CRK|ELONQ|KMB|LMNDT|PLTRE|SCHV
user_34251,1,KLIC
user_1590,1,AMDCI
user_8151,1,SNX|VBUYS
user_6146,2,IP|PG
user_23734,1,SBUX|SHEL
user_18140,3,ABM|DISWH|QLYS|RGEN|ROKUS
user_8561,1,A
user_30191,2,KSSWO|ORA|TZOOT
user_9514,2,BTCBE|CAH|HONRE
user_26,1,MTD
user_29235,2,FVRRO|XRP
user_23480,1,G|NVMI
user_20844,1,SAVE
user_30789,1,ONEM
user_2694,1,GEO|SYK
user_32,1,BABAW|TWTRR
user_25938,1,CHEF
user_21050,1,DRI
user_27820,1,FBSPE
user_27340,1,AAPL
user_24214,1,PURR|XEL
user_23218,1,EPRT|PARA
user_16813,1,RDS|RNG
user_25381,1,PTONB
user_14219,3,BA|MQ|ZS
user_19877,1,ALLK|ORCL
user_30000,1,SPYAL
user_24522,1,MSFTM
user_10785,1,GILD|SWAV
user_6660,2,AMDCE|AMZN|ASMLW
user_7146,1,BIDU
user_15116,1,FTCHW
user_6577,2,BABAT|DOCUF|INTC
user_7616,3,AABB|AMZN|NOC
user_5120,1,EFA
user_14433,3,AMZN|PYPL|QFOR|QQQSH
user_27980,1,HAIN|OGI
user_12458,1,FOUR|RUSHA
user_29851,1,MGNIO|SITM
user_32465,1,FOUR|NVIV
user_1560,1,NVDAA
user_12961,1,ETHAB
user_24490,3,ADTN|BEETS|F|FND
user_22864,1,SST
user_6258,1,NXRP
user_11073,2,AMZN|SOFIH
user_4978,1,IDEX
user_30158,1,NIOA
user_23267,1,DEA
user_12116,1,PIK
user_7165,1,CATFR|ZBRA
user_28437,1,CHGG|NDX
user_31027,1,MNDY
user_13509,2,CHKPB|PYPL|TLO
user_1329,1,IOBT
user_20363,1,HPNN|POET
user_22830,2,BX|UNHHO
user_21136,1,ARCCA|IWMMO
user_30997,1,DOW
user_19581,1,DISEN|PETS
user_5767,1,BWV|HALO
user_9870,1,EWZ|HAIN
user_5908,1,ADYEN|ZME
user_27188,2,CRM|SEAND
user_24999,2,AVY|DIA|NFLXI
user_13846,1,FCEL|GMAPR
user_2558,1,MUSA|UHOPE
user_1045,2,ENPH|SHW|WING
user_1476,1,KCAL|LEVI
user_9758,2,AMZNB|ATVIB|MARVI|NXM
user_6732,1,MSI
user_14817,1,HOG|QQQPU
user_32417,1,CHNG
user_24872,1,CLOV
user_1891,1,RIBT
user_28874,1,AIZ|VTSAX
user_12482,1,BF
user_32078,1,AMZNW|AVTR
user_31471,1,RKLBS
user_23627,1,APPN|GDYN
user_18677,2,CSPON|SCHM
user_1519,1,DOLE
user_21201,1,FBUY|NET
user_10921,1,TPR
user_6885,1,UEC
user_1091,1,GALA|SQHOP
user_5434,1,BAND|SKW
user_30991,1,CCIV
user_22809,1,DIA|LVSTH
user_22986,1,CMA|HTTZ
user_17869,1,SOFIN
user_17562,4,BBBY|CEI|CKS|MATLO|RAD|SPX
user_20436,2,INTC|UUUU
user_15451,1,GGPI|GRBK
user_3137,1,SWPPX
user_32650,1,NDA
user_29124,1,ENR|TWTRT
user_4637,2,AXSM|LCID
user_25214,1,AAPLA
user_10181,1,ALLG|VISHA
user_1450,1,RICK|SARK
user_30356,1,DHI|TSLQ
user_15198,1,ABM
user_10880,2,GOOG|MZN|SEA
user_12196,1,ABBVW
user_34118,1,CTRA
user_4743,1,AIZ|BAS
user_158,1,RBLXA
user_28337,1,BTBT|CPNGJ
user_1221,1,MPW
user_9220,1,PALL
user_12750,1,ATYNO|PKI
user_19328,3,ECL|MARVI|SBUXW
user_22033,1,PANR
user_4879,2,GMBL|META
user_4745,2,ENZC|NIOLE|SCHDD
user_25487,2,BNDX|HSBC|NFLXD
user_4475,1,KOAUG
user_22863,4,EPS|FOUR|MCDGA|PRM|TSLAI|TSLAW
user_19051,1,HMC
user_53,1,DOGE|MRVLP
user_4810,4,EDIT|HEX|KINGS|LOWWH|MELIC|NNOXI|NXP|RYTM
user_29227,1,METAS|NICE
user_8667,1,SHAK|SYY
user_27218,1,UNHIF
user_17669,1,VICI
user_669,1,BILL|KRVER
user_23786,2,TMUS|VEU|WSO
user_7,4,BX|ENPH|F|WBAST
user_7159,1,DLR
user_24600,1,DM|PYPLC
user_27798,1,MQ|RYOSH
user_5039,1,PEPHT
user_13785,1,ORA
user_21044,1,MATIC|NUPAT
user_18209,1,BIGC
user_29370,1,MCKBO
user_29731,1,PYPLH
user_25294,3,EWBC|FTDR|GTO|NOW|SCHX
user_1479,1,INDO|ROKUA
user_22611,1,ABBV|IEX
user_34159,1,FIVE
user_1092,1,GMEHT
user_22731,2,KO|RIVNC|XOMWI
user_28193,1,DID|UPSTC
user_8197,1,IFF
user_9856,1,KDNY
user_34293,1,PEPTE|VWEDN
user_2499,2,COST|SBLK|SUNW
user_22636,1,FBTHI|THSET
user_20619,1,MRVS|SJR
user_28690,2,COST|HON
user_3476,1,ZME
user_22523,2,ABBVT|INTCR|MSFT
user_884,1,INTCI|PRNT
user_557,1,MNG
user_20490,1,KONOV|SBUXI
user_32476,1,ENPHM
user_13514,1,LESL
user_31507,1,CB|TCEHY
user_28062,1,LMNDD|ROKUU
user_22432,1,MU
user_362,2,AMD|FAST
user_5825,1,PINSB
user_22317,1,MKTX
user_22235,1,VTNR
user_27949,1,MRI
user_21192,1,GRVI|SG
user_33912,1,COINW
user_30444,1,ATOM|NTR
user_27634,3,DPZEN|FRZA|OSK|SAMFR|VINE|ZUO
user_19363,2,AMLX|SNA|ZIMPL
user_23538,1,CRTD
user_19314,1,CRWDD
user_10235,2,COINA|GFSCH
user_28606,1,DOCNG|GMT
user_30310,2,ARHS|NIO
user_15120,2,NEVAD|PG
user_10756,1,SWPPX|UPWKT
user_20956,2,CSCOI|PRCT|QNT|XLNX
user_6893,1,HUM|MMMOW
user_19362,1,TLNT
user_13541,2,CRWDD|LMTJU|QCOMH|WISHL
user_16393,1,BCYP
user_31840,1,AMCNI|NIU
user_20098,1,CRWDW
user_10471,1,STORF
user_10453,1,DINO
user_16324,1,TSEMH
user_24172,1,CMC
user_13498,2,ENVX|KTB|LAD|RMED
user_296,1,BYDDY|WPM
user_9358,1,NEGGI|TLTHT
user_19106,1,DUSCA|WM
user_30325,2,DEN|NIO
user_17867,1,DVN|STZ
user_28720,2,ETSYC|KO|NFG
user_9782,1,ASMIY|PUBMH
user_19355,1,MGNIL
user_17285,2,PYPL|STORG|UUP
user_7618,1,NKEB
user_21016,1,ETD
user_10233,1,MSFTE
user_22951,1,ABTWH|NFLXA
user_28480,2,VLOSS|WJEFF|XLNXR
user_33457,1,ASTSB
user_15872,1,MSFTA|PCAR
user_15407,1,RDBX|YY
user_18851,1,AGR|TUR
user_26435,1,HCSG|MANU
user_11583,1,STARS
user_15702,5,BLBX|BODYN|CXDC|ETHAB|GGII|LUVFR|NANO|PIXY|PLTRA|SHPH
user_12958,2,QBTS|ZS
user_14002,1,ADM
user_4702,2,HYPRO|MOFEB|TSLA
user_1217,3,KFY|XPEV|ZS
user_20280,1,FBNOT|QWT
user_22396,1,OWHIC|WAVE
user_16852,1,CNVA|TBLT
user_6207,1,PHAS
user_31072,1,AYLA|PARAS
user_10930,1,BBIOW
user_1786,2,BLNKW|NFLX
user_9506,1,ODIVI
user_29429,1,GHC|VRAWH
user_26615,1,TTDGO
user_25611,2,ATOM|UAVS
user_4859,2,ROKUD|TSMAU|XPE
user_20788,1,FBP|MDLZ
user_26738,1,KRALL
user_14649,1,AMZNL|OPRX
user_17441,3,CALM|DXT|EWT|NFLXT
user_24860,1,ZIMAY
user_15161,1,KISHU|TXN
user_759,1,CVNAF
user_13100,2,CWEB|PDDAN
user_142,1,SUSHI
user_25694,2,FTNTO|NFLX
user_93,2,PLAN|PYPL|VRT
user_7528,2,GOOG|WMTDI
user_9257,1,SHLS
user_9670,2,SCS|SXTC|UBI
user_26452,1,ETHE|KSPI
user_20108,1,FMBI
user_27528,1,FUTUE|SOS
user_11932,1,XEL|YOLO
user_11761,1,RMO
user_15483,1,BTCDI
user_32664,1,GVSI|XLV
user_2354,2,XPEL|ZS
user_19285,1,INFY|WFG
user_24618,2,AMZNS|CRM
user_8987,1,SPX
user_21203,1,HRMY
user_29175,1,EVCOI
user_27653,2,HPNN|WES
user_6766,1,AAPLD|VTI
user_28210,1,FBLAS|KNEBV
user_18347,2,GOOGL|ZS
user_14266,1,FLOW|SPLV
user_31712,1,VXXJU|ZC
user_20870,1,CRMD|SAFE
user_17781,1,APAM
user_408,1,ETHIN
user_12153,1,SVFD
user_28267,1,BBIH|DRI
user_20987,2,BVXV|KO
user_14840,1,EXPR|YCBD
user_28686,1,ZIMAY
user_1570,14,ACB|AIG|ALK|AMDSH|AUST|BTCDI|CISO|EQIX|FBLAS|GEFIS|GLW|NUOTH|PD|PUBMA|ROKUC|RSX|RTXMO|XOMHE
user_4854,3,CRM|NKTX|PYPL
user_7911,1,TCHEY
user_24042,1,COMP
user_3582,1,SG
user_26515,1,MP|SI
user_25335,1,PATH
user_437,2,KTTA|NIO|ZSDAT
user_17798,1,ROKUU
user_9899,2,INTC|MCHP|PRX
user_33453,1,HAFC
user_16436,1,CVNAT
user_15535,2,ALLPE|AMD
user_12479,1,AMZNI
user_9657,1,ESTY
user_23790,1,FVRR|GBTC
user_12291,2,MSFT|TXNWH
user_26920,1,AEMD
user_27867,1,BAHAV|NOCPH
user_21149,1,SUN
user_16683,2,EXPRE|PG
user_21315,1,CURI|METAH
user_21002,2,AVT|HEX|NTNX
user_3899,1,ALLY|RGEN
user_155,1,PAYS
user_3003,2,ANET|BATS|PG
user_28854,1,ATH|RNDR
user_26911,1,CREE|LOWSE
user_614,1,COVID
user_31788,2,CHR|META|PVH
user_31567,1,FRZA|PYPLD
user_16402,2,LCX|MRVI|PG
user_167,2,INFY|INTC
user_12580,1,SUNW
user_27673,2,AMD|CRSP|XMR
user_12022,2,KO|SMOG|TU
user_30433,1,AZNAN
user_22470,2,BENE|META|XPEVH
user_13050,2,DNFLX|PG
user_24954,2,SOUN|VZ
user_23947,1,LVS|MSFTW
user_2875,2,BIGC|BKU|PYPL
user_18899,2,FBBEA|SPOTD|YCBD
user_13876,1,BIGC
user_7245,2,LTCHT|PTONB
user_13645,1,ETHAB
user_801,1,GMEGL
user_7551,1,ABNBS|DT
user_11278,1,LUV
user_2885,1,ATVIP
user_4609,1,DRUG
user_24160,1,SNOW|ZIONT
user_5506,1,IEP
user_12687,1,APPSN|TSN
user_9191,2,FBBUT|FSLRB|PSNL
user_3322,1,MAIN
user_19429,2,ENPH|FOOD|UBERT
user_33890,1,NVAX
user_23353,2,AGC|FISVB|VZHTT|WMTBE
user_6470,1,ENPHG|FFND
user_7505,1,AMZA
user_21446,1,FUTUE
user_877,1,NUPAT|TDIVI
user_6501,1,DEGEN|NFLXS
user_28253,1,FFIV|LMNDD
user_3229,1,EGLD|ORA
user_2938,1,FBGUI
user_12891,1,QBTS
user_4739,1,CAG|CCCX
user_1569,1,MVRS|NFLXO
user_22471,1,AMT|BKX
user_13697,1,IINN
user_22445,1,TSMFI|VEEV
user_22602,1,NVDIA
user_23322,1,HSDT
user_10176,3,AAPL|CF|ZS
user_33508,1,SPYPL
user_7884,2,APLD|NFLX
user_25162,1,CELHH
user_1588,1,ASSA|TDOCH
user_25784,1,THO
user_1822,2,ASMIY|CRM
user_21364,1,ESS|KFY
user_34041,1,QCOMC
user_6596,1,OPEN|QSR
user_20146,1,SHAK|WMENE
user_8378,1,COUSD
user_31479,1,NXTP|VTV
user_15251,1,PGNET
user_7721,1,ENBAN
user_30082,1,LINK
user_32871,1,LSK
user_33158,1,LIBER
user_19905,1,CRMOR|DNUT
user_15157,1,ENPHC|YCBD
user_7802,2,LSK|XPEV
user_4831,4,ENPH|GOOG|PHAS|VISM
user_12430,1,HNST|LVSTH
user_18892,2,BKLN|CMC|CTAS|RUNSH
user_24595,1,IEX|XPEVS
user_19547,2,SJI|VTRS
user_8185,1,SCS
user_29051,1,OPK
user_4894,1,MELIM|VICI
user_29246,2,AFRMD|LSK
user_31467,1,AFRMH
user_12927,1,JOBY
user_30552,2,ASC|MCRT|NFLX
user_25449,5,AGC|AMDI|BTCHT|CCLES|DASH|EXOD|KOMCD|TTOO|ZUO
user_34279,2,CRM|OLPXI
user_24830,1,TCHEY
user_24858,1,NRBO|SHOPC
user_20241,1,TRRXF
user_12187,1,MSFTW|NIOTH
user_9127,1,AMCLE|ZI
user_11522,2,ABNBO|IR|PG
user_15707,1,BPH
user_6741,1,PSA|SHIP
user_19719,1,ETHE
user_31728,1,KFY|SSTRE
user_30723,3,AMZN|F|XAU
user_15587,3,BON|COSTB|LCIDS|ZS
user_1796,1,ALK
user_34276,1,FMX
user_4742,1,MRAI
user_8928,1,COINH|ETH
user_15220,1,XOP
user_29654,1,CVS
user_8964,1,WNW
user_31822,1,ABBVF|ISPC
user_25057,2,AMZNR|GOOG|XEL
user_12746,1,CRSR|NCLH
user_31516,2,PBR|VRT|W
user_28474,2,CNTX|CREE|DOW|TREX
user_14438,1,ONEX
user_20653,1,KWEB|MEDP
user_21835,1,UPSTE
user_31358,1,PYR|SEBUY
user_27148,1,CARG|MSFTG
user_3958,1,HTR|TSCO
user_24339,1,SKLZF
user_27617,1,NVDA
user_20868,1,HOG|VVIX
user_5650,1,AYX
user_32745,1,FNKO|QSR
user_17725,1,ACI|NNOXI
user_29414,1,TTDGE
user_8909,1,VEEVI
user_32874,1,THCA
user_32228,2,ERIC|MPSOL|MVVYF
user_27328,1,FBBY|SHWGR
user_14596,1,FARA
user_4329,1,VXX
user_26461,2,ALIF|AMCLO|F
user_15131,1,IAC
user_9956,1,EMN|FBWHA
user_27254,1,QQQHT
user_23129,1,CELHM|TXNCO
user_26180,1,QCOMT|XLF
user_25156,1,GSK
user_11362,2,AMZN|GST
user_1514,1,CEL|JEPI
user_7939,2,BTTX|DEA
user_16533,1,KIND|LMNDT
user_28072,1,APPL|IRTC
user_14316,2,ABB|HOLE|NIO
user_27420,2,IMRN|META|SIOX
user_25902,1,ACCO
user_32320,1,RIBT
user_30771,1,KSU|OPRA
user_6093,1,AMZNU
user_8445,1,ABNBA|FNF
user_20427,2,AWRDI|GWW|NBR
user_23461,1,TVISA
user_1055,1,CAMP
user_24955,1,AQN|UUUU
user_18062,1,MTB|NVDAS
user_7375,1,HSBC|MDBWA
user_30211,1,WEJO
user_8329,1,BABAW|CHEF
user_26474,1,NXTP|SJR
user_31946,1,FHTX|USFD
user_29666,1,BAT|PSFE
user_9926,1,BIDU|DVN
user_11255,1,ABBVD
user_19200,1,DPZEN
user_15364,1,SKYH
user_3428,1,LTHMC
user_721,1,SJT|TWITH
user_14650,2,AMDEA|CPNGJ|NKERB
user_21923,1,PYCR
user_18175,1,NOV
user_28838,1,UPRO
user_10005,1,BBBY|QQW
user_23847,1,FDS
user_25883,1,CMA
user_3494,1,ADSK
user_28772,1,KIM|PLNHF
user_24950,1,CMGMC
user_7851,2,BANA|SQAT|XPEV
user_7705,1,NTES
user_18215,1,KLIC
user_27808,1,BTQ|SIX
user_21237,1,SPWR
user_29081,1,LINK
user_27784,1,GOOGH|LIT
user_2931,1,AAL|VIXLE
user_18025,1,TWLO
user_32395,2,CRMHE|PYPL|SHOP
user_22413,1,HOODT|WFG
user_21607,1,CWEN|DLO
user_15892,1,VYGVF
user_20859,1,FOXA
user_28732,1,JNJRE|SLGG
user_5189,2,AMZNL|GOOG|KSS
user_6337,2,RYH|TSLA
user_16919,2,AMD|COM|SAND
user_21173,1,AYRO|QSGRE
user_2716,1,DBC|HFC
user_30154,1,CPIX
user_4449,1,ANGH
user_21646,1,AMGN|QNRX
user_25951,1,HTZZ|QQQNA
user_33225,1,SLV
user_19966,1,SPX
user_26195,1,HUT
user_11423,2,HTR|INTC
user_26767,1,CVNAF
user_1078,2,AMBAC|HBAN|NOC
user_2812,1,FDN|PAG
user_13032,1,HDC
user_25274,1,IEA|MVRD
user_4641,1,DDD
user_5274,1,SG
user_21624,1,AMSWA|DOGEZ
user_8493,1,DOX
user_4767,1,MXC|WEN
user_29702,2,AAPL|FSLRA
user_12636,1,DDOGA|SNDX
user_18718,1,DAC|ENR
user_11599,1,PAAS|SQQQ
user_20281,1,BLI|DIDI
user_15289,2,PYPL|SPOTD
user_5414,1,NA|VOOTH
user_13594,1,PM|SAVAB
user_31961,1,GMR
user_5544,1,FTCHW|TRMR
user_12751,1,ALT|DGX
user_32741,1,BRCC|COMP
user_1333,2,ADTX|HKD
user_10883,1,ROKUN
user_11666,1,MCD
user_11545,1,AVY
user_5259,1,TGTAP
user_14439,1,MSTF
user_15835,1,COSTJ|XEL
user_5331,1,FAZE
user_27107,1,C
user_28262,1,IFNNF|TSLAF
user_12501,2,FBYOU|KO|VTSAX
user_21023,2,LTC|NOC
user_27144,1,MATIC
user_13568,2,BA|MSFTN|TGTTE
user_33417,1,BLOK|MGNIL
user_30020,1,TDOC
user_10006,1,PSH|SSEMI
user_21825,1,NEEFO|SBUXA
user_15391,1,CRTD|MAR
user_33056,1,MRVI|RR
user_22526,2,BESOF|SMOG|SQQQ
user_3599,2,AFRMT|QS|VISIO
user_34176,1,CODX
user_12363,1,ABNBS|COUP
user_2333,1,KODK
user_25372,1,DISHU
user_27515,1,BAX|JJC
user_14410,4,CRM|CWEB|RGEN|TSLA|TSM
user_31220,1,TSN
user_30336,2,HCDI|JWN|LCID|TDIVI
user_16551,3,FUN|NNOX|TXN|VZ
user_6733,1,FBNOT|WRLD
user_1742,1,ATTOT|RENT
user_1834,1,MCDGA
user_6174,2,AMKR|META|MMF
user_20971,1,AAPDS|MAWAR
user_9854,1,NVR|XFRI
user_30032,1,MGNIO|UNFI
user_3591,2,BX|GMEDI|VRX
user_2820,1,ATZ
user_6515,2,IDEX|TSM
user_33575,1,AFRMH
user_3601,1,COHU|PBF
user_3603,1,LCIDC|MIME
user_1865,1,CROX
user_24443,1,PGSOU|SJI
user_31896,1,CXDC|PWR
user_25146,1,PARA
user_2933,1,AAPDS
user_6531,1,AAPS
user_20873,1,FBJUS|FVRR
user_20041,1,STAA
user_32715,2,GOOG|MMMMI
user_32598,1,NDAQ
user_13880,1,MSFTR
user_7158,2,AAPLG|CRM|EW
user_1264,1,NIONI
user_29277,1,CDLX|PHARM
user_730,1,EGLD|SRTS
user_22905,1,SABR
user_3301,1,CHTR|LTCHT
user_21709,3,BA|MGM|SPOTW|VGK|ZIONT
user_33625,1,DTST
user_1562,1,ALL|WEBL
user_8057,1,AMZNW|CORN
user_11552,1,JNJ|UBS
user_17262,1,DCRC
user_27612,1,AMDNO|BXHTT
user_7214,2,BULL|MSFT|SRTS
user_13264,1,FBREB|SPLK
user_7575,1,BSW|VRT
user_29755,1,APPSH|XOMBU
user_21616,1,NNN|TSLAU
user_33577,1,WJEFF
user_8414,1,CRM|SESHO
user_21970,1,BAON|MBWM
user_26534,2,NFLX|NXPI|SYY
user_3046,1,DBX|LRCXF
user_25285,1,BTCSQ
user_16116,1,LCIF
user_23530,1,RBLX
user_28186,1,MUDRO
user_10762,1,QNRX
user_2535,1,ILAG|SAITA
user_23511,2,BYD|DIS|MOFEB
user_3789,2,F|LOGI
user_19738,1,KDA
user_19949,2,ATOM|CRM|IOTA
user_19842,1,COTYA
user_27211,2,CHL|FICO|FMC
user_17942,1,PYPLG
user_32336,1,RDS|RIOT
user_30694,1,DISRO
user_20295,1,BETZ|SAM
user_23391,1,GT
user_9402,1,SNAPX
user_3148,2,BRKB|CSTAR|EC|MRAI
user_25464,1,GMEON|TSRI
user_21516,2,DVAX|KOMCD|TIVC|ZSWHA
user_3768,2,BODY|MTB|THO
user_2194,1,NASA
user_25667,3,PKG|TSLA|VZ
user_3997,4,BTCBE|FBHTT|MOGRO|MSFTP|MST|SKLZF|STEP
user_4626,1,KLAC|XOMBU
user_23297,1,MOV
user_33371,1,TDIVI
user_7394,1,FLGT
user_23632,2,AEO|FBREM|TSM
user_20776,1,IWMBU|NKERB
user_10776,2,BX|NEEFO
user_16863,1,AAPLB|SOX
user_32253,1,SDC|SUMO
user_6958,2,ACHL|SOLHT|XPEV
user_11285,1,FANTO|KSPI
user_13476,1,ILAG
user_6586,1,ABBVW|CCMP
user_5743,1,AMX|HYG
user_5932,2,F|HTCR
user_20421,1,OPRX|WMB
user_29447,1,PBR|UNP
user_12793,1,CBSH
user_10616,3,APH|EBAY|FBHTT|NDA|NFLX
user_32786,1,UPWKT|VTWO
user_11537,2,CMG|DOGEZ|RIVIA
user_33271,1,HOODI|NIOCL
user_22608,1,NFLXD
user_33116,1,TZOO
user_21667,1,LCTHU
user_19627,1,NUTX
user_12090,1,PHAS|SPCE
user_22189,1,AMCLO|SCHV
user_16854,1,IFNNY
user_23522,1,AMZNT|DELL
user_5525,1,SYN|ZIDAT
user_4181,1,FBROO|FHTX
user_5865,2,COST|VYNT
user_22598,2,MSFT|NVDIA|QQQVI
user_30362,1,JBGS
user_16918,2,NFLX|RHCLO
user_13070,1,MOBQ
user_26060,1,AMC
user_2187,1,DWACW|ROIUC
user_8600,1,FBBY
user_26583,1,WING
user_11069,1,HDPRE|SHUEY
user_17181,1,BZUN|UST
user_21856,1,AAPLS|CROX
user_29571,1,NVDAN|ROKUS
user_3109,2,AAPL|DPSI|VFOCU
user_6846,2,AKLIH|ELON|NLY
user_18404,1,SONM
user_24683,1,AMDBR|ENSV
user_21860,1,AGRI|ALLYT
user_3455,1,JJC
user_715,2,FTAI|STM|UNHIF
user_7509,1,DTST
user_24768,1,IWO
user_29762,3,AMD|NFLX|STLD
user_24998,1,NILE|TSLAH
user_10590,1,ERIC|SIOX
user_21757,1,BACLI
user_32293,1,SCHX
user_29993,1,SPYLO
user_30066,1,BAHAV
user_11714,2,HTR|NETSE|ROKUN
user_16796,3,BACLI|XPEV|ZS
user_1153,1,ABM
user_19955,1,SU
user_8776,1,FAST|IDXX
user_18184,3,ARKO|KRSOL|PATH|RIVIA
user_23253,1,ROKUA
user_2135,1,AOSL|SNE
user_34158,1,KKR
user_4888,2,AIRS|APA|APPH|BWV
user_31532,1,XPO
user_23678,2,ALL|DFENT|NIO
user_24257,2,AMDFU|DIS|OCGN
user_21311,1,DISTH
user_23623,1,AGG|CELHC
user_21345,1,CXW|OSK
user_20553,1,BYDI|TKAT
user_8254,1,AGL|NFLXR
user_27314,1,GEBRF
user_1393,1,CIVX
user_18050,1,DISEN|ENSV
user_23246,1,GEGI
user_13363,1,DCRC
user_12947,3,EPIK|NFLX|TSM
user_3015,1,XIL
user_5947,2,CCLWA|XPEV
user_1919,1,LOVEL|USFD
user_23135,1,BRK
user_12613,1,CRMPR|SOFIH
user_22203,1,EVONO|SBUXA
user_23105,1,GCLT
user_9989,1,SMCI
user_3021,1,FBTUE|TDOCH
user_13638,1,MUGRO|NEM
user_29327,2,DIS|FSK|VZ
user_26258,1,BB|HEINY
user_2926,1,NDQ
user_4263,2,MSFT|NIOFR|THMO
user_4434,4,GDX|HCA|KTTA|NICE|ONCT|SFT|TTDGO
user_23676,1,BATS|XOMDO
user_34087,1,BAND|COM
user_14087,1,IREN
user_305,1,AMCGR|DX
user_33717,2,DISHU|KO
user_23962,1,MERC|V
user_20296,2,AMZN|NIO
user_27184,2,AYX|COINS|ZS
user_14486,1,BIGC
user_13972,1,RIO
user_25605,2,LILM|MSFT|SLABW
user_109,1,MRVI
user_33776,1,PSNL|VFC
user_25752,1,EWBC|GRUB
user_27064,1,WWATC
user_9981,1,EXAS|REGND
user_31683,1,AMZND
user_1967,1,CGRN|LANC
user_29049,1,ARRY
user_16485,1,NVDAG
user_22755,1,JNJB|PZZA
user_26618,1,RBLXA|ROKUE
user_4568,1,CMPS|VTNR
user_9017,1,AZPN|SNOWE
user_19651,1,GTLB
user_14,1,KSSWO
user_2488,1,CPNG|FANTO
user_20799,2,CATFR|ZS
user_8170,1,DDOGE
user_4647,1,FLWS|WRK
user_2710,3,FQ|FTS|METX|NOC|SEMER
user_22327,2,INTC|SAITO
user_2323,2,AMDSE|LTNC|SJI
user_29840,1,AIZ
user_25658,1,FTS
user_13623,1,BABEA|TSLQ
user_6435,1,ETWO|SPYBI
user_15369,1,COINW|SBUXH
user_7959,1,APOG
user_32744,1,POSH
user_1800,1,SLV
user_27279,2,AUPH|SWBI|VV|ZBRA
user_30989,1,FHN
user_18788,3,BA|FNMA|GOOGH|INTCF
user_16764,1,AMDPO|CMI
user_25724,1,NETSO
user_32973,1,LICY
user_8431,2,LTNC|PSLV|SKY
user_9074,1,SPOTD
user_26629,1,AAPL|LMTUT
user_28697,1,AFL|FXI
user_17416,3,AAPL|IMCR|INTC|ZPLUS
user_22558,1,AVEO
user_11669,1,AMRS
user_25092,1,BMY|SOFIS
user_6805,2,BX|JPMNO|TSLAP
user_15886,1,TSLS
user_9181,1,TWTR|YOLO
user_14795,1,FRHC
user_607,2,BIGC|FLET|GOOG
user_8825,1,VTRS
user_32113,1,SLB
user_13963,1,FBREC|KXA
user_30239,1,MCDMI
user_31878,1,H|MATIC
user_3341,1,EQIX
user_12512,1,AMDBR|TREE
user_5103,1,QCOMT
user_12670,1,WRLD
user_31835,2,VYMVA|WNS
user_14677,1,MRI|RNR
user_29600,2,BGS|PYPL|XLC
user_4801,1,QSR
user_10788,2,ATY|SJT|VGROW
user_33034,1,GRNQ
user_6716,1,CSTAR
user_12032,1,HOOD
user_14949,2,BA|COUP
user_32004,1,NTAP
user_31290,2,AAPL|SDS|TSLAG
user_1294,2,BOND|INTC
user_9840,1,AMDHT
user_16269,1,QBTS
user_11056,1,NKEI
user_19740,1,SFIO
user_23983,1,AXS|PYPLH
user_12084,1,FBPUS|NLS
user_18981,1,ETWO|SCVL
user_16319,1,PSTH
user_19035,1,NK
user_20495,1,BZ|SOLHT
user_4158,2,F|ZSHTT
user_25858,1,VYGR
user_33967,1,IMPXH
user_24997,1,ARVL|VIXAT
user_9328,1,AMZA
user_17588,1,INTL
user_8056,1,RGEN|WPC
user_12659,2,MSFT|NEAR
user_12059,1,DGEO|GLJ
user_14808,1,BNSO|IVV
user_14800,2,AAPLI|FBPAS|GNRC
user_22050,1,NVAX
user_3000,1,DSIGR
user_17923,1,WCN
user_14993,1,AMRS|INTCI
user_546,1,VFC
user_7929,1,CPER|RENN
user_7761,3,INTC|SQHTT|TSLA
user_27270,1,LMNDT|NQ
user_19166,1,ZION
user_11082,1,DOGO
user_15816,1,GSAT|SINCH
user_11263,1,JWN|ZSTIE
user_16801,1,AVGOR|SBUXB
user_30332,1,BAENT|WES
user_23277,1,SUNW
user_13627,1,ABNBC
user_24425,1,GMMOR|PYPLL
user_20149,2,BA|NFLXJ
user_14681,1,ATI
user_12258,2,CXO|GOOG
user_16104,1,BYDDY
user_32093,1,WEBRW
user_31370,2,AVTR|ENPH|NEEAR
user_31364,1,APP|DAR
user_31929,1,AMRS|TNXP
user_29890,1,CRMHE|IP
user_22446,1,ORPH
user_24679,1,DTST
user_22163,1,AGC
user_23140,2,HDHEA|NIO
user_25191,1,COSTS|MOWHA
user_13883,1,DVN|MOBQ
user_5381,1,OVV|OWUV
user_15105,1,BTC|ETSYC
user_28058,1,DFS|VNOBL
user_25038,1,CPRI|SOSHT
user_1035,2,COST|MRNAB|SHOPH
user_24790,1,BABYT
user_25931,1,FCAU
user_31629,1,AAPLH|CRMPR
user_19711,1,CELHE|OPEN
user_19751,1,LI
user_19813,1,PSA|TRVN
user_33708,4,BITF|KHC|MOB|MTDR|QQQNA
user_931,1,JPMD
user_19112,2,BA|LRCX
user_17290,1,FLOKI
user_32575,1,QCOM|QCOMJ
user_31928,2,BBBYH|SCHB
user_21156,1,TRT
user_6096,1,AZZ|NET
user_11465,2,AMZNV|TSM
user_32176,1,UBS
user_30018,1,TTDGO|ZWATC
user_938,1,DEO|QQQ
user_16232,1,NETCL
user_11633,1,DXY|ZS
user_24389,3,EIDO|KBH|NUPAT
user_31803,1,AAPDS|NIKLA
user_11261,1,PT|ZOO
user_32934,1,ELON|KIBA
user_19493,2,CHRW|ILV|TSATM
user_13344,2,COST|NFLXH|OPRX
user_8481,2,DDOGE|NIOCL
user_5616,2,AMD|OPK
user_29867,1,CGCHT
user_20586,1,ANET|IHI
user_15035,1,CVM|FBHER
user_4985,1,BTCPA
user_14262,1,CRWD
user_26946,1,ACB|SUNW
user_27668,1,FLWS|LYV
user_12376,1,MAN|NETIT
user_15710,1,VZHE
user_7353,1,AMSWA
user_436,2,DIS|FLGT
user_3416,1,JBLUC
user_17222,2,COSTI|TSLA
user_22224,1,RVNA|THTX
user_32780,4,APPSC|BAC|NFLX|RHS|SLB
user_5529,1,VSATO
user_24554,1,CVXBA|KOMCD
user_14015,1,SNY
user_14716,1,RBLX|ROKUN
user_33854,1,AMCRE|APVO
user_10341,3,FBP|FFH|UMC|WOLFA|ZRX
user_24957,1,CSPON|HCM
user_4159,1,SPA
user_34100,1,DHR
user_23451,1,PRPL
user_33141,2,LCX|NSRGY|XPEV
user_25888,3,DIS|DXC|GOOG|STHE
user_11990,2,DCP|ZS
user_27166,1,NIO|QCOMH
user_24801,1,IVC|WAFD
user_27630,1,AMDHA|PWR
user_27366,1,DIS|GINUX
user_20777,1,NXTP|XPEL
user_18346,1,GMEGL
user_9357,1,DEN|VVIX
user_33440,1,NVCT|P
user_30202,1,AAPLN|METAT
user_26756,1,DB
user_15057,1,AMZNO
user_24802,1,VLTA
user_33051,2,CLX|FBHOP
user_15437,2,BA|NSANY
user_4541,1,RGNX
user_13267,2,NFLX|PH
user_27525,1,ATVIP
user_16758,1,XLFSP
user_29497,1,MSFTT|STEP
user_29398,1,AMZNG|WES
user_7725,1,TTC
user_15607,1,TXN
user_18883,1,AFI|IEF
user_6659,1,VSATO
user_27417,1,DISCA|WIX
user_20089,2,KO|NICE|STORG
user_29760,2,CRM|LSK|SPCET
user_19553,1,IMX
user_9869,1,ACHC|WOLFA
user_24907,1,TWTRH
user_32401,1,AMBA|CVNA
user_15828,1,XMR
user_570,2,AIRS|DIS|EXOD
user_13853,1,ABM
user_630,1,APPSN|GOGO
user_27785,1,CDLR|COP
user_16043,1,AEMD|XOMHT
user_34060,2,AMD|CCATE|REM
user_24614,1,HUSAL
user_19758,2,AAPL|GT|VYMVA
user_3907,1,PUBMH
user_12579,1,BABEA|HAS
user_6725,1,NVCR
user_15798,1,AAPLC|NOL
user_8408,1,SPT
user_33568,1,FBHS|TECK
user_12657,1,ATLAS|CEEK
user_32299,1,FBAT
user_10699,2,AKAM|BIDU|GMETH|XLNXR
user_31392,1,SMSN
user_28261,2,BODYN|KO|USDC
user_21308,1,ALPP
user_28995,2,ENLAY|PG
user_4704,1,THSET
user_20631,1,BBIH|BESIY
user_7300,2,BZFD|PYPL
user_6615,1,SPXWI
user_19802,1,FRSH|GWH
user_12155,1,CSOUR|SU
user_20245,1,AVGOR|GMEZO
user_15946,1,UUP|WEAR
user_33375,1,AVID
user_6868,2,DVAX|F
user_2358,1,ATAI|BBIH
user_1416,1,BOA|KBR
user_28295,1,DPLS
user_20396,2,GO|LCIDS|TSLA
user_1547,1,XELA
user_21688,1,ABCL|XOM
user_3186,1,QCOMJ
user_19303,1,RIVNS|ZION
user_1260,1,CAAS|DISCB
user_27592,1,BKKT
user_1596,80793,A|AA|AAA|AABB|AAL|AAON|AAP|AAPD|AAPDS|AAPL|AAPLA|AAPLB|AAPLC|AAPLD|AAPLE|AAPLF|AAPLG|AAPLH|AAPLI|AAPLJ|AAPLK|AAPLL|AAPLM|AAPLN|AAPLO|AAPLP|AAPLQ|AAPLR|AAPLS|AAPLT|AAPLU|AAPLW|AAPS|AAPU|AARK|AAVE|AAWW|AB|ABB|ABBV|ABBVB|ABBVC|ABBVD|ABBVF|ABBVM|ABBVR|ABBVT|ABBVU|ABBVW|ABCB|ABCL|ABEV|ABM|ABMD|ABNB|ABNBA|ABNBB|ABNBC|ABNBH|ABNBM|ABNBO|ABNBS|ABNBW|ABR|ABT|ABTIN|ABTWH|ACB|ACBBO|ACCO|ACHC|ACHL|ACI|ACLS|ACMR|ACN|ACNDA|ACO|ACON|ACWI|AD|ADA|ADAP|ADAPL|ADBE|ADC|ADDYY|ADGI|ADI|ADM|ADP|ADSK|ADSKG|ADTN|ADTX|ADV|ADYEN|ADYEY|AEHR|AEM|AEMD|AEO|AEP|AER|AERC|AESE|AFI|AFL|AFRM|AFRMA|AFRMB|AFRMD|AFRMH|AFRMI|AFRMT|AG|AGC|AGG|AGL|AGNC|AGR|AGRI|AGYS|AHT|AI|AIG|AIR|AIRS|AIT|AIV|AIZ|AJG|AKAM|AKLIH|AKRO|AKZOY|ALB|ALBT|ALC|ALEC|ALGM|ALGN|ALGO|ALICE|ALIF|ALK|ALL|ALLG|ALLK|ALLPE|ALLY|ALLYB|ALLYT|ALNY|ALPP|ALT|ALTO|ALV|ALZN|AMAT|AMATW|AMAZN|AMBA|AMBAC|AMC|AMCFU|AMCGR|AMCLE|AMCLO|AMCNI|AMCR|AMCRE|AMCRI|AMCTH|AMD|AMDAD|AMDAP|AMDBR|AMDBU|AMDCE|AMDCI|AMDCU|AMDDE|AMDDO|AMDEA|AMDEI|AMDFU|AMDHA|AMDHO|AMDHT|AMDI|AMDIF|AMDLE|AMDLO|AMDME|AMDMY|AMDNO|AMDPO|AMDQ|AMDRE|AMDRU|AMDSE|AMDSH|AMDST|AMDTH|AMDVE|AMDVI|AMDWE|AMDWH|AMEH|AMG|AMGN|AMKR|AMLX|AMN|AMOV|AMP|AMPG|AMPH|AMPL|AMPS|AMR|AMRS|AMSWA|AMT|AMTD|AMTMA|AMTWH|AMX|AMZA|AMZN|AMZNA|AMZNB|AMZNC|AMZND|AMZNF|AMZNG|AMZNH|AMZNI|AMZNL|AMZNM|AMZNN|AMZNO|AMZNP|AMZNQ|AMZNR|AMZNS|AMZNT|AMZNU|AMZNV|AMZNW|AN|ANC|ANCTF|ANDE|ANET|ANF|ANGH|ANGO|ANKR|ANSS|ANTM|ANVS|ANY|AOS|AOSL|AOUT|APA|APAM|APD|APDN|APE|APH|APLD|APO|APOG|APP|APPH|APPL|APPLE|APPN|APPS|APPSA|APPSC|APPSH|APPSI|APPSN|APPSV|APRE|APRN|APTY|APVO|APX|AQN|AR|ARCCA|ARCH|ARE|ARES|ARGO|ARHS|ARI|ARK|ARKF|ARKG|ARKK|ARKKR|ARKKS|ARKO|ARKQ|ARKW|ARLP|ARMK|ARRK|ARRY|ARVL|ARWR|ASAN|ASANF|ASC|ASH|ASIX|ASLN|ASMIY|ASML|ASMLH|ASMLW|ASOFU|ASOL|ASSA|ASTR|ASTRB|ASTS|ASTSB|ASTSM|ASX|ATAI|ATCO|ATD|ATEN|ATER|ATEYY|ATGE|ATH|ATHM|ATI|ATKR|ATLAS|ATOM|ATTO|ATTOT|ATUS|ATVI|ATVIA|ATVIB|ATVIP|ATXG|ATXI|ATY|ATYCA|ATYHO|ATYI|ATYNO|ATZ|AUB|AUDI|AUPH|AUR|AURA|AURY|AUST|AUTL|AUTO|AVAX|AVBTH|AVCT|AVEO|AVGO|AVGOF|AVGOR|AVGOT|AVID|AVLR|AVPT|AVT|AVTR|AVXL|AVY|AWK|AWR|AWRDI|AWS|AXIES|AXNX|AXON|AXP|AXPGO|AXPHT|AXS|AXSM|AXTA|AXU|AYLA|AYRO|AYX|AZERO|AZN|AZNAN|AZO|AZPN|AZZ|B|BA|BAALL|BABA|BABAB|BABAC|BABAD|BABAE|BABAI|BABAM|BABAT|BABAU|BABAW|BABEA|BABUL|BABYC|BABYD|BABYT|BAC|BACBU|BACLI|BACMO|BAENT|BAESY|BAHAV|BAHUG|BAI|BAK|BAM|BAMSO|BANA|BANC|BAND|BAON|BAOS|BAP|BARK|BAS|BASE|BAT|BATS|BATT|BAWAT|BAX|BAYC|BB|BBAI|BBBY|BBBYH|BBI|BBIG|BBIGC|BBIH|BBIO|BBIOW|BBLN|BBRY|BBWI|BBY|BCEL|BCMH|BCTX|BCYP|BE|BEAM|BEAMC|BEE|BEEB|BEETS|BEKE|BEN|BENE|BESIY|BESOF|BETZ|BEWI|BF|BFRI|BG|BGFV|BGS|BHE|BIDU|BIDUE|BIG|BIGC|BIIB|BIL|BILI|BILL|BILLI|BILLV|BITF|BITO|BITOI|BJ|BJDX|BK|BKCC|BKE|BKH|BKKT|BKLN|BKNG|BKNGH|BKR|BKSY|BKU|BKX|BL|BLBX|BLCT|BLDR|BLI|BLK|BLKIN|BLND|BLNK|BLNKA|BLNKW|BLOCK|BLOK|BMBL|BMO|BMRN|BMY|BMYHI|BN|BNB|BND|BNDX|BNGO|BNS|BNSO|BNTX|BOA|BOC|BODY|BODYN|BOFA|BOKF|BON|BOND|BOO|BOUV|BOX|BOXD|BP|BPH|BPOP|BPRM|BRCC|BRG|BRK|BRKA|BRKB|BRKBP|BRKNE|BRKS|BRKSO|BRN|BRO|BROS|BRPM|BRQS|BRSH|BRUSH|BRYYF|BSC|BSFC|BSMFA|BSW|BSX|BTBT|BTC|BTCBE|BTCBR|BTCDI|BTCHT|BTCI|BTCMI|BTCNE|BTCNI|BTCPA|BTCSQ|BTCUS|BTCWA|BTF|BTI|BTQ|BTTX|BTU|BTUSO|BUD|BULL|BURL|BUZZ|BVAXF|BVXV|BWV|BX|BXDAN|BXHTT|BXP|BYD|BYDDF|BYDDY|BYDI|BYM|BYND|BYSI|BZ|BZFD|BZUN|C|CAAS|CACC|CACCB|CAD|CAG|CAH|CAJ|CALA|CALLS|CALM|CAMP|CAMT|CAR|CARA|CARG|CARR|CARS|CARV|CASA|CAST|CASTI|CASY|CAT|CATFR|CATLO|CATSE|CB|CBIO|CBOE|CBRE|CBSH|CBSTR|CCATE|CCCX|CCI|CCIV|CCJ|CCL|CCLES|CCLWA|CCMP|CCS|CCWF|CCXI|CD|CDAY|CDLR|CDLX|CDMO|CDNS|CDON|CDSG|CDTX|CE|CEBOU|CECE|CEEK|CEG|CEI|CEIX|CEL|CELH|CELHB|CELHC|CELHE|CELHH|CELHM|CELHT|CELZ|CENN|CF|CFB|CFG|CFLT|CFVI|CG|CGC|CGCHT|CGCO|CGRN|CHD|CHE|CHEF|CHF|CHGG|CHGGT|CHHFI|CHK|CHKP|CHKPB|CHL|CHNG|CHPT|CHR|CHRW|CHTR|CHWY|CHWYN|CHX|CI|CIEN|CIFR|CINF|CISO|CIVX|CK|CKPTR|CKS|CL|CLAR|CLBT|CLF|CLFAN|CLFD|CLFHT|CLH|CLOV|CLPT|CLR|CLVS|CLVT|CLX|CM|CMA|CMC|CMCS|CMCSA|CME|CMG|CMGMC|CMI|CMPS|CMRX|CNBS|CNC|CNI|CNICH|CNK|CNM|CNQ|CNS|CNSWF|CNTX|CNVA|CODX|COF|COHU|COIN|COINA|COINH|COINM|COINP|COINS|COINW|COINY|COLD|COM|COMB|COMP|COO|COP|CORN|CORZ|COST|COSTA|COSTB|COSTC|COSTD|COSTE|COSTH|COSTI|COSTJ|COSTM|COSTQ|COSTS|COSTW|COTI|COTY|COTYA|COUP|COUR|COUSD|COVID|CP|CPB|CPBCH|CPE|CPER|CPG|CPI|CPIX|CPNG|CPNGC|CPNGJ|CPRI|CPRIT|CPRT|CPRX|CRDO|CREE|CRIS|CRK|CRLBF|CRM|CRMD|CRMDE|CRMGO|CRMHE|CRMI|CRMOR|CRMPR|CRNC|CRNCB|CRO|CRON|CROX|CRSP|CRSR|CRTD|CRTX|CRUS|CRVS|CRWD|CRWDD|CRWDE|CRWDG|CRWDH|CRWDS|CRWDT|CRWDW|CRXT|CS|CSCO|CSCOA|CSCOI|CSGP|CSIQ|CSLLY|CSOUR|CSPK|CSPON|CSPR|CSTAR|CSTM|CSU|CSVTI|CSX|CTAS|CTIC|CTRA|CTRU|CTSH|CTT|CTV|CTVA|CTVAD|CUBE|CUBI|CULP|CURI|CVANA|CVE|CVET|CVM|CVNA|CVNAF|CVNAS|CVNAT|CVS|CVSI|CVX|CVXBA|CVXI|CVXUT|CWEB|CWEN|CWH|CWST|CWT|CXDC|CXO|CXW|CYBL|CYBR|CYN|CYRN|CYTK|CZR|D|DAC|DAG|DAL|DAR|DASH|DATS|DAVE|DAX|DB|DBC|DBGI|DBX|DCBO|DCFC|DCI|DCP|DCRC|DD|DDD|DDOG|DDOGA|DDOGC|DDOGE|DE|DEA|DECON|DEDEC|DEGEN|DELL|DEMOD|DEN|DENN|DEO|DFEN|DFENT|DFI|DFS|DG|DGEO|DGII|DGRO|DGROC|DGROT|DGWHA|DGX|DHI|DHR|DIA|DIAHT|DID|DIDI|DINO|DIS|DISCA|DISCB|DISCH|DISCK|DISCO|DISDO|DISDR|DISEN|DISFI|DISFO|DISFR|DISGO|DISH|DISHB|DISHU|DISIF|DISNE|DISPA|DISQ|DISRO|DISTH|DISWA|DISWH|DISWO|DJCO|DJI|DJIA|DJIFR|DKNG|DKNGC|DKNGD|DKNGH|DKNGZ|DKS|DLNG|DLO|DLR|DLRMO|DLRWH|DLTR|DM|DMTK|DMYQ|DNA|DNACL|DNFLX|DNUT|DOBO|DOCN|DOCNA|DOCNC|DOCNG|DOCNS|DOCS|DOCU|DOCUF|DOCUH|DOE|DOGE|DOGEZ|DOGO|DOLE|DOMO|DOOG|DOOR|DORM|DOT|DOV|DOW|DOX|DPLS|DPRO|DPSI|DPZ|DPZEN|DQ|DRI|DRIO|DRNG|DRTS|DRUG|DRV|DRVN|DSIGR|DSP|DT|DTSLA|DTST|DUK|DUOL|DUSCA|DUSD|DV|DVA|DVAX|DVN|DVY|DWAC|DWACW|DX|DXC|DXCM|DXT|DXY|DXYHT|DY|EA|EAR|EB|EBA|EBAY|EBON|EC|ECL|EDIT|EDMAT|EDR|EDU|EE|EEM|EFA|EFTR|EFX|EGC|EGHT|EGLD|EGLDQ|EGLX|EGLXI|EGLXO|EGP|EGRNF|EIDO|EJH|EL|ELAN|ELON|ELONQ|ELS|ELSE|ELY|EMB|EMBRA|EMN|EMR|ENB|ENBAN|ENBFO|ENDP|ENJ|ENJY|ENLAY|ENPH|ENPHC|ENPHG|ENPHM|ENPHW|ENR|ENS|ENSC|ENSV|ENTG|ENVB|ENVX|ENZC|EOG|EPAM|EPAZ|EPD|EPIK|EPRT|EPS|EPSIL|EQB|EQIX|EQNR|EQR|EQT|EQUIX|ERIC|ES|ESCA|ESS|ESSC|ESTC|ESTY|ET|ETD|ETH|ETHAB|ETHAD|ETHAL|ETHCY|ETHDI|ETHE|ETHHT|ETHIN|ETHSE|ETHSH|ETN|ETSY|ETSYC|ETSYT|ETWO|EUFN|EURUS|EV|EVBG|EVCOI|EVFM|EVGO|EVH|EVO|EVOK|EVONO|EVVTY|EW|EWBC|EWT|EWZ|EXAS|EXC|EXEL|EXLS|EXOD|EXP|EXPE|EXPI|EXPR|EXPRE|EXR|F|FAANG|FAF|FAMI|FAMIF|FANG|FANH|FANTO|FARA|FAST|FATE|FAZE|FB|FBAT|FBBEA|FBBIT|FBBUL|FBBUT|FBBY|FBCHA|FBCHR|FBCOM|FBDAI|FBDOU|FBETH|FBEVE|FBFIN|FBFOC|FBGAM|FBGET|FBGUI|FBH|FBHER|FBHOP|FBHS|FBHTT|FBI|FBIN|FBINC|FBINN|FBINS|FBJUS|FBK|FBLAM|FBLAS|FBLET|FBLIK|FBLIZ|FBMEA|FBNOT|FBP|FBPAS|FBPEO|FBPUS|FBREB|FBREC|FBREM|FBROO|FBSEQ|FBSIM|FBSPE|FBTHA|FBTHE|FBTHI|FBTOP|FBTOT|FBTUE|FBTWI|FBULL|FBUSE|FBUY|FBWHA|FBWIL|FBWOK|FBYOU|FBZOO|FBZUC|FC|FCAU|FCEL|FCFS|FCX|FCXBE|FCXWA|FDN|FDS|FDX|FDXGO|FE|FEG|FERG|FET|FFH|FFIE|FFIV|FFND|FHM|FHN|FHTX|FI|FICO|FIGS|FINV|FIS|FISV|FISVB|FITB|FIVE|FIVEY|FIVN|FL|FLET|FLGT|FLIKE|FLL|FLOK|FLOKI|FLOW|FLR|FLUX|FLUXI|FLWS|FMBI|FMC|FMCB|FMX|FND|FNF|FNGU|FNKO|FNMA|FOCS|FOOD|FOSL|FOUR|FOX|FOXA|FQ|FR|FRBA|FRBK|FRC|FRGE|FRHC|FROG|FRPHC|FRPT|FRSH|FRSX|FRT|FRZA|FSK|FSLR|FSLRA|FSLRB|FSLRH|FSLRS|FSLY|FSLYH|FSM|FSR|FSTX|FSUGY|FSV|FTAI|FTCH|FTCHW|FTDR|FTESL|FTHES|FTHUR|FTM|FTMSA|FTNT|FTNTO|FTNTT|FTS|FTX|FUBO|FUBOI|FUL|FUN|FUTU|FUTUE|FUTUW|FUV|FUVSO|FVRR|FVRRO|FWONK|FXAIX|FXF|FXI|FXY|FXYHO|FYBR|G|GALA|GAME|GANG|GBTC|GBX|GC|GCLT|GCT|GD|GDDY|GDRX|GDS|GDX|GDXJ|GDYN|GE|GEBRF|GEF|GEFIS|GEGI|GENFL|GENI|GEO|GES|GETY|GEVO|GEWED|GFAI|GFS|GFSCH|GGG|GGII|GGPI|GGPIH|GGR|GHC|GILD|GINUX|GIS|GK|GLBE|GLD|GLJ|GLNG|GLW|GLXY|GM|GMAPR|GMBL|GME|GMED|GMEDI|GMEGL|GMEHT|GMEON|GMESU|GMETH|GMEZO|GMLI|GMMOR|GMPW|GMQ|GMR|GMREV|GMS|GMSOL|GMT|GMVD|GNENF|GNL|GNPX|GNRC|GNS|GNTY|GNUS|GO|GOCO|GOEV|GOGL|GOGO|GOLD|GOOD|GOOG|GOOGD|GOOGE|GOOGG|GOOGH|GOOGL|GOOGM|GOOGN|GOOGP|GOOGS|GOOGT|GOOS|GOVX|GPC|GPN|GPNBA|GPS|GRAB|GRAV|GRBK|GREEN|GRIM|GRMN|GRNQ|GRTX|GRUB|GRVI|GRWG|GRWGF|GS|GSAT|GSG|GSK|GSL|GST|GT|GTBIF|GTC|GTLB|GTLBB|GTLBW|GTO|GTSIF|GVSI|GWH|GWRE|GWW|H|HA|HAFC|HAIN|HAL|HALO|HALWE|HAS|HBAN|HBAR|HCA|HCC|HCCI|HCDI|HCM|HCP|HCSG|HD|HDAPR|HDC|HDCHI|HDHEA|HDPRE|HDTHE|HDTOP|HDWHA|HEC|HEI|HEINY|HES|HEX|HFC|HFG|HFWA|HGV|HHC|HIBB|HII|HIPO|HITI|HKD|HLBZ|HLF|HLI|HLT|HMBL|HMBLI|HMC|HNST|HNTAM|HOG|HOLD|HOLE|HOLES|HOMB|HON|HONHI|HONRE|HOOD|HOODI|HOODM|HOODT|HOSKY|HPE|HPNN|HPQ|HQY|HRB|HRI|HRL|HRMY|HRT|HRTZ|HRZN|HSBC|HSCS|HSDT|HSY|HT|HTCR|HTHT|HTOO|HTR|HTTZ|HTZ|HTZZ|HTZZP|HUBS|HULU|HUM|HUSA|HUSAL|HUT|HUTME|HUYA|HX|HXL|HXSCL|HYG|HYLN|HYMC|HYPRO|HYRE|HYZN|I|IAC|IAS|IBB|IBEX|IBKR|IBM|ICE|ICL|ICNM|IDEX|IDT|IDXX|IEA|IEF|IEI|IEP|IEX|IFF|IFNNF|IFNNY|IGEX|IGSB|IGU|IHI|IHT|IINN|IIPR|IIPRR|IIVI|IJH|IKEA|ILAG|ILMN|ILPT|ILST|ILUS|ILV|IMBI|IMCC|IMCR|IMMX|IMPP|IMPXH|IMRN|IMT|IMX|IMXI|INAZ|INCY|INDI|INDO|INFQ|INFY|INM|INMD|INMDF|INND|INO|INSG|INTC|INTCF|INTCH|INTCI|INTCM|INTCR|INTCS|INTCT|INTCV|INTL|INTU|INTUO|INVE|IOBT|IONQ|IONS|IOT|IOTA|IP|IPGP|IQ|IR|IRBT|IREN|IRM|IRMAD|IRNT|IRTC|IS|ISIG|ISPC|ISPO|ISRG|IT|ITA|ITCI|ITCST|ITW|IVA|IVC|IVR|IVV|IVZ|IWM|IWMBU|IWMKE|IWMMO|IWO|IYT|IZRL|JACK|JAMF|JASMY|JAZZ|JBGS|JBHT|JBLU|JBLUC|JCI|JD|JEPI|JETS|JJC|JKHY|JKS|JMIA|JNJ|JNJB|JNJDI|JNJDO|JNJHI|JNJOC|JNJPA|JNJRE|JNJTO|JNK|JNPR|JO|JOBY|JOBYH|JPEX|JPM|JPMAU|JPMD|JPMFE|JPMHT|JPMNO|JPMVA|JPY|JUNGL|JWA|JWM|JWN|JWNBU|K|KAVL|KBH|KBNT|KBR|KC|KCAL|KDA|KDNY|KDP|KED|KEN|KERN|KEY|KEYS|KFY|KHC|KHS|KIBA|KIM|KIND|KINGS|KISHU|KKR|KLAC|KLAHT|KLEE|KLIC|KLO|KMB|KMI|KMX|KNBE|KNEBV|KNOP|KNX|KO|KOAUG|KOCRE|KODI|KODK|KODO|KOMCD|KONE|KONOV|KOOTH|KOOWN|KOPN|KOSS|KOTEC|KOTHE|KOTUE|KR|KRALL|KRBN|KRL|KRNT|KRSOL|KRTX|KRVER|KRX|KSPI|KSPN|KSS|KSSWO|KSU|KTB|KTTA|KWEB|KXA|KYNC|L|LAC|LAD|LANC|LAZR|LBC|LBRDA|LC|LCI|LCID|LCIDC|LCIDS|LCIDT|LCIDW|LCIF|LCTHU|LCX|LEA|LECX|LEG|LEN|LESL|LEV|LEVI|LFG|LFIN|LFUS|LGF|LGVN|LHX|LI|LIB|LIBER|LICY|LIDR|LIFIN|LIGMA|LIHTT|LILM|LIN|LIND|LINK|LIT|LITER|LITM|LKE|LKMEX|LKND|LLL|LLY|LLYSH|LMFA|LMND|LMNDD|LMNDS|LMNDT|LMNDW|LMNOP|LMT|LMTJU|LMTRE|LMTUT|LMTWE|LNG|LNN|LNR|LNTH|LOGI|LOOKS|LOVEL|LOW|LOWMA|LOWSE|LOWWH|LPTX|LQD|LRC|LRCX|LRCXF|LRN|LSCC|LSI|LSK|LSPD|LSXMA|LTC|LTCHT|LTHM|LTHMC|LTHMP|LTNC|LTSLA|LTUM|LUCD|LUCID|LULU|LUMN|LUNA|LUNAH|LUNC|LUV|LUVFR|LUVMA|LUXE|LVMH|LVMHS|LVMUY|LVS|LVSTH|LW|LWLGE|LYB|LYFT|LYFTC|LYTS|LYV|LYXE|M|MA|MAA|MAFAC|MAGT|MAIN|MAN|MANA|MANU|MANUH|MAR|MARA|MARK|MARS|MARVI|MAS|MAT|MATIC|MATLO|MAWAR|MAXN|MAXR|MBUU|MBWM|MC|MCD|MCDCO|MCDEU|MCDGA|MCDMI|MCDOC|MCDRE|MCHP|MCK|MCKBO|MCO|MCRT|MDAYT|MDB|MDBAL|MDBWA|MDIA|MDLZ|MDLZC|MDT|MDVL|ME|MEDP|MELI|MELIC|MELIF|MELIM|MERC|MET|META|METAE|METAF|METAH|METAN|METAS|METAT|METIS|METX|MEX|MFC|MFST|MGA|MGM|MGNI|MGNIH|MGNII|MGNIL|MGNIO|MICS|MIGI|MILE|MILLI|MIME|MIMO|MIOTA|MJ|MKC|MKL|MKLBL|MKLBO|MKLIN|MKSI|MKTX|MLI|MMAT|MMC|MMF|MMM|MMMAN|MMMAP|MMMBU|MMMGE|MMMHI|MMMMI|MMMOW|MMMRE|MMMWH|MNDP|MNDT|MNDY|MNDYA|MNDYM|MNG|MNGHT|MNMD|MNST|MO|MOB|MOBQ|MOD|MODIV|MOFEB|MOGRO|MOHOW|MOMAY|MOMO|MOS|MOTEC|MOV|MOWHA|MP|MPC|MPSOL|MPW|MPWAL|MPWR|MQ|MQTHI|MRAI|MRAM|MREO|MRI|MRIN|MRK|MRKFR|MRKTH|MRNA|MRNAB|MRNAH|MRNAW|MRNS|MRO|MRTN|MRVI|MRVL|MRVLP|MRVS|MS|MSCI|MSFT|MSFTA|MSFTC|MSFTD|MSFTE|MSFTG|MSFTH|MSFTI|MSFTM|MSFTN|MSFTO|MSFTP|MSFTR|MSFTS|MSFTT|MSFTW|MSGE|MSI|MSIND|MSM|MSOS|MST|MSTF|MSTR|MSTRG|MSTRH|MSTRW|MTB|MTC|MTCH|MTD|MTDR|MTEI|MTN|MTP|MTTR|MTUM|MTVR|MU|MUDAV|MUDRO|MUGRO|MULN|MUNIK|MUSA|MUTOD|MUWHA|MVIS|MVRD|MVRS|MVRSA|MVVYF|MX|MXC|MXL|MYNAN|MYNZ|MYOV|MZN|NA|NADA|NAKAC|NAKD|NAKDI|NANO|NASA|NASDA|NAVI|NBIX|NBIXW|NBR|NCLH|NCNO|NCR|NCTY|NDA|NDAQ|NDQ|NDSN|NDX|NDXIT|NEAR|NEE|NEEAR|NEEFO|NEEWH|NEGG|NEGGI|NEM|NEO|NEP|NET|NETA|NETCL|NETCY|NETI|NETIT|NETL|NETSE|NETSO|NEVAD|NEWR|NEX|NEXT|NFE|NFG|NFLX|NFLXA|NFLXB|NFLXC|NFLXD|NFLXE|NFLXH|NFLXI|NFLXJ|NFLXL|NFLXN|NFLXO|NFLXP|NFLXQ|NFLXR|NFLXS|NFLXT|NFLXW|NFLXY|NFX|NIC|NICE|NIKLA|NIKOL|NILE|NIM|NINE|NIO|NIOA|NIOAL|NIOAS|NIOBO|NIOBU|NIOCL|NIOFR|NIOGO|NIOGR|NIOHA|NIOHT|NIOIS|NIOLE|NIONI|NIOPI|NIOPU|NIOS|NIOSH|NIOST|NIOTH|NIOWA|NIOWE|NIOWH|NIU|NK|NKE|NKEB|NKEBE|NKEC|NKEFE|NKEI|NKEMO|NKENV|NKERB|NKEWA|NKLA|NKLAQ|NKTX|NLFX|NLS|NLSN|NLST|NLY|NN|NNDM|NNI|NNN|NNOX|NNOXH|NNOXI|NOBL|NOC|NOCIS|NOCPH|NOCWE|NOK|NOKBR|NOL|NOV|NOVA|NOVN|NOVO|NOW|NOWTH|NQ|NRBO|NRG|NRSN|NRTB|NSANY|NSAV|NSC|NSRGY|NTAP|NTCT|NTES|NTFX|NTLA|NTNX|NTR|NTRS|NU|NUCON|NUE|NUEDG|NUOTH|NUPAT|NURO|NUTX|NVAX|NVCR|NVCT|NVDA|NVDAA|NVDAB|NVDAC|NVDAD|NVDAE|NVDAG|NVDAH|NVDAI|NVDAM|NVDAN|NVDAR|NVDAS|NVDAT|NVDAV|NVDIA|NVEI|NVIV|NVMI|NVO|NVR|NVS|NVTA|NVVE|NWBO|NWL|NWN|NWS|NXGN|NXH|NXM|NXP|NXPI|NXRP|NXST|NXTD|NXTP|NYCB|NYT|O|OAS|OC|OCGN|OCLG|OCUL|OD|ODFL|ODIVI|OFG|OGI|OHI|OHICO|OI|OIH|OIL|OKE|OKTA|OLED|OLN|OLO|OLPX|OLPXI|OMC|OMCL|OMI|ON|ONB|ONCHA|ONCT|ONDS|ONEM|ONEX|ONKIN|ONNAR|ONON|ONOV|ONTO|OP|OPCH|OPEN|OPK|OPORT|OPRA|OPRX|OR|ORA|ORCL|ORCLA|ORETA|ORGN|ORK|ORLY|ORPH|OSH|OSK|OSMO|OSTK|OTECH|OTIS|OTLY|OTRA|OTRK|OTTR|OVR|OVV|OWHIC|OWILL|OWUV|OXY|OXYBO|OZON|P|PAAS|PAASH|PACB|PACW|PAG|PAGS|PAHC|PALL|PANR|PANW|PANWB|PARA|PARAH|PARAS|PATH|PATHD|PATK|PAVM|PAYC|PAYS|PBCT|PBF|PBIO|PBR|PBRSO|PBT|PCAR|PCG|PCTC|PCTY|PD|PDD|PDDAN|PDDI|PDDWH|PDFS|PDSB|PEB|PEBO|PENN|PENNF|PENNN|PENNW|PEP|PEPHT|PEPRE|PEPTE|PER|PERI|PETS|PETZ|PFE|PFEFR|PFF|PFG|PG|PGJ|PGNET|PGNY|PGPAS|PGR|PGSOU|PGTEC|PGY|PH|PHARM|PHAS|PHG|PHIA|PHM|PHMAF|PHR|PHRRF|PHUN|PI|PII|PIII|PIK|PIN|PINS|PINSB|PINST|PINSU|PIXY|PKG|PKI|PKKFF|PL|PLAB|PLAN|PLAY|PLBY|PLD|PLDHT|PLNHF|PLTR|PLTRA|PLTRC|PLTRE|PLTRH|PLTRI|PLTRM|PLTRT|PLTZ|PLUG|PLYPL|PM|PMFEB|PNC|PNR|POET|POLA|POLC|POOL|POSH|POSHY|POW|POWI|POWR|POWW|PPC|PPG|PPLT|PPSI|PRCT|PRE|PRFT|PRM|PRNT|PROG|PROSY|PRPL|PRQ|PRTS|PRTY|PRU|PRVA|PRX|PSA|PSEC|PSFE|PSH|PSLV|PSNL|PSNY|PSTG|PSTH|PSX|PT|PTE|PTLO|PTON|PTONB|PTOND|PTONJ|PTONP|PTONR|PTONW|PTONY|PTPI|PTRA|PUBM|PUBMA|PUBMH|PURR|PVH|PWR|PXD|PYCR|PYPL|PYPLA|PYPLB|PYPLC|PYPLD|PYPLG|PYPLH|PYPLI|PYPLL|PYPLN|PYPLP|PYPLR|PYPLS|PYPLT|PYR|PZN|PZZA|QBTS|QCOM|QCOMA|QCOMC|QCOMH|QCOMJ|QCOMR|QCOMT|QCOMW|QFIN|QFOR|QID|QLYS|QNRX|QNT|QNTJU|QQQ|QQQAN|QQQBU|QQQDI|QQQFO|QQQHT|QQQHU|QQQM|QQQNA|QQQOV|QQQPR|QQQPU|QQQSH|QQQSO|QQQTH|QQQTR|QQQVI|QQQYO|QQW|QRTEA|QRVO|QS|QSGRE|QSR|QSSOF|QUBT|QWT|QYLD|R|RA|RACE|RACEH|RAD|RAIL|RAIN|RAYVR|RBAC|RBLX|RBLXA|RBLXB|RBLXC|RBLXE|RBLXH|RBLXL|RBLXS|RBLXW|RCAT|RCI|RCL|RCLWI|RDBX|RDDT|RDFN|RDFNS|RDFNW|RDIB|RDS|RDSA|RDW|RDWR|REALM|REGN|REGND|RELI|REM|RENN|RENT|RERE|RES|REV|REXR|RF|RFFUL|RGBP|RGEN|RGLS|RGNX|RGS|RGTI|RH|RHCLO|RHHBY|RHS|RIBT|RICK|RIDE|RIO|RIOT|RIOTW|RIVIA|RIVN|RIVNA|RIVNC|RIVNS|RIVNT|RKLB|RKLBS|RKT|RL|RLX|RMBS|RMD|RMED|RMO|RNDR|RNG|RNGR|RNR|ROG|ROIUC|ROKU|ROKUA|ROKUC|ROKUD|ROKUE|ROKUF|ROKUG|ROKUH|ROKUN|ROKUO|ROKUS|ROKUU|ROKUW|ROL|ROOT|ROP|ROPE|ROSE|ROST|RPRX|RPRXB|RR|RRC|RRGB|RRR|RS|RSKD|RSP|RSSS|RSX|RTX|RTXMO|RTY|RUN|RUNSH|RUSHA|RUT|RUX|RVIN|RVLV|RVNA|RVPH|RVSN|RWLK|RWTR|RY|RYANH|RYE|RYF|RYH|RYM|RYOSH|RYT|RYTEL|RYTM|S|SABR|SAFE|SAFM|SAIA|SAIC|SAIL|SAITA|SAITO|SAM|SAMFR|SAND|SAP|SARK|SASR|SATL|SAVA|SAVAA|SAVAB|SAVE|SAVG|SBAC|SBFM|SBLK|SBNY|SBOX|SBSW|SBUX|SBUXA|SBUXB|SBUXH|SBUXI|SBUXJ|SBUXT|SBUXW|SCHA|SCHB|SCHD|SCHDB|SCHDD|SCHDT|SCHDW|SCHG|SCHL|SCHM|SCHV|SCHW|SCHX|SCL|SCO|SCS|SCTY|SCVL|SDC|SDS|SE|SEA|SEAC|SEAND|SEBUY|SEDG|SEDGD|SEMER|SEMR|SENS|SESHO|SEV|SFINT|SFIO|SFIX|SFM|SFOR|SFT|SFTBY|SG|SGAM|SGFY|SGH|SGHC|SGMA|SGML|SGMS|SHAK|SHARE|SHCR|SHEL|SHELL|SHIB|SHIBD|SHIP|SHLS|SHOLE|SHOO|SHOP|SHOPC|SHOPD|SHOPF|SHOPH|SHOPR|SHOPS|SHPH|SHUEY|SHV|SHW|SHWGR|SHY|SI|SIBY|SIDU|SIGA|SILVE|SIMO|SINCH|SIOTH|SIOX|SIRI|SITE|SITM|SIVB|SIWED|SIX|SJI|SJM|SJR|SJT|SJW|SKIN|SKLZ|SKLZF|SKW|SKWS|SKX|SKY|SKYH|SLAB|SLABW|SLB|SLGG|SLI|SLV|SM|SMAR|SMCI|SMFR|SMG|SMH|SMIC|SMICY|SMLR|SMOG|SMR|SMSN|SNA|SNAP|SNAPC|SNAPF|SNAPS|SNAPT|SNAPX|SNDL|SNDX|SNE|SNMP|SNOA|SNOW|SNOWC|SNOWE|SNOWI|SNPS|SNTI|SNV|SNX|SNY|SO|SOC|SODER|SOFI|SOFIB|SOFIH|SOFIN|SOFIS|SOL|SOLHT|SOLO|SOLPL|SON|SONM|SONO|SONVY|SONY|SOPA|SOS|SOSHT|SOUL|SOUN|SOX|SOXL|SP|SPA|SPACE|SPCE|SPCET|SPELL|SPG|SPGGR|SPGI|SPHB|SPIRI|SPLK|SPLV|SPOT|SPOTD|SPOTE|SPOTF|SPOTR|SPOTT|SPOTW|SPPI|SPRT|SPT|SPWR|SPX|SPXC|SPXLA|SPXTH|SPXU|SPXW|SPXWI|SPY|SPYAL|SPYBI|SPYBO|SPYBU|SPYCL|SPYIF|SPYLO|SPYMA|SPYNA|SPYNE|SPYOP|SPYPL|SPYRE|SPYSE|SPYTE|SPYTH|SPYYO|SQ|SQAI|SQALI|SQAT|SQB|SQBEA|SQDAT|SQHOP|SQHTT|SQM|SQQQ|SQSNA|SQSPO|SRC|SRG|SRTS|SSEMI|SSNAP|SSNLF|SST|SSTLE|SSTRE|STAA|STAG|STAGC|STAGE|STAGR|STAGW|STARS|STBA|STEM|STEP|STHE|STILT|STIP|STLA|STLD|STM|STNE|STNG|STOR|STORB|STORD|STORF|STORG|STORM|STRAV|STRN|STRON|STRR|STSS|STT|STUDY|STX|STZ|SU|SUI|SUMO|SUN|SUNW|SUSHI|SVFD|SVM|SWAV|SWBI|SWBK|SWCH|SWIM|SWIR|SWK|SWKS|SWMA|SWPPX|SWX|SXTAN|SXTC|SYA|SYF|SYFDI|SYK|SYN|SYNA|SYNC|SYR|SYS|SYTA|SYY|SYYSO|T|TALI|TAN|TAP|TARO|TASK|TBK|TBLT|TBPH|TBT|TCEHY|TCHEY|TCOM|TCON|TCS|TD|TDG|TDIVI|TDOC|TDOCA|TDOCH|TDOCI|TDY|TEAM|TECK|TEL|TELL|TENB|TER|TERHT|TESLA|TEVA|TFC|TGL|TGT|TGTAP|TGTDO|TGTNO|TGTSE|TGTTE|TH|THC|THCA|THETA|THEY|THMO|THO|THSET|THTX|TIA|TIGR|TIME|TIMEA|TIP|TISI|TITN|TIVC|TJX|TKAT|TLA|TLNT|TLO|TLRY|TLSA|TLSAQ|TLSAR|TLT|TLTHT|TLTNE|TLTSH|TM|TMDX|TME|TMHC|TMNA|TMO|TMUS|TNDM|TNET|TNP|TNR|TNX|TNXP|TOELY|TOI|TOL|TOMB|TONR|TOR|TOST|TPB|TPH|TPL|TPR|TQQQ|TR|TRADI|TREE|TREX|TRIN|TRIT|TRMR|TROW|TROWA|TROWW|TRRXF|TRT|TRTN|TRU|TRUP|TRV|TRVN|TSAT|TSATM|TSCO|TSCOB|TSCOE|TSCOR|TSEM|TSEMH|TSHAR|TSLA|TSLAA|TSLAB|TSLAC|TSLAD|TSLAE|TSLAF|TSLAG|TSLAH|TSLAI|TSLAJ|TSLAK|TSLAL|TSLAM|TSLAN|TSLAO|TSLAP|TSLAQ|TSLAR|TSLAS|TSLAT|TSLAU|TSLAV|TSLAW|TSLAY|TSLE|TSLH|TSLL|TSLQ|TSLS|TSM|TSMAU|TSMC|TSME|TSMFI|TSMHT|TSMPE|TSN|TSP|TSRI|TTC|TTCF|TTD|TTDCH|TTDCL|TTDEV|TTDFI|TTDGE|TTDGO|TTDHO|TTDMA|TTDSO|TTE|TTOO|TTWO|TU|TUPHT|TUR|TVISA|TWITH|TWLO|TWNK|TWOU|TWST|TWTR|TWTRA|TWTRB|TWTRH|TWTRI|TWTRM|TWTRR|TWTRS|TWTRT|TX|TXG|TXN|TXNCO|TXNRA|TXNWH|TXT|TXTM|TYDE|TYX|TZOO|TZOOT|U|UA|UAA|UAL|UAMY|UAN|UAVS|UBER|UBERT|UBI|UBS|UBSMO|UCHIN|UCTT|UCYBE|UDIGI|UDMY|UDR|UEC|UEVS|UFI|UFING|UFO|UFPI|UHAL|UHOPE|UHTTP|UKOIL|UL|ULET|ULONG|ULTA|ULVR|UMANY|UMAYB|UMC|UMG|UNA|UNF|UNFI|UNG|UNH|UNHC|UNHDO|UNHEX|UNHHO|UNHIF|UNI|UNP|UOG|UONE|UOS|UOWN|UPRO|UPS|UPST|UPSTA|UPSTB|UPSTC|UPSTD|UPSTE|UPSTF|UPSTH|UPSTI|UPSTM|UPSTO|UPSVI|UPSWE|UPWK|UPWKT|UPWKW|URA|URBN|URGN|URNM|USAC|USAP|USB|USBSO|USD|USDC|USDJP|USDP|USDT|USFD|USHE|USNA|USO|UST|USWS|UTHR|UTK|UUP|UUUU|UVIA|UVV|UVXY|UVXYT|UWHAT|UXIN|UXINC|V|VALE|VALEC|VALN|VAND|VB|VBUYS|VCAR|VCOCA|VCOME|VDADX|VEA|VEEV|VEEVI|VEON|VERT|VERU|VET|VEU|VFC|VFI|VFIAX|VFINT|VFOCU|VGID|VGK|VGROW|VGT|VIAC|VICI|VIEW|VIG|VINCI|VINE|VIOT|VIR|VISHA|VISIO|VISL|VISM|VIX|VIXAT|VIXFO|VIXLE|VLE|VLNS|VLO|VLON|VLOSS|VLTA|VMC|VMEO|VMOHN|VMW|VNET|VNOBL|VNOM|VNOMW|VNQ|VNTH|VO|VOLT|VOO|VOOAD|VOOTH|VORBH|VOSO|VOW|VRA|VRAR|VRAWH|VRAX|VREIT|VRM|VRPX|VRSN|VRT|VRTI|VRTS|VRTX|VRTXO|VRX|VSAT|VSATO|VSCO|VSUPE|VTG|VTI|VTNR|VTR|VTRS|VTSAX|VTV|VTVT|VTWO|VUG|VUZI|VUZIE|VV|VVERI|VVIX|VVS|VVV|VW|VWAGY|VWED|VWEDN|VWEWA|VWHAT|VWHIC|VXAPL|VXN|VXRT|VXX|VXXJU|VYGR|VYGVF|VYM|VYMDI|VYMVA|VYNT|VZ|VZDEC|VZHE|VZHEA|VZHTT|VZJUN|VZMAR|VZREI|VZRET|W|WAFD|WAL|WAT|WAVE|WB|WBA|WBAST|WBD|WBER|WCLD|WCN|WDAY|WDC|WE|WEAR|WEAT|WEBL|WEBR|WEBRW|WEJO|WELL|WELT|WEN|WERN|WES|WF|WFC|WFCBO|WFCDE|WFG|WGO|WGOTH|WH|WHEN|WHR|WILD|WING|WIRE|WISH|WISHL|WISHT|WISHW|WIX|WJEFF|WKHS|WKR|WLL|WM|WMB|WMENE|WMG|WMS|WMT|WMTBE|WMTCO|WMTDI|WMTHO|WMTSQ|WNS|WNW|WOLF|WOLFA|WOOF|WORK|WPC|WPCWH|WPM|WRBYD|WRK|WRLD|WSC|WSM|WSO|WST|WTER|WTRH|WW|WWATC|WWE|WYNN|WYNNG|WYNNW|X|XAU|XBI|XCUR|XDC|XEL|XELA|XFRI|XHBGR|XI|XIL|XL|XLB|XLC|XLE|XLF|XLFSP|XLI|XLIGR|XLK|XLM|XLNX|XLNXR|XLP|XLRE|XLU|XLV|XLY|XM|XMR|XNO|XOM|XOMBU|XOMDI|XOMDO|XOMHE|XOMHT|XOMNO|XOMRE|XOMWE|XOMWI|XON|XOP|XPDI|XPE|XPEL|XPENG|XPEV|XPEVB|XPEVH|XPEVS|XPO|XPR|XRP|XRPHT|XRT|XRX|XVG|Y|YCBD|YELP|YELPW|YETI|YETIF|YETIT|YEXT|YFI|YGG|YM|YNDX|YOLO|YOU|YUM|YUMC|YY|Z|ZBRA|ZC|ZCX|ZDROP|ZEN|ZG|ZI|ZIDAT|ZIDEF|ZII|ZIL|ZIM|ZIMAY|ZIMPL|ZINU|ZION|ZIONT|ZM|ZMBEA|ZMDTF|ZME|ZMFAC|ZMGAN|ZMPAR|ZNGA|ZOO|ZPAY|ZPLUS|ZRX|ZS|ZSAN|ZSANA|ZSCHA|ZSDAT|ZSEV|ZSHED|ZSHTT|ZSLET|ZSREV|ZSSEM|ZSTIE|ZSWHA|ZTO|ZTS|ZUO|ZWATC
user_22134,2,AMDHA|F
user_1920,7,ANC|DLNG|MSTR|PTONY|SE|TER|TMDX|TWTRM
user_27128,1,KOTUE|XLY
user_4422,1,BX|PWR
user_18237,1,APO|PHR
user_19710,1,HKD
user_29190,1,UXINC
user_18887,1,SOSHT
user_12161,3,BJ|PWR|ZIONT
user_25730,1,NN|SM
user_31620,2,GOOG|XLK
user_14974,2,ADDYY|AMZN|SBUXW
user_4199,1,QQQM
user_20100,1,BOA|FBUSE
user_14828,1,ONB|TWLO
user_6697,1,XPEVH
user_4045,2,ABT|ACHC|VZ
user_5806,1,STT|XELA
user_15195,1,CVNAT|JNJOC
user_8744,1,BTUSO
user_18696,2,FOCS|PLTRE|SPYRE|VCOCA
user_8641,1,RYANH
user_17767,1,FBTUE|JNK
user_6770,2,AUR|TSM
user_30261,2,GNL|RBLXW|TER
user_14365,1,GOOGD
user_18089,1,COM
user_20680,1,NQ|XRT
user_13562,1,PANR|RUT
user_34089,1,BTQ
user_29795,1,QQQFO
user_4907,2,INTU|LVMUY|ONNAR
user_6883,5,CINF|DXYHT|FBDAI|MSOS|OMI|RLX|VUZIE|WEAT
user_26815,1,MSTF
user_10652,1,GCLT
user_16789,1,DEDEC|FBDAI
user_6222,1,GTBIF
user_3277,1,ADM
user_14214,1,BRO|PYPLH
user_1374,1,JNJRE|SOLHT
user_18139,1,PRE|XL
user_5460,1,SFOR
user_23365,1,LMNDW
user_18484,1,HCA
user_27605,1,OXYBO|XBI
user_13069,2,ASSA|F
user_1029,1,BATT|UPSTH
user_3572,1,UFPI
user_16122,1,FLWS
user_26464,1,LAC
user_19304,1,SARK
user_5956,1,VINE
user_21307,2,NOC|TPR
user_7110,1,NOCPH|WIRE
user_518,1,GTC|NLY
user_3561,1,FBP|STRR
user_21842,1,NIKLA|RICK
user_11895,2,HDTOP|PYPL
user_20938,1,LBC
user_31200,1,BILLV
user_27604,2,DKNGZ|GOOGD|SNOWE
user_28840,2,AMG|FBFIN|GBTC
user_6083,1,UCYBE
user_21504,2,BYND|CULP|VIX
user_20268,1,WMS
user_29894,1,ALGN|SFOR
user_13430,1,LVMHS|TARO
user_31798,1,HAL
user_17232,1,BRCC|BTCNI
user_9631,1,NEAR|SXTC
user_24251,2,ARKG|METAT|PYPL
user_30994,1,LYTS|SUN
user_21401,1,BOXD|ULET
user_13178,1,CSPON|KIBA
user_16166,1,RTY
user_4302,1,TENB
user_5728,1,ATZ|YM
user_18582,1,BEEB
user_8799,2,LVS|PYPL
user_19506,1,BAI|TSME
user_8840,1,BNSO|SNAPC
user_24906,1,FE|FWONK
user_16254,1,FBTOP
user_11901,2,GOOG|TMUS
user_15681,1,AMZNW
user_15907,2,PINST|SPWR
user_31767,1,RTX|WF
user_34147,1,TOI|TSLH
user_3175,1,IMCC
user_24746,1,SOFI
user_23857,2,LFUS|TSLA|VGT
user_18041,1,CSPON
user_29899,2,BCTX|WFCDE|XFRI
user_10842,1,JJC
user_6521,2,LGF|MUSA|NFLX
user_11965,1,FBREC|LTUM
user_26525,1,HUYA|ZIMAY
user_8075,1,BRG|XPEV
user_20667,1,AABB
user_11363,1,LBRDA
user_1599,2,AZNAN|PWR
user_26894,1,ABBVC|MRVL
user_25502,2,STORF|TSM
user_26382,2,LTCHT|PLTRI|UAA
user_21334,1,KSS
user_31073,1,COSTD|MTB
user_28218,1,SCO|WWATC
user_10844,1,CTT|NFLX
user_10674,1,BITO|MCDGA
user_3687,1,RS|SPYOP
user_12347,2,EGLDQ|FTNTO|MRK|PACW
user_13095,1,BAND
user_2207,1,AZZ|WMT
user_18518,1,AIV|HFWA
user_17907,1,PLTRH|SFIX
user_13824,2,AFRMB|AFRMI|BX
user_2232,1,BJ|EGLXO
user_654,1,SIMO|THEY
user_17071,1,BND
user_33139,1,INTCM|VEEV
user_19160,1,RSSS
user_18895,3,ABNBH|ENPH|MET|ZS
user_20813,1,NOKBR
user_6232,1,GSL|PCTY
user_25986,1,CAJ
user_14756,1,VFINT
user_1068,1,DISCB|IRM
user_13439,1,NWN|RUNSH
user_23783,3,BCYP|MCD|NEE|RWLK
user_8038,1,CSGP
user_14197,4,CWEB|NOC|QCOMC|RYM|WISHT
user_1879,2,GOOD|LMTUT|ZS
user_22547,1,UPSTI
user_27348,2,AMD|GEFIS|INTCF
user_8264,1,CPNGJ|VUZI
user_9285,2,DIS|HSCS
user_18835,1,ILUS|PARAS
user_29247,1,EGLXI|MRNAH
user_13427,2,INTC|LTC|MRNS
user_18700,1,VFI
user_6675,1,EDU
user_12206,1,ANET
user_842,1,GD|ROOT
user_16524,1,SHARE
user_1890,1,COINM|POWR
user_21664,1,SMH
user_1031,2,IWMBU|NWL|XIL
user_13818,1,VSCO
user_3642,1,BOXD
user_23929,1,MUNIK|ORLY
user_11842,1,CFVI|CUBE
user_13120,2,INTC|SCL|SRTS
user_14255,1,FTAI
user_14396,1,DISCO|TKAT
user_11385,1,BANA
user_2206,1,GMR|TRU
user_33517,1,PTRA
user_13194,1,FBLAS|TSME
user_3245,3,DPLS|FRPHC|RDWR|THTX|VRX|ZPLUS
user_23849,2,AMD|PAHC|STZ
user_12504,1,TKAT
user_28855,2,HFWA|TSLAS|ZS
user_26286,2,LI|LWLGE|TSM
user_10463,2,AMD|AR|LTC
user_22511,2,CVS|F|LLL
user_906,1,QSGRE|TNR
user_5690,1,ENVB
user_17087,1,BAM
user_26086,1,NUE|SPRT
user_11777,1,EGC|GOGL
user_29540,4,COST|DOLE|FSLY|LTHM|RCAT
user_19194,1,OCUL|SMH
user_6302,1,LSXMA|XOMWI
user_21544,2,SAVAB|TZOOT|VTNR|VYMDI
user_7628,1,AAPS|KEY
user_27267,1,PLTRA|TTDEV
user_23042,4,COSTS|LTNC|MARS|TFC|TSLE|UNH|ZTO
user_32437,1,EB|VMOHN
user_4219,1,CASA
user_10944,1,BTCPA|KOMCD
user_2239,2,AZNAN|LFUS|VZ
user_6839,1,ARGO|ATVIP
user_16137,1,PAGS|WMTSQ
user_1371,3,AMT|ROKUE|VREIT|ZIDAT
user_8634,3,MRKFR|ULONG|WHEN|XCUR
user_24550,2,AAPL|AMZN|CRM|META
user_1705,1,BANA|XOP
user_27539,2,DIS|ENLAY|WISH
user_19222,1,TLSAQ
user_15097,1,ASSA|LFG
user_18401,1,FBI
user_30430,4,CARA|DAC|NIOS|NOWTH|SGMS
user_8804,2,GMBL|SPYLO|UPSTF|WHR
user_11372,1,XMR
user_9862,1,TXT
user_24559,2,ALLG|GSAT|LBRDA|NXTD
user_674,1,FSM
user_19059,2,AXON|VRX|ZS
user_31225,6,CF|F|FOSL|GMEDI|SNA|SPGGR|XLI|XPEVH
user_6921,1,RDDT
user_7148,1,DASH|KLO
user_6950,1,DGII
user_901,1,BCMH
user_990,2,ADAPL|NXH|SWBI
user_16568,2,AXS|INTC|ME
user_13109,2,F|MRNAB|SWAV
user_25994,1,CRMD|FBFIN
user_11814,2,CHF|FCFS|GRBK
user_16831,2,CHHFI|GMETH|TTC
user_29475,4,BODY|CALLS|CASTI|FTAI|SEMER|SPYAL
user_22524,2,PYPLH|UCYBE|VZ
user_1451,4,AURY|DMTK|GLXY|GTSIF|JNK|KEY|SSTLE
user_27543,1,SPXC|TTDMA
user_16767,2,ASTR|HNST
user_5597,3,DISDR|F|KO
user_31501,3,DM|IRNT|METX|SYFDI|WRLD
user_33289,1,GMEGL|SPYOP
user_13584,1,CATFR
user_20373,1,MIME|VLOSS
user_14233,1,CLH|YETIT
user_22658,1,TSLAI
user_33241,1,JEPI
user_25302,1,AAPLU
user_32149,1,INTC
user_27315,1,PYPLN
user_16824,1,EBON|VZ
user_2364,1,DGROC
user_28982,2,IMMX|MCDCO
user_12315,1,CHGGT
user_5688,1,QRVO
user_6231,1,MCD
user_1483,1,CGC
user_23254,1,CAR|COUSD
user_21834,1,EXP|SQ
user_20804,1,CI|VYNT
user_2457,4,BK|CRMDE|GMQ|PGSOU|TSLAK|VERT
user_10702,1,CMRX|NIOAS
user_17162,1,ONNAR|TSHAR
user_20033,1,BBY|UOG
user_24973,10,AMZN|ARKKR|DELL|ENB|ETHCY|GBX|INTC|MSFT|MSFTH|NFLX|NVO|PEPRE|RIVNC|STARS|VNOBL|XDC
user_10891,1,ETWO|FBMEA
user_18383,1,CXDC|SE
user_31212,1,AMDDE
user_26361,1,NVDAH|QCOMH
user_26713,1,ECL|EDIT
user_25860,2,ABNBH|AMD|BRPM
user_1949,1,SOC
user_32090,1,VXRT
user_16111,1,ILST|WDC
user_30366,1,MMMOW
user_23863,1,BOUV|FBCHA
user_27647,1,CLVS|EE
user_10120,1,HCC|JMIA
user_27114,1,ETHSH|PERI
user_24687,2,FIVEY|VVERI
user_3350,2,AFRMB|AMDDO|IMXI|PLTRT
user_2461,1,ARKKS
user_10075,1,GRVI|NTAP
user_12041,3,AAPL|GILD|HUYA
user_16540,1,GMPW
user_24951,2,ABCB|GVSI|WIX
user_6518,1,NKE
user_26132,1,IBKR|JPMHT
user_8901,2,AMZN|SFINT
user_16388,1,BANA|TGTNO
user_8020,1,WJEFF
user_16627,1,XELA|ZTS
user_29083,1,SESHO
user_17572,1,MPWAL
user_12361,1,LTHMC|TMHC
user_16195,1,OD|PLTRE
user_26469,2,ALGM|GME
user_4240,1,PEBO|ZIDEF
user_22086,1,DXC
user_12484,1,GC
user_3908,2,AMZN|FRBK|WOOF
user_23194,1,XLM
user_21513,1,ENSC
user_32613,4,CCIV|CDON|GGG|SEAND|SPXWI|UVV|XLNX
user_13202,2,NFLXH|XPEV
user_17214,2,ABTWH|ASC
user_21279,1,AFI|LNTH
user_16202,4,EPD|ROKUH|ROOT|TFC|TRTN|VCAR|VZMAR
user_4257,2,AMSWA|CPB
user_8482,1,BTCI
user_28372,1,UWHAT
user_18179,1,UPSTH
user_28945,2,IMT|OXYBO|PYPL
user_926,1,DECON|EWZ
user_33509,1,KO
user_15736,1,AMDCU|SOLO
user_30184,2,CRTX|MGNIL
user_16673,1,DOCUH
user_7680,1,ATD|BNB
user_7039,1,LMNOP
user_32231,1,IYT|UOS
user_14926,2,ABBVU|PURR
user_5328,1,LMNDT
user_20811,1,AMPH|HON
user_24226,1,NKLAQ
user_18644,3,AAPLP|AMD|PRE|VZ
user_16787,2,AOUT|BX
user_1624,1,PTONJ
user_17054,1,MRNAW|VB
user_14886,1,WEJO
user_13106,1,BSFC
user_2031,1,GBX|VWHIC
user_13990,1,CPRIT|KODI
user_33406,1,VIAC
user_14862,2,AAPLJ|ENPH|TSLA
user_24299,2,NIO|RICK|WBER|XPEV
user_26642,1,AMD|BIDU
user_1,2,MRIN|SOPA|XPEV
user_25317,1,BUD|VNOBL
user_25232,2,MCDRE|NOC
user_9947,2,BIDUE|BX
user_31705,1,NFLXN
user_9529,1,VMW
user_10914,1,CME
user_11389,1,ARCH
user_7294,2,BILLI|BRO|HBAR|NDSN
user_7197,2,F|TIME
user_14595,1,SCVL
user_14526,1,AOSL
user_13019,1,HDCHI
user_9533,1,VNOMW|VWEWA
user_22679,1,BND|LKMEX
user_10213,1,CG|VLE
user_17345,2,ABBVU|XPEV
user_24402,1,MCDMI
user_20940,2,ALLK|KO
user_13115,2,DEO|META|RTY
user_25683,1,LLL
user_8111,1,AMDSH|TLA
user_11421,2,HCA|INCY|NOC
user_30068,3,AXSM|CGRN|COST|YETIF
user_6088,1,ZS
user_25870,4,HII|NIO|SCHDB|WEBRW|WISH|ZSLET
user_12844,2,DUSD|NIO
user_25371,1,BZFD|XLI
user_8620,2,DUSCA|OLPX|PANW|SNOWI
user_19349,1,OPRX
user_14494,2,AIR|CARV|VLNS
user_32851,2,NKERB|XPEV
user_12394,4,GENFL|IOBT|KRVER|NXP|PLTRA|SBOX|TLTNE|TWNK
user_552,1,CUBI|FUTUW
user_9669,1,BEN|BLKIN
user_28426,1,FVRRO
user_7886,2,BLK|PBRSO|WING
user_10972,1,GRBK|WEJO
user_1043,1,SHIP
user_3283,2,AAPLJ|COIN|GRIM
user_10890,2,ARKQ|EOG|TSM
user_26309,1,WRLD
user_18055,1,VIXAT
user_30959,2,CMA|DEO|VZ
user_14118,2,CAAS|CELHB|FRSH|TTDGO
user_30583,3,AAPLJ|FBP|NFLXJ|XPR
user_5939,1,ALPP|EQT
user_34117,1,FBAT|KMI
user_24610,1,BLOK|CSGP
user_14429,1,SSNLF|UNF
user_21985,2,FBIN|NVCR|WFC
user_18697,1,FBBUL
user_27774,1,YY
user_25432,2,DISPA|PRFT
user_24114,2,AAPL|LVMUY|OC
user_19959,1,SHIP|STLA
user_15752,1,RIVNT|SMOG
user_2498,1,HCSG
user_4351,1,MANU
user_28644,1,EXP|ROST
user_23715,1,BTCBR|CENN
user_26054,1,AQN|CINF
user_8658,1,ARE
user_580,1,NDSN|OIL
user_2338,3,BTU|ETHSE|FBP|ITA|NKERB
user_25857,1,BATS|NXTP
user_24242,1,TTDFI|VIX
user_22043,1,DEA|VFIAX
user_15478,1,PIXY
user_30412,2,AAPLP|AMCLO|GBTC
user_33114,3,BCEL|CLVS|NCLH|PANW
user_16847,1,CEBOU|FBINN
user_27488,2,SHEL|TSLA|WKR
user_30706,3,CFVI|CSCO|KO|SPYOP|TYDE
user_28020,1,PYR
user_30459,2,AMDBR|GTC|META
user_6654,1,ENPHW|MIGI
user_953,1,CCXI|MMMMI
user_14346,1,USDC
user_32956,2,QQQNA|VZ
user_2494,1,LLY|UNG
user_31475,2,AMDNO|NIO
user_6349,1,BRN
user_16392,1,AAPLE
user_1849,1,DOOR|ENTG
user_14089,1,SUI
user_13556,2,CRM|ZSAN
user_23859,1,NIOST
user_13328,1,RUX
user_13862,2,HOLE|SPACE|STBA|TSLAD
user_18900,1,KRX
user_23094,1,NFLXN
user_5653,2,RTX|TM|TSM
user_1927,1,ABTIN|XFRI
user_3810,1,ADSK|WISHT
user_15979,1,DGWHA
user_16594,4,AAWW|AMZN|DOLE|META|ZS
user_1322,2,NFLX|TBK
user_18392,1,AMPS|BTUSO
user_18492,1,FLET|SAVE
user_19431,1,CEEK
user_13240,1,ZNGA
user_22744,1,AVAX|CLR
user_16805,1,IHI
user_5970,1,AMZNR
user_4244,2,CSX|SNOWE|XPEV
user_17834,1,GEBRF|PTONR
user_0,1,BANA|XLNXR
user_9029,1,AAPDS|GMR
user_927,1,CCWF|PACB
user_19158,6,AA|ASML|COSTS|DOCUF|FBDOU|INVE|MSFTA|QCOMR|WMS|XLRE
user_20434,4,ARKK|DOW|ITCI|MSFT|PGTEC|RLX|ZM
user_17792,1,TSLA
user_1292,1,KONOV
user_17567,1,CELH|THO
user_21229,5,AZPN|CRON|DISNE|FL|HLF|NXTP|POWR
user_8148,1,MVRSA
user_5363,2,AUPH|CUBE|JNJDO
user_17730,2,HCDI|MMMHI|TSHAR
user_7041,1,FUL
user_31408,6,AA|AMATW|CPE|DEO|PLBY|SHIB|SPYSE|TRUP|VTRS
user_29139,3,BX|NTNX|VRPX
user_14718,1,DLO|MOTEC
user_19380,1,SBSW
user_20747,3,ASMLH|FUN|NIO|VZ
user_10014,1,NBIX|SMSN
user_23500,1,MOFEB|WEAR
user_33739,1,BACBU
user_4229,2,CRM|CRWDT|MMAT
user_28517,1,NFLXR|ON
user_14856,1,GWRE
user_12953,4,CAMT|DIA|IHI|INDI|MCDGA|RIDE|SOPA|TSLH
user_32040,3,AMZN|BA|DUK|PGJ
user_16101,1,MILLI
user_18158,1,RERE
user_27089,1,BBIH|ROKUN
user_2549,3,BLK|TSM|VNTH|VZMAR
user_1580,2,ADYEY|AMDMY|MA
user_21881,1,UMANY
user_9006,1,CSVTI|EFA
user_2829,1,NFX
user_10580,1,FRPT|NETL
user_989,2,AMD|CLFHT|FOXA
user_27449,4,AMTD|MOB|PENNN|VERU|VINCI
user_5134,1,SAVA
user_24611,1,WGO
user_528,2,RR|TSM
user_7044,1,AGYS|TDOCH
user_14604,1,AAON|ELAN
user_18868,2,ABNBS|CELHH|NVDAN
user_15957,1,AMZNP|XPEL
user_31151,1,TWTRT
user_8764,3,ALLK|AMZN|CBIO
user_22109,1,SPX
user_10764,1,CHGGT|STRN
user_31351,3,LRC|TKAT|TSLA
user_12253,1,FRZA
user_4418,1,ESSC|SYNA
user_6666,2,ENR|FUBO|NOC
user_13741,5,EXOD|MSFT|PYPL|SQM|TWTRA
user_18536,1,TSLA
user_6364,2,AMDHA|MO|OPEN
user_28614,1,GETY|ZSHED
user_4287,1,CVNAF|MAN
user_21569,2,COMB|CRMOR|ZIM
user_10017,5,AHT|ALLYB|CVXUT|GT|PHAS|TSLA
user_11274,1,SPXTH
user_30823,1,TNR
user_3953,1,BTCSQ|NINE
user_7064,1,BOXD|STAGC
user_7090,1,AVGOR|WISH
user_13646,8,BBAI|CGC|ENVX|GOOGN|IONQ|IREN|LYB|TGL|TSLH|VCAR|VSCO
user_16788,1,BTQ
user_5025,1,PLTR|PLTZ
user_11343,1,NIOWE
user_12735,2,PCTY|SOFIN
user_1639,1,NVIV|TSMHT
user_7738,1,ETHSH|MULN
user_2906,2,DIS|GTLBB|UBER
user_14610,1,MRIN|NIOAL
user_29008,2,AXNX|TSLAP
user_12199,1,LTUM
user_1591,1,THETA
user_5664,1,DKNGC
user_8789,1,LOVEL|VAND
user_2414,1,OTTR|POWR
user_31058,1,ABEV|GLNG
user_29040,1,PLTR
user_6286,1,BLKIN|TOL
user_33535,1,BRKBP|SOSHT
user_32806,1,ESTC|FMX
user_18427,1,SCVL
user_17133,1,TOELY|VNTH
user_20486,7,AMC|BMRN|BYND|FARA|GMEHT|ISPO|JBGS|LCTHU|MSFTM|NINE|SAITA|SYFDI|XRX
user_3510,1,TSLAT
user_8756,1,ATYCA|PENNF
user_9122,1,OMC|SYNA
user_10571,3,ABNBS|ETHE|ETN|RNR
user_24491,2,AMDAP|DOCN
user_31831,1,ALC|SMFR
user_25670,2,AMPH|BA|TXNCO
user_31188,1,AFL
user_31820,1,NOVA
user_17765,7,AMD|BODY|CULP|DVA|FIS|GMSOL|HFC|IVA|QRTEA|ROKUG
user_946,3,ALLY|CISO|NFLX|WISHL
user_6420,1,LCIDS
user_12921,1,XDC
user_27440,1,GRAV|ULTA
user_27841,3,DID|ETHCY|HHC|LOWMA|SCHM|SNV
user_8677,4,AMZNT|CRON|CRUS|FBUY|GEFIS|MDVL
user_22104,2,GGPI|NFLXH|PYPL
user_13111,1,AMDCE|TPR
user_527,1,AMD
user_319,2,BA|FBDAI
user_22514,1,LOOKS
user_7847,1,SNAPS
user_16204,1,NFLX|PDD
user_12783,3,AMD|INTC|PG
user_23733,1,AVLR|FBFIN
user_18015,1,VXRT|XLV
user_31541,2,FI|TLSAQ|TSLA
user_11177,1,DISFI
user_13425,1,CWST|UMC
user_13192,1,AMD
user_19785,2,ATER|CRM
user_12530,3,CRLBF|CURI|CVXI|SNX
user_29006,2,M|PYPL
user_29869,1,H
user_16515,1,FNKO|WEBRW
user_32230,1,AMPS|CSOUR
user_247,2,BEETS|CAT|ETHAD
user_22459,1,CMI|SCHX
user_28540,1,HRZN|LNN
user_4198,1,COSTA|DG
user_7804,1,SCS|VIXLE
user_14172,2,AMDVI|ENPH
user_26923,1,CRWDW|NVDAR
user_10346,1,AAPL
user_19012,94,AAPDS|AAPLG|AAPLQ|ABNBC|ADM|AEMD|AGG|AJG|ALGO|ALK|AMDBU|AMDEI|AMEH|AMPS|ANF|AUR|AURA|AXS|AZN|BABEA|BACMO|BBLN|BEAMC|BRCC|BTBT|CEG|CHKP|CHPT|CSTAR|CTIC|CUBI|DAL|DFENT|DHR|DJIFR|DOGO|EGLX|ENB|ENJY|EPAZ|EVCOI|FBTWI|FR|FXI|FXY|GBX|GGG|GMPW|GMSOL|GST|HDCHI|HNST|HTHT|INTCV|JNK|JPMNO|KIND|KONE|KRVER|LCIDT|LKE|LTHMP|MARS|MDVL|ME|METAH|MMMGE|MNDYA|MOTEC|MSFTI|MSFTS|MUGRO|MULN|MYOV|MZN|NFLXS|NIOPI|NVCT|NWL|NXM|ORK|OSMO|PANW|PDD|POWW|PRQ|PTRA|PUBMH|PXD|PYPLT|QQQBU|QSR|RDFN|RGBP|RMBS|RMD|RNGR|RNR|ROKUA|ROP|RVSN|SAIL|SBUXA|SEDGD|SHUEY|SIOX|SMLR|SNAPS|SOFI|SPLV|SPXTH|SST|SYR|TBPH|TLT|TSEM|TSLA|TWLO|TWTRT|UDR|UMANY|UPSTI|UXINC|VALEC|VGID|VISHA|VMW|VXX|VXXJU|VZ|WFC|WPCWH|XRT|Y|ZMFAC|ZNGA
user_14242,19,AMZNI|APOG|AVGOT|BABEA|BJDX|CELHT|CHRW|DAC|DB|DBC|ENS|EVVTY|GMEGL|HBAR|IEF|IFF|IZRL|KDNY|LECX|MRAI|NKEMO|NWN|PDDAN|PTONY|SCHB|SUI|TSLA|TYDE|VEON|VRAR|WMENE
user_9295,2,ABNBW|APX|COINW
user_15484,1,HTCR|PZZA
user_19265,1,SPXLA
user_31486,2,AMD|NOC
user_33286,1,AAPL
user_23561,3,COST|INTCH|MNDP|MUGRO
user_16597,1,JOBY|STORG
user_15148,3,ADSK|PUBMH|THETA
user_3551,2,CRSR|FBBUL|MSI|TSLAS
user_13611,3,AEO|KDA|USD|WEAT|WKR
user_33913,2,BKE|MSFT|MSFTG
user_21302,2,AAPL|PYPL
user_24365,1,PFF
user_16470,1,CE
user_34001,2,COST|META|SPG
user_7031,1,DAC
user_7490,2,AOUT|COST
user_1042,1,AAPL
user_33629,2,AMD|KMX|NOKBR
user_26968,1,AAPL
user_12916,1,MSFT
user_412,2,AAPL|FLUXI|TSMHT
user_10037,1,NIOA|ROKUC
user_32029,6,CP|EGLDQ|ELS|FUVSO|INTC|JAZZ|PAHC|SPYTH|TGTTE
user_22217,1,CRWDD|DLNG
user_7550,1,FBHTT|QBTS
user_22309,11,ADTN|CAST|CEG|CNI|COO|CRWD|DAL|DISCH|HDTHE|HSBC|LMTRE|NIOBO|RBLXE|SBFM|VRT
user_6206,1,SAVA|SPOTR
user_18710,1,NEWR
user_33240,1,AYLA|KONOV
user_25124,1,CGRN
user_2464,1,FIVEY|JPMAU
user_8387,1,SHARE
user_12993,1,GREEN|TSLAP
user_28151,1,DECON|MST
user_28528,2,CRWDH|MILLI
user_33165,3,CWEN|NIO|PROG|TMUS
user_28542,1,AAPL
user_5150,3,AMDHO|ARES|COST|TSLA
user_22323,2,URBN|YM
user_5489,3,AMDCE|ARKW|FBHTT|PATHD|SAVA|SEDG
user_19477,3,AEHR|BX|DGEO|SOX|VOO
user_21890,1,TCEHY
user_7134,1,INTC
user_8463,1,UXIN
user_32250,5,ARKKS|ENBAN|G|GFS|LAC|SAVAB|STZ|USD|XOMHE
user_4063,13,ABBVB|ADV|AMZN|APPLE|ATI|AZPN|BKNGH|BYDDF|CLR|GMAPR|HOMB|IVR|LFIN|LMNOP|MAA|MJ|NFX|TXN|VALEC
user_15090,2,F|GOOGD|MRI
user_23805,2,META|RF|TXTM
user_15944,1,FBBUL|SPCET
user_7775,1,STBA
user_25764,1,TSRI
user_33058,1,IJH|NXRP
user_21582,3,APE|KO|TBK
user_13816,3,ARES|BTCUS|DJIA|TMHC
user_21603,3,ANF|BX|XPEV
user_26509,2,ARLP|CRM
user_19173,2,LEVI|RUT|TSLAI|VTI
user_6439,2,CLOV|PKG
user_28652,1,AMZA|TGL
user_16148,1,CSOUR
user_16606,1,PLTRI
user_14310,1,CDSG|SHCR
user_17396,1,AZO|MAXN
user_17672,1,BEN|DIDI
user_18869,2,IVV|SHCR|SRG|TRRXF
user_22059,1,CMG
user_3040,1,GEF
user_6827,6,AVGOF|CHRW|EJH|ENPHM|HBAN|NEE|NEEWH|ONTO|RPRX|TSLAU|WIRE|ZS
user_2557,1,BRUSH
user_6558,1,MSFTE
user_18694,1,ANGH|ITW
user_28712,1,FBGET
user_28604,1,HCSG|MYNZ
user_27106,1,SJT
user_7879,1,IONQ
user_24427,2,AOS|RUX
user_23108,1,ORPH
user_13210,2,ENPH|HRMY
user_18407,1,ARKQ|UVIA
user_917,1,CSPR
user_20203,1,DLRMO
user_16409,1,ESSC
user_17122,1,NVCR|ONDS
user_29014,1,GDX
user_32234,1,NEWR
user_18843,1,UNF
user_5128,2,AMD|PCTC|PI
user_5239,1,WST|ZPLUS
user_28378,3,AAPLS|COSTH|SCS|SPYIF|ZMPAR
user_8695,1,ETN|SWAV
user_3031,1,LMTUT
user_14392,1,MJ
user_15026,2,BRO|COST|FQ|PTONB
user_30152,1,FBIN|SEV
user_31344,3,APPSH|BTTX|ENPH|SCS
user_10829,2,CWST|MRI|SPLV
user_25701,1,ENDP
user_16552,2,FDN|HOLE|NTR
user_6838,1,EXPRE
user_3274,1,CRMHE|SUMO
user_28634,1,SQHTT
user_29431,2,GMS|NFLX|SAND
user_1298,3,AVGO|KO|NDX
user_25347,1,CHX
user_6564,1,ADSKG|TZOOT
user_15085,1,CRNC
user_33843,2,AFRMB|BRPM|TXT
user_24686,6,ACI|AMD|CDLR|MANUH|MQTHI|MTDR|SBUXA|SGH|WAL
user_30578,3,ABBVU|AMD|DID|UPST
user_8714,2,NFLX|TSCO
user_14989,2,AAPL|COM|HBAN
user_16387,1,EQT|KBH
user_32843,2,ELY|FBGUI|META
user_1065,2,BTCBR|DE|P|TIMEA
user_14516,1,CMCS|VCOCA
user_30428,1,DLR
user_6361,1,ACLS|LRN
user_5507,4,ILST|MNMD|NETCL|SPXC|STOR|VZDEC
user_6915,1,BBRY|PNC
user_23492,1,SPLK
user_8540,2,BASE|DCP|XPEV
user_5427,1,VWED
user_22412,1,WCN
user_30818,1,CARR|ZSCHA
user_923,1,MQ|MX
user_2881,1,FBINN|LIFIN
user_31987,1,ATGE|GGG
user_4354,1,SPGGR|TSLAS
user_13094,1,TSLAK
user_15945,1,EWT|MIOTA
user_26545,1,MQTHI|TDY
user_1644,1,EMBRA|LEV
user_2490,2,ARK|DD
user_24272,1,RIO|SQBEA
user_12850,1,FUN
user_21212,1,POET
user_19319,1,GRNQ|GSG
user_32952,5,AMD|DCFC|DENN|POET|STEP
user_13423,1,ILAG
user_3356,1,ANVS|TECK
user_30091,2,GOOG|JOBYH|ZIMAY
user_31554,1,RSX
user_21047,1,LBRDA
user_18693,1,NDA
user_14518,2,COST|GAME|LSPD
user_14612,2,BRO|OXY|SWIR|VMOHN
user_16811,1,SNV
user_8853,3,BA|CATLO|DNFLX|META
user_1619,1,CPI
user_9645,2,BX|NAVI
user_6023,1,AG|CVET
user_14528,2,MTEI|NETI|QQQFO|SPOTD
user_33822,2,INFQ|LLL|ROKU
user_33154,2,FSLYH|SLB|TSM
user_16126,1,FTNT
user_21682,1,HEI|XRT
user_1993,1,ARKK|SPRT
user_13544,1,BAHUG|IEP
user_15540,7,ACO|BTCBE|CRDO|CTV|EGLX|HOLES|MNDY|NEP|NVDAE|OPEN|POET|RBLXW
user_10862,3,BFRI|FBWOK|GOGO|MTP
user_7322,2,PYPL|SWAV
user_31053,1,AMZNC|GOOD
user_5416,1,GGG
user_6836,4,BACMO|FOXA|KO|LMFA|MSOS|PBT
user_31636,1,ARMK|UST
user_11915,1,CALLS
user_28490,1,FFIE|VWEWA
user_8383,1,CLAR
user_24975,1,WELL
user_24279,2,BRQS|ENPH|LCIDW
user_29612,7,ADI|AMDWH|GSK|METAE|NFLX|PLBY|POET|WEBL
user_23537,1,FCEL|PXD
user_9814,4,AG|AMAZN|AMD|LCID|TCHEY|VRX
user_33176,3,AMZN|NOC|RDFNS|TSLAG
user_16936,16,ABNBB|AMD|AMDHT|ATER|BABAB|BESIY|BOA|DKNG|DTST|FBHER|FRPT|GE|IVZ|MSFTW|RBLXB|RDFNS|ROL|SMFR|TMNA|VALEC|VDADX|WFCDE|WW|WYNN
user_14402,1,JBLU
user_28849,3,ARWR|ONON|PFE|TMUS
user_9994,1,NBIXW
user_12335,1,UFING
user_267,1,AMD
user_13442,1,CRMDE
user_34289,5,AMDBU|DISHU|F|HLF|NFLX|TSM
user_17115,1,FOX|SLABW
user_16127,2,FYBR|HLBZ|RGNX|SPOT
user_19213,1,BNGO
user_13897,2,COST|IVA|RDFN
user_2456,1,UNF
user_7030,1,MQTHI
user_951,2,COINA|HFWA|SQ
user_13586,1,STT|TAN
user_1030,2,DISDO|EFA|NAVI|SFM
user_921,2,ATTO|CLX|SPOTR
user_22091,1,RACEH
user_4242,2,AEO|CPG|IPGP|TWTRT
user_15002,2,TSM|XOMNO
user_10975,1,BABA|XCUR
user_20972,1,EMN
user_6841,2,CNVA|GDRX
user_8585,1,ABNBW
user_2544,5,POET
user_12863,1,GRAB
user_7206,1,BBRY
user_8722,3,BABAM|DIS|META
user_14395,2,ATI|KO
user_2221,5,BEKE|CAH|CATLO|FBLAM|MSM|MST|SNPS|TISI|TSLAP|VCOME
user_11770,5,AVTR|CPB|GSL|IAC|POW|ZIM
user_15048,1,SCS
user_26023,1,MRKFR|VGID
user_16595,2,CLFHT|INTCS|OCGN
user_2797,2,ENPHG|INTC|LIBER
user_4398,1,TTCF
user_15414,2,JNJ|PURR
user_11115,1,FHM|NNOXH
user_24795,3,AMD|BA|CRM
user_32877,1,JACK|ROKUU
user_33145,1,AMD
user_15003,1,AQN
user_30893,1,NFLXH|XRT
user_6193,1,DLTR|REV
user_1670,1,BXHTT|USFD
user_6424,1,VRPX
user_25305,1,SBUX
user_27360,1,BYSI|VUG
user_26743,2,CNTX|CRM|WHEN
user_32765,1,GDXJ|KSPN
user_17119,1,ENPHM|PDSB
user_31247,9,AMD|AMTD|AMZNG|CACCB|CARA|CRON|ENTG|FISVB|MCHP|NFLX
user_11601,2,CHTR|VSATO
user_8848,1,FANG|NIOTH
user_17161,1,SYF
user_27762,1,IHI
user_13438,1,AMDLO
user_31755,2,ON|UDIGI
user_25573,1,AAPLR
user_14898,4,AAPL|AMD|ANGO|ENJ|JMIA|META|MSFT|SPLV|TRIN
user_20911,1,IQ
user_12997,1,NAKDI
user_13591,2,NFLX|WST
user_34327,1,CHPT|UEVS
user_2271,1,ORA
user_6219,1,FBLET|PGNET
user_12919,2,AMD|NFLX
user_13644,1,BOUV|YCBD
user_23151,2,APPSA|BOX|MSFT
user_7696,1,FTCHW
user_8753,1,ORK
user_17104,1,HPE|NIOS
user_7495,1,PATHD|ZUO
user_6306,1,KNOP|VIAC
user_13440,1,AAPLI|AMDMY
user_15449,1,DID
user_19471,3,BABUL|GRWG|UFING|XLIGR
user_6305,1,TCS
user_14364,1,JNJTO|SCHX
user_18993,2,PCTC|ZS
user_15468,2,GRUB|TSCO|TSLA
user_30719,2,AMD|BA
user_3961,1,AMD
user_13624,1,FSR
user_29375,1,ATEYY|USDP
user_24401,1,SYK|TSCO
user_32046,1,EXPI
user_15493,5,AMG|BLBX|INTCT|PFE|RA|TROWA|TSLA|XRP
user_4067,2,AMLX|ESSC|MIME
user_4061,1,PENNW
user_11072,1,PROSY
user_6689,55,AMAT|AMATW|AMD|AMZN|AMZNR|APPS|AR|ASML|AVEO|BLK|BOUV|BOXD|CELHT|CINF|CNICH|CRMD|CRWD|CVXI|DHR|DNFLX|ES|FBLET|FUBOI|GBX|GRUB|HMBLI|HOLES|HTZ|INTC|JBGS|JPMHT|JUNGL|JWM|L|LMNOP|LYV|METAH|MSIND|NNI|NOKBR|NOVN|NTNX|NXM|ONCHA|PEB|PRE|QQQDI|RDIB|RDS|RMO|RNGR|RS|RSSS|SCHW|SCHX|SEAND|SHOPS|SPRT|SQHTT|SQSPO|SRC|STLD|SVM|TCHEY|TCON|THC|TSLAY|TSMAU|TSMPE|USDP|VALE|VBUYS|VEON|VORBH|VXXJU|XLFSP
user_15949,1,APP|LYTS
user_33293,6,CLVT|DIS|GREEN|PIN|SE|SSTRE|TEVA|TSLA
user_4228,2,CRMDE|NIO
user_10901,2,ATTO|GRUB|NOC
user_33616,2,AMDWH|GOOG|IVZ
user_5516,2,IFNNY|TSLA|VCOME
user_777,5,AMZNF|FAZE|GTLBB|JPMVA|NCR|VICI
user_2282,2,BKH|PRFT|VZ
user_16032,1,ACLS|LMFA
user_5491,3,BRKA|CRM|CXDC|GOCO
user_30114,1,KOPN|NIO
user_22394,3,AMD|CNSWF|THCA|WEAT
user_4851,1,LANC|MICS
user_12037,1,EXPI
user_6482,1,MEDP
user_1412,1,AVLR|PMFEB
user_1183,2,MGNII|MODIV|RRGB
user_18741,1,DLO|PYPLS
user_529,1,NOK
user_11979,3,AGL|BAX|BBIO|METX|TIMEA
user_26589,6,AXON|BANC|ONCHA|TSLA|TSM
user_13659,1,EA|PCAR
user_33043,2,META|TIGR
user_10813,1,FBREB|KODK
user_21702,2,CRON|TSLA
user_555,1,ASAN|YFI
user_13528,1,BAENT|JNJTO
user_8644,2,BA|XLM
user_33677,1,BAT|HA
user_6237,2,JNJHI|PDDAN|STORG
user_11707,1,LIFIN
user_17078,1,VOW
user_8761,1,DXCM|YELP
user_899,2,AMG|IOTA|LAD|MSTRW
user_7043,1,AFRMB|RDFNS
user_31440,1,LHX|WBD
user_1373,6,BUD|CRO|FOX|HLBZ|HSDT|QQQBU|RHS|STRN|XLE
user_32674,1,CHX|PNR
user_20508,6,AEP|MMMMI|NOVO|ONEX|POET|SPYIF|TTOO|ZS
user_32469,1,VRTXO
user_10817,1,HLF|NVIV
user_19272,1,NXGN
user_6699,1,AKRO|SINCH
user_2851,2,NIO|XPDI
user_30049,2,ACI|DTST|NIOWH|TSMFI
user_21099,3,CURI|MSFT|RNGR|SKWS
user_7143,5,BANC|BAWAT|BKKT|BTC|BXP|ENPHW|IBEX|OWUV|TONR
user_6698,1,AZO
user_12337,2,LIHTT|LULU
user_24566,3,AMZN|ANF|XPENG
user_18420,1,CLPT|ZSHED
user_11407,6,ASOFU|BOFA|CFLT|CODX|FBCHA|FBLAS|FMBI|LIT|MAXR|NOCPH|SFT
user_8384,2,ASTR|GC|RYE|VOOTH
user_1406,5,DEO|INTC|IOTA|NVDAB|SON|SPOT|WOLFA|WTER
user_23635,2,CBSH|GEVO|INTCM
user_34243,1,NOCWE|SAFM
user_9318,1,AMTD|LWLGE
user_22709,1,IYT|UL
user_27490,2,DIS|FBCHA|ROP
user_17575,1,ACN|CYBR
user_31521,1,A
user_33110,3,INTC|JKHY|KO|MPC
user_14788,1,EJH|GSL
user_25442,1,AR|PRQ
user_16596,3,BA|BZUN|CHWYN|SJM|UPWKW
user_27365,5,BOO|ENPH|IRTC|STZ|VRSN|VYM
user_19767,5,ASTSB|BAWAT|COST|NILE|OP|PT|SBUXB|TWITH
user_29565,3,ADC|ASOFU|CVS|NKEC|PG|PGPAS
user_34302,4,FBTOP|PYPL|ZS
user_27919,2,EVO|INTC
user_4290,1,DOMO|PFEFR
user_918,5,BKSY|COHU|DRI|EGLXO|NOW|PG|ROST|VUG
user_4295,7,AAPLB|AIZ|BEWI|DISWA|DLNG|DOLE|ENLAY|IFNNF|RIBT
user_33345,3,JNJPA|NIO|PLAB|TLRY
user_33909,2,FXI|MILE|XLY
user_17096,3,AERC|BATS|PTE|WLL
user_11211,3,AMZN|NXP|ROKUA
user_30128,1,AI|HLI
user_2352,1,KLEE
user_24291,2,AMD|UOG
user_17526,3,ABNBC|CRTD|GOGO|MKLIN|SMICY
user_19029,3,AMZA|AYX|DLTR|FAMIF|RRGB
user_22508,2,ATOM|GPS|PSTH|QNTJU
user_4430,2,GO|PLBY
user_1778,1,LCIF|ONKIN
user_16037,4,AMCFU|DEMOD|IHT|MIGI|OLO|PTONY|RY|TWTRR
user_12407,4,EBON|IKEA|NOCPH|PIXY|XI|ZS
user_3054,1,CAMT|WELL
user_22790,3,BA|DLO|HCM|OIL
user_33614,1,JNPR|KOPN
user_10740,2,FBROO|MKLBO|VZ
user_30625,2,ATUS|MFC
user_5662,3,APRE|BIL|ILPT|LIDR
user_24457,1,GMVD
user_1774,1,GDX|UEC
user_1456,3,DPRO|MOHOW|S
user_7896,1,FTMSA
user_10569,1,NVDAG|PSTG
user_21287,1,FYBR
user_20368,2,KSPI|SKYH|VNTH
user_3683,1,BZUN
user_5405,3,KO|MEX|TSM
user_32764,2,AMCRE|AMD
user_10016,1,PYPLG
user_15687,2,COST|GPS
user_14844,1,VLE
user_24295,1,WEJO
user_15189,1,KED
user_8300,1,SONO
user_25866,2,COTYA|MSFTE|MXC
user_1426,1,CXW
user_3270,1,DELL|STAG
user_2,1,TSCOB
user_8689,4,BKNGH|FCFS|FUN|JKHY|NIO|PLTZ|TWST
user_18329,2,MKLBL|VZ
user_6694,1,SPG
user_26959,1,DXCM|PYPLD
user_25646,7,ARKQ|HRB|INTCM|KTB|NA|NVDAM|POET|QQQFO|RES|XLNX
user_642,4,ARKKR|KRVER|NFLX|NIO|ZIDEF
user_21239,3,KEN|MOTEC|TLTSH
user_4098,2,F|NFLXW
user_8746,1,GOOD
user_19376,1,SPYCL
user_9378,1,BACLI|NLS
user_17649,2,JNJPA|KO
user_17249,1,FBLIZ
user_2344,1,CRVS|KFY
user_3707,2,AGR|MCD|WILD
user_12820,1,WWATC
user_17622,3,BABYD|ILMN|MSFT|SONM|XL
user_15084,1,MPSOL|PINS
user_9858,1,AEHR|DPLS
user_20164,12,ABNBW|AMD|CDLX|CME|GTLBW|INO|LIFIN|OP|PPG|TSCOE|TSLA|UOS|VVIX|ZMBEA|ZSHTT|ZSTIE
user_9460,4,APE|CAAS|EFA|FBCOM|USD
user_11759,2,CCMP|ZS
user_10018,2,AWK|CSIQ
user_32768,2,EAR|NVDA|XPEV
user_10887,3,AAPL|FRGE|UVXYT
user_15190,1,CP|NTR
user_14592,1,TSLA
user_24625,1,ABNBM|NKTX
user_15738,2,AXSM|GGII|LSXMA|SYTA
user_12418,1,BKU
user_3378,1,CAD|DMYQ
user_18147,1,QCOM|WBER
user_16356,2,CELHB|CVX
user_26172,1,ALLG|LMTRE
user_1625,3,BKU|OPK|UL|VNOMW|VSCO|WMT
user_29150,3,BOKF|DIA|KO|NOW
user_7466,2,CURI|METAT|ROKUN
user_33266,1,MDBWA
user_26290,1,CRSR
user_2580,4,FIVE|TSM|WEN|WISH|YUMC
user_13607,2,FBCHR|PYPL
user_17121,1,LEVI
user_26552,2,GDX|QNRX
user_2967,1,GK|IEI
user_2507,3,HBAR|INTC|KOPN|RYOSH
user_7004,3,ACHC|FCX|MICS|SGH
user_30226,1,ICE
user_5953,1,DOCNG
user_32279,2,BX|LKND
user_16820,1,GHC
user_8762,1,AMC|CODX
user_19507,3,BABAC|ELSE|NIO|ODIVI
user_33867,1,ATTOT|ZNGA
user_17153,1,VISIO
user_3893,2,AFRMA|BGS|META
user_6339,1,QQQYO
user_4024,1,CTT
user_24330,1,DXT|RUT
user_18721,1,EDR|UAVS
user_33695,2,COST|DY|JKS
user_10943,2,FBUSE|MRNA|MX|PINSU
user_9679,1,HAL|TRTN
user_7103,2,AXIES|KO|PRTS
user_8713,1,AMPH
user_33466,1,QCOM
user_2256,2,F|FBTOP|MDLZ
user_6271,1,BMO|FNF
user_32667,1,GLD|UNHHO
user_27269,1,BCEL
user_16482,1,AR|SWAV
user_23840,1,XRPHT
user_7011,1,SPY
user_7042,1,SATL|TUR
user_33093,1,GOOD
user_3820,1,VUZIE
user_23062,1,AXU
user_26950,1,EPAM
user_2406,1,BILL|RSKD
user_1500,1,OAS
user_8297,1,SBUX
user_1933,1,PKG|PNR
user_13134,3,APPSA|CTV|GOOG|MAXN|UWHAT
user_21383,1,CWEN|INVE
user_13989,2,ENPH|OPORT
user_13324,2,CELHM|RIVNC|TSLA
user_6288,1,JOBY|VWED
user_17843,1,UMAYB
user_21274,1,FMBI
user_7455,1,ATGE|SPELL
user_14602,1,JJC
user_10974,2,DISQ|QRTEA|WBAST
user_15501,1,MC
user_7137,1,SIOTH|SNAPC
user_18714,1,WHEN
user_1409,1,XLFSP
user_18715,1,PHARM
user_16478,1,EXC
user_4356,1,SNAPF
user_10319,1,GS|RYTM
user_13368,1,FBZUC|SEA
user_16100,1,RERE
user_24265,1,MGA|ORGN
user_7663,2,BBAI|FL|GOOG|LYFT|NVDA|ORCL|RY|SPY|TSLA|TTD|U
user_23449,3,LKMEX|OPRA|XPEV
user_27358,3,ASX|GC|PGPAS|RGLS|TSEMH
user_3641,1,NK
user_16382,3,PYPL|ROKU|RTX|XPEV
user_16818,2,PMFEB|RHCLO
user_10130,1,GNS|UFI
user_6069,7,AKRO|AMDDO|BTCSQ|CCCX|IINN|LEV|META|NEE|PYPL|WJEFF
user_6289,1,DNACL|TGTAP
user_11609,1,PBR
user_32220,4,CGC|CPRX|LRC|ROPE|VZ
user_32791,1,SFIO|ZII
user_14541,1,AIR|FL
user_3265,1,TSHAR
user_14230,3,BLND|NVDAC|SFIO|VZ
user_11153,1,CEEK|SCHV
user_15936,2,GRAB|KC|PYPLI|QNT
user_7446,2,AAPLM|AMLX|TTWO
user_4254,4,ALNY|ATTO|BIL|GRVI|SHOPC|VNOM
user_13655,1,PPLT
user_29298,1,AAPLG
user_2427,1,VVS
user_14252,1,DKNGC|TTDEV
user_8026,1,RNDR|UBSMO
user_916,1,BRUSH
user_1884,2,AMZN|CALM|MST
user_10978,1,DNUT
user_19414,4,BAT|FBHTT|PTONW|RYH|TSCOR|ZS
user_16593,1,SYYSO
user_7049,1,APH|TGTNO
user_19486,1,MANU
user_12104,1,SHOPF|TRV
user_29108,2,AMD|ATXG
user_29086,1,FBREB|QRTEA
user_922,1,HIPO
user_15447,2,CHRW|PG|WRBYD
user_7789,1,NVIV
user_1559,1,VIG|YCBD
user_26832,5,ACMR|ELAN|FBREB|IWO|NFLXL|NVDAA|SEDGD|TSLAD
user_33809,3,ALK|MGM|NKLA|TSLAE
user_29724,2,CVSI|EGLXO|SJI
user_1381,1,AMD
user_33164,1,TSMHT
user_8678,5,EBON|GMVD|GSG|IEF|MNMD|NFLXP|NKE|NLSN|SEV
user_19469,1,FUV
user_13962,3,AAPL|AMD|SIDU|ULONG|VEEVI
user_7715,1,EVFM|UL
user_23645,1,AMD
user_442,2,ATUS|ICE|LRCXF|ZG
user_19323,1,SHEL
user_33215,1,NWL|PSNL
user_10573,2,ANDE|BA
user_32977,2,AMDDE|HII|TSME|UNHC
user_13320,2,JASMY|NTLA|TSLAW
user_8441,2,AMD|KTB|MRKFR|MSFT
user_739,1,NKLA
user_33660,2,ALGM|AOSL|CROX
user_7321,1,BUD
user_18766,1,NIOWH|SPLK
user_19504,1,SUN
user_8532,1,BAI|TTE
user_18183,2,CAD|CS|VIEW
user_16462,1,STAGR
user_6432,2,AAPLJ|CVX|TSLAD
user_18717,3,QCOMJ|TNET|TSM|TWST
user_6283,1,OLN
user_33174,1,RBLXA
user_23600,1,TMUS|TVISA
user_10015,1,FBREB|HII
user_16549,1,IEA|REM
user_24285,1,AKRO
user_10637,1,KBNT|LFUS
user_3100,3,BX|CWEN|GOOGH|WAFD
user_14982,1,AMZNR|UPSTF
user_24260,3,ETHAD|IHI|MSGE|PEPRE|SHCR
user_7318,2,DISQ|NIO|SIBY
user_6250,1,ARRY|HULU
user_928,1,ASANF|METX
user_31637,1,BABAW|VTR
user_8802,2,DISHB|STORD
user_8089,2,AMD
user_28487,1,DDOGE|HEC
user_7374,2,FEG|TWTRS
user_22345,1,BABYD
user_31527,1,CBRE|ENVX
user_31834,1,GOGO
user_25463,5,AMD|CLX|INTC|SIWED|TTDEV|VSATO
user_8844,1,ADI
user_23551,6,AKAM|CRDO|LRC|NKEC|OSMO|SPA|TLSAQ|UPSTC
user_12864,1,VRTS
user_4096,1,BABYT|CHKP
user_2910,1,BIG
user_18633,1,MNDYM
user_15356,1,CAMP
user_11508,1,TSATM
user_7225,2,AMD
user_5941,1,DAR
user_29951,1,OLO
user_25217,1,CNICH|XLM
user_23743,2,DGROT|SCVL|ZS
user_16427,3,F|FSUGY|LBRDA|VZ
user_32147,1,EXOD|RCL
user_33169,1,CRSR|QQQNA
user_15790,2,BBBY|KDP|TSLAF
user_8487,1,TYX
user_344,1,SGH
user_9694,1,OGI
user_18699,1,NCLH|PMFEB
user_1394,1,CIEN
user_26721,2,KLEE|PYPLP|VOO
user_8370,1,GS
user_14527,1,SG|TRIN
user_2518,1,SNOW|VLON
user_34301,3,ACHC|AMD|LRN|SFINT
user_421,1,RWTR
user_3016,1,NVDAT
user_940,1,CPIX|HRI
user_4722,1,AMD
user_5987,1,DT|JJC
user_7900,1,SNV|TSLAS
user_34074,1,FBMEA|SFT
user_23200,1,ONCHA|SAVA
user_21306,1,BEAMC|CNSWF
user_30529,1,ELON
user_32879,3,NEAR|NTFX|NU|WSM
user_952,1,PTONR|SAITA
user_10046,1,YELPW
user_2052,1,SIVB|UUUU
user_29598,3,BTI|ETHDI|ILPT|PG
user_31086,1,IWM
user_10617,2,FL|KO
user_7703,2,FUL|MSFTP|MST
user_32984,1,RGNX|SCHL
user_25597,1,CAT|QCOMJ
user_30532,7,ATY|DIS|DISDR|DJIFR|LIB|LLYSH|NETA|NKEFE|SHUEY|SPYBO|XOMRE
user_20020,1,AAPD|IBEX
user_1842,1,PVH
user_31572,2,EGLXO|ZS
user_8745,2,AMD|HLI
user_6164,2,CWEN|ENPH|SPG
user_4239,3,ARES|JWA|NEE|XPDI|ZCX
user_6703,1,ACHC
user_20173,1,NOCPH|PBCT
user_21926,1,CARA
user_16521,1,CELHM|USD
user_32079,6,ABBVT|BA|CAT|D|GANG|MRI|SAFM|SOX|TSLAK
user_12333,2,HEI|UNFI
user_6937,1,MUWHA|TLTSH
user_10058,1,MMMMI|RDFNW
user_23965,1,BENE|CSTM
user_10665,1,BBIGC
user_13341,1,DISH
user_10917,5,AYX|COINY|LRCXF|PYPL|QQQHT|TIVC|VIAC
user_22787,2,ARMK|NFLX|TSAT
user_18926,2,GRWGF|HLI|PG
user_13206,3,ENZC|HSY|MCD|NDSN|PPSI
user_17132,2,SQQQ|VNET
user_13167,1,AXS|GOOGN
user_23103,1,COP|WFG
user_4947,1,LTHMP|OPK
user_18133,1,AMT|CVX
user_15047,1,XPDI
user_16369,1,TWNK
user_13196,2,CRM|ODFL
user_29324,1,LNG|UEVS
user_1844,1,EGLX|YOLO
user_25255,5,AMD|CMPS|EGHT|IMCC|ORCL|VW
user_24168,1,USBSO
user_11598,2,CCATE|TXT
user_837,1,COO
user_6055,1,FRPT|TRVN
user_5248,1,IRTC|UNFI
user_9709,1,ALICE|SNAP
user_18724,3,BABAT|HA|TZOOT|VYGVF
user_13116,1,SMH
user_18763,2,NDXIT|PLTRT|POET
user_6080,1,APTY|NVDAN
user_33050,2,BA|WFCDE
user_11295,2,AUTL|TSM
user_9121,1,DJIFR|NRBO
user_30488,1,DFS
user_28310,1,APP
user_31571,1,MNDY|QQQ
user_6303,2,CHRW|META
user_19487,2,INTC|LIT
user_6522,1,ACWI
user_16088,1,TTE|WEBR
user_8701,2,CAMT|NFLX|SNOW
user_6823,2,CZR|NIO
user_8045,1,TDIVI
user_19305,1,FLUX
user_924,1,LYFT|WISH
user_28328,1,HOMB|RDBX
user_6517,1,AMDSE
user_2222,1,BRKS|VEEVI
user_21748,1,IOTA
user_19302,1,DB
user_34021,1,MANUH|XNO
user_19420,1,NBR|PYPL
user_12230,1,COVID|MX
user_30681,1,VWED
user_23044,1,AMDME|MXL
user_15812,1,BTCHT|JNJ
user_19900,1,MMF
user_410,2,DGRO|INTC
user_8177,2,CCJ|INND|TARO
user_16488,1,GS|SOLO
user_3998,4,ASIX|ASML|TDIVI|TRMR|WE
user_17160,1,HDAPR
user_33299,1,CAMP|RIOTW
user_3557,1,AVPT
user_15844,2,CPE|GOOG|MSFT
user_1160,3,AMDRU|FIVN|GIS|GOOGN|INTC
user_23386,1,INTCS
user_20758,1,SPYPL
user_19624,2,AMD|CXO|SHOPH
user_19436,4,ALLPE|BOKF|BTCBE|IDEX|MODIV
user_14257,1,CHGG|PYPLL
user_1597,1,BWV
user_3743,1,MQTHI|UOWN
user_10549,1,KMI
user_5731,1,EW
user_33356,1,DNFLX|SEMR
user_5357,1,FRC|VWHAT
user_1669,1,DRVN|NIOST
user_8889,1,PM|RYT
user_14593,5,BYM|DDD|FRPT|GFAI|QQQDI|UVXYT
user_17117,2,JKS|PGNY|UPSTD
user_24596,4,CTV|HDWHA|NOC|TPH|XPEVS
user_24179,1,CYRN|NLFX
user_25259,2,QQQYO|TSLS
user_1739,1,ALIF|RICK
user_13746,3,AMD|FTM|ROPE|UCTT
user_12859,1,AMD
user_9519,1,GMMOR
user_31060,3,F|LAD|QQQVI|SPYMA
user_5466,1,HKD
user_26466,1,HTZZ|NSC
user_14655,1,NVS|SGAM
user_10110,3,CB|DGWHA|HPE|MUNIK|NTLA
user_16026,2,APLD|ENPH|MLI
user_33251,1,AMDI|USAP
user_26873,1,VSATO
user_6650,1,SPA|VGK
user_32731,1,CNVA|LAZR
user_19510,3,BITF|MAXR|VIXAT|ZS
user_8896,1,DOE
user_10551,1,HQY|SMG
user_8771,1,JPMVA
user_14217,2,BA|MUDRO
user_21552,1,AMD
user_16810,1,HXL|PLAB
user_6285,1,TBK|TTCF
user_11164,1,TSLH|TWTRS
user_10079,1,ACHC
user_16491,1,XOM
user_13424,2,BX|KMB
user_10767,3,MARK|NTCT|NXM|SYTA
user_2293,1,HSCS|NDSN
user_13168,1,MGNIH
user_12920,1,PANR
user_31319,1,SQ
user_25661,1,ADI|GPS
user_11731,1,DOCUF|HTZ
user_15463,2,AAP|KO|NK
user_2455,1,EGLX|VWAGY
user_5715,1,TTDEV
user_26099,2,MOD|NIO
user_994,2,CNICH|DRNG|PLTRT
user_26526,1,ALBT|HUYA
user_24111,3,PAYC|VTSAX|WMTHO
user_29902,1,CBSTR
user_21248,1,APAM|DCP
user_2317,1,HTTZ
user_10420,1,HOLES
user_561,1,ILUS
user_33585,1,INTC
user_18226,4,CPBCH|CRM|MCRT|NFLXD|NNOX|RACE
user_20523,2,FTNTT|GOOG
user_7001,1,NIOBO
user_4250,2,ATUS|CORZ|HGV|MIOTA
user_4349,2,BA|EMB|HYRE
user_16590,2,QCOMH|SCHA|ZS
user_14431,4,FBUSE|FHN|GRIM|NVAX
user_18429,1,MYOV
user_13113,1,RFFUL|TNET
user_8418,2,BNDX|DNACL|LYV
user_34316,1,COP|REM
user_8793,1,SHIBD
user_4273,2,PDDWH|RBAC|ROKUA
user_12131,1,VERU
user_12423,2,B|KLAHT|UBSMO|VRX
user_21934,1,MSFTG
user_32396,1,CLPT|PMFEB
user_3809,1,AMDAD|ARMK
user_9128,1,POET
user_8824,1,HGV|VZRET
user_20999,1,DISWH
user_15192,1,DLO
user_31321,2,EVOK|SESHO|WSO
user_3983,1,IVA|NFLXY
user_4029,1,NANO|RYT
user_9131,1,KODO
user_11280,1,PLYPL|UMANY
user_8747,2,LTSLA|ZS
user_29849,2,LCID|STLA|TSLA
user_10965,1,METAT|PYPL
user_21352,1,EXPR
user_27369,1,MCK|TOI
user_25754,1,LYV
user_14231,1,MRO
user_27202,1,SYTA
user_23482,1,AMD
user_14902,1,THCA
user_5490,1,BAALL
user_25549,1,AMDSH|STARS
user_15994,2,AOUT|NVVE|SBUXT|WRBYD
user_17453,1,CALLS
user_7151,1,CDAY|ELY
user_10669,1,AMPG
user_9548,2,ENVX|FDN|NIO
user_9550,2,BAON|DNUT|F
user_6702,2,FROG|GGII|MUDRO
user_8643,1,SPOTW
user_4359,1,LFG|MRKFR
user_33694,2,COINW|PALL|TSLL
user_29167,1,AVCT|HMBLI
user_3076,1,WEBR
user_3281,1,FFH|NKEMO
user_13156,1,DISCB|INCY
user_4274,2,DIS|SILVE
user_1503,1,MVRS|RNR
user_26724,1,CXW|LFIN
user_33447,2,GNTY|SNV|ZS
user_25483,2,ENSV|MYNAN|PLTRT
user_9287,1,JPM
user_7608,2,PYPLI|TSM
user_32432,1,FTNTT
user_1635,2,AUR|CELHT|USB
user_1057,1,CRMGO|NIKOL
user_256,2,HIPO|ROIUC|TSLA
user_19413,1,VIOT|WFCDE
user_23364,1,RLX|USDT
user_3105,2,EXEL|INTC
user_27022,1,FMC|STNE
user_28136,3,GRIM|NFLXD|NVDAC|PYPL|TSLAS
user_7909,1,SYYSO
user_14841,1,HALO|ROKUC
user_25247,1,ABNBH
user_32479,1,GMESU|YETIF
user_8827,1,BABEA
user_23765,1,DHI
user_15811,1,ABR|MCDMI
user_30630,1,DSP|TX
user_8656,1,IEP|SPG
user_19932,1,NXTP|PACB
user_28530,1,MSFTD
user_12764,1,CDMO|ITCST
user_19479,3,AVPT|BKLN|MSFT|PM|SHOP
user_20442,2,DTSLA|KO|MODIV
user_24421,1,HOODT
user_13104,1,BRCC|FBINN
user_248,1,CSX
user_13352,2,AMZN|SPOTE|T
user_6150,1,DOX|WKR
user_6880,2,DB|MSFTR
user_18423,1,AMN|RAIN
user_582,1,DMTK
user_11422,1,RTX
user_24298,1,ABNBB
user_28571,1,CRWDT|ROKUD
user_21909,2,AMD|CRM
user_7682,1,DDOGE
user_3280,1,ATZ
user_16632,1,AMD
user_17861,4,AMD|BENE|JASMY|NIOHA|TU
user_3640,1,BOFA
user_19435,1,K|ORETA
user_15098,1,GRIM
user_10646,1,CSLLY|LTCHT
user_29974,1,PYPLH|UDR
user_5429,12,AEMD|AMAT|BABUL|CTVA|CVE|FARA|FNMA|GNL|HUSAL|NVDAS|PLTRT|RWLK|SPIRI|TEL|TROWW|TSLAF|USHE|VRM|XLRE|ZSANA
user_17151,1,SMH|STAG
user_10977,2,COST|EVCOI
user_26192,1,OD
user_27684,1,IT
user_15262,1,WDC
user_14450,1,VEEVI
user_8676,1,MGNIL
user_10838,1,AYRO|BOND
user_1401,1,AEHR|GOGL
user_26095,2,AMDME|HRMY|WISHW
user_19266,1,AMCRE|QQQNA
user_32692,4,BABA|IRNT|LIHTT|MRVS|SHOPF|TSLE|UXINC
user_9404,3,FMX|SMG|SWIR|TSLA|XLIGR
user_6013,1,AR|EBA
user_24316,7,ASX|CCCX|DOCNA|FRPHC|INFQ|IONQ|MUDRO|PGNET|QBTS|QUBT|RGTI|ROG|SBOX|YETIF|ZMGAN
user_7868,2,CHE|CRM|VZRET
user_13098,1,COSTE
user_331,2,MYNAN|SPRT|XLRE
user_30945,1,IWM
user_22262,3,AMD|CCIV|NLY|WHR
user_30022,1,DIAHT
user_12311,2,BA|BRUSH|HOSKY
user_27130,1,BTQ
user_24398,1,CMRX
user_15795,2,CSPK|EQT
user_4922,2,RR|VWED|XCUR
user_12359,2,DOCNA|NDX
user_12464,4,ARKK|DAC|LWLGE|THETA|UL|VET
user_24496,1,MTUM|TDY
user_14464,2,ENPH|SYR
user_21557,1,AMD
user_26581,1,EWZ|NETIT
user_21598,1,LANC|PROSY
user_11697,2,GOOGL|MST|XPO
user_30288,1,FBHER|RCI
user_1069,1,HUT|VFIAX
user_14430,2,FSM|MTN|SPXU
user_32730,1,AMD
user_2539,1,IOTA
user_22779,1,MSOS|SMLR
user_23058,1,FBP|NAVI
user_6954,1,AMD
user_5356,1,MILE
user_31384,1,MVRS|TESLA
user_14449,1,FLL
user_23590,2,BOKF|NFLXC|ZS
user_11878,1,BILLI
user_6287,3,AQN|BON|DLO|ENPH
user_6254,2,META|ZDROP
user_6860,1,GLNG
user_14196,1,ACHC
user_18760,2,CCCX|MSFT|R
user_10401,1,ETH
user_19301,2,ATTO|IBM|TROWA
user_20177,1,KSU|XLIGR
user_3806,2,BA|MTEI
user_24072,4,ALL|FLIKE|RUSHA|STEP|VCOCA
user_13370,1,CVNA|NEE
user_13457,1,MSFTT
user_28921,2,NAVI|UBERT|VXXJU
user_15038,7,AMX|BOC|CLFAN|DFS|DXC|MUWHA|NIOBO|OKTA|XFRI|ZCX
user_31114,1,GTLBB|RBLXL
user_5404,2,BIL|PG|RIVN
user_8760,2,FBULL|NVDAD|SQAI
user_22157,1,SOFI|TCHEY
user_13434,1,AMD
user_29975,2,AMZN|VZ
user_23329,1,BABAI|SFIX
user_5487,1,HRMY
user_20756,2,GOOG|HCP|RIBT
user_32841,1,FBROO|GPNBA
user_18762,2,GEGI|SHOP|SNY
user_13114,1,AMD
user_19440,6,KHC|LSK|QWT|SNAPC|SPYIF|VALN|WMTSQ|ZIDEF
user_5909,1,NOVO
user_6062,3,ATAI|BMRN|BX
user_25098,1,AMD
user_13097,1,EDU|NFLXJ
user_4902,3,AMZNV|CHE|DDOGA|IR|TSLAO|TSLAS
user_13428,1,DHI
user_18761,1,CZR|PHMAF
user_33537,2,AMZN|TME
user_25263,2,SHIBD|TSLAP|VDADX
user_20894,1,PYPL
user_11020,1,FBDAI
user_22591,1,LMFA
user_4390,1,RNR
user_33001,1,CTAS|MDAYT
user_15052,2,ARES|INTC
user_30973,4,AAPLB|AMZN|GEWED|OMC|QQQAN
user_5933,5,BLKIN|DOW|KOOTH|MDLZC|MMC|TD|VIXLE|VYMDI|VZ
user_31988,1,SYN
user_11749,2,AMZN|ICL
user_8189,2,NOC|SNOA
user_19242,3,GOVX|QQQOV|SCO|UXINC|XI
user_9490,1,BITOI|XPEL
user_32695,3,BIGC|ELSE|MELI|PG
user_983,1,EQT|FBTHE
user_5508,1,AMZN
user_4093,2,AMZN|BA
user_31470,1,SJM
user_13096,1,MPWR|UNG
user_7097,1,BILLV|BXDAN
user_5665,1,CMCS|NKTX
user_2248,1,FCXWA|FTM
user_13432,1,VISIO
user_20398,2,AMZN|TIA
user_10976,1,TBPH|VVS
user_1282,1,SAIA
user_30622,12,AMD|AMZN|ASC|GOOG|HBAR|JD|KC|META|NNI|RA|SSNLF|TCOM|TSM|TTDMA|ZS
user_16366,2,AMZNM|NWBO
user_6671,2,B|CRM|KOOWN
user_8755,1,BOX|CFLT
user_13118,1,AMG|URGN
user_13903,2,ASTR|DUOL
user_1671,1,ULONG
user_17663,1,HEC
user_12372,1,AZZ|FBULL
user_32203,1,NIM|UPSTO
user_24972,1,FRBA
user_6060,1,MELIC
user_8743,1,MTN
user_3089,1,BAMSO|PETZ
user_6185,2,CORZ|MSFT|NFLXP
user_13161,1,BYDDF|MSFTI
user_13437,1,UPSTE
user_21936,1,GOEV|NA
user_18231,2,LGF|LOWWH|TLNT
user_20970,4,AMZNI|COST|FLOW|HON|NVDA
user_24576,2,SCS|SPOTR|VZRET|ZMPAR
user_25088,2,NUOTH|ZS
user_11346,1,LFIN|TPB
user_16024,2,CRWDD|FLET|R|SSNLF
user_23350,1,FCXBE|TELL
user_10742,1,PGNY
user_5513,2,AMD|SONO|ZG
user_23945,2,CMC|GMEHT|NUPAT
user_22482,1,BYDDY|MRVS
user_17997,1,GOOGP
user_18731,1,AMTMA|INAZ
user_19500,1,AMD
user_16785,1,ARKKS|ATZ
user_5588,1,SMG
user_19490,1,AKAM
user_8740,1,INTC
user_33601,2,AMD|TSM
user_21770,1,AMD
user_30668,4,AMD|CE|FYBR|TSM|VYGR
user_28835,1,AMD
user_19321,1,BTCWA|SCO
user_19036,1,MMF
user_7287,1,DFENT|QQQAN
user_32431,2,GOOG|LTHM|MSGE
user_20143,1,AMD
user_28294,1,TGT
user_4958,1,AUB|LEV
user_2492,1,AAPLT
user_11992,1,AMDTH
user_16519,1,AMCLO
user_13887,1,SFM
user_16528,1,MAN
user_34137,2,AMD|DPZEN|ONKIN
user_14814,2,GOOG|SNOA
user_8245,1,ILUS
user_29972,1,NLFX
user_23149,1,AVGOF|JPMD
user_15792,1,RIOTW
user_22014,1,IIPR
user_12319,2,BITOI|ENPH
user_17676,1,HALO|ZSHTT
user_23984,1,AMD
user_32114,1,ABNBM|AMZN
user_3794,1,AMD
user_8754,1,IR
user_33949,2,NFLX|VALEC
user_6507,1,ZIDAT
user_1760,2,NOC|UNHEX
user_1195,1,AMD
user_3855,4,ADM|BBLN|LEN|MCK|RGBP|USHE
user_1638,2,MSFT|TRADI
user_32511,1,BNSO|GMESU
user_8801,1,AZNAN
user_25869,1,MCDCO|SQHOP
user_19470,1,IMX
user_12759,1,QCOMA
user_24627,1,BSW|QNTJU
user_7859,1,BVXV|LBRDA
user_18294,2,BA|CCATE|NKEFE
user_29749,1,GOGO
user_6328,2,BXDAN|FRHC|JNJRE|THETA
user_13119,1,JNJ|ONTO
user_13671,3,MFC|TQQQ|VICI
user_26263,1,AMDCI
user_27602,1,ABNBA|ANSS
user_14457,1,AAPDS|SEAC
user_18135,3,EPAZ|NOC|SYTA
user_9532,1,GGII
user_10625,2,ATY|ONOV|RBLXH
user_1589,2,HRMY|NFLX
user_4936,2,KC|KODO|NKEFE
user_13630,2,DLO|FBMEA|TFC
user_29948,6,AFRMT|CEI|DGEO|LIGMA|META|NFLXJ|WMB
user_15079,1,GEGI|INCY
user_2362,4,FBETH|IHT|KO|KR|NDSN
user_17459,1,ROKUH|TXTM
user_28440,2,COTY|DIS|MC
user_10576,2,KOOTH|META|WYNNW
user_6526,1,DELL|GBTC
user_18281,5,BANC|FARA|GTSIF|HDCHI|MTD|NVAX|SEDG|SNA|TME
user_21399,4,DLRWH|FBDOU|FERG|HIBB|PSEC|PYPLP|TLO
user_8642,1,BMY
user_8323,3,AMZN|IMT|MCHP|ULET
user_19306,2,AESE|XLY|YFI
user_19384,1,FCEL
user_17876,1,ASTSB
user_20121,1,ZION
user_12622,1,BON
user_21938,6,COSTQ|DCP|FTESL|FXI|JKS|KOMCD|NBIX|NUEDG|PROSY|RYF|SPWR
user_1663,1,FBDOU|PIII
user_4255,1,RFFUL|SARK
user_25490,1,CNBS
user_10096,1,PYPLI
user_34062,1,METX|RIOTW
user_5596,2,CCLES|NFLX
user_25241,2,AMD|D|OCLG
user_4238,1,ZSWHA
user_21501,1,CELHT
user_21291,1,JPEX
user_507,2,BRKB|MSFT|SBAC
user_11834,2,CS|DLO|PG
user_15022,2,F|POLC|VALE
user_30237,7,AMD|DOV|EGLD|FUV|GBX|KMX|MRVI|SCL|TRRXF|VRX
user_4269,1,CPE|XLY
user_30094,2,FTS|TSM
user_11987,1,PGY
user_6562,1,REXR
user_925,1,CCWF|CMCSA
user_7150,1,FDS|MMM
user_3472,3,AERC|AMD|POSHY|WPCWH
user_10804,2,AMD|NFLX
user_8092,1,DOOG
user_5638,1,OSH
user_25759,1,BEN
user_13597,1,KDNY|SNOWE
user_14963,1,FBH|NIOTH
user_30337,2,AMD|ZS
user_32647,1,MC
user_6068,1,JWA|MELIF
user_13893,1,PAVM
user_7289,2,ADBE|O|VV|WW
user_19352,1,BILLV|LAZR
user_12463,1,BEN|WWATC
user_32883,1,CNM|GDX
user_1630,7,AMD|AMT|BYDDY|DIS|ENS|JBHT|MSFTS|NIU|ORPH|SIVB|SMH
user_16771,2,EB|LEN|PRQ
user_11841,2,AAPL|VICI
user_15997,2,CVXUT|MSFT|VCOME
user_7314,1,BK|KRALL
user_30429,1,STAG
user_30954,2,AAON|PUBMA|TSLA
user_11673,1,SKIN
user_8484,2,AMZNM|LOVEL|MDBAL
user_5641,1,AYLA
user_17802,1,CS
user_33679,1,CTAS|MILE
user_33140,1,FRSH|INTCF
user_24362,1,ABBVW|FAZE
user_5631,1,CCMP
user_7820,1,LTCHT|TROW
user_29981,1,APO|HFWA
user_8366,1,AMD
user_4417,1,ROKU
user_31780,1,CFB|SOC
user_16570,1,MDIA
user_9319,3,AFRMH|DKNGC|NOC|XON
user_17857,3,AAPU|GGPIH|MRNAB|NVDAA|PLTZ|TRT
user_28334,1,ATEYY|KC
user_2876,1,EC|LMTWE
user_17268,1,IMRN
user_27169,1,AMD
user_23040,1,ADYEN
user_8086,3,AMCGR|CMPS|LAC|WWATC
user_17505,1,NFLXA|SUSHI
user_15025,1,BEKE|BXDAN
user_30860,1,GRWGF
user_25937,1,NIOGR|TSLS
user_19958,1,RPRXB
user_10904,1,DOW|LMTJU
user_5260,1,CFLT
user_13914,2,AUTL|OGI|VWEWA|ZI
user_14885,1,FI
user_13081,1,STAG
user_14542,1,PLTR
user_28714,1,MMMAP
user_29326,2,AXPGO|NOC
user_5327,2,AVLR|OPEN
user_20542,1,DRV|YETIT
user_3037,1,NDA|NURO
user_24899,2,CRIS|META|UNA
user_8147,1,BGFV
user_11675,1,BRKSO
user_8937,1,RIBT
user_23159,1,ANKR
user_1824,1,CRWDH
user_14773,2,SPYRE|ZS
user_25173,1,FBWOK|JNJ
user_14347,1,ONON
user_1222,1,QQQ|TBT
user_27927,1,HAFC
user_13429,1,AMZN|VAND
user_8011,2,PG|TRV
user_29106,1,WSO
user_11066,1,KODK
user_2497,1,ONCHA
user_7015,2,AMD|NVDAH
user_31155,1,COMP|DOGO
user_14407,4,CSLLY|MSFT|RYH|SPA|TSLA
user_2957,2,CCLWA|KSPN|TBT
user_7673,1,AMD
user_13674,1,NIOWA
user_33070,1,U
user_25375,1,BBIG
user_16773,2,QQQYO|SRC
user_17866,1,FTHES
user_19673,1,BULL
user_10557,1,QQQFO|THTX
user_558,1,CSPON|NOC
user_8334,2,AERC|RDWR|TSM
user_6939,1,BAOS|QQQTH
user_25690,1,HDC
user_13436,2,AMGN|FBWOK|IHI
user_32935,1,CPNGJ|ENPHW
user_13149,1,LCIDS
user_11695,2,AMD|VXAPL
user_20416,1,POWW|RCAT
user_19529,1,CRWDW
user_25606,1,SHOPS
user_30159,1,AFRM|VIXLE
user_15809,1,PZZA
user_31066,1,UMC
user_32817,1,PDFS
user_29413,1,DRVN
user_29878,2,AMD|BX
user_4386,1,NIOGR|SPYLO
user_18967,1,UPWKW
user_6869,1,RFFUL
user_19315,1,ANVS|HOODT
user_16586,1,CF
user_29001,2,MKLBO|NIO
user_27290,1,MRAM|NEVAD
user_1746,2,AMZN|PYPL
user_31202,1,UPSTA
user_24127,1,NVR|PTOND
user_8281,1,LCIDT
user_4923,1,GMEON
user_22519,1,ENPHC|EQB
user_13365,1,PGY|WIX
user_3732,2,BATT|CENN
user_7978,1,APP
user_10138,1,ADM|RL
user_32698,1,DOOG|FDS
user_13426,1,CPRT|NKEMO
user_5520,3,AAPL|BILI|CCLES|SHV
user_8270,1,RICK
user_9593,2,INTC|ORA
user_29478,1,VMEO
user_6221,1,CSCOA|INO
user_32726,2,MAT|NIO|TM
user_10962,1,HPQ
user_32153,1,LMTWE|YETIF
user_30286,1,NIKLA
user_29243,1,AARK|SAITO
user_7838,1,EUFN
user_32671,1,JPMHT|PDDI
user_13044,1,FBPAS|TEL
user_13435,1,NWL|SLABW
user_29116,1,SPWR
user_2884,1,LUMN|RCL
user_12933,1,FBBUT|FBCHA
user_17726,4,CHR|K|META|SPHB|TWST|UAL
user_16096,1,APP
user_29620,2,BA|MRKTH
user_13583,1,QCOMR
user_7242,1,BTCHT|FFH
user_16613,1,SNOA
user_31597,1,STAGW
user_24308,1,BLOK
user_25212,1,HITI
user_14386,1,AMD
user_8446,2,LW|NOC|STEP
user_3,1,BAMSO|INCY
user_22641,2,AWK|DOGE|XPEV
user_34225,2,EA|GRUB|PFEFR
user_28844,2,AMD|F
user_13748,1,PPSI|RDFN
user_25769,1,AMD
user_20656,1,SOS|WOLFA
user_4036,3,AMD|KOTUE|SFTBY|ZS
user_6367,2,AMD|XLM
user_1982,1,FNGU
user_18255,2,F|GT|TSMPE
user_1067,1,NFLXA|NOV
user_17573,1,AMZNP|GPC
user_6931,1,CPRX|NFLXR
user_8867,1,AMD
user_4251,2,AAPL|NFLXP|XPEVS
user_12135,3,META|RTX|TSM
user_8049,1,KRSOL|ZSHED
user_13198,3,BXHTT|MAIN|PYPL|STEM
user_22225,1,AMDTH
user_3841,1,VRX
user_14617,1,EGLXI
user_17150,1,ARCCA
user_23833,1,AMDQ|IBB
user_7933,1,AMD
user_15203,1,LTHMP
user_23079,1,AG|CLAR
user_18748,1,IGU|POSH
user_1988,1,ADTX|APD
user_12995,1,BEWI|JO
user_23192,4,MKLBO|NEX|NFE|NVS|PBRSO|UBS|UCYBE
user_20939,1,AVEO
user_13555,1,TTDSO
user_15010,2,INTC|KRTX|PLTRH
user_9859,1,AMDEI
user_22087,1,JAMF
user_5966,1,BSFC
user_13672,1,MTVR|SOXL
user_29671,1,MPWR|RRC
user_32643,1,DCFC
user_29434,1,SPYBO
user_18445,1,GOOGT
user_16430,2,AMD|KISHU
user_3759,3,APPSC|FSLY|MCDRE|NOC
user_33347,1,AKLIH
user_15996,1,COSTC
user_13431,1,SNOWE|UCTT
user_14594,1,HYPRO
user_32580,1,MNDP|NDSN
user_11597,1,NETIT
user_31242,1,ITCI
user_27445,1,AAPS
user_23949,2,EIDO|OXYBO|PSX
user_4059,1,AMKR|NRG
user_21236,1,ECL|KEY
user_2298,10,ASTSM|CCJ|DINO|FBDAI|FOX|KNEBV|MGNII|MSFTC|MSTR|NEVAD|SAVE|SHOPR|SM|TSMAU|UEC
user_1772,2,JNK|WYNN
user_30461,1,ALIF
user_29432,1,CCL
user_2968,1,ETHDI
user_3776,1,AAPLP
user_7548,2,CI|VRTXO|XPEV
user_8146,2,AMC|GDXJ
user_27608,1,DNA
user_14348,1,CNM|WKHS
user_10314,1,NAVI
user_13463,2,B|CELHH|ROKUC
user_13895,1,RIVIA|ZWATC
user_18668,1,HDWHA
user_9530,2,ANGH|VZ
user_18434,1,CPRX
user_1948,1,FBNOT
user_365,1,TFC
user_517,1,AMD
user_4275,1,AIG
user_13152,2,COST|THMO|WRK
user_18339,2,ATVIA|LCID|PYPL
user_9797,1,DOOR|OC
user_15832,1,AMD
user_34205,2,DLRWH|ENPHC|JBHT
user_942,1,DAG|UCYBE
user_24748,2,MXC|TSLA
user_16687,1,TOR|TSN
user_26718,1,ADP|CCXI
user_30490,1,AAPU|AMCR
user_4094,4,ACN|AMDAD|IDEX|NVTA|ON|SAVE
user_7781,1,AMD
user_28818,2,AVGO|CELHE
user_3287,1,GMVD|JBGS
user_17523,2,CEG|NOC
user_12836,1,AMD
user_2252,2,AMD|NIO
user_10795,1,AOUT|CASY
user_21811,1,OTTR
user_3733,4,AAPL|COUSD|FBSPE|TSLA|XLB
user_27670,2,CRNC|PG
user_8225,1,NFLX
user_4245,1,SATL
user_8488,1,SESHO
user_15766,1,MODIV|TXN
user_27206,1,ASX|PPSI
user_22333,1,ASLN|VTI
user_24646,1,CMC|NRSN
user_25638,2,BBLN|CELHH|INTC
user_18003,1,SBLK
user_16572,2,ADSK|GDDY
user_813,1,AMD|TSLA
user_18747,1,EC
user_950,1,EJH|STSS
user_29164,2,HDHEA|PH
user_25789,1,QRVO
user_7644,1,AMD
user_21211,1,TJX
user_19356,1,AMD
user_8451,1,BABEA|WMTHO
user_7810,2,ATTOT|NWL|TSLA
user_3542,1,ANF|LMTUT
user_13649,1,RHHBY|STHE
user_7940,1,WEN
user_25615,1,EPAZ|MVRSA
user_2215,1,ROSE
user_23155,1,HTR|QQQTR
user_31277,1,TSHAR
user_28853,1,CHWY|VAND
user_1718,3,NFLX|NSANY|QBTS|TSM
user_31626,1,LYTS
user_15455,1,FSLRH
user_25728,1,CMPS
user_23244,1,BTF|IEP
user_6147,1,MMM
user_7914,1,TSLAY
user_33359,1,MAS|USDT
user_17353,1,VZREI
user_11693,1,FVRR|RYH
user_21870,3,GRIM|INCY|JNJ|MCO|PLAN|WRK
user_20176,2,ENVB|EUFN
user_3289,10,AMD|AXON|BUZZ|CCWF|KBNT|PYPLN|SPXU|TWTRA|USNA|VISL
user_6889,2,ARKQ|GTO
user_24428,2,INTC|NOL
user_20812,1,ZME
user_23706,1,GMLI
user_23279,1,DAR
user_6063,1,NFLXH
user_2631,1,ICE|PCTC
user_8899,3,CVNAT|EMBRA|HRZN|IIPRR|KLAC
user_27928,2,COST|ROL
user_19819,2,AAPL|AXU|SEDGD
user_22052,2,BX|CRM|EQT
user_20160,1,ENB
user_21889,1,TKAT|VREIT
user_22401,2,DIS|TSMPE
user_6913,1,GLW|NVVE
user_17050,1,BTCNE|UAA
user_24778,3,AMDCU|META|NOC|TDIVI
user_15013,1,VBUYS
user_26952,1,AMD
user_2053,1,GOOGS|VZJUN
user_8763,1,FBFOC
user_23428,2,AWR|DDD|HRT
user_2943,1,BRPM
user_12033,1,SYFDI
user_16873,1,BOO
user_8055,2,AMD|NOC
user_20527,1,LOVEL|RVLV
user_8805,1,SAFM
user_12935,1,ABNBM|RBLXW
user_6440,1,CBRE
user_943,1,TSLA
user_4282,3,CRMD|GOOGN|ODIVI|SYYSO
user_33394,4,AMZNU|ANCTF|CARR|FRSH|RDW|RR|SSNAP
user_1207,2,DOCN|KIM|MBWM|METAH
user_6828,2,BABAC|MRNAB
user_31275,1,BBIGC|GK
user_3047,1,EQUIX|MARS
user_1066,1,PHUN
user_7076,1,TSEM
user_1940,1,GLBE|NEE
user_1642,1,FTHUR
user_5121,1,PATH|SOFIS
user_5226,1,FBCHA|MDLZC
user_29181,1,URBN
user_14451,2,H|OLPX|VNOBL|XBI
user_26634,2,AAP|SNAP
user_28356,2,EPS|NETCL|PHMAF|SUN
user_31044,1,WAFD
user_33178,1,BACMO
user_22015,1,AAPLE|TTDGO
user_23717,1,FOOD|STRR
user_29123,1,INTC
user_29088,1,MTB|TSLAO
user_6938,1,ALNY|SLB
user_6218,1,BABA
user_12072,1,FLL|SCHDW
user_3903,3,CHPT|ETHAB|PYPL
user_19497,2,AMD|CRNC
user_7913,3,ASML|JBGS|MKLIN|TBT
user_24250,2,DKNGC|F
user_10184,2,GTLBB|MUDAV
user_12362,1,UPRO
user_5565,2,AMD|KODK|XOP
user_12118,2,AAPL|MFST|WPM
user_6362,2,LESL|NFLX
user_15954,1,KISHU|ZSEV
user_1675,1,AFRMB|UHOPE
user_19645,1,VCOCA
user_30508,3,DLRMO|KO|NVDAM|SNAPS
user_23214,1,PVH|SPLK
user_25458,1,DLRMO|IWMKE
user_13441,3,COSTM|OKE|PNR|RAIN|WSM
user_13367,2,CACCB|FICO|LTC
user_25359,2,AMZN|MSFTP
user_5567,2,ATY|NOCPH|UBSMO|VMOHN
user_29871,2,PG|SPOT
user_24043,1,ETHAD
user_17678,1,HMBLI|LTNC
user_13237,1,TXTM
user_11188,2,FCXWA|ZS
user_9052,2,BTF|MSFT|SPYMA
user_19965,1,CYBR|VRTS
user_835,6,AMD|BLND|BZUN|MRVI|PPG|QFOR|QRVO|ROIUC|SCHDB|VSAT
user_13418,1,SNV|WYNN
user_6050,1,CAJ|CCMP
user_34018,1,ITCI|PEBO
user_27683,1,WISHT
user_2202,1,CI
user_33238,1,CAR
user_11269,1,BATS
user_3177,1,SPOTT
user_16844,1,KSS|NBIXW
user_3541,1,CHPT|FBWIL
user_19427,1,AUST|FBYOU
user_26977,1,MVRSA|URNM
user_33997,2,K|MMMGE|VYM
user_6670,1,CHE|DVA
user_34040,1,EMBRA|PATHD
user_15086,2,AMD|DIS
user_19402,1,INTCV|ISRG
user_25262,1,CREE
user_29354,3,AMD|CAST|DRVN
user_14366,1,GCT
user_10210,1,KNX
user_32864,1,AMCLE
user_13117,1,GANG|STM
user_27030,2,KAVL|PTONJ
user_34242,1,NIKLA
user_10574,2,APP|ETH|PYPL
user_6626,1,COSTA|NIC
user_28934,1,MET
user_27996,1,FBBIT|TSLAQ
user_19383,1,BCEL
user_28452,1,BKE|SYNA
user_426,1,EPRT
user_21150,1,TSLAC
user_27558,2,AMZN|IWO
user_1650,1,EOG
user_8803,1,FBINN
user_5951,2,KO|TSRI
user_8679,1,SIGA
user_28447,1,PHIA
user_27082,1,HDAPR|WERN
user_1028,1,GRBK
user_22037,1,HOODM|HSDT
user_31496,1,AMZNO
user_11819,1,MAIN|PRVA
user_7014,1,SPOTT
user_19501,1,CVX|PATK
user_27493,2,ADBE|DISCH|STAGE
user_17877,1,IINN|TGL
user_20741,2,GMEZO|VZ
user_26523,1,DXYHT
user_21990,2,CRLBF|FBPEO|ZMGAN|ZUO
user_34083,1,SPYNA
user_23930,2,NOC|STRAV
user_19985,1,QS
user_15487,1,UUUU
user_1672,1,DATS
user_468,1,VFIAX|W
user_10359,2,CAR|GDX|OPRA
user_5705,1,RYM
user_3171,8,AMTWH|CHR|OHI|PYPL|RGNX|TSHAR|UFI|VZ
user_17242,2,AAPL|MSTF|SPYTE
user_1486,1,RS
user_2550,1,RES|RIVNA
user_10937,2,AKZOY|FLWS
user_17276,1,FEG|ONCT
user_4925,1,KHS|UFO
user_23528,4,BNS|CCCX|GSL|IZRL|LCI|NEEFO|OR
user_24864,1,PCG
user_12887,2,BAHUG|LIFIN|NLSN
user_21562,1,RPRX|XLF
user_18778,1,INAZ|SIBY
user_17144,1,MTN|SHIP
user_23168,1,AMPL
user_17261,1,AKAM|AXTA
user_30280,1,CSPK
user_8183,1,JMIA|LVSTH
user_17234,3,ASTS|COST|NYCB
user_34116,3,MMM|NFLX|XIL
user_31,1,FBDOU|OCGN
user_7604,1,INTUO
user_15485,1,CRMD|WMG
user_16089,1,EE|FIS
user_19502,1,AMD
user_32433,1,AMD
user_12851,1,EEM|FBCOM
user_8369,2,AMD|NVDAD
user_3369,1,NEWR
user_30271,1,SWKS
user_10634,1,MSFTE
user_34054,1,AMD
user_16580,1,ADYEY|ETSYC
user_33079,1,DIA|UPSVI
user_26579,1,ZTO
user_24867,1,AMD
user_8792,1,CTSH|WM
user_31771,2,BIIB|PG
user_23772,1,B|IKEA
user_9203,2,FRT|TSM|VALN
user_19428,1,JNJ
user_23349,1,CRMOR|PANR
user_3140,1,AMD
user_18131,1,KOPN|PBRSO
user_16337,1,AR|FLWS
user_31064,1,FTCHW|MMMHI
user_6649,1,AMD
user_1047,1,AMD
user_20943,1,TSRI
user_31992,2,UPSTF|ZS
user_2334,2,EWBC|PG
user_19439,1,MCHP|STAG
user_32958,1,AMD
user_13121,1,NOCPH
user_29817,1,AMD
user_30127,1,CSLLY
user_24838,1,AMD
user_10316,1,AMOV|KIBA
user_14350,1,GPN|VNOM
user_7871,3,ADSKG|HKD|PEPHT|UPSTB
user_7788,1,CARR|COTY
user_12231,2,GMLI|MSFT|STEM
user_29655,1,FBDOU|SPLV
user_1850,3,AVT|LCTHU|PTPI
user_15791,1,UKOIL|WMG
user_2201,2,AAPLD|AMD|MANA
user_8670,2,AAPL|ILST|TWTRA
user_34093,1,VYGVF
user_13502,5,AMD|ARCH|ASOL|HSDT|MKLBL|MRKFR|SPYBO|WYNNW
user_31469,1,INTCI
user_10440,1,RVIN|RVPH
user_31607,1,CEBOU|MSGE
user_3643,2,UFING|VZ
user_15525,3,BTCBE|CRDO|CRM|SOFIB
user_10873,2,FHN|GOEV|USDP
user_13256,2,STORG|VO
user_24623,2,DOCNA|NFLX
user_26219,1,MOTEC|RENT
user_28333,2,AMD|MAXR|QQQDI
user_15988,1,BAI|ROKUO
user_17116,1,VTRS
user_13433,1,FTCH
user_30199,6,AAL|AIR|APP|ENDP|EPD|FIVEY|JPMHT|RIOT|TAP
user_6304,1,NVAX
user_14223,2,AAPL|AIR|TLTNE
user_13215,1,AMD
user_27138,1,AMD
user_3832,1,CHGG
user_1922,1,INDI
user_23852,1,MDLZ
user_12108,1,DEO|MRO
user_11515,1,MRAM
user_17926,2,NVDAN|XPEV
user_33696,1,AMD
user_7258,1,NVCR
user_31361,6,COLD|DKS|FSLYH|GOOG|LTHM|QCOMJ|SAMFR|TAP|VTI|WEAR
user_12252,1,QFIN
user_27344,1,NA|NVVE
user_4261,1,DD|INTCS
user_14198,1,FANG|YGG
user_12325,2,AMCLE|NVCR|ROKUD
user_19322,2,AVXL|CGRN|DUK|FND
user_11379,1,FDN
user_4025,3,DJIA|PAGS|SLV|XPEV
user_26123,1,CATSE|XOMHE
user_12849,1,ARKF|XLB
user_18707,2,AMD|MMC
user_22497,1,TSP
user_12174,1,ALEC|NIOWH
user_24888,4,BX|MAS|MKC|REGND|RLX
user_24493,1,UNHHO
user_2347,2,BX|INTCH|SPYPL
user_10935,1,LMTUT|NUEDG
user_7547,1,TZOO
user_16475,1,CDSG|GENI
user_20767,4,ALIF|APPS|FXYHO|PFE|STAGC
user_15043,1,PIK
user_6680,1,ETN
user_8699,1,METAS|PHIA
user_31660,2,NOC|RERE
user_23078,1,HOSKY
user_29736,1,FLOKI
user_281,1,ADSKG|FBSEQ
user_13351,1,ODIVI
user_6082,1,VLO
user_14966,1,ALLPE|UDMY
user_25004,1,APX
user_16093,1,VZ
user_4988,1,ALLYB
user_33979,1,SGAM
user_19358,1,VZ
user_13110,1,DHI
user_32697,1,PACB|TCEHY
user_18692,4,KO|NETL|PYPL|VIR|VZ
user_3291,1,ZTO
user_3184,2,ABR|FLET|KO
user_28316,2,AMZN|AZZ|NVDAV
user_4913,1,RBLXB|VREIT
user_5113,1,CORN|POWW
user_30137,1,NTLA
user_20218,2,AMD|BKSY
user_13166,6,AARK|ALT|DBC|DKNGD|ILUS|KLEE|SMAR|ZIDAT
user_27703,1,FSLRH|GMEON
user_24969,2,GNL|LMFA|META
user_5208,2,ENPH|KONOV|QCOMC
user_10859,2,PIK|PYPLD|RYF
user_18060,1,AMZNR|RIDE
user_446,2,ALGO|BATT|STAGW
user_929,1,EVO|MAR
user_10318,5,AAPLW|ADDYY|ANGH|BEETS|BRKNE|GE|GLXY|MRAM
user_7105,3,MMMRE|RYM|VWEWA|WISHT
user_10496,1,CKPTR|TSLE
user_10396,1,AMDQ|GMR
user_10948,1,USDP
user_19843,1,FLR|XHBGR
user_14034,1,REALM
user_8009,1,SNAPC
user_6493,1,FTM
user_30424,1,NVDA
user_13348,1,ACHC|MPWR
user_9101,1,ILUS
user_4446,1,WORK
user_8373,1,EGLX
user_24189,1,TTCF
user_1407,1,DAR
user_25775,1,EBA|SOL
user_6061,1,ANGO|CRMOR
user_10899,1,DIDI|SOL
user_13863,1,HXL|QNTJU
user_12306,4,AMDHA|APLD|DKNGZ|NCLH|VRSN
user_1044,2,JWM|NOC
user_33604,2,HKD|NFLXP
user_29713,2,ADP|VZ
user_15843,2,DGROC|TSM
user_27782,1,SQAI|VTV
user_8800,1,PRFT|SCHG
